ISO-10303-21;
HEADER;
/* Generated by software containing ST-Developer
 * from STEP Tools, Inc. (www.steptools.com) 
 */
/* OPTION: using custom renumber hook */

FILE_DESCRIPTION(
/* description */ ('STEP AP214'),
/* implementation_level */ '2;1');

FILE_NAME(
/* name */ 'AYZ0102AURLC',
/* time_stamp */ '2023-01-03T11:06:51+01:00',
/* author */ ('License CC BY-ND 4.0'),
/* organization */ ('CADENAS'),
/* preprocessor_version */ 'ST-DEVELOPER v18.102',
/* originating_system */ 'PARTsolutions',
/* authorisation */ '  ');

FILE_SCHEMA (('AUTOMOTIVE_DESIGN {1 0 10303 214 3 1 1}'));
ENDSEC;

DATA;
#10=PROPERTY_DEFINITION_REPRESENTATION(#14,#12);
#11=PROPERTY_DEFINITION_REPRESENTATION(#15,#13);
#12=REPRESENTATION('',(#16),#3070);
#13=REPRESENTATION('',(#17),#3070);
#14=PROPERTY_DEFINITION('pmi validation property','',#3080);
#15=PROPERTY_DEFINITION('pmi validation property','',#3080);
#16=VALUE_REPRESENTATION_ITEM('number of annotations',COUNT_MEASURE(0.));
#17=VALUE_REPRESENTATION_ITEM('number of views',COUNT_MEASURE(0.));
#18=CONTEXT_DEPENDENT_SHAPE_REPRESENTATION(#20,#3082);
#19=NEXT_ASSEMBLY_USAGE_OCCURRENCE('NAUO1','AYZ0102AURLC_PART1',
'AYZ0102AURLC_PART1',#3083,#3084,'');
#20=(
REPRESENTATION_RELATIONSHIP(' ',' ',#1923,#1922)
REPRESENTATION_RELATIONSHIP_WITH_TRANSFORMATION(#21)
SHAPE_REPRESENTATION_RELATIONSHIP()
);
#21=ITEM_DEFINED_TRANSFORMATION(' ',' ',#1924,#2042);
#22=SHAPE_REPRESENTATION_RELATIONSHIP('','',#1923,#23);
#23=ADVANCED_BREP_SHAPE_REPRESENTATION('',(#1919),#3071);
#24=CYLINDRICAL_SURFACE('',#1930,0.004);
#25=CYLINDRICAL_SURFACE('',#1933,0.01181102362205);
#26=CYLINDRICAL_SURFACE('',#1977,0.016);
#27=CYLINDRICAL_SURFACE('',#1989,0.01181102362205);
#28=CYLINDRICAL_SURFACE('',#1993,0.004);
#29=CYLINDRICAL_SURFACE('',#2008,0.004);
#30=CYLINDRICAL_SURFACE('',#2012,0.016);
#31=CYLINDRICAL_SURFACE('',#2015,0.004);
#32=CYLINDRICAL_SURFACE('',#2017,0.004);
#33=CYLINDRICAL_SURFACE('',#2041,0.01181102362205);
#34=CIRCLE('',#1927,0.00799987708907098);
#35=CIRCLE('',#1928,0.016);
#36=CIRCLE('',#1931,0.004);
#37=CIRCLE('',#1932,0.004);
#38=CIRCLE('',#1934,0.01181102362205);
#39=CIRCLE('',#1935,0.01181102362205);
#40=CIRCLE('',#1948,0.00799987708907098);
#41=CIRCLE('',#1951,0.004);
#42=CIRCLE('',#1959,0.004);
#43=CIRCLE('',#1968,0.004);
#44=CIRCLE('',#1976,0.004);
#45=CIRCLE('',#1978,0.016);
#46=CIRCLE('',#1981,0.01181102362205);
#47=CIRCLE('',#1982,0.004);
#48=CIRCLE('',#1990,0.01181102362205);
#49=CIRCLE('',#1991,0.01181102362205);
#50=CIRCLE('',#1994,0.004);
#51=CIRCLE('',#1997,0.004);
#52=CIRCLE('',#2013,0.016);
#53=CIRCLE('',#2014,0.016);
#54=CIRCLE('',#2016,0.004);
#55=CIRCLE('',#2036,0.01181102362205);
#56=CONICAL_SURFACE('',#1926,0.01199994150436,0.785390481405123);
#57=CONICAL_SURFACE('',#2018,0.01199994150436,0.785390481405123);
#58=ORIENTED_EDGE('',*,*,#594,.F.);
#59=ORIENTED_EDGE('',*,*,#595,.F.);
#60=ORIENTED_EDGE('',*,*,#596,.F.);
#61=ORIENTED_EDGE('',*,*,#597,.F.);
#62=ORIENTED_EDGE('',*,*,#598,.F.);
#63=ORIENTED_EDGE('',*,*,#599,.F.);
#64=ORIENTED_EDGE('',*,*,#600,.F.);
#65=ORIENTED_EDGE('',*,*,#601,.F.);
#66=ORIENTED_EDGE('',*,*,#602,.F.);
#67=ORIENTED_EDGE('',*,*,#603,.F.);
#68=ORIENTED_EDGE('',*,*,#604,.F.);
#69=ORIENTED_EDGE('',*,*,#605,.T.);
#70=ORIENTED_EDGE('',*,*,#606,.T.);
#71=ORIENTED_EDGE('',*,*,#607,.F.);
#72=ORIENTED_EDGE('',*,*,#608,.F.);
#73=ORIENTED_EDGE('',*,*,#609,.T.);
#74=ORIENTED_EDGE('',*,*,#610,.T.);
#75=ORIENTED_EDGE('',*,*,#611,.T.);
#76=ORIENTED_EDGE('',*,*,#612,.T.);
#77=ORIENTED_EDGE('',*,*,#613,.T.);
#78=ORIENTED_EDGE('',*,*,#614,.T.);
#79=ORIENTED_EDGE('',*,*,#615,.T.);
#80=ORIENTED_EDGE('',*,*,#616,.F.);
#81=ORIENTED_EDGE('',*,*,#617,.F.);
#82=ORIENTED_EDGE('',*,*,#618,.F.);
#83=ORIENTED_EDGE('',*,*,#619,.T.);
#84=ORIENTED_EDGE('',*,*,#620,.T.);
#85=ORIENTED_EDGE('',*,*,#621,.F.);
#86=ORIENTED_EDGE('',*,*,#622,.T.);
#87=ORIENTED_EDGE('',*,*,#623,.F.);
#88=ORIENTED_EDGE('',*,*,#624,.F.);
#89=ORIENTED_EDGE('',*,*,#625,.F.);
#90=ORIENTED_EDGE('',*,*,#626,.F.);
#91=ORIENTED_EDGE('',*,*,#627,.T.);
#92=ORIENTED_EDGE('',*,*,#628,.F.);
#93=ORIENTED_EDGE('',*,*,#629,.F.);
#94=ORIENTED_EDGE('',*,*,#630,.T.);
#95=ORIENTED_EDGE('',*,*,#631,.T.);
#96=ORIENTED_EDGE('',*,*,#632,.F.);
#97=ORIENTED_EDGE('',*,*,#633,.F.);
#98=ORIENTED_EDGE('',*,*,#634,.T.);
#99=ORIENTED_EDGE('',*,*,#635,.T.);
#100=ORIENTED_EDGE('',*,*,#636,.T.);
#101=ORIENTED_EDGE('',*,*,#637,.T.);
#102=ORIENTED_EDGE('',*,*,#638,.F.);
#103=ORIENTED_EDGE('',*,*,#639,.T.);
#104=ORIENTED_EDGE('',*,*,#640,.F.);
#105=ORIENTED_EDGE('',*,*,#641,.F.);
#106=ORIENTED_EDGE('',*,*,#642,.T.);
#107=ORIENTED_EDGE('',*,*,#643,.F.);
#108=ORIENTED_EDGE('',*,*,#644,.F.);
#109=ORIENTED_EDGE('',*,*,#645,.F.);
#110=ORIENTED_EDGE('',*,*,#646,.F.);
#111=ORIENTED_EDGE('',*,*,#647,.F.);
#112=ORIENTED_EDGE('',*,*,#648,.F.);
#113=ORIENTED_EDGE('',*,*,#649,.T.);
#114=ORIENTED_EDGE('',*,*,#650,.F.);
#115=ORIENTED_EDGE('',*,*,#651,.F.);
#116=ORIENTED_EDGE('',*,*,#606,.F.);
#117=ORIENTED_EDGE('',*,*,#652,.T.);
#118=ORIENTED_EDGE('',*,*,#646,.T.);
#119=ORIENTED_EDGE('',*,*,#653,.F.);
#120=ORIENTED_EDGE('',*,*,#654,.T.);
#121=ORIENTED_EDGE('',*,*,#611,.F.);
#122=ORIENTED_EDGE('',*,*,#655,.T.);
#123=ORIENTED_EDGE('',*,*,#623,.T.);
#124=ORIENTED_EDGE('',*,*,#656,.T.);
#125=ORIENTED_EDGE('',*,*,#657,.T.);
#126=ORIENTED_EDGE('',*,*,#633,.T.);
#127=ORIENTED_EDGE('',*,*,#658,.F.);
#128=ORIENTED_EDGE('',*,*,#659,.F.);
#129=ORIENTED_EDGE('',*,*,#658,.T.);
#130=ORIENTED_EDGE('',*,*,#632,.T.);
#131=ORIENTED_EDGE('',*,*,#660,.T.);
#132=ORIENTED_EDGE('',*,*,#661,.T.);
#133=ORIENTED_EDGE('',*,*,#662,.T.);
#134=ORIENTED_EDGE('',*,*,#628,.T.);
#135=ORIENTED_EDGE('',*,*,#663,.T.);
#136=ORIENTED_EDGE('',*,*,#664,.F.);
#137=ORIENTED_EDGE('',*,*,#665,.F.);
#138=ORIENTED_EDGE('',*,*,#666,.F.);
#139=ORIENTED_EDGE('',*,*,#667,.T.);
#140=ORIENTED_EDGE('',*,*,#668,.T.);
#141=ORIENTED_EDGE('',*,*,#669,.F.);
#142=ORIENTED_EDGE('',*,*,#670,.F.);
#143=ORIENTED_EDGE('',*,*,#638,.T.);
#144=ORIENTED_EDGE('',*,*,#671,.T.);
#145=ORIENTED_EDGE('',*,*,#672,.F.);
#146=ORIENTED_EDGE('',*,*,#668,.F.);
#147=ORIENTED_EDGE('',*,*,#673,.T.);
#148=ORIENTED_EDGE('',*,*,#674,.F.);
#149=ORIENTED_EDGE('',*,*,#675,.F.);
#150=ORIENTED_EDGE('',*,*,#676,.F.);
#151=ORIENTED_EDGE('',*,*,#677,.F.);
#152=ORIENTED_EDGE('',*,*,#678,.F.);
#153=ORIENTED_EDGE('',*,*,#635,.F.);
#154=ORIENTED_EDGE('',*,*,#670,.T.);
#155=ORIENTED_EDGE('',*,*,#679,.F.);
#156=ORIENTED_EDGE('',*,*,#680,.F.);
#157=ORIENTED_EDGE('',*,*,#681,.F.);
#158=ORIENTED_EDGE('',*,*,#594,.T.);
#159=ORIENTED_EDGE('',*,*,#682,.T.);
#160=ORIENTED_EDGE('',*,*,#683,.T.);
#161=ORIENTED_EDGE('',*,*,#684,.T.);
#162=ORIENTED_EDGE('',*,*,#609,.F.);
#163=ORIENTED_EDGE('',*,*,#685,.T.);
#164=ORIENTED_EDGE('',*,*,#686,.T.);
#165=ORIENTED_EDGE('',*,*,#687,.F.);
#166=ORIENTED_EDGE('',*,*,#688,.F.);
#167=ORIENTED_EDGE('',*,*,#689,.T.);
#168=ORIENTED_EDGE('',*,*,#690,.T.);
#169=ORIENTED_EDGE('',*,*,#691,.F.);
#170=ORIENTED_EDGE('',*,*,#692,.F.);
#171=ORIENTED_EDGE('',*,*,#693,.F.);
#172=ORIENTED_EDGE('',*,*,#694,.F.);
#173=ORIENTED_EDGE('',*,*,#695,.T.);
#174=ORIENTED_EDGE('',*,*,#696,.T.);
#175=ORIENTED_EDGE('',*,*,#697,.F.);
#176=ORIENTED_EDGE('',*,*,#695,.F.);
#177=ORIENTED_EDGE('',*,*,#698,.T.);
#178=ORIENTED_EDGE('',*,*,#699,.T.);
#179=ORIENTED_EDGE('',*,*,#700,.T.);
#180=ORIENTED_EDGE('',*,*,#701,.F.);
#181=ORIENTED_EDGE('',*,*,#702,.F.);
#182=ORIENTED_EDGE('',*,*,#598,.T.);
#183=ORIENTED_EDGE('',*,*,#619,.F.);
#184=ORIENTED_EDGE('',*,*,#703,.T.);
#185=ORIENTED_EDGE('',*,*,#704,.F.);
#186=ORIENTED_EDGE('',*,*,#705,.T.);
#187=ORIENTED_EDGE('',*,*,#706,.T.);
#188=ORIENTED_EDGE('',*,*,#707,.F.);
#189=ORIENTED_EDGE('',*,*,#708,.T.);
#190=ORIENTED_EDGE('',*,*,#709,.T.);
#191=ORIENTED_EDGE('',*,*,#691,.T.);
#192=ORIENTED_EDGE('',*,*,#710,.T.);
#193=ORIENTED_EDGE('',*,*,#711,.F.);
#194=ORIENTED_EDGE('',*,*,#649,.F.);
#195=ORIENTED_EDGE('',*,*,#605,.F.);
#196=ORIENTED_EDGE('',*,*,#712,.F.);
#197=ORIENTED_EDGE('',*,*,#713,.F.);
#198=ORIENTED_EDGE('',*,*,#714,.F.);
#199=ORIENTED_EDGE('',*,*,#687,.T.);
#200=ORIENTED_EDGE('',*,*,#715,.T.);
#201=ORIENTED_EDGE('',*,*,#716,.F.);
#202=ORIENTED_EDGE('',*,*,#624,.T.);
#203=ORIENTED_EDGE('',*,*,#655,.F.);
#204=ORIENTED_EDGE('',*,*,#610,.F.);
#205=ORIENTED_EDGE('',*,*,#717,.F.);
#206=ORIENTED_EDGE('',*,*,#718,.F.);
#207=ORIENTED_EDGE('',*,*,#719,.T.);
#208=ORIENTED_EDGE('',*,*,#720,.T.);
#209=ORIENTED_EDGE('',*,*,#629,.T.);
#210=ORIENTED_EDGE('',*,*,#662,.F.);
#211=ORIENTED_EDGE('',*,*,#721,.F.);
#212=ORIENTED_EDGE('',*,*,#722,.T.);
#213=ORIENTED_EDGE('',*,*,#723,.F.);
#214=ORIENTED_EDGE('',*,*,#724,.F.);
#215=ORIENTED_EDGE('',*,*,#725,.F.);
#216=ORIENTED_EDGE('',*,*,#706,.F.);
#217=ORIENTED_EDGE('',*,*,#726,.T.);
#218=ORIENTED_EDGE('',*,*,#673,.F.);
#219=ORIENTED_EDGE('',*,*,#727,.F.);
#220=ORIENTED_EDGE('',*,*,#718,.T.);
#221=ORIENTED_EDGE('',*,*,#728,.T.);
#222=ORIENTED_EDGE('',*,*,#729,.T.);
#223=ORIENTED_EDGE('',*,*,#730,.F.);
#224=ORIENTED_EDGE('',*,*,#683,.F.);
#225=ORIENTED_EDGE('',*,*,#731,.F.);
#226=ORIENTED_EDGE('',*,*,#713,.T.);
#227=ORIENTED_EDGE('',*,*,#732,.T.);
#228=ORIENTED_EDGE('',*,*,#733,.F.);
#229=ORIENTED_EDGE('',*,*,#734,.F.);
#230=ORIENTED_EDGE('',*,*,#735,.T.);
#231=ORIENTED_EDGE('',*,*,#736,.F.);
#232=ORIENTED_EDGE('',*,*,#737,.F.);
#233=ORIENTED_EDGE('',*,*,#738,.T.);
#234=ORIENTED_EDGE('',*,*,#739,.T.);
#235=ORIENTED_EDGE('',*,*,#701,.T.);
#236=ORIENTED_EDGE('',*,*,#740,.T.);
#237=ORIENTED_EDGE('',*,*,#741,.T.);
#238=ORIENTED_EDGE('',*,*,#742,.T.);
#239=ORIENTED_EDGE('',*,*,#651,.T.);
#240=ORIENTED_EDGE('',*,*,#743,.F.);
#241=ORIENTED_EDGE('',*,*,#744,.F.);
#242=ORIENTED_EDGE('',*,*,#607,.T.);
#243=ORIENTED_EDGE('',*,*,#693,.T.);
#244=ORIENTED_EDGE('',*,*,#745,.F.);
#245=ORIENTED_EDGE('',*,*,#746,.F.);
#246=ORIENTED_EDGE('',*,*,#747,.T.);
#247=ORIENTED_EDGE('',*,*,#748,.F.);
#248=ORIENTED_EDGE('',*,*,#696,.F.);
#249=ORIENTED_EDGE('',*,*,#697,.T.);
#250=ORIENTED_EDGE('',*,*,#749,.T.);
#251=ORIENTED_EDGE('',*,*,#699,.F.);
#252=ORIENTED_EDGE('',*,*,#750,.T.);
#253=ORIENTED_EDGE('',*,*,#743,.T.);
#254=ORIENTED_EDGE('',*,*,#650,.T.);
#255=ORIENTED_EDGE('',*,*,#711,.T.);
#256=ORIENTED_EDGE('',*,*,#751,.T.);
#257=ORIENTED_EDGE('',*,*,#752,.F.);
#258=ORIENTED_EDGE('',*,*,#753,.T.);
#259=ORIENTED_EDGE('',*,*,#749,.F.);
#260=ORIENTED_EDGE('',*,*,#754,.T.);
#261=ORIENTED_EDGE('',*,*,#625,.T.);
#262=ORIENTED_EDGE('',*,*,#716,.T.);
#263=ORIENTED_EDGE('',*,*,#755,.T.);
#264=ORIENTED_EDGE('',*,*,#752,.T.);
#265=ORIENTED_EDGE('',*,*,#756,.F.);
#266=ORIENTED_EDGE('',*,*,#689,.F.);
#267=ORIENTED_EDGE('',*,*,#757,.T.);
#268=ORIENTED_EDGE('',*,*,#648,.T.);
#269=ORIENTED_EDGE('',*,*,#758,.F.);
#270=ORIENTED_EDGE('',*,*,#759,.T.);
#271=ORIENTED_EDGE('',*,*,#760,.T.);
#272=ORIENTED_EDGE('',*,*,#761,.F.);
#273=ORIENTED_EDGE('',*,*,#762,.F.);
#274=ORIENTED_EDGE('',*,*,#753,.F.);
#275=ORIENTED_EDGE('',*,*,#763,.F.);
#276=ORIENTED_EDGE('',*,*,#685,.F.);
#277=ORIENTED_EDGE('',*,*,#608,.T.);
#278=ORIENTED_EDGE('',*,*,#744,.T.);
#279=ORIENTED_EDGE('',*,*,#750,.F.);
#280=ORIENTED_EDGE('',*,*,#698,.F.);
#281=ORIENTED_EDGE('',*,*,#694,.T.);
#282=ORIENTED_EDGE('',*,*,#747,.F.);
#283=ORIENTED_EDGE('',*,*,#764,.F.);
#284=ORIENTED_EDGE('',*,*,#765,.T.);
#285=ORIENTED_EDGE('',*,*,#766,.T.);
#286=ORIENTED_EDGE('',*,*,#688,.T.);
#287=ORIENTED_EDGE('',*,*,#748,.T.);
#288=ORIENTED_EDGE('',*,*,#663,.F.);
#289=ORIENTED_EDGE('',*,*,#627,.F.);
#290=ORIENTED_EDGE('',*,*,#767,.T.);
#291=ORIENTED_EDGE('',*,*,#768,.T.);
#292=ORIENTED_EDGE('',*,*,#769,.T.);
#293=ORIENTED_EDGE('',*,*,#770,.F.);
#294=ORIENTED_EDGE('',*,*,#771,.F.);
#295=ORIENTED_EDGE('',*,*,#772,.T.);
#296=ORIENTED_EDGE('',*,*,#773,.T.);
#297=ORIENTED_EDGE('',*,*,#774,.F.);
#298=ORIENTED_EDGE('',*,*,#639,.F.);
#299=ORIENTED_EDGE('',*,*,#775,.T.);
#300=ORIENTED_EDGE('',*,*,#720,.F.);
#301=ORIENTED_EDGE('',*,*,#776,.T.);
#302=ORIENTED_EDGE('',*,*,#675,.T.);
#303=ORIENTED_EDGE('',*,*,#777,.T.);
#304=ORIENTED_EDGE('',*,*,#704,.T.);
#305=ORIENTED_EDGE('',*,*,#778,.T.);
#306=ORIENTED_EDGE('',*,*,#779,.T.);
#307=ORIENTED_EDGE('',*,*,#780,.T.);
#308=ORIENTED_EDGE('',*,*,#781,.F.);
#309=ORIENTED_EDGE('',*,*,#782,.T.);
#310=ORIENTED_EDGE('',*,*,#622,.F.);
#311=ORIENTED_EDGE('',*,*,#780,.F.);
#312=ORIENTED_EDGE('',*,*,#783,.F.);
#313=ORIENTED_EDGE('',*,*,#616,.T.);
#314=ORIENTED_EDGE('',*,*,#784,.T.);
#315=ORIENTED_EDGE('',*,*,#785,.T.);
#316=ORIENTED_EDGE('',*,*,#776,.F.);
#317=ORIENTED_EDGE('',*,*,#719,.F.);
#318=ORIENTED_EDGE('',*,*,#727,.T.);
#319=ORIENTED_EDGE('',*,*,#667,.F.);
#320=ORIENTED_EDGE('',*,*,#786,.F.);
#321=ORIENTED_EDGE('',*,*,#787,.F.);
#322=ORIENTED_EDGE('',*,*,#788,.T.);
#323=ORIENTED_EDGE('',*,*,#723,.T.);
#324=ORIENTED_EDGE('',*,*,#789,.T.);
#325=ORIENTED_EDGE('',*,*,#790,.T.);
#326=ORIENTED_EDGE('',*,*,#791,.T.);
#327=ORIENTED_EDGE('',*,*,#792,.T.);
#328=ORIENTED_EDGE('',*,*,#640,.T.);
#329=ORIENTED_EDGE('',*,*,#774,.T.);
#330=ORIENTED_EDGE('',*,*,#793,.T.);
#331=ORIENTED_EDGE('',*,*,#794,.T.);
#332=ORIENTED_EDGE('',*,*,#795,.F.);
#333=ORIENTED_EDGE('',*,*,#796,.T.);
#334=ORIENTED_EDGE('',*,*,#797,.F.);
#335=ORIENTED_EDGE('',*,*,#798,.T.);
#336=ORIENTED_EDGE('',*,*,#799,.T.);
#337=ORIENTED_EDGE('',*,*,#800,.T.);
#338=ORIENTED_EDGE('',*,*,#801,.T.);
#339=ORIENTED_EDGE('',*,*,#680,.T.);
#340=ORIENTED_EDGE('',*,*,#802,.T.);
#341=ORIENTED_EDGE('',*,*,#765,.F.);
#342=ORIENTED_EDGE('',*,*,#803,.T.);
#343=ORIENTED_EDGE('',*,*,#644,.T.);
#344=ORIENTED_EDGE('',*,*,#804,.F.);
#345=ORIENTED_EDGE('',*,*,#805,.F.);
#346=ORIENTED_EDGE('',*,*,#806,.F.);
#347=ORIENTED_EDGE('',*,*,#614,.F.);
#348=ORIENTED_EDGE('',*,*,#807,.T.);
#349=ORIENTED_EDGE('',*,*,#808,.F.);
#350=ORIENTED_EDGE('',*,*,#677,.T.);
#351=ORIENTED_EDGE('',*,*,#763,.T.);
#352=ORIENTED_EDGE('',*,*,#755,.F.);
#353=ORIENTED_EDGE('',*,*,#715,.F.);
#354=ORIENTED_EDGE('',*,*,#686,.F.);
#355=ORIENTED_EDGE('',*,*,#643,.T.);
#356=ORIENTED_EDGE('',*,*,#757,.F.);
#357=ORIENTED_EDGE('',*,*,#766,.F.);
#358=ORIENTED_EDGE('',*,*,#804,.T.);
#359=ORIENTED_EDGE('',*,*,#794,.F.);
#360=ORIENTED_EDGE('',*,*,#809,.F.);
#361=ORIENTED_EDGE('',*,*,#810,.T.);
#362=ORIENTED_EDGE('',*,*,#811,.T.);
#363=ORIENTED_EDGE('',*,*,#771,.T.);
#364=ORIENTED_EDGE('',*,*,#812,.F.);
#365=ORIENTED_EDGE('',*,*,#760,.F.);
#366=ORIENTED_EDGE('',*,*,#813,.T.);
#367=ORIENTED_EDGE('',*,*,#814,.F.);
#368=ORIENTED_EDGE('',*,*,#815,.F.);
#369=ORIENTED_EDGE('',*,*,#816,.F.);
#370=ORIENTED_EDGE('',*,*,#817,.T.);
#371=ORIENTED_EDGE('',*,*,#809,.T.);
#372=ORIENTED_EDGE('',*,*,#793,.F.);
#373=ORIENTED_EDGE('',*,*,#773,.F.);
#374=ORIENTED_EDGE('',*,*,#818,.T.);
#375=ORIENTED_EDGE('',*,*,#819,.T.);
#376=ORIENTED_EDGE('',*,*,#660,.F.);
#377=ORIENTED_EDGE('',*,*,#631,.F.);
#378=ORIENTED_EDGE('',*,*,#820,.T.);
#379=ORIENTED_EDGE('',*,*,#761,.T.);
#380=ORIENTED_EDGE('',*,*,#812,.T.);
#381=ORIENTED_EDGE('',*,*,#770,.T.);
#382=ORIENTED_EDGE('',*,*,#821,.T.);
#383=ORIENTED_EDGE('',*,*,#733,.T.);
#384=ORIENTED_EDGE('',*,*,#822,.T.);
#385=ORIENTED_EDGE('',*,*,#736,.T.);
#386=ORIENTED_EDGE('',*,*,#823,.F.);
#387=ORIENTED_EDGE('',*,*,#783,.T.);
#388=ORIENTED_EDGE('',*,*,#779,.F.);
#389=ORIENTED_EDGE('',*,*,#824,.F.);
#390=ORIENTED_EDGE('',*,*,#617,.T.);
#391=ORIENTED_EDGE('',*,*,#602,.T.);
#392=ORIENTED_EDGE('',*,*,#825,.T.);
#393=ORIENTED_EDGE('',*,*,#798,.F.);
#394=ORIENTED_EDGE('',*,*,#826,.T.);
#395=ORIENTED_EDGE('',*,*,#714,.T.);
#396=ORIENTED_EDGE('',*,*,#731,.T.);
#397=ORIENTED_EDGE('',*,*,#682,.F.);
#398=ORIENTED_EDGE('',*,*,#620,.F.);
#399=ORIENTED_EDGE('',*,*,#636,.F.);
#400=ORIENTED_EDGE('',*,*,#678,.T.);
#401=ORIENTED_EDGE('',*,*,#808,.T.);
#402=ORIENTED_EDGE('',*,*,#827,.T.);
#403=ORIENTED_EDGE('',*,*,#828,.T.);
#404=ORIENTED_EDGE('',*,*,#741,.F.);
#405=ORIENTED_EDGE('',*,*,#829,.F.);
#406=ORIENTED_EDGE('',*,*,#730,.T.);
#407=ORIENTED_EDGE('',*,*,#830,.T.);
#408=ORIENTED_EDGE('',*,*,#603,.T.);
#409=ORIENTED_EDGE('',*,*,#596,.T.);
#410=ORIENTED_EDGE('',*,*,#831,.T.);
#411=ORIENTED_EDGE('',*,*,#800,.F.);
#412=ORIENTED_EDGE('',*,*,#832,.F.);
#413=ORIENTED_EDGE('',*,*,#600,.T.);
#414=ORIENTED_EDGE('',*,*,#815,.T.);
#415=ORIENTED_EDGE('',*,*,#833,.F.);
#416=ORIENTED_EDGE('',*,*,#784,.F.);
#417=ORIENTED_EDGE('',*,*,#615,.F.);
#418=ORIENTED_EDGE('',*,*,#806,.T.);
#419=ORIENTED_EDGE('',*,*,#834,.T.);
#420=ORIENTED_EDGE('',*,*,#665,.T.);
#421=ORIENTED_EDGE('',*,*,#672,.T.);
#422=ORIENTED_EDGE('',*,*,#669,.T.);
#423=ORIENTED_EDGE('',*,*,#835,.T.);
#424=ORIENTED_EDGE('',*,*,#836,.F.);
#425=ORIENTED_EDGE('',*,*,#785,.F.);
#426=ORIENTED_EDGE('',*,*,#833,.T.);
#427=ORIENTED_EDGE('',*,*,#805,.T.);
#428=ORIENTED_EDGE('',*,*,#676,.T.);
#429=ORIENTED_EDGE('',*,*,#837,.F.);
#430=ORIENTED_EDGE('',*,*,#838,.F.);
#431=ORIENTED_EDGE('',*,*,#707,.T.);
#432=ORIENTED_EDGE('',*,*,#725,.T.);
#433=ORIENTED_EDGE('',*,*,#710,.F.);
#434=ORIENTED_EDGE('',*,*,#690,.F.);
#435=ORIENTED_EDGE('',*,*,#756,.T.);
#436=ORIENTED_EDGE('',*,*,#751,.F.);
#437=ORIENTED_EDGE('',*,*,#656,.F.);
#438=ORIENTED_EDGE('',*,*,#626,.T.);
#439=ORIENTED_EDGE('',*,*,#754,.F.);
#440=ORIENTED_EDGE('',*,*,#839,.F.);
#441=ORIENTED_EDGE('',*,*,#734,.T.);
#442=ORIENTED_EDGE('',*,*,#821,.F.);
#443=ORIENTED_EDGE('',*,*,#769,.F.);
#444=ORIENTED_EDGE('',*,*,#840,.T.);
#445=ORIENTED_EDGE('',*,*,#724,.T.);
#446=ORIENTED_EDGE('',*,*,#788,.F.);
#447=ORIENTED_EDGE('',*,*,#841,.F.);
#448=ORIENTED_EDGE('',*,*,#837,.T.);
#449=ORIENTED_EDGE('',*,*,#842,.T.);
#450=ORIENTED_EDGE('',*,*,#843,.F.);
#451=ORIENTED_EDGE('',*,*,#737,.T.);
#452=ORIENTED_EDGE('',*,*,#822,.F.);
#453=ORIENTED_EDGE('',*,*,#732,.F.);
#454=ORIENTED_EDGE('',*,*,#844,.T.);
#455=ORIENTED_EDGE('',*,*,#705,.F.);
#456=ORIENTED_EDGE('',*,*,#777,.F.);
#457=ORIENTED_EDGE('',*,*,#674,.T.);
#458=ORIENTED_EDGE('',*,*,#726,.F.);
#459=ORIENTED_EDGE('',*,*,#684,.F.);
#460=ORIENTED_EDGE('',*,*,#843,.T.);
#461=ORIENTED_EDGE('',*,*,#832,.T.);
#462=ORIENTED_EDGE('',*,*,#799,.F.);
#463=ORIENTED_EDGE('',*,*,#825,.F.);
#464=ORIENTED_EDGE('',*,*,#601,.T.);
#465=ORIENTED_EDGE('',*,*,#681,.T.);
#466=ORIENTED_EDGE('',*,*,#801,.F.);
#467=ORIENTED_EDGE('',*,*,#831,.F.);
#468=ORIENTED_EDGE('',*,*,#595,.T.);
#469=ORIENTED_EDGE('',*,*,#789,.F.);
#470=ORIENTED_EDGE('',*,*,#728,.F.);
#471=ORIENTED_EDGE('',*,*,#717,.T.);
#472=ORIENTED_EDGE('',*,*,#781,.T.);
#473=ORIENTED_EDGE('',*,*,#709,.F.);
#474=ORIENTED_EDGE('',*,*,#845,.T.);
#475=ORIENTED_EDGE('',*,*,#745,.T.);
#476=ORIENTED_EDGE('',*,*,#692,.T.);
#477=ORIENTED_EDGE('',*,*,#621,.T.);
#478=ORIENTED_EDGE('',*,*,#782,.F.);
#479=ORIENTED_EDGE('',*,*,#842,.F.);
#480=ORIENTED_EDGE('',*,*,#612,.F.);
#481=ORIENTED_EDGE('',*,*,#654,.F.);
#482=ORIENTED_EDGE('',*,*,#846,.T.);
#483=ORIENTED_EDGE('',*,*,#847,.T.);
#484=ORIENTED_EDGE('',*,*,#740,.F.);
#485=ORIENTED_EDGE('',*,*,#700,.F.);
#486=ORIENTED_EDGE('',*,*,#597,.T.);
#487=ORIENTED_EDGE('',*,*,#814,.T.);
#488=ORIENTED_EDGE('',*,*,#848,.T.);
#489=ORIENTED_EDGE('',*,*,#802,.F.);
#490=ORIENTED_EDGE('',*,*,#679,.T.);
#491=ORIENTED_EDGE('',*,*,#829,.T.);
#492=ORIENTED_EDGE('',*,*,#824,.T.);
#493=ORIENTED_EDGE('',*,*,#778,.F.);
#494=ORIENTED_EDGE('',*,*,#703,.F.);
#495=ORIENTED_EDGE('',*,*,#618,.T.);
#496=ORIENTED_EDGE('',*,*,#834,.F.);
#497=ORIENTED_EDGE('',*,*,#849,.T.);
#498=ORIENTED_EDGE('',*,*,#786,.T.);
#499=ORIENTED_EDGE('',*,*,#666,.T.);
#500=ORIENTED_EDGE('',*,*,#721,.T.);
#501=ORIENTED_EDGE('',*,*,#661,.F.);
#502=ORIENTED_EDGE('',*,*,#819,.F.);
#503=ORIENTED_EDGE('',*,*,#850,.T.);
#504=ORIENTED_EDGE('',*,*,#599,.T.);
#505=ORIENTED_EDGE('',*,*,#702,.T.);
#506=ORIENTED_EDGE('',*,*,#742,.F.);
#507=ORIENTED_EDGE('',*,*,#828,.F.);
#508=ORIENTED_EDGE('',*,*,#826,.F.);
#509=ORIENTED_EDGE('',*,*,#797,.T.);
#510=ORIENTED_EDGE('',*,*,#851,.F.);
#511=ORIENTED_EDGE('',*,*,#816,.T.);
#512=ORIENTED_EDGE('',*,*,#851,.T.);
#513=ORIENTED_EDGE('',*,*,#796,.F.);
#514=ORIENTED_EDGE('',*,*,#848,.F.);
#515=ORIENTED_EDGE('',*,*,#817,.F.);
#516=ORIENTED_EDGE('',*,*,#830,.F.);
#517=ORIENTED_EDGE('',*,*,#729,.F.);
#518=ORIENTED_EDGE('',*,*,#712,.T.);
#519=ORIENTED_EDGE('',*,*,#604,.T.);
#520=ORIENTED_EDGE('',*,*,#767,.F.);
#521=ORIENTED_EDGE('',*,*,#630,.F.);
#522=ORIENTED_EDGE('',*,*,#722,.F.);
#523=ORIENTED_EDGE('',*,*,#850,.F.);
#524=ORIENTED_EDGE('',*,*,#820,.F.);
#525=ORIENTED_EDGE('',*,*,#634,.F.);
#526=ORIENTED_EDGE('',*,*,#657,.F.);
#527=ORIENTED_EDGE('',*,*,#852,.T.);
#528=ORIENTED_EDGE('',*,*,#758,.T.);
#529=ORIENTED_EDGE('',*,*,#647,.T.);
#530=ORIENTED_EDGE('',*,*,#652,.F.);
#531=ORIENTED_EDGE('',*,*,#839,.T.);
#532=ORIENTED_EDGE('',*,*,#853,.T.);
#533=ORIENTED_EDGE('',*,*,#854,.T.);
#534=ORIENTED_EDGE('',*,*,#790,.F.);
#535=ORIENTED_EDGE('',*,*,#855,.F.);
#536=ORIENTED_EDGE('',*,*,#810,.F.);
#537=ORIENTED_EDGE('',*,*,#818,.F.);
#538=ORIENTED_EDGE('',*,*,#775,.F.);
#539=ORIENTED_EDGE('',*,*,#642,.F.);
#540=ORIENTED_EDGE('',*,*,#856,.F.);
#541=ORIENTED_EDGE('',*,*,#857,.F.);
#542=ORIENTED_EDGE('',*,*,#853,.F.);
#543=ORIENTED_EDGE('',*,*,#858,.T.);
#544=ORIENTED_EDGE('',*,*,#847,.F.);
#545=ORIENTED_EDGE('',*,*,#859,.F.);
#546=ORIENTED_EDGE('',*,*,#835,.F.);
#547=ORIENTED_EDGE('',*,*,#671,.F.);
#548=ORIENTED_EDGE('',*,*,#637,.F.);
#549=ORIENTED_EDGE('',*,*,#827,.F.);
#550=ORIENTED_EDGE('',*,*,#807,.F.);
#551=ORIENTED_EDGE('',*,*,#613,.F.);
#552=ORIENTED_EDGE('',*,*,#659,.T.);
#553=ORIENTED_EDGE('',*,*,#664,.T.);
#554=ORIENTED_EDGE('',*,*,#768,.F.);
#555=ORIENTED_EDGE('',*,*,#852,.F.);
#556=ORIENTED_EDGE('',*,*,#762,.T.);
#557=ORIENTED_EDGE('',*,*,#823,.T.);
#558=ORIENTED_EDGE('',*,*,#739,.F.);
#559=ORIENTED_EDGE('',*,*,#860,.F.);
#560=ORIENTED_EDGE('',*,*,#855,.T.);
#561=ORIENTED_EDGE('',*,*,#795,.T.);
#562=ORIENTED_EDGE('',*,*,#811,.F.);
#563=ORIENTED_EDGE('',*,*,#858,.F.);
#564=ORIENTED_EDGE('',*,*,#846,.F.);
#565=ORIENTED_EDGE('',*,*,#653,.T.);
#566=ORIENTED_EDGE('',*,*,#645,.T.);
#567=ORIENTED_EDGE('',*,*,#803,.F.);
#568=ORIENTED_EDGE('',*,*,#764,.T.);
#569=ORIENTED_EDGE('',*,*,#746,.T.);
#570=ORIENTED_EDGE('',*,*,#845,.F.);
#571=ORIENTED_EDGE('',*,*,#708,.F.);
#572=ORIENTED_EDGE('',*,*,#838,.T.);
#573=ORIENTED_EDGE('',*,*,#841,.T.);
#574=ORIENTED_EDGE('',*,*,#787,.T.);
#575=ORIENTED_EDGE('',*,*,#849,.F.);
#576=ORIENTED_EDGE('',*,*,#836,.T.);
#577=ORIENTED_EDGE('',*,*,#859,.T.);
#578=ORIENTED_EDGE('',*,*,#641,.T.);
#579=ORIENTED_EDGE('',*,*,#792,.F.);
#580=ORIENTED_EDGE('',*,*,#861,.F.);
#581=ORIENTED_EDGE('',*,*,#856,.T.);
#582=ORIENTED_EDGE('',*,*,#738,.F.);
#583=ORIENTED_EDGE('',*,*,#844,.F.);
#584=ORIENTED_EDGE('',*,*,#735,.F.);
#585=ORIENTED_EDGE('',*,*,#840,.F.);
#586=ORIENTED_EDGE('',*,*,#772,.F.);
#587=ORIENTED_EDGE('',*,*,#813,.F.);
#588=ORIENTED_EDGE('',*,*,#759,.F.);
#589=ORIENTED_EDGE('',*,*,#860,.T.);
#590=ORIENTED_EDGE('',*,*,#861,.T.);
#591=ORIENTED_EDGE('',*,*,#791,.F.);
#592=ORIENTED_EDGE('',*,*,#854,.F.);
#593=ORIENTED_EDGE('',*,*,#857,.T.);
#594=EDGE_CURVE('',#862,#863,#1040,.T.);
#595=EDGE_CURVE('',#864,#862,#1041,.T.);
#596=EDGE_CURVE('',#865,#864,#1042,.T.);
#597=EDGE_CURVE('',#866,#865,#1043,.T.);
#598=EDGE_CURVE('',#867,#866,#1044,.T.);
#599=EDGE_CURVE('',#868,#867,#1045,.T.);
#600=EDGE_CURVE('',#869,#868,#1046,.T.);
#601=EDGE_CURVE('',#870,#869,#1047,.T.);
#602=EDGE_CURVE('',#871,#870,#1048,.T.);
#603=EDGE_CURVE('',#872,#871,#1049,.T.);
#604=EDGE_CURVE('',#873,#872,#1050,.T.);
#605=EDGE_CURVE('',#873,#874,#1051,.T.);
#606=EDGE_CURVE('',#874,#875,#1052,.T.);
#607=EDGE_CURVE('',#876,#875,#1053,.T.);
#608=EDGE_CURVE('',#877,#876,#1054,.T.);
#609=EDGE_CURVE('',#877,#878,#1055,.T.);
#610=EDGE_CURVE('',#878,#879,#1056,.T.);
#611=EDGE_CURVE('',#879,#880,#1057,.T.);
#612=EDGE_CURVE('',#880,#881,#1058,.T.);
#613=EDGE_CURVE('',#881,#882,#1059,.T.);
#614=EDGE_CURVE('',#882,#883,#1060,.T.);
#615=EDGE_CURVE('',#883,#884,#1061,.T.);
#616=EDGE_CURVE('',#885,#884,#1062,.T.);
#617=EDGE_CURVE('',#886,#885,#1063,.T.);
#618=EDGE_CURVE('',#887,#886,#1064,.T.);
#619=EDGE_CURVE('',#887,#888,#1065,.T.);
#620=EDGE_CURVE('',#888,#863,#1066,.T.);
#621=EDGE_CURVE('',#889,#889,#34,.T.);
#622=EDGE_CURVE('',#890,#890,#35,.T.);
#623=EDGE_CURVE('',#891,#892,#1067,.T.);
#624=EDGE_CURVE('',#893,#891,#1068,.T.);
#625=EDGE_CURVE('',#894,#893,#1069,.T.);
#626=EDGE_CURVE('',#892,#894,#1070,.F.);
#627=EDGE_CURVE('',#895,#896,#1071,.F.);
#628=EDGE_CURVE('',#897,#896,#36,.F.);
#629=EDGE_CURVE('',#898,#897,#1072,.F.);
#630=EDGE_CURVE('',#898,#895,#37,.F.);
#631=EDGE_CURVE('',#899,#900,#1073,.T.);
#632=EDGE_CURVE('',#901,#900,#38,.T.);
#633=EDGE_CURVE('',#902,#901,#1074,.T.);
#634=EDGE_CURVE('',#902,#899,#39,.T.);
#635=EDGE_CURVE('',#903,#904,#1075,.T.);
#636=EDGE_CURVE('',#904,#905,#1076,.T.);
#637=EDGE_CURVE('',#905,#906,#1077,.T.);
#638=EDGE_CURVE('',#903,#906,#1078,.F.);
#639=EDGE_CURVE('',#907,#908,#1079,.T.);
#640=EDGE_CURVE('',#909,#908,#1080,.T.);
#641=EDGE_CURVE('',#910,#909,#1081,.T.);
#642=EDGE_CURVE('',#910,#907,#1082,.T.);
#643=EDGE_CURVE('',#911,#912,#1083,.T.);
#644=EDGE_CURVE('',#913,#911,#1084,.T.);
#645=EDGE_CURVE('',#914,#913,#1085,.T.);
#646=EDGE_CURVE('',#915,#914,#1086,.T.);
#647=EDGE_CURVE('',#916,#915,#1087,.T.);
#648=EDGE_CURVE('',#912,#916,#1088,.T.);
#649=EDGE_CURVE('',#874,#917,#1089,.T.);
#650=EDGE_CURVE('',#918,#917,#1090,.T.);
#651=EDGE_CURVE('',#875,#918,#1091,.T.);
#652=EDGE_CURVE('',#919,#915,#1092,.T.);
#653=EDGE_CURVE('',#920,#914,#1093,.T.);
#654=EDGE_CURVE('',#920,#880,#1094,.T.);
#655=EDGE_CURVE('',#879,#891,#1095,.T.);
#656=EDGE_CURVE('',#892,#919,#1096,.F.);
#657=EDGE_CURVE('',#921,#902,#1097,.T.);
#658=EDGE_CURVE('',#922,#901,#1098,.T.);
#659=EDGE_CURVE('',#921,#922,#1099,.T.);
#660=EDGE_CURVE('',#900,#923,#1100,.T.);
#661=EDGE_CURVE('',#923,#924,#1101,.T.);
#662=EDGE_CURVE('',#924,#897,#1102,.T.);
#663=EDGE_CURVE('',#896,#925,#1103,.T.);
#664=EDGE_CURVE('',#922,#925,#1104,.T.);
#665=EDGE_CURVE('',#926,#927,#1105,.T.);
#666=EDGE_CURVE('',#928,#926,#1106,.T.);
#667=EDGE_CURVE('',#928,#929,#1107,.T.);
#668=EDGE_CURVE('',#929,#927,#1108,.T.);
#669=EDGE_CURVE('',#930,#931,#1109,.T.);
#670=EDGE_CURVE('',#903,#930,#1110,.T.);
#671=EDGE_CURVE('',#906,#931,#1111,.T.);
#672=EDGE_CURVE('',#927,#930,#1112,.T.);
#673=EDGE_CURVE('',#929,#932,#1113,.T.);
#674=EDGE_CURVE('',#933,#932,#1114,.T.);
#675=EDGE_CURVE('',#934,#933,#1115,.T.);
#676=EDGE_CURVE('',#935,#934,#1116,.T.);
#677=EDGE_CURVE('',#936,#935,#1117,.T.);
#678=EDGE_CURVE('',#904,#936,#1118,.T.);
#679=EDGE_CURVE('',#937,#938,#1119,.T.);
#680=EDGE_CURVE('',#939,#937,#1120,.T.);
#681=EDGE_CURVE('',#862,#939,#1121,.T.);
#682=EDGE_CURVE('',#863,#940,#1122,.T.);
#683=EDGE_CURVE('',#940,#938,#1123,.T.);
#684=EDGE_CURVE('',#941,#941,#40,.T.);
#685=EDGE_CURVE('',#877,#942,#1124,.T.);
#686=EDGE_CURVE('',#942,#943,#1125,.T.);
#687=EDGE_CURVE('',#878,#943,#1126,.T.);
#688=EDGE_CURVE('',#944,#945,#1127,.T.);
#689=EDGE_CURVE('',#944,#946,#1128,.T.);
#690=EDGE_CURVE('',#946,#947,#41,.T.);
#691=EDGE_CURVE('',#948,#947,#1129,.T.);
#692=EDGE_CURVE('',#949,#948,#1130,.T.);
#693=EDGE_CURVE('',#950,#949,#1131,.T.);
#694=EDGE_CURVE('',#951,#950,#1132,.T.);
#695=EDGE_CURVE('',#951,#952,#1133,.T.);
#696=EDGE_CURVE('',#952,#945,#1134,.T.);
#697=EDGE_CURVE('',#952,#953,#1135,.T.);
#698=EDGE_CURVE('',#951,#954,#1136,.T.);
#699=EDGE_CURVE('',#954,#953,#1137,.T.);
#700=EDGE_CURVE('',#866,#955,#1138,.T.);
#701=EDGE_CURVE('',#956,#955,#1139,.T.);
#702=EDGE_CURVE('',#867,#956,#1140,.T.);
#703=EDGE_CURVE('',#887,#957,#1141,.T.);
#704=EDGE_CURVE('',#958,#957,#1142,.T.);
#705=EDGE_CURVE('',#958,#959,#1143,.T.);
#706=EDGE_CURVE('',#959,#960,#1144,.T.);
#707=EDGE_CURVE('',#961,#960,#1145,.T.);
#708=EDGE_CURVE('',#961,#962,#1146,.T.);
#709=EDGE_CURVE('',#962,#948,#1147,.T.);
#710=EDGE_CURVE('',#947,#963,#1148,.T.);
#711=EDGE_CURVE('',#917,#963,#1149,.T.);
#712=EDGE_CURVE('',#964,#873,#1150,.T.);
#713=EDGE_CURVE('',#965,#964,#1151,.T.);
#714=EDGE_CURVE('',#888,#965,#1152,.T.);
#715=EDGE_CURVE('',#943,#966,#1153,.T.);
#716=EDGE_CURVE('',#893,#966,#1154,.T.);
#717=EDGE_CURVE('',#967,#968,#1155,.T.);
#718=EDGE_CURVE('',#969,#967,#1156,.T.);
#719=EDGE_CURVE('',#969,#970,#1157,.T.);
#720=EDGE_CURVE('',#970,#968,#1158,.T.);
#721=EDGE_CURVE('',#971,#924,#1159,.T.);
#722=EDGE_CURVE('',#971,#898,#1160,.T.);
#723=EDGE_CURVE('',#972,#973,#1161,.T.);
#724=EDGE_CURVE('',#974,#972,#1162,.T.);
#725=EDGE_CURVE('',#960,#974,#1163,.T.);
#726=EDGE_CURVE('',#959,#932,#42,.T.);
#727=EDGE_CURVE('',#969,#929,#1164,.T.);
#728=EDGE_CURVE('',#967,#973,#1165,.T.);
#729=EDGE_CURVE('',#964,#975,#1166,.T.);
#730=EDGE_CURVE('',#938,#975,#1167,.T.);
#731=EDGE_CURVE('',#965,#940,#1168,.T.);
#732=EDGE_CURVE('',#976,#977,#1169,.F.);
#733=EDGE_CURVE('',#978,#977,#1170,.T.);
#734=EDGE_CURVE('',#979,#978,#1171,.T.);
#735=EDGE_CURVE('',#979,#976,#1172,.T.);
#736=EDGE_CURVE('',#980,#981,#1173,.T.);
#737=EDGE_CURVE('',#982,#980,#1174,.F.);
#738=EDGE_CURVE('',#982,#983,#1175,.T.);
#739=EDGE_CURVE('',#983,#981,#1176,.T.);
#740=EDGE_CURVE('',#955,#984,#1177,.T.);
#741=EDGE_CURVE('',#984,#985,#1178,.T.);
#742=EDGE_CURVE('',#985,#956,#1179,.T.);
#743=EDGE_CURVE('',#986,#918,#1180,.T.);
#744=EDGE_CURVE('',#876,#986,#1181,.T.);
#745=EDGE_CURVE('',#987,#949,#1182,.T.);
#746=EDGE_CURVE('',#988,#987,#1183,.T.);
#747=EDGE_CURVE('',#988,#950,#1184,.T.);
#748=EDGE_CURVE('',#945,#989,#1185,.T.);
#749=EDGE_CURVE('',#953,#989,#1186,.T.);
#750=EDGE_CURVE('',#954,#986,#1187,.T.);
#751=EDGE_CURVE('',#963,#990,#43,.T.);
#752=EDGE_CURVE('',#991,#990,#1188,.T.);
#753=EDGE_CURVE('',#991,#989,#1189,.T.);
#754=EDGE_CURVE('',#992,#894,#1190,.T.);
#755=EDGE_CURVE('',#966,#991,#1191,.T.);
#756=EDGE_CURVE('',#946,#990,#1192,.T.);
#757=EDGE_CURVE('',#944,#912,#1193,.T.);
#758=EDGE_CURVE('',#992,#916,#1194,.T.);
#759=EDGE_CURVE('',#993,#994,#1195,.T.);
#760=EDGE_CURVE('',#994,#995,#1196,.T.);
#761=EDGE_CURVE('',#996,#995,#1197,.T.);
#762=EDGE_CURVE('',#993,#996,#1198,.T.);
#763=EDGE_CURVE('',#942,#991,#1199,.T.);
#764=EDGE_CURVE('',#997,#988,#1200,.T.);
#765=EDGE_CURVE('',#997,#998,#1201,.T.);
#766=EDGE_CURVE('',#998,#944,#1202,.T.);
#767=EDGE_CURVE('',#895,#999,#1203,.T.);
#768=EDGE_CURVE('',#999,#925,#1204,.T.);
#769=EDGE_CURVE('',#1000,#1001,#1205,.T.);
#770=EDGE_CURVE('',#1002,#1001,#1206,.T.);
#771=EDGE_CURVE('',#1003,#1002,#1207,.T.);
#772=EDGE_CURVE('',#1003,#1000,#1208,.T.);
#773=EDGE_CURVE('',#1004,#1005,#1209,.F.);
#774=EDGE_CURVE('',#908,#1005,#1210,.T.);
#775=EDGE_CURVE('',#907,#1004,#1211,.T.);
#776=EDGE_CURVE('',#970,#934,#1212,.T.);
#777=EDGE_CURVE('',#933,#958,#44,.T.);
#778=EDGE_CURVE('',#957,#1006,#1213,.T.);
#779=EDGE_CURVE('',#1006,#1007,#1214,.T.);
#780=EDGE_CURVE('',#1007,#1008,#1215,.T.);
#781=EDGE_CURVE('',#968,#1008,#1216,.T.);
#782=EDGE_CURVE('',#1009,#1009,#45,.T.);
#783=EDGE_CURVE('',#885,#1007,#1217,.T.);
#784=EDGE_CURVE('',#884,#1010,#1218,.T.);
#785=EDGE_CURVE('',#1010,#934,#1219,.T.);
#786=EDGE_CURVE('',#1011,#928,#1220,.T.);
#787=EDGE_CURVE('',#1012,#1011,#1221,.T.);
#788=EDGE_CURVE('',#1012,#972,#1222,.T.);
#789=EDGE_CURVE('',#973,#1008,#1223,.T.);
#790=EDGE_CURVE('',#1013,#1014,#1224,.T.);
#791=EDGE_CURVE('',#1014,#1015,#46,.T.);
#792=EDGE_CURVE('',#1015,#909,#1225,.T.);
#793=EDGE_CURVE('',#1005,#1016,#47,.F.);
#794=EDGE_CURVE('',#1016,#1017,#1226,.T.);
#795=EDGE_CURVE('',#1013,#1017,#1227,.T.);
#796=EDGE_CURVE('',#1018,#1019,#1228,.T.);
#797=EDGE_CURVE('',#1020,#1019,#1229,.T.);
#798=EDGE_CURVE('',#1020,#1021,#1230,.T.);
#799=EDGE_CURVE('',#1021,#1022,#1231,.T.);
#800=EDGE_CURVE('',#1022,#1023,#1232,.T.);
#801=EDGE_CURVE('',#1023,#939,#1233,.T.);
#802=EDGE_CURVE('',#937,#1018,#1234,.T.);
#803=EDGE_CURVE('',#997,#913,#1235,.T.);
#804=EDGE_CURVE('',#998,#911,#1236,.T.);
#805=EDGE_CURVE('',#1024,#935,#1237,.T.);
#806=EDGE_CURVE('',#883,#1024,#1238,.T.);
#807=EDGE_CURVE('',#882,#1025,#1239,.T.);
#808=EDGE_CURVE('',#936,#1025,#1240,.T.);
#809=EDGE_CURVE('',#1026,#1016,#1241,.F.);
#810=EDGE_CURVE('',#1026,#1027,#1242,.T.);
#811=EDGE_CURVE('',#1027,#1017,#1243,.T.);
#812=EDGE_CURVE('',#995,#1002,#48,.T.);
#813=EDGE_CURVE('',#994,#1003,#49,.T.);
#814=EDGE_CURVE('',#865,#1028,#1244,.T.);
#815=EDGE_CURVE('',#868,#865,#1245,.T.);
#816=EDGE_CURVE('',#1029,#868,#1246,.T.);
#817=EDGE_CURVE('',#1029,#1028,#1247,.T.);
#818=EDGE_CURVE('',#1004,#1026,#50,.F.);
#819=EDGE_CURVE('',#1030,#923,#1248,.T.);
#820=EDGE_CURVE('',#899,#1030,#1249,.T.);
#821=EDGE_CURVE('',#1001,#978,#1250,.T.);
#822=EDGE_CURVE('',#977,#980,#51,.F.);
#823=EDGE_CURVE('',#996,#981,#1251,.T.);
#824=EDGE_CURVE('',#886,#1006,#1252,.T.);
#825=EDGE_CURVE('',#870,#1021,#1253,.T.);
#826=EDGE_CURVE('',#1020,#871,#1254,.T.);
#827=EDGE_CURVE('',#1025,#905,#1255,.T.);
#828=EDGE_CURVE('',#871,#985,#1256,.T.);
#829=EDGE_CURVE('',#938,#984,#1257,.T.);
#830=EDGE_CURVE('',#975,#872,#1258,.T.);
#831=EDGE_CURVE('',#864,#1023,#1259,.T.);
#832=EDGE_CURVE('',#869,#1022,#1260,.T.);
#833=EDGE_CURVE('',#1010,#1024,#1261,.T.);
#834=EDGE_CURVE('',#1031,#926,#1262,.T.);
#835=EDGE_CURVE('',#931,#1032,#1263,.T.);
#836=EDGE_CURVE('',#1031,#1032,#1264,.T.);
#837=EDGE_CURVE('',#1033,#974,#1265,.T.);
#838=EDGE_CURVE('',#961,#1033,#1266,.T.);
#839=EDGE_CURVE('',#919,#992,#1267,.T.);
#840=EDGE_CURVE('',#1000,#979,#1268,.T.);
#841=EDGE_CURVE('',#1033,#1012,#1269,.T.);
#842=EDGE_CURVE('',#1034,#1034,#52,.T.);
#843=EDGE_CURVE('',#1035,#1035,#53,.T.);
#844=EDGE_CURVE('',#976,#982,#54,.F.);
#845=EDGE_CURVE('',#962,#987,#1270,.T.);
#846=EDGE_CURVE('',#920,#1036,#1271,.T.);
#847=EDGE_CURVE('',#1036,#881,#1272,.T.);
#848=EDGE_CURVE('',#1028,#1018,#1273,.T.);
#849=EDGE_CURVE('',#1031,#1011,#1274,.T.);
#850=EDGE_CURVE('',#1030,#971,#1275,.T.);
#851=EDGE_CURVE('',#1029,#1019,#1276,.T.);
#852=EDGE_CURVE('',#921,#999,#1277,.T.);
#853=EDGE_CURVE('',#1037,#1038,#1278,.T.);
#854=EDGE_CURVE('',#1038,#1014,#1279,.T.);
#855=EDGE_CURVE('',#1037,#1013,#1280,.T.);
#856=EDGE_CURVE('',#1039,#910,#1281,.T.);
#857=EDGE_CURVE('',#1038,#1039,#55,.T.);
#858=EDGE_CURVE('',#1037,#1027,#1282,.T.);
#859=EDGE_CURVE('',#1032,#1036,#1283,.T.);
#860=EDGE_CURVE('',#993,#983,#1284,.T.);
#861=EDGE_CURVE('',#1039,#1015,#1285,.T.);
#862=VERTEX_POINT('',#2530);
#863=VERTEX_POINT('',#2531);
#864=VERTEX_POINT('',#2533);
#865=VERTEX_POINT('',#2535);
#866=VERTEX_POINT('',#2537);
#867=VERTEX_POINT('',#2539);
#868=VERTEX_POINT('',#2541);
#869=VERTEX_POINT('',#2543);
#870=VERTEX_POINT('',#2545);
#871=VERTEX_POINT('',#2547);
#872=VERTEX_POINT('',#2549);
#873=VERTEX_POINT('',#2551);
#874=VERTEX_POINT('',#2553);
#875=VERTEX_POINT('',#2555);
#876=VERTEX_POINT('',#2557);
#877=VERTEX_POINT('',#2559);
#878=VERTEX_POINT('',#2561);
#879=VERTEX_POINT('',#2563);
#880=VERTEX_POINT('',#2565);
#881=VERTEX_POINT('',#2567);
#882=VERTEX_POINT('',#2569);
#883=VERTEX_POINT('',#2571);
#884=VERTEX_POINT('',#2573);
#885=VERTEX_POINT('',#2575);
#886=VERTEX_POINT('',#2577);
#887=VERTEX_POINT('',#2579);
#888=VERTEX_POINT('',#2581);
#889=VERTEX_POINT('',#2585);
#890=VERTEX_POINT('',#2587);
#891=VERTEX_POINT('',#2590);
#892=VERTEX_POINT('',#2591);
#893=VERTEX_POINT('',#2593);
#894=VERTEX_POINT('',#2595);
#895=VERTEX_POINT('',#2599);
#896=VERTEX_POINT('',#2600);
#897=VERTEX_POINT('',#2602);
#898=VERTEX_POINT('',#2604);
#899=VERTEX_POINT('',#2608);
#900=VERTEX_POINT('',#2609);
#901=VERTEX_POINT('',#2611);
#902=VERTEX_POINT('',#2613);
#903=VERTEX_POINT('',#2617);
#904=VERTEX_POINT('',#2618);
#905=VERTEX_POINT('',#2620);
#906=VERTEX_POINT('',#2622);
#907=VERTEX_POINT('',#2626);
#908=VERTEX_POINT('',#2627);
#909=VERTEX_POINT('',#2629);
#910=VERTEX_POINT('',#2631);
#911=VERTEX_POINT('',#2635);
#912=VERTEX_POINT('',#2636);
#913=VERTEX_POINT('',#2638);
#914=VERTEX_POINT('',#2640);
#915=VERTEX_POINT('',#2642);
#916=VERTEX_POINT('',#2644);
#917=VERTEX_POINT('',#2648);
#918=VERTEX_POINT('',#2650);
#919=VERTEX_POINT('',#2654);
#920=VERTEX_POINT('',#2656);
#921=VERTEX_POINT('',#2662);
#922=VERTEX_POINT('',#2664);
#923=VERTEX_POINT('',#2668);
#924=VERTEX_POINT('',#2670);
#925=VERTEX_POINT('',#2673);
#926=VERTEX_POINT('',#2677);
#927=VERTEX_POINT('',#2678);
#928=VERTEX_POINT('',#2680);
#929=VERTEX_POINT('',#2682);
#930=VERTEX_POINT('',#2686);
#931=VERTEX_POINT('',#2687);
#932=VERTEX_POINT('',#2693);
#933=VERTEX_POINT('',#2695);
#934=VERTEX_POINT('',#2697);
#935=VERTEX_POINT('',#2699);
#936=VERTEX_POINT('',#2701);
#937=VERTEX_POINT('',#2705);
#938=VERTEX_POINT('',#2706);
#939=VERTEX_POINT('',#2708);
#940=VERTEX_POINT('',#2711);
#941=VERTEX_POINT('',#2715);
#942=VERTEX_POINT('',#2718);
#943=VERTEX_POINT('',#2720);
#944=VERTEX_POINT('',#2724);
#945=VERTEX_POINT('',#2725);
#946=VERTEX_POINT('',#2727);
#947=VERTEX_POINT('',#2729);
#948=VERTEX_POINT('',#2731);
#949=VERTEX_POINT('',#2733);
#950=VERTEX_POINT('',#2735);
#951=VERTEX_POINT('',#2737);
#952=VERTEX_POINT('',#2739);
#953=VERTEX_POINT('',#2743);
#954=VERTEX_POINT('',#2745);
#955=VERTEX_POINT('',#2749);
#956=VERTEX_POINT('',#2751);
#957=VERTEX_POINT('',#2755);
#958=VERTEX_POINT('',#2757);
#959=VERTEX_POINT('',#2759);
#960=VERTEX_POINT('',#2761);
#961=VERTEX_POINT('',#2763);
#962=VERTEX_POINT('',#2765);
#963=VERTEX_POINT('',#2768);
#964=VERTEX_POINT('',#2771);
#965=VERTEX_POINT('',#2773);
#966=VERTEX_POINT('',#2777);
#967=VERTEX_POINT('',#2781);
#968=VERTEX_POINT('',#2782);
#969=VERTEX_POINT('',#2784);
#970=VERTEX_POINT('',#2786);
#971=VERTEX_POINT('',#2790);
#972=VERTEX_POINT('',#2794);
#973=VERTEX_POINT('',#2795);
#974=VERTEX_POINT('',#2797);
#975=VERTEX_POINT('',#2804);
#976=VERTEX_POINT('',#2809);
#977=VERTEX_POINT('',#2810);
#978=VERTEX_POINT('',#2812);
#979=VERTEX_POINT('',#2814);
#980=VERTEX_POINT('',#2818);
#981=VERTEX_POINT('',#2819);
#982=VERTEX_POINT('',#2821);
#983=VERTEX_POINT('',#2823);
#984=VERTEX_POINT('',#2827);
#985=VERTEX_POINT('',#2829);
#986=VERTEX_POINT('',#2833);
#987=VERTEX_POINT('',#2837);
#988=VERTEX_POINT('',#2839);
#989=VERTEX_POINT('',#2843);
#990=VERTEX_POINT('',#2848);
#991=VERTEX_POINT('',#2850);
#992=VERTEX_POINT('',#2854);
#993=VERTEX_POINT('',#2861);
#994=VERTEX_POINT('',#2862);
#995=VERTEX_POINT('',#2864);
#996=VERTEX_POINT('',#2866);
#997=VERTEX_POINT('',#2871);
#998=VERTEX_POINT('',#2873);
#999=VERTEX_POINT('',#2877);
#1000=VERTEX_POINT('',#2881);
#1001=VERTEX_POINT('',#2882);
#1002=VERTEX_POINT('',#2884);
#1003=VERTEX_POINT('',#2886);
#1004=VERTEX_POINT('',#2890);
#1005=VERTEX_POINT('',#2891);
#1006=VERTEX_POINT('',#2898);
#1007=VERTEX_POINT('',#2900);
#1008=VERTEX_POINT('',#2902);
#1009=VERTEX_POINT('',#2906);
#1010=VERTEX_POINT('',#2910);
#1011=VERTEX_POINT('',#2913);
#1012=VERTEX_POINT('',#2915);
#1013=VERTEX_POINT('',#2920);
#1014=VERTEX_POINT('',#2921);
#1015=VERTEX_POINT('',#2923);
#1016=VERTEX_POINT('',#2926);
#1017=VERTEX_POINT('',#2928);
#1018=VERTEX_POINT('',#2932);
#1019=VERTEX_POINT('',#2933);
#1020=VERTEX_POINT('',#2935);
#1021=VERTEX_POINT('',#2937);
#1022=VERTEX_POINT('',#2939);
#1023=VERTEX_POINT('',#2941);
#1024=VERTEX_POINT('',#2949);
#1025=VERTEX_POINT('',#2952);
#1026=VERTEX_POINT('',#2958);
#1027=VERTEX_POINT('',#2960);
#1028=VERTEX_POINT('',#2967);
#1029=VERTEX_POINT('',#2970);
#1030=VERTEX_POINT('',#2976);
#1031=VERTEX_POINT('',#3001);
#1032=VERTEX_POINT('',#3003);
#1033=VERTEX_POINT('',#3008);
#1034=VERTEX_POINT('',#3019);
#1035=VERTEX_POINT('',#3021);
#1036=VERTEX_POINT('',#3034);
#1037=VERTEX_POINT('',#3052);
#1038=VERTEX_POINT('',#3053);
#1039=VERTEX_POINT('',#3058);
#1040=LINE('',#2529,#1286);
#1041=LINE('',#2532,#1287);
#1042=LINE('',#2534,#1288);
#1043=LINE('',#2536,#1289);
#1044=LINE('',#2538,#1290);
#1045=LINE('',#2540,#1291);
#1046=LINE('',#2542,#1292);
#1047=LINE('',#2544,#1293);
#1048=LINE('',#2546,#1294);
#1049=LINE('',#2548,#1295);
#1050=LINE('',#2550,#1296);
#1051=LINE('',#2552,#1297);
#1052=LINE('',#2554,#1298);
#1053=LINE('',#2556,#1299);
#1054=LINE('',#2558,#1300);
#1055=LINE('',#2560,#1301);
#1056=LINE('',#2562,#1302);
#1057=LINE('',#2564,#1303);
#1058=LINE('',#2566,#1304);
#1059=LINE('',#2568,#1305);
#1060=LINE('',#2570,#1306);
#1061=LINE('',#2572,#1307);
#1062=LINE('',#2574,#1308);
#1063=LINE('',#2576,#1309);
#1064=LINE('',#2578,#1310);
#1065=LINE('',#2580,#1311);
#1066=LINE('',#2582,#1312);
#1067=LINE('',#2589,#1313);
#1068=LINE('',#2592,#1314);
#1069=LINE('',#2594,#1315);
#1070=LINE('',#2596,#1316);
#1071=LINE('',#2598,#1317);
#1072=LINE('',#2603,#1318);
#1073=LINE('',#2607,#1319);
#1074=LINE('',#2612,#1320);
#1075=LINE('',#2616,#1321);
#1076=LINE('',#2619,#1322);
#1077=LINE('',#2621,#1323);
#1078=LINE('',#2623,#1324);
#1079=LINE('',#2625,#1325);
#1080=LINE('',#2628,#1326);
#1081=LINE('',#2630,#1327);
#1082=LINE('',#2632,#1328);
#1083=LINE('',#2634,#1329);
#1084=LINE('',#2637,#1330);
#1085=LINE('',#2639,#1331);
#1086=LINE('',#2641,#1332);
#1087=LINE('',#2643,#1333);
#1088=LINE('',#2645,#1334);
#1089=LINE('',#2647,#1335);
#1090=LINE('',#2649,#1336);
#1091=LINE('',#2651,#1337);
#1092=LINE('',#2653,#1338);
#1093=LINE('',#2655,#1339);
#1094=LINE('',#2657,#1340);
#1095=LINE('',#2658,#1341);
#1096=LINE('',#2659,#1342);
#1097=LINE('',#2661,#1343);
#1098=LINE('',#2663,#1344);
#1099=LINE('',#2665,#1345);
#1100=LINE('',#2667,#1346);
#1101=LINE('',#2669,#1347);
#1102=LINE('',#2671,#1348);
#1103=LINE('',#2672,#1349);
#1104=LINE('',#2674,#1350);
#1105=LINE('',#2676,#1351);
#1106=LINE('',#2679,#1352);
#1107=LINE('',#2681,#1353);
#1108=LINE('',#2683,#1354);
#1109=LINE('',#2685,#1355);
#1110=LINE('',#2688,#1356);
#1111=LINE('',#2689,#1357);
#1112=LINE('',#2691,#1358);
#1113=LINE('',#2692,#1359);
#1114=LINE('',#2694,#1360);
#1115=LINE('',#2696,#1361);
#1116=LINE('',#2698,#1362);
#1117=LINE('',#2700,#1363);
#1118=LINE('',#2702,#1364);
#1119=LINE('',#2704,#1365);
#1120=LINE('',#2707,#1366);
#1121=LINE('',#2709,#1367);
#1122=LINE('',#2710,#1368);
#1123=LINE('',#2712,#1369);
#1124=LINE('',#2717,#1370);
#1125=LINE('',#2719,#1371);
#1126=LINE('',#2721,#1372);
#1127=LINE('',#2723,#1373);
#1128=LINE('',#2726,#1374);
#1129=LINE('',#2730,#1375);
#1130=LINE('',#2732,#1376);
#1131=LINE('',#2734,#1377);
#1132=LINE('',#2736,#1378);
#1133=LINE('',#2738,#1379);
#1134=LINE('',#2740,#1380);
#1135=LINE('',#2742,#1381);
#1136=LINE('',#2744,#1382);
#1137=LINE('',#2746,#1383);
#1138=LINE('',#2748,#1384);
#1139=LINE('',#2750,#1385);
#1140=LINE('',#2752,#1386);
#1141=LINE('',#2754,#1387);
#1142=LINE('',#2756,#1388);
#1143=LINE('',#2758,#1389);
#1144=LINE('',#2760,#1390);
#1145=LINE('',#2762,#1391);
#1146=LINE('',#2764,#1392);
#1147=LINE('',#2766,#1393);
#1148=LINE('',#2767,#1394);
#1149=LINE('',#2769,#1395);
#1150=LINE('',#2770,#1396);
#1151=LINE('',#2772,#1397);
#1152=LINE('',#2774,#1398);
#1153=LINE('',#2776,#1399);
#1154=LINE('',#2778,#1400);
#1155=LINE('',#2780,#1401);
#1156=LINE('',#2783,#1402);
#1157=LINE('',#2785,#1403);
#1158=LINE('',#2787,#1404);
#1159=LINE('',#2789,#1405);
#1160=LINE('',#2791,#1406);
#1161=LINE('',#2793,#1407);
#1162=LINE('',#2796,#1408);
#1163=LINE('',#2798,#1409);
#1164=LINE('',#2800,#1410);
#1165=LINE('',#2801,#1411);
#1166=LINE('',#2803,#1412);
#1167=LINE('',#2805,#1413);
#1168=LINE('',#2806,#1414);
#1169=LINE('',#2808,#1415);
#1170=LINE('',#2811,#1416);
#1171=LINE('',#2813,#1417);
#1172=LINE('',#2815,#1418);
#1173=LINE('',#2817,#1419);
#1174=LINE('',#2820,#1420);
#1175=LINE('',#2822,#1421);
#1176=LINE('',#2824,#1422);
#1177=LINE('',#2826,#1423);
#1178=LINE('',#2828,#1424);
#1179=LINE('',#2830,#1425);
#1180=LINE('',#2832,#1426);
#1181=LINE('',#2834,#1427);
#1182=LINE('',#2836,#1428);
#1183=LINE('',#2838,#1429);
#1184=LINE('',#2840,#1430);
#1185=LINE('',#2842,#1431);
#1186=LINE('',#2844,#1432);
#1187=LINE('',#2846,#1433);
#1188=LINE('',#2849,#1434);
#1189=LINE('',#2851,#1435);
#1190=LINE('',#2853,#1436);
#1191=LINE('',#2855,#1437);
#1192=LINE('',#2856,#1438);
#1193=LINE('',#2857,#1439);
#1194=LINE('',#2858,#1440);
#1195=LINE('',#2860,#1441);
#1196=LINE('',#2863,#1442);
#1197=LINE('',#2865,#1443);
#1198=LINE('',#2867,#1444);
#1199=LINE('',#2869,#1445);
#1200=LINE('',#2870,#1446);
#1201=LINE('',#2872,#1447);
#1202=LINE('',#2874,#1448);
#1203=LINE('',#2876,#1449);
#1204=LINE('',#2878,#1450);
#1205=LINE('',#2880,#1451);
#1206=LINE('',#2883,#1452);
#1207=LINE('',#2885,#1453);
#1208=LINE('',#2887,#1454);
#1209=LINE('',#2889,#1455);
#1210=LINE('',#2892,#1456);
#1211=LINE('',#2893,#1457);
#1212=LINE('',#2895,#1458);
#1213=LINE('',#2897,#1459);
#1214=LINE('',#2899,#1460);
#1215=LINE('',#2901,#1461);
#1216=LINE('',#2903,#1462);
#1217=LINE('',#2908,#1463);
#1218=LINE('',#2909,#1464);
#1219=LINE('',#2911,#1465);
#1220=LINE('',#2912,#1466);
#1221=LINE('',#2914,#1467);
#1222=LINE('',#2916,#1468);
#1223=LINE('',#2917,#1469);
#1224=LINE('',#2919,#1470);
#1225=LINE('',#2924,#1471);
#1226=LINE('',#2927,#1472);
#1227=LINE('',#2929,#1473);
#1228=LINE('',#2931,#1474);
#1229=LINE('',#2934,#1475);
#1230=LINE('',#2936,#1476);
#1231=LINE('',#2938,#1477);
#1232=LINE('',#2940,#1478);
#1233=LINE('',#2942,#1479);
#1234=LINE('',#2943,#1480);
#1235=LINE('',#2945,#1481);
#1236=LINE('',#2946,#1482);
#1237=LINE('',#2948,#1483);
#1238=LINE('',#2950,#1484);
#1239=LINE('',#2951,#1485);
#1240=LINE('',#2953,#1486);
#1241=LINE('',#2957,#1487);
#1242=LINE('',#2959,#1488);
#1243=LINE('',#2961,#1489);
#1244=LINE('',#2966,#1490);
#1245=LINE('',#2968,#1491);
#1246=LINE('',#2969,#1492);
#1247=LINE('',#2971,#1493);
#1248=LINE('',#2975,#1494);
#1249=LINE('',#2977,#1495);
#1250=LINE('',#2979,#1496);
#1251=LINE('',#2981,#1497);
#1252=LINE('',#2983,#1498);
#1253=LINE('',#2985,#1499);
#1254=LINE('',#2986,#1500);
#1255=LINE('',#2989,#1501);
#1256=LINE('',#2991,#1502);
#1257=LINE('',#2992,#1503);
#1258=LINE('',#2993,#1504);
#1259=LINE('',#2995,#1505);
#1260=LINE('',#2996,#1506);
#1261=LINE('',#2998,#1507);
#1262=LINE('',#3000,#1508);
#1263=LINE('',#3002,#1509);
#1264=LINE('',#3004,#1510);
#1265=LINE('',#3007,#1511);
#1266=LINE('',#3009,#1512);
#1267=LINE('',#3012,#1513);
#1268=LINE('',#3014,#1514);
#1269=LINE('',#3016,#1515);
#1270=LINE('',#3030,#1516);
#1271=LINE('',#3033,#1517);
#1272=LINE('',#3035,#1518);
#1273=LINE('',#3037,#1519);
#1274=LINE('',#3040,#1520);
#1275=LINE('',#3042,#1521);
#1276=LINE('',#3044,#1522);
#1277=LINE('',#3048,#1523);
#1278=LINE('',#3051,#1524);
#1279=LINE('',#3054,#1525);
#1280=LINE('',#3055,#1526);
#1281=LINE('',#3057,#1527);
#1282=LINE('',#3060,#1528);
#1283=LINE('',#3062,#1529);
#1284=LINE('',#3064,#1530);
#1285=LINE('',#3066,#1531);
#1286=VECTOR('',#2047,39.3700787401575);
#1287=VECTOR('',#2048,39.3700787401575);
#1288=VECTOR('',#2049,39.3700787401575);
#1289=VECTOR('',#2050,39.3700787401575);
#1290=VECTOR('',#2051,39.3700787401575);
#1291=VECTOR('',#2052,39.3700787401575);
#1292=VECTOR('',#2053,39.3700787401575);
#1293=VECTOR('',#2054,39.3700787401575);
#1294=VECTOR('',#2055,39.3700787401575);
#1295=VECTOR('',#2056,39.3700787401575);
#1296=VECTOR('',#2057,39.3700787401575);
#1297=VECTOR('',#2058,39.3700787401575);
#1298=VECTOR('',#2059,39.3700787401575);
#1299=VECTOR('',#2060,39.3700787401575);
#1300=VECTOR('',#2061,39.3700787401575);
#1301=VECTOR('',#2062,39.3700787401575);
#1302=VECTOR('',#2063,39.3700787401575);
#1303=VECTOR('',#2064,39.3700787401575);
#1304=VECTOR('',#2065,39.3700787401575);
#1305=VECTOR('',#2066,39.3700787401575);
#1306=VECTOR('',#2067,39.3700787401575);
#1307=VECTOR('',#2068,39.3700787401575);
#1308=VECTOR('',#2069,39.3700787401575);
#1309=VECTOR('',#2070,39.3700787401575);
#1310=VECTOR('',#2071,39.3700787401575);
#1311=VECTOR('',#2072,39.3700787401575);
#1312=VECTOR('',#2073,39.3700787401575);
#1313=VECTOR('',#2082,39.3700787401575);
#1314=VECTOR('',#2083,39.3700787401575);
#1315=VECTOR('',#2084,39.3700787401575);
#1316=VECTOR('',#2085,39.3700787401575);
#1317=VECTOR('',#2088,39.3700787401575);
#1318=VECTOR('',#2091,39.3700787401575);
#1319=VECTOR('',#2096,39.3700787401575);
#1320=VECTOR('',#2099,39.3700787401575);
#1321=VECTOR('',#2104,39.3700787401575);
#1322=VECTOR('',#2105,39.3700787401575);
#1323=VECTOR('',#2106,39.3700787401575);
#1324=VECTOR('',#2107,39.3700787401575);
#1325=VECTOR('',#2110,39.3700787401575);
#1326=VECTOR('',#2111,39.3700787401575);
#1327=VECTOR('',#2112,39.3700787401575);
#1328=VECTOR('',#2113,39.3700787401575);
#1329=VECTOR('',#2116,39.3700787401575);
#1330=VECTOR('',#2117,39.3700787401575);
#1331=VECTOR('',#2118,39.3700787401575);
#1332=VECTOR('',#2119,39.3700787401575);
#1333=VECTOR('',#2120,39.3700787401575);
#1334=VECTOR('',#2121,39.3700787401575);
#1335=VECTOR('',#2124,39.3700787401575);
#1336=VECTOR('',#2125,39.3700787401575);
#1337=VECTOR('',#2126,39.3700787401575);
#1338=VECTOR('',#2129,39.3700787401575);
#1339=VECTOR('',#2130,39.3700787401575);
#1340=VECTOR('',#2131,39.3700787401575);
#1341=VECTOR('',#2132,39.3700787401575);
#1342=VECTOR('',#2133,39.3700787401575);
#1343=VECTOR('',#2136,39.3700787401575);
#1344=VECTOR('',#2137,39.3700787401575);
#1345=VECTOR('',#2138,39.3700787401575);
#1346=VECTOR('',#2141,39.3700787401575);
#1347=VECTOR('',#2142,39.3700787401575);
#1348=VECTOR('',#2143,39.3700787401575);
#1349=VECTOR('',#2144,39.3700787401575);
#1350=VECTOR('',#2145,39.3700787401575);
#1351=VECTOR('',#2148,39.3700787401575);
#1352=VECTOR('',#2149,39.3700787401575);
#1353=VECTOR('',#2150,39.3700787401575);
#1354=VECTOR('',#2151,39.3700787401575);
#1355=VECTOR('',#2154,39.3700787401575);
#1356=VECTOR('',#2155,39.3700787401575);
#1357=VECTOR('',#2156,39.3700787401575);
#1358=VECTOR('',#2159,39.3700787401575);
#1359=VECTOR('',#2160,39.3700787401575);
#1360=VECTOR('',#2161,39.3700787401575);
#1361=VECTOR('',#2162,39.3700787401575);
#1362=VECTOR('',#2163,39.3700787401575);
#1363=VECTOR('',#2164,39.3700787401575);
#1364=VECTOR('',#2165,39.3700787401575);
#1365=VECTOR('',#2168,39.3700787401575);
#1366=VECTOR('',#2169,39.3700787401575);
#1367=VECTOR('',#2170,39.3700787401575);
#1368=VECTOR('',#2171,39.3700787401575);
#1369=VECTOR('',#2172,39.3700787401575);
#1370=VECTOR('',#2179,39.3700787401575);
#1371=VECTOR('',#2180,39.3700787401575);
#1372=VECTOR('',#2181,39.3700787401575);
#1373=VECTOR('',#2184,39.3700787401575);
#1374=VECTOR('',#2185,39.3700787401575);
#1375=VECTOR('',#2188,39.3700787401575);
#1376=VECTOR('',#2189,39.3700787401575);
#1377=VECTOR('',#2190,39.3700787401575);
#1378=VECTOR('',#2191,39.3700787401575);
#1379=VECTOR('',#2192,39.3700787401575);
#1380=VECTOR('',#2193,39.3700787401575);
#1381=VECTOR('',#2196,39.3700787401575);
#1382=VECTOR('',#2197,39.3700787401575);
#1383=VECTOR('',#2198,39.3700787401575);
#1384=VECTOR('',#2201,39.3700787401575);
#1385=VECTOR('',#2202,39.3700787401575);
#1386=VECTOR('',#2203,39.3700787401575);
#1387=VECTOR('',#2206,39.3700787401575);
#1388=VECTOR('',#2207,39.3700787401575);
#1389=VECTOR('',#2208,39.3700787401575);
#1390=VECTOR('',#2209,39.3700787401575);
#1391=VECTOR('',#2210,39.3700787401575);
#1392=VECTOR('',#2211,39.3700787401575);
#1393=VECTOR('',#2212,39.3700787401575);
#1394=VECTOR('',#2213,39.3700787401575);
#1395=VECTOR('',#2214,39.3700787401575);
#1396=VECTOR('',#2215,39.3700787401575);
#1397=VECTOR('',#2216,39.3700787401575);
#1398=VECTOR('',#2217,39.3700787401575);
#1399=VECTOR('',#2220,39.3700787401575);
#1400=VECTOR('',#2221,39.3700787401575);
#1401=VECTOR('',#2224,39.3700787401575);
#1402=VECTOR('',#2225,39.3700787401575);
#1403=VECTOR('',#2226,39.3700787401575);
#1404=VECTOR('',#2227,39.3700787401575);
#1405=VECTOR('',#2230,39.3700787401575);
#1406=VECTOR('',#2231,39.3700787401575);
#1407=VECTOR('',#2234,39.3700787401575);
#1408=VECTOR('',#2235,39.3700787401575);
#1409=VECTOR('',#2236,39.3700787401575);
#1410=VECTOR('',#2239,39.3700787401575);
#1411=VECTOR('',#2240,39.3700787401575);
#1412=VECTOR('',#2243,39.3700787401575);
#1413=VECTOR('',#2244,39.3700787401575);
#1414=VECTOR('',#2245,39.3700787401575);
#1415=VECTOR('',#2248,39.3700787401575);
#1416=VECTOR('',#2249,39.3700787401575);
#1417=VECTOR('',#2250,39.3700787401575);
#1418=VECTOR('',#2251,39.3700787401575);
#1419=VECTOR('',#2254,39.3700787401575);
#1420=VECTOR('',#2255,39.3700787401575);
#1421=VECTOR('',#2256,39.3700787401575);
#1422=VECTOR('',#2257,39.3700787401575);
#1423=VECTOR('',#2260,39.3700787401575);
#1424=VECTOR('',#2261,39.3700787401575);
#1425=VECTOR('',#2262,39.3700787401575);
#1426=VECTOR('',#2265,39.3700787401575);
#1427=VECTOR('',#2266,39.3700787401575);
#1428=VECTOR('',#2269,39.3700787401575);
#1429=VECTOR('',#2270,39.3700787401575);
#1430=VECTOR('',#2271,39.3700787401575);
#1431=VECTOR('',#2274,39.3700787401575);
#1432=VECTOR('',#2275,39.3700787401575);
#1433=VECTOR('',#2278,39.3700787401575);
#1434=VECTOR('',#2281,39.3700787401575);
#1435=VECTOR('',#2282,39.3700787401575);
#1436=VECTOR('',#2285,39.3700787401575);
#1437=VECTOR('',#2286,39.3700787401575);
#1438=VECTOR('',#2287,39.3700787401575);
#1439=VECTOR('',#2288,39.3700787401575);
#1440=VECTOR('',#2289,39.3700787401575);
#1441=VECTOR('',#2292,39.3700787401575);
#1442=VECTOR('',#2293,39.3700787401575);
#1443=VECTOR('',#2294,39.3700787401575);
#1444=VECTOR('',#2295,39.3700787401575);
#1445=VECTOR('',#2298,39.3700787401575);
#1446=VECTOR('',#2299,39.3700787401575);
#1447=VECTOR('',#2300,39.3700787401575);
#1448=VECTOR('',#2301,39.3700787401575);
#1449=VECTOR('',#2304,39.3700787401575);
#1450=VECTOR('',#2305,39.3700787401575);
#1451=VECTOR('',#2308,39.3700787401575);
#1452=VECTOR('',#2309,39.3700787401575);
#1453=VECTOR('',#2310,39.3700787401575);
#1454=VECTOR('',#2311,39.3700787401575);
#1455=VECTOR('',#2314,39.3700787401575);
#1456=VECTOR('',#2315,39.3700787401575);
#1457=VECTOR('',#2316,39.3700787401575);
#1458=VECTOR('',#2319,39.3700787401575);
#1459=VECTOR('',#2322,39.3700787401575);
#1460=VECTOR('',#2323,39.3700787401575);
#1461=VECTOR('',#2324,39.3700787401575);
#1462=VECTOR('',#2325,39.3700787401575);
#1463=VECTOR('',#2332,39.3700787401575);
#1464=VECTOR('',#2333,39.3700787401575);
#1465=VECTOR('',#2334,39.3700787401575);
#1466=VECTOR('',#2335,39.3700787401575);
#1467=VECTOR('',#2336,39.3700787401575);
#1468=VECTOR('',#2337,39.3700787401575);
#1469=VECTOR('',#2338,39.3700787401575);
#1470=VECTOR('',#2341,39.3700787401575);
#1471=VECTOR('',#2344,39.3700787401575);
#1472=VECTOR('',#2347,39.3700787401575);
#1473=VECTOR('',#2348,39.3700787401575);
#1474=VECTOR('',#2351,39.3700787401575);
#1475=VECTOR('',#2352,39.3700787401575);
#1476=VECTOR('',#2353,39.3700787401575);
#1477=VECTOR('',#2354,39.3700787401575);
#1478=VECTOR('',#2355,39.3700787401575);
#1479=VECTOR('',#2356,39.3700787401575);
#1480=VECTOR('',#2357,39.3700787401575);
#1481=VECTOR('',#2360,39.3700787401575);
#1482=VECTOR('',#2361,39.3700787401575);
#1483=VECTOR('',#2364,39.3700787401575);
#1484=VECTOR('',#2365,39.3700787401575);
#1485=VECTOR('',#2366,39.3700787401575);
#1486=VECTOR('',#2367,39.3700787401575);
#1487=VECTOR('',#2374,39.3700787401575);
#1488=VECTOR('',#2375,39.3700787401575);
#1489=VECTOR('',#2376,39.3700787401575);
#1490=VECTOR('',#2385,39.3700787401575);
#1491=VECTOR('',#2386,39.3700787401575);
#1492=VECTOR('',#2387,39.3700787401575);
#1493=VECTOR('',#2388,39.3700787401575);
#1494=VECTOR('',#2395,39.3700787401575);
#1495=VECTOR('',#2396,39.3700787401575);
#1496=VECTOR('',#2399,39.3700787401575);
#1497=VECTOR('',#2402,39.3700787401575);
#1498=VECTOR('',#2405,39.3700787401575);
#1499=VECTOR('',#2408,39.3700787401575);
#1500=VECTOR('',#2409,39.3700787401575);
#1501=VECTOR('',#2414,39.3700787401575);
#1502=VECTOR('',#2417,39.3700787401575);
#1503=VECTOR('',#2418,39.3700787401575);
#1504=VECTOR('',#2419,39.3700787401575);
#1505=VECTOR('',#2422,39.3700787401575);
#1506=VECTOR('',#2423,39.3700787401575);
#1507=VECTOR('',#2426,39.3700787401575);
#1508=VECTOR('',#2429,39.3700787401575);
#1509=VECTOR('',#2430,39.3700787401575);
#1510=VECTOR('',#2431,39.3700787401575);
#1511=VECTOR('',#2436,39.3700787401575);
#1512=VECTOR('',#2437,39.3700787401575);
#1513=VECTOR('',#2442,39.3700787401575);
#1514=VECTOR('',#2445,39.3700787401575);
#1515=VECTOR('',#2448,39.3700787401575);
#1516=VECTOR('',#2471,39.3700787401575);
#1517=VECTOR('',#2476,39.3700787401575);
#1518=VECTOR('',#2477,39.3700787401575);
#1519=VECTOR('',#2480,39.3700787401575);
#1520=VECTOR('',#2485,39.3700787401575);
#1521=VECTOR('',#2488,39.3700787401575);
#1522=VECTOR('',#2491,39.3700787401575);
#1523=VECTOR('',#2498,39.3700787401575);
#1524=VECTOR('',#2503,39.3700787401575);
#1525=VECTOR('',#2504,39.3700787401575);
#1526=VECTOR('',#2505,39.3700787401575);
#1527=VECTOR('',#2508,39.3700787401575);
#1528=VECTOR('',#2511,39.3700787401575);
#1529=VECTOR('',#2514,39.3700787401575);
#1530=VECTOR('',#2517,39.3700787401575);
#1531=VECTOR('',#2520,39.3700787401575);
#1532=EDGE_LOOP('',(#58,#59,#60,#61,#62,#63,#64,#65,#66,#67,#68,#69,#70,
#71,#72,#73,#74,#75,#76,#77,#78,#79,#80,#81,#82,#83,#84));
#1533=EDGE_LOOP('',(#85));
#1534=EDGE_LOOP('',(#86));
#1535=EDGE_LOOP('',(#87,#88,#89,#90));
#1536=EDGE_LOOP('',(#91,#92,#93,#94));
#1537=EDGE_LOOP('',(#95,#96,#97,#98));
#1538=EDGE_LOOP('',(#99,#100,#101,#102));
#1539=EDGE_LOOP('',(#103,#104,#105,#106));
#1540=EDGE_LOOP('',(#107,#108,#109,#110,#111,#112));
#1541=EDGE_LOOP('',(#113,#114,#115,#116));
#1542=EDGE_LOOP('',(#117,#118,#119,#120,#121,#122,#123,#124));
#1543=EDGE_LOOP('',(#125,#126,#127,#128));
#1544=EDGE_LOOP('',(#129,#130,#131,#132,#133,#134,#135,#136));
#1545=EDGE_LOOP('',(#137,#138,#139,#140));
#1546=EDGE_LOOP('',(#141,#142,#143,#144));
#1547=EDGE_LOOP('',(#145,#146,#147,#148,#149,#150,#151,#152,#153,#154));
#1548=EDGE_LOOP('',(#155,#156,#157,#158,#159,#160));
#1549=EDGE_LOOP('',(#161));
#1550=EDGE_LOOP('',(#162,#163,#164,#165));
#1551=EDGE_LOOP('',(#166,#167,#168,#169,#170,#171,#172,#173,#174));
#1552=EDGE_LOOP('',(#175,#176,#177,#178));
#1553=EDGE_LOOP('',(#179,#180,#181,#182));
#1554=EDGE_LOOP('',(#183,#184,#185,#186,#187,#188,#189,#190,#191,#192,#193,
#194,#195,#196,#197,#198));
#1555=EDGE_LOOP('',(#199,#200,#201,#202,#203,#204));
#1556=EDGE_LOOP('',(#205,#206,#207,#208));
#1557=EDGE_LOOP('',(#209,#210,#211,#212));
#1558=EDGE_LOOP('',(#213,#214,#215,#216,#217,#218,#219,#220,#221));
#1559=EDGE_LOOP('',(#222,#223,#224,#225,#226));
#1560=EDGE_LOOP('',(#227,#228,#229,#230));
#1561=EDGE_LOOP('',(#231,#232,#233,#234));
#1562=EDGE_LOOP('',(#235,#236,#237,#238));
#1563=EDGE_LOOP('',(#239,#240,#241,#242));
#1564=EDGE_LOOP('',(#243,#244,#245,#246));
#1565=EDGE_LOOP('',(#247,#248,#249,#250));
#1566=EDGE_LOOP('',(#251,#252,#253,#254,#255,#256,#257,#258,#259));
#1567=EDGE_LOOP('',(#260,#261,#262,#263,#264,#265,#266,#267,#268,#269));
#1568=EDGE_LOOP('',(#270,#271,#272,#273));
#1569=EDGE_LOOP('',(#274,#275,#276,#277,#278,#279,#280,#281,#282,#283,#284,
#285,#286,#287));
#1570=EDGE_LOOP('',(#288,#289,#290,#291));
#1571=EDGE_LOOP('',(#292,#293,#294,#295));
#1572=EDGE_LOOP('',(#296,#297,#298,#299));
#1573=EDGE_LOOP('',(#300,#301,#302,#303,#304,#305,#306,#307,#308));
#1574=EDGE_LOOP('',(#309));
#1575=EDGE_LOOP('',(#310));
#1576=EDGE_LOOP('',(#311,#312,#313,#314,#315,#316,#317,#318,#319,#320,#321,
#322,#323,#324));
#1577=EDGE_LOOP('',(#325,#326,#327,#328,#329,#330,#331,#332));
#1578=EDGE_LOOP('',(#333,#334,#335,#336,#337,#338,#339,#340));
#1579=EDGE_LOOP('',(#341,#342,#343,#344));
#1580=EDGE_LOOP('',(#345,#346,#347,#348,#349,#350));
#1581=EDGE_LOOP('',(#351,#352,#353,#354));
#1582=EDGE_LOOP('',(#355,#356,#357,#358));
#1583=EDGE_LOOP('',(#359,#360,#361,#362));
#1584=EDGE_LOOP('',(#363,#364,#365,#366));
#1585=EDGE_LOOP('',(#367,#368,#369,#370));
#1586=EDGE_LOOP('',(#371,#372,#373,#374));
#1587=EDGE_LOOP('',(#375,#376,#377,#378));
#1588=EDGE_LOOP('',(#379,#380,#381,#382,#383,#384,#385,#386));
#1589=EDGE_LOOP('',(#387,#388,#389,#390));
#1590=EDGE_LOOP('',(#391,#392,#393,#394));
#1591=EDGE_LOOP('',(#395,#396,#397,#398));
#1592=EDGE_LOOP('',(#399,#400,#401,#402));
#1593=EDGE_LOOP('',(#403,#404,#405,#406,#407,#408));
#1594=EDGE_LOOP('',(#409,#410,#411,#412,#413,#414));
#1595=EDGE_LOOP('',(#415,#416,#417,#418));
#1596=EDGE_LOOP('',(#419,#420,#421,#422,#423,#424));
#1597=EDGE_LOOP('',(#425,#426,#427,#428));
#1598=EDGE_LOOP('',(#429,#430,#431,#432));
#1599=EDGE_LOOP('',(#433,#434,#435,#436));
#1600=EDGE_LOOP('',(#437,#438,#439,#440));
#1601=EDGE_LOOP('',(#441,#442,#443,#444));
#1602=EDGE_LOOP('',(#445,#446,#447,#448));
#1603=EDGE_LOOP('',(#449));
#1604=EDGE_LOOP('',(#450));
#1605=EDGE_LOOP('',(#451,#452,#453,#454));
#1606=EDGE_LOOP('',(#455,#456,#457,#458));
#1607=EDGE_LOOP('',(#459));
#1608=EDGE_LOOP('',(#460));
#1609=EDGE_LOOP('',(#461,#462,#463,#464));
#1610=EDGE_LOOP('',(#465,#466,#467,#468));
#1611=EDGE_LOOP('',(#469,#470,#471,#472));
#1612=EDGE_LOOP('',(#473,#474,#475,#476));
#1613=EDGE_LOOP('',(#477));
#1614=EDGE_LOOP('',(#478));
#1615=EDGE_LOOP('',(#479));
#1616=EDGE_LOOP('',(#480,#481,#482,#483));
#1617=EDGE_LOOP('',(#484,#485,#486,#487,#488,#489,#490,#491));
#1618=EDGE_LOOP('',(#492,#493,#494,#495));
#1619=EDGE_LOOP('',(#496,#497,#498,#499));
#1620=EDGE_LOOP('',(#500,#501,#502,#503));
#1621=EDGE_LOOP('',(#504,#505,#506,#507,#508,#509,#510,#511));
#1622=EDGE_LOOP('',(#512,#513,#514,#515));
#1623=EDGE_LOOP('',(#516,#517,#518,#519));
#1624=EDGE_LOOP('',(#520,#521,#522,#523,#524,#525,#526,#527));
#1625=EDGE_LOOP('',(#528,#529,#530,#531));
#1626=EDGE_LOOP('',(#532,#533,#534,#535));
#1627=EDGE_LOOP('',(#536,#537,#538,#539,#540,#541,#542,#543));
#1628=EDGE_LOOP('',(#544,#545,#546,#547,#548,#549,#550,#551));
#1629=EDGE_LOOP('',(#552,#553,#554,#555));
#1630=EDGE_LOOP('',(#556,#557,#558,#559));
#1631=EDGE_LOOP('',(#560,#561,#562,#563));
#1632=EDGE_LOOP('',(#564,#565,#566,#567,#568,#569,#570,#571,#572,#573,#574,
#575,#576,#577));
#1633=EDGE_LOOP('',(#578,#579,#580,#581));
#1634=EDGE_LOOP('',(#582,#583,#584,#585,#586,#587,#588,#589));
#1635=EDGE_LOOP('',(#590,#591,#592,#593));
#1636=FACE_BOUND('',#1532,.T.);
#1637=FACE_BOUND('',#1533,.T.);
#1638=FACE_BOUND('',#1534,.T.);
#1639=FACE_BOUND('',#1535,.T.);
#1640=FACE_BOUND('',#1536,.T.);
#1641=FACE_BOUND('',#1537,.T.);
#1642=FACE_BOUND('',#1538,.T.);
#1643=FACE_BOUND('',#1539,.T.);
#1644=FACE_BOUND('',#1540,.T.);
#1645=FACE_BOUND('',#1541,.T.);
#1646=FACE_BOUND('',#1542,.T.);
#1647=FACE_BOUND('',#1543,.T.);
#1648=FACE_BOUND('',#1544,.T.);
#1649=FACE_BOUND('',#1545,.T.);
#1650=FACE_BOUND('',#1546,.T.);
#1651=FACE_BOUND('',#1547,.T.);
#1652=FACE_BOUND('',#1548,.T.);
#1653=FACE_BOUND('',#1549,.T.);
#1654=FACE_BOUND('',#1550,.T.);
#1655=FACE_BOUND('',#1551,.T.);
#1656=FACE_BOUND('',#1552,.T.);
#1657=FACE_BOUND('',#1553,.T.);
#1658=FACE_BOUND('',#1554,.T.);
#1659=FACE_BOUND('',#1555,.T.);
#1660=FACE_BOUND('',#1556,.T.);
#1661=FACE_BOUND('',#1557,.T.);
#1662=FACE_BOUND('',#1558,.T.);
#1663=FACE_BOUND('',#1559,.T.);
#1664=FACE_BOUND('',#1560,.T.);
#1665=FACE_BOUND('',#1561,.T.);
#1666=FACE_BOUND('',#1562,.T.);
#1667=FACE_BOUND('',#1563,.T.);
#1668=FACE_BOUND('',#1564,.T.);
#1669=FACE_BOUND('',#1565,.T.);
#1670=FACE_BOUND('',#1566,.T.);
#1671=FACE_BOUND('',#1567,.T.);
#1672=FACE_BOUND('',#1568,.T.);
#1673=FACE_BOUND('',#1569,.T.);
#1674=FACE_BOUND('',#1570,.T.);
#1675=FACE_BOUND('',#1571,.T.);
#1676=FACE_BOUND('',#1572,.T.);
#1677=FACE_BOUND('',#1573,.T.);
#1678=FACE_BOUND('',#1574,.T.);
#1679=FACE_BOUND('',#1575,.T.);
#1680=FACE_BOUND('',#1576,.T.);
#1681=FACE_BOUND('',#1577,.T.);
#1682=FACE_BOUND('',#1578,.T.);
#1683=FACE_BOUND('',#1579,.T.);
#1684=FACE_BOUND('',#1580,.T.);
#1685=FACE_BOUND('',#1581,.T.);
#1686=FACE_BOUND('',#1582,.T.);
#1687=FACE_BOUND('',#1583,.T.);
#1688=FACE_BOUND('',#1584,.T.);
#1689=FACE_BOUND('',#1585,.T.);
#1690=FACE_BOUND('',#1586,.T.);
#1691=FACE_BOUND('',#1587,.T.);
#1692=FACE_BOUND('',#1588,.T.);
#1693=FACE_BOUND('',#1589,.T.);
#1694=FACE_BOUND('',#1590,.T.);
#1695=FACE_BOUND('',#1591,.T.);
#1696=FACE_BOUND('',#1592,.T.);
#1697=FACE_BOUND('',#1593,.T.);
#1698=FACE_BOUND('',#1594,.T.);
#1699=FACE_BOUND('',#1595,.T.);
#1700=FACE_BOUND('',#1596,.T.);
#1701=FACE_BOUND('',#1597,.T.);
#1702=FACE_BOUND('',#1598,.T.);
#1703=FACE_BOUND('',#1599,.T.);
#1704=FACE_BOUND('',#1600,.T.);
#1705=FACE_BOUND('',#1601,.T.);
#1706=FACE_BOUND('',#1602,.T.);
#1707=FACE_BOUND('',#1603,.T.);
#1708=FACE_BOUND('',#1604,.T.);
#1709=FACE_BOUND('',#1605,.T.);
#1710=FACE_BOUND('',#1606,.T.);
#1711=FACE_BOUND('',#1607,.T.);
#1712=FACE_BOUND('',#1608,.T.);
#1713=FACE_BOUND('',#1609,.T.);
#1714=FACE_BOUND('',#1610,.T.);
#1715=FACE_BOUND('',#1611,.T.);
#1716=FACE_BOUND('',#1612,.T.);
#1717=FACE_BOUND('',#1613,.T.);
#1718=FACE_BOUND('',#1614,.T.);
#1719=FACE_BOUND('',#1615,.T.);
#1720=FACE_BOUND('',#1616,.T.);
#1721=FACE_BOUND('',#1617,.T.);
#1722=FACE_BOUND('',#1618,.T.);
#1723=FACE_BOUND('',#1619,.T.);
#1724=FACE_BOUND('',#1620,.T.);
#1725=FACE_BOUND('',#1621,.T.);
#1726=FACE_BOUND('',#1622,.T.);
#1727=FACE_BOUND('',#1623,.T.);
#1728=FACE_BOUND('',#1624,.T.);
#1729=FACE_BOUND('',#1625,.T.);
#1730=FACE_BOUND('',#1626,.T.);
#1731=FACE_BOUND('',#1627,.T.);
#1732=FACE_BOUND('',#1628,.T.);
#1733=FACE_BOUND('',#1629,.T.);
#1734=FACE_BOUND('',#1630,.T.);
#1735=FACE_BOUND('',#1631,.T.);
#1736=FACE_BOUND('',#1632,.T.);
#1737=FACE_BOUND('',#1633,.T.);
#1738=FACE_BOUND('',#1634,.T.);
#1739=FACE_BOUND('',#1635,.T.);
#1740=PLANE('',#1925);
#1741=PLANE('',#1929);
#1742=PLANE('',#1936);
#1743=PLANE('',#1937);
#1744=PLANE('',#1938);
#1745=PLANE('',#1939);
#1746=PLANE('',#1940);
#1747=PLANE('',#1941);
#1748=PLANE('',#1942);
#1749=PLANE('',#1943);
#1750=PLANE('',#1944);
#1751=PLANE('',#1945);
#1752=PLANE('',#1946);
#1753=PLANE('',#1947);
#1754=PLANE('',#1949);
#1755=PLANE('',#1950);
#1756=PLANE('',#1952);
#1757=PLANE('',#1953);
#1758=PLANE('',#1954);
#1759=PLANE('',#1955);
#1760=PLANE('',#1956);
#1761=PLANE('',#1957);
#1762=PLANE('',#1958);
#1763=PLANE('',#1960);
#1764=PLANE('',#1961);
#1765=PLANE('',#1962);
#1766=PLANE('',#1963);
#1767=PLANE('',#1964);
#1768=PLANE('',#1965);
#1769=PLANE('',#1966);
#1770=PLANE('',#1967);
#1771=PLANE('',#1969);
#1772=PLANE('',#1970);
#1773=PLANE('',#1971);
#1774=PLANE('',#1972);
#1775=PLANE('',#1973);
#1776=PLANE('',#1974);
#1777=PLANE('',#1975);
#1778=PLANE('',#1979);
#1779=PLANE('',#1980);
#1780=PLANE('',#1983);
#1781=PLANE('',#1984);
#1782=PLANE('',#1985);
#1783=PLANE('',#1986);
#1784=PLANE('',#1987);
#1785=PLANE('',#1988);
#1786=PLANE('',#1992);
#1787=PLANE('',#1995);
#1788=PLANE('',#1996);
#1789=PLANE('',#1998);
#1790=PLANE('',#1999);
#1791=PLANE('',#2000);
#1792=PLANE('',#2001);
#1793=PLANE('',#2002);
#1794=PLANE('',#2003);
#1795=PLANE('',#2004);
#1796=PLANE('',#2005);
#1797=PLANE('',#2006);
#1798=PLANE('',#2007);
#1799=PLANE('',#2009);
#1800=PLANE('',#2010);
#1801=PLANE('',#2011);
#1802=PLANE('',#2019);
#1803=PLANE('',#2020);
#1804=PLANE('',#2021);
#1805=PLANE('',#2022);
#1806=PLANE('',#2023);
#1807=PLANE('',#2024);
#1808=PLANE('',#2025);
#1809=PLANE('',#2026);
#1810=PLANE('',#2027);
#1811=PLANE('',#2028);
#1812=PLANE('',#2029);
#1813=PLANE('',#2030);
#1814=PLANE('',#2031);
#1815=PLANE('',#2032);
#1816=PLANE('',#2033);
#1817=PLANE('',#2034);
#1818=PLANE('',#2035);
#1819=PLANE('',#2037);
#1820=PLANE('',#2038);
#1821=PLANE('',#2039);
#1822=PLANE('',#2040);
#1823=ADVANCED_FACE('',(#1636),#1740,.T.);
#1824=ADVANCED_FACE('',(#1637,#1638),#56,.T.);
#1825=ADVANCED_FACE('',(#1639),#1741,.T.);
#1826=ADVANCED_FACE('',(#1640),#24,.F.);
#1827=ADVANCED_FACE('',(#1641),#25,.T.);
#1828=ADVANCED_FACE('',(#1642),#1742,.F.);
#1829=ADVANCED_FACE('',(#1643),#1743,.T.);
#1830=ADVANCED_FACE('',(#1644),#1744,.T.);
#1831=ADVANCED_FACE('',(#1645),#1745,.T.);
#1832=ADVANCED_FACE('',(#1646),#1746,.T.);
#1833=ADVANCED_FACE('',(#1647),#1747,.T.);
#1834=ADVANCED_FACE('',(#1648),#1748,.T.);
#1835=ADVANCED_FACE('',(#1649),#1749,.F.);
#1836=ADVANCED_FACE('',(#1650),#1750,.F.);
#1837=ADVANCED_FACE('',(#1651),#1751,.F.);
#1838=ADVANCED_FACE('',(#1652),#1752,.F.);
#1839=ADVANCED_FACE('',(#1653),#1753,.T.);
#1840=ADVANCED_FACE('',(#1654),#1754,.T.);
#1841=ADVANCED_FACE('',(#1655),#1755,.T.);
#1842=ADVANCED_FACE('',(#1656),#1756,.F.);
#1843=ADVANCED_FACE('',(#1657),#1757,.T.);
#1844=ADVANCED_FACE('',(#1658),#1758,.T.);
#1845=ADVANCED_FACE('',(#1659),#1759,.T.);
#1846=ADVANCED_FACE('',(#1660),#1760,.T.);
#1847=ADVANCED_FACE('',(#1661),#1761,.T.);
#1848=ADVANCED_FACE('',(#1662),#1762,.T.);
#1849=ADVANCED_FACE('',(#1663),#1763,.F.);
#1850=ADVANCED_FACE('',(#1664),#1764,.T.);
#1851=ADVANCED_FACE('',(#1665),#1765,.T.);
#1852=ADVANCED_FACE('',(#1666),#1766,.T.);
#1853=ADVANCED_FACE('',(#1667),#1767,.T.);
#1854=ADVANCED_FACE('',(#1668),#1768,.T.);
#1855=ADVANCED_FACE('',(#1669),#1769,.F.);
#1856=ADVANCED_FACE('',(#1670),#1770,.F.);
#1857=ADVANCED_FACE('',(#1671),#1771,.T.);
#1858=ADVANCED_FACE('',(#1672),#1772,.T.);
#1859=ADVANCED_FACE('',(#1673),#1773,.F.);
#1860=ADVANCED_FACE('',(#1674),#1774,.T.);
#1861=ADVANCED_FACE('',(#1675),#1775,.T.);
#1862=ADVANCED_FACE('',(#1676),#1776,.T.);
#1863=ADVANCED_FACE('',(#1677),#1777,.F.);
#1864=ADVANCED_FACE('',(#1678,#1679),#26,.T.);
#1865=ADVANCED_FACE('',(#1680),#1778,.F.);
#1866=ADVANCED_FACE('',(#1681),#1779,.T.);
#1867=ADVANCED_FACE('',(#1682),#1780,.T.);
#1868=ADVANCED_FACE('',(#1683),#1781,.T.);
#1869=ADVANCED_FACE('',(#1684),#1782,.T.);
#1870=ADVANCED_FACE('',(#1685),#1783,.T.);
#1871=ADVANCED_FACE('',(#1686),#1784,.F.);
#1872=ADVANCED_FACE('',(#1687),#1785,.T.);
#1873=ADVANCED_FACE('',(#1688),#27,.T.);
#1874=ADVANCED_FACE('',(#1689),#1786,.F.);
#1875=ADVANCED_FACE('',(#1690),#28,.F.);
#1876=ADVANCED_FACE('',(#1691),#1787,.T.);
#1877=ADVANCED_FACE('',(#1692),#1788,.T.);
#1878=ADVANCED_FACE('',(#1693),#1789,.T.);
#1879=ADVANCED_FACE('',(#1694),#1790,.F.);
#1880=ADVANCED_FACE('',(#1695),#1791,.F.);
#1881=ADVANCED_FACE('',(#1696),#1792,.T.);
#1882=ADVANCED_FACE('',(#1697),#1793,.T.);
#1883=ADVANCED_FACE('',(#1698),#1794,.F.);
#1884=ADVANCED_FACE('',(#1699),#1795,.T.);
#1885=ADVANCED_FACE('',(#1700),#1796,.T.);
#1886=ADVANCED_FACE('',(#1701),#1797,.T.);
#1887=ADVANCED_FACE('',(#1702),#1798,.F.);
#1888=ADVANCED_FACE('',(#1703),#29,.T.);
#1889=ADVANCED_FACE('',(#1704),#1799,.F.);
#1890=ADVANCED_FACE('',(#1705),#1800,.T.);
#1891=ADVANCED_FACE('',(#1706),#1801,.T.);
#1892=ADVANCED_FACE('',(#1707,#1708),#30,.T.);
#1893=ADVANCED_FACE('',(#1709),#31,.F.);
#1894=ADVANCED_FACE('',(#1710),#32,.T.);
#1895=ADVANCED_FACE('',(#1711,#1712),#57,.T.);
#1896=ADVANCED_FACE('',(#1713),#1802,.F.);
#1897=ADVANCED_FACE('',(#1714),#1803,.F.);
#1898=ADVANCED_FACE('',(#1715),#1804,.F.);
#1899=ADVANCED_FACE('',(#1716),#1805,.T.);
#1900=ADVANCED_FACE('',(#1717),#1806,.T.);
#1901=ADVANCED_FACE('',(#1718,#1719,#1720),#1807,.T.);
#1902=ADVANCED_FACE('',(#1721),#1808,.T.);
#1903=ADVANCED_FACE('',(#1722),#1809,.F.);
#1904=ADVANCED_FACE('',(#1723),#1810,.T.);
#1905=ADVANCED_FACE('',(#1724),#1811,.T.);
#1906=ADVANCED_FACE('',(#1725),#1812,.T.);
#1907=ADVANCED_FACE('',(#1726),#1813,.T.);
#1908=ADVANCED_FACE('',(#1727),#1814,.F.);
#1909=ADVANCED_FACE('',(#1728),#1815,.F.);
#1910=ADVANCED_FACE('',(#1729),#1816,.F.);
#1911=ADVANCED_FACE('',(#1730),#1817,.T.);
#1912=ADVANCED_FACE('',(#1731),#1818,.F.);
#1913=ADVANCED_FACE('',(#1732),#1819,.F.);
#1914=ADVANCED_FACE('',(#1733,#1734,#1735,#1736),#1820,.F.);
#1915=ADVANCED_FACE('',(#1737),#1821,.T.);
#1916=ADVANCED_FACE('',(#1738),#1822,.F.);
#1917=ADVANCED_FACE('',(#1739),#33,.T.);
#1918=CLOSED_SHELL('',(#1823,#1824,#1825,#1826,#1827,#1828,#1829,#1830,
#1831,#1832,#1833,#1834,#1835,#1836,#1837,#1838,#1839,#1840,#1841,#1842,
#1843,#1844,#1845,#1846,#1847,#1848,#1849,#1850,#1851,#1852,#1853,#1854,
#1855,#1856,#1857,#1858,#1859,#1860,#1861,#1862,#1863,#1864,#1865,#1866,
#1867,#1868,#1869,#1870,#1871,#1872,#1873,#1874,#1875,#1876,#1877,#1878,
#1879,#1880,#1881,#1882,#1883,#1884,#1885,#1886,#1887,#1888,#1889,#1890,
#1891,#1892,#1893,#1894,#1895,#1896,#1897,#1898,#1899,#1900,#1901,#1902,
#1903,#1904,#1905,#1906,#1907,#1908,#1909,#1910,#1911,#1912,#1913,#1914,
#1915,#1916,#1917));
#1919=MANIFOLD_SOLID_BREP('1',#1918);
#1920=SHAPE_DEFINITION_REPRESENTATION(#3080,#1922);
#1921=SHAPE_DEFINITION_REPRESENTATION(#3081,#1923);
#1922=SHAPE_REPRESENTATION('AYZ0102AURLC',(#1924,#2042),#3070);
#1923=SHAPE_REPRESENTATION('AYZ0102AURLC_PART1',(#1924),#3071);
#1924=AXIS2_PLACEMENT_3D('',#2527,#2043,#2044);
#1925=AXIS2_PLACEMENT_3D('',#2528,#2045,#2046);
#1926=AXIS2_PLACEMENT_3D('',#2583,#2074,#2075);
#1927=AXIS2_PLACEMENT_3D('',#2584,#2076,#2077);
#1928=AXIS2_PLACEMENT_3D('',#2586,#2078,#2079);
#1929=AXIS2_PLACEMENT_3D('',#2588,#2080,#2081);
#1930=AXIS2_PLACEMENT_3D('',#2597,#2086,#2087);
#1931=AXIS2_PLACEMENT_3D('',#2601,#2089,#2090);
#1932=AXIS2_PLACEMENT_3D('',#2605,#2092,#2093);
#1933=AXIS2_PLACEMENT_3D('',#2606,#2094,#2095);
#1934=AXIS2_PLACEMENT_3D('',#2610,#2097,#2098);
#1935=AXIS2_PLACEMENT_3D('',#2614,#2100,#2101);
#1936=AXIS2_PLACEMENT_3D('',#2615,#2102,#2103);
#1937=AXIS2_PLACEMENT_3D('',#2624,#2108,#2109);
#1938=AXIS2_PLACEMENT_3D('',#2633,#2114,#2115);
#1939=AXIS2_PLACEMENT_3D('',#2646,#2122,#2123);
#1940=AXIS2_PLACEMENT_3D('',#2652,#2127,#2128);
#1941=AXIS2_PLACEMENT_3D('',#2660,#2134,#2135);
#1942=AXIS2_PLACEMENT_3D('',#2666,#2139,#2140);
#1943=AXIS2_PLACEMENT_3D('',#2675,#2146,#2147);
#1944=AXIS2_PLACEMENT_3D('',#2684,#2152,#2153);
#1945=AXIS2_PLACEMENT_3D('',#2690,#2157,#2158);
#1946=AXIS2_PLACEMENT_3D('',#2703,#2166,#2167);
#1947=AXIS2_PLACEMENT_3D('',#2713,#2173,#2174);
#1948=AXIS2_PLACEMENT_3D('',#2714,#2175,#2176);
#1949=AXIS2_PLACEMENT_3D('',#2716,#2177,#2178);
#1950=AXIS2_PLACEMENT_3D('',#2722,#2182,#2183);
#1951=AXIS2_PLACEMENT_3D('',#2728,#2186,#2187);
#1952=AXIS2_PLACEMENT_3D('',#2741,#2194,#2195);
#1953=AXIS2_PLACEMENT_3D('',#2747,#2199,#2200);
#1954=AXIS2_PLACEMENT_3D('',#2753,#2204,#2205);
#1955=AXIS2_PLACEMENT_3D('',#2775,#2218,#2219);
#1956=AXIS2_PLACEMENT_3D('',#2779,#2222,#2223);
#1957=AXIS2_PLACEMENT_3D('',#2788,#2228,#2229);
#1958=AXIS2_PLACEMENT_3D('',#2792,#2232,#2233);
#1959=AXIS2_PLACEMENT_3D('',#2799,#2237,#2238);
#1960=AXIS2_PLACEMENT_3D('',#2802,#2241,#2242);
#1961=AXIS2_PLACEMENT_3D('',#2807,#2246,#2247);
#1962=AXIS2_PLACEMENT_3D('',#2816,#2252,#2253);
#1963=AXIS2_PLACEMENT_3D('',#2825,#2258,#2259);
#1964=AXIS2_PLACEMENT_3D('',#2831,#2263,#2264);
#1965=AXIS2_PLACEMENT_3D('',#2835,#2267,#2268);
#1966=AXIS2_PLACEMENT_3D('',#2841,#2272,#2273);
#1967=AXIS2_PLACEMENT_3D('',#2845,#2276,#2277);
#1968=AXIS2_PLACEMENT_3D('',#2847,#2279,#2280);
#1969=AXIS2_PLACEMENT_3D('',#2852,#2283,#2284);
#1970=AXIS2_PLACEMENT_3D('',#2859,#2290,#2291);
#1971=AXIS2_PLACEMENT_3D('',#2868,#2296,#2297);
#1972=AXIS2_PLACEMENT_3D('',#2875,#2302,#2303);
#1973=AXIS2_PLACEMENT_3D('',#2879,#2306,#2307);
#1974=AXIS2_PLACEMENT_3D('',#2888,#2312,#2313);
#1975=AXIS2_PLACEMENT_3D('',#2894,#2317,#2318);
#1976=AXIS2_PLACEMENT_3D('',#2896,#2320,#2321);
#1977=AXIS2_PLACEMENT_3D('',#2904,#2326,#2327);
#1978=AXIS2_PLACEMENT_3D('',#2905,#2328,#2329);
#1979=AXIS2_PLACEMENT_3D('',#2907,#2330,#2331);
#1980=AXIS2_PLACEMENT_3D('',#2918,#2339,#2340);
#1981=AXIS2_PLACEMENT_3D('',#2922,#2342,#2343);
#1982=AXIS2_PLACEMENT_3D('',#2925,#2345,#2346);
#1983=AXIS2_PLACEMENT_3D('',#2930,#2349,#2350);
#1984=AXIS2_PLACEMENT_3D('',#2944,#2358,#2359);
#1985=AXIS2_PLACEMENT_3D('',#2947,#2362,#2363);
#1986=AXIS2_PLACEMENT_3D('',#2954,#2368,#2369);
#1987=AXIS2_PLACEMENT_3D('',#2955,#2370,#2371);
#1988=AXIS2_PLACEMENT_3D('',#2956,#2372,#2373);
#1989=AXIS2_PLACEMENT_3D('',#2962,#2377,#2378);
#1990=AXIS2_PLACEMENT_3D('',#2963,#2379,#2380);
#1991=AXIS2_PLACEMENT_3D('',#2964,#2381,#2382);
#1992=AXIS2_PLACEMENT_3D('',#2965,#2383,#2384);
#1993=AXIS2_PLACEMENT_3D('',#2972,#2389,#2390);
#1994=AXIS2_PLACEMENT_3D('',#2973,#2391,#2392);
#1995=AXIS2_PLACEMENT_3D('',#2974,#2393,#2394);
#1996=AXIS2_PLACEMENT_3D('',#2978,#2397,#2398);
#1997=AXIS2_PLACEMENT_3D('',#2980,#2400,#2401);
#1998=AXIS2_PLACEMENT_3D('',#2982,#2403,#2404);
#1999=AXIS2_PLACEMENT_3D('',#2984,#2406,#2407);
#2000=AXIS2_PLACEMENT_3D('',#2987,#2410,#2411);
#2001=AXIS2_PLACEMENT_3D('',#2988,#2412,#2413);
#2002=AXIS2_PLACEMENT_3D('',#2990,#2415,#2416);
#2003=AXIS2_PLACEMENT_3D('',#2994,#2420,#2421);
#2004=AXIS2_PLACEMENT_3D('',#2997,#2424,#2425);
#2005=AXIS2_PLACEMENT_3D('',#2999,#2427,#2428);
#2006=AXIS2_PLACEMENT_3D('',#3005,#2432,#2433);
#2007=AXIS2_PLACEMENT_3D('',#3006,#2434,#2435);
#2008=AXIS2_PLACEMENT_3D('',#3010,#2438,#2439);
#2009=AXIS2_PLACEMENT_3D('',#3011,#2440,#2441);
#2010=AXIS2_PLACEMENT_3D('',#3013,#2443,#2444);
#2011=AXIS2_PLACEMENT_3D('',#3015,#2446,#2447);
#2012=AXIS2_PLACEMENT_3D('',#3017,#2449,#2450);
#2013=AXIS2_PLACEMENT_3D('',#3018,#2451,#2452);
#2014=AXIS2_PLACEMENT_3D('',#3020,#2453,#2454);
#2015=AXIS2_PLACEMENT_3D('',#3022,#2455,#2456);
#2016=AXIS2_PLACEMENT_3D('',#3023,#2457,#2458);
#2017=AXIS2_PLACEMENT_3D('',#3024,#2459,#2460);
#2018=AXIS2_PLACEMENT_3D('',#3025,#2461,#2462);
#2019=AXIS2_PLACEMENT_3D('',#3026,#2463,#2464);
#2020=AXIS2_PLACEMENT_3D('',#3027,#2465,#2466);
#2021=AXIS2_PLACEMENT_3D('',#3028,#2467,#2468);
#2022=AXIS2_PLACEMENT_3D('',#3029,#2469,#2470);
#2023=AXIS2_PLACEMENT_3D('',#3031,#2472,#2473);
#2024=AXIS2_PLACEMENT_3D('',#3032,#2474,#2475);
#2025=AXIS2_PLACEMENT_3D('',#3036,#2478,#2479);
#2026=AXIS2_PLACEMENT_3D('',#3038,#2481,#2482);
#2027=AXIS2_PLACEMENT_3D('',#3039,#2483,#2484);
#2028=AXIS2_PLACEMENT_3D('',#3041,#2486,#2487);
#2029=AXIS2_PLACEMENT_3D('',#3043,#2489,#2490);
#2030=AXIS2_PLACEMENT_3D('',#3045,#2492,#2493);
#2031=AXIS2_PLACEMENT_3D('',#3046,#2494,#2495);
#2032=AXIS2_PLACEMENT_3D('',#3047,#2496,#2497);
#2033=AXIS2_PLACEMENT_3D('',#3049,#2499,#2500);
#2034=AXIS2_PLACEMENT_3D('',#3050,#2501,#2502);
#2035=AXIS2_PLACEMENT_3D('',#3056,#2506,#2507);
#2036=AXIS2_PLACEMENT_3D('',#3059,#2509,#2510);
#2037=AXIS2_PLACEMENT_3D('',#3061,#2512,#2513);
#2038=AXIS2_PLACEMENT_3D('',#3063,#2515,#2516);
#2039=AXIS2_PLACEMENT_3D('',#3065,#2518,#2519);
#2040=AXIS2_PLACEMENT_3D('',#3067,#2521,#2522);
#2041=AXIS2_PLACEMENT_3D('',#3068,#2523,#2524);
#2042=AXIS2_PLACEMENT_3D('',#3069,#2525,#2526);
#2043=DIRECTION('',(0.,0.,1.));
#2044=DIRECTION('',(1.,0.,0.));
#2045=DIRECTION('',(0.,0.,1.));
#2046=DIRECTION('',(1.,0.,0.));
#2047=DIRECTION('',(-1.,0.,0.));
#2048=DIRECTION('',(0.,1.,0.));
#2049=DIRECTION('',(1.,0.,0.));
#2050=DIRECTION('',(0.,1.,0.));
#2051=DIRECTION('',(1.,0.,0.));
#2052=DIRECTION('',(0.,-1.,0.));
#2053=DIRECTION('',(1.,0.,0.));
#2054=DIRECTION('',(0.,-1.,0.));
#2055=DIRECTION('',(-1.,0.,0.));
#2056=DIRECTION('',(-1.,0.,0.));
#2057=DIRECTION('',(0.,-1.,0.));
#2058=DIRECTION('',(-1.,0.,0.));
#2059=DIRECTION('',(0.,-1.,0.));
#2060=DIRECTION('',(1.,0.,0.));
#2061=DIRECTION('',(0.563336824641525,0.826227342807537,0.));
#2062=DIRECTION('',(0.,-1.,0.));
#2063=DIRECTION('',(1.,0.,0.));
#2064=DIRECTION('',(0.,-1.,0.));
#2065=DIRECTION('',(1.,0.,0.));
#2066=DIRECTION('',(0.,1.,0.));
#2067=DIRECTION('',(1.,0.,0.));
#2068=DIRECTION('',(0.,1.,0.));
#2069=DIRECTION('',(0.563336824641525,-0.826227342807537,0.));
#2070=DIRECTION('',(1.,0.,0.));
#2071=DIRECTION('',(0.,-1.,0.));
#2072=DIRECTION('',(-1.,0.,0.));
#2073=DIRECTION('',(0.,-1.,0.));
#2074=DIRECTION('',(0.,1.,0.));
#2075=DIRECTION('',(0.,0.,-1.));
#2076=DIRECTION('',(0.,-1.,0.));
#2077=DIRECTION('',(1.,0.,0.));
#2078=DIRECTION('',(0.,-1.,0.));
#2079=DIRECTION('',(1.,0.,0.));
#2080=DIRECTION('',(0.,0.,1.));
#2081=DIRECTION('',(1.,0.,0.));
#2082=DIRECTION('',(0.,-1.,0.));
#2083=DIRECTION('',(1.,0.,0.));
#2084=DIRECTION('',(0.,1.,0.));
#2085=DIRECTION('',(1.,0.,0.));
#2086=DIRECTION('',(-1.,0.,0.));
#2087=DIRECTION('',(0.,0.,-1.));
#2088=DIRECTION('',(-1.,0.,0.));
#2089=DIRECTION('',(1.,0.,0.));
#2090=DIRECTION('',(0.,0.,-1.));
#2091=DIRECTION('',(-1.,0.,0.));
#2092=DIRECTION('',(1.,0.,0.));
#2093=DIRECTION('',(0.,0.,-1.));
#2094=DIRECTION('',(-1.,0.,0.));
#2095=DIRECTION('',(0.,0.,-1.));
#2096=DIRECTION('',(1.,0.,0.));
#2097=DIRECTION('',(1.,0.,0.));
#2098=DIRECTION('',(0.,0.,-1.));
#2099=DIRECTION('',(1.,0.,0.));
#2100=DIRECTION('',(1.,0.,0.));
#2101=DIRECTION('',(0.,0.,-1.));
#2102=DIRECTION('',(0.,1.,0.));
#2103=DIRECTION('',(1.,0.,0.));
#2104=DIRECTION('',(0.,0.,1.));
#2105=DIRECTION('',(-1.,0.,0.));
#2106=DIRECTION('',(0.,0.,-1.));
#2107=DIRECTION('',(1.,0.,0.));
#2108=DIRECTION('',(0.,0.,-1.));
#2109=DIRECTION('',(0.,-1.,0.));
#2110=DIRECTION('',(1.,0.,0.));
#2111=DIRECTION('',(0.,1.,0.));
#2112=DIRECTION('',(1.,0.,0.));
#2113=DIRECTION('',(0.,1.,0.));
#2114=DIRECTION('',(0.,-1.,0.));
#2115=DIRECTION('',(0.,0.,-1.));
#2116=DIRECTION('',(1.,0.,0.));
#2117=DIRECTION('',(0.,0.,1.));
#2118=DIRECTION('',(-1.,0.,0.));
#2119=DIRECTION('',(0.,0.,-1.));
#2120=DIRECTION('',(1.,0.,0.));
#2121=DIRECTION('',(0.,0.,-1.));
#2122=DIRECTION('',(-1.,0.,0.));
#2123=DIRECTION('',(0.,0.,1.));
#2124=DIRECTION('',(0.,0.,-1.));
#2125=DIRECTION('',(0.,1.,0.));
#2126=DIRECTION('',(0.,0.,-1.));
#2127=DIRECTION('',(-1.,0.,0.));
#2128=DIRECTION('',(0.,0.,1.));
#2129=DIRECTION('',(0.,1.,0.));
#2130=DIRECTION('',(0.,1.,0.));
#2131=DIRECTION('',(0.,0.,1.));
#2132=DIRECTION('',(0.,0.,-1.));
#2133=DIRECTION('',(0.,0.,1.));
#2134=DIRECTION('',(0.,-0.89345805083182,0.44914664799351));
#2135=DIRECTION('',(-1.,0.,0.));
#2136=DIRECTION('',(0.,-0.44914664799351,-0.89345805083182));
#2137=DIRECTION('',(0.,-0.44914664799351,-0.89345805083182));
#2138=DIRECTION('',(1.,0.,0.));
#2139=DIRECTION('',(1.,0.,0.));
#2140=DIRECTION('',(0.,1.,0.));
#2141=DIRECTION('',(0.,0.,-1.));
#2142=DIRECTION('',(0.,1.,0.));
#2143=DIRECTION('',(0.,0.,1.));
#2144=DIRECTION('',(0.,0.44914664799351,0.89345805083182));
#2145=DIRECTION('',(0.,1.,0.));
#2146=DIRECTION('',(0.,0.,-1.));
#2147=DIRECTION('',(0.,-1.,0.));
#2148=DIRECTION('',(-1.,0.,0.));
#2149=DIRECTION('',(0.,-1.,0.));
#2150=DIRECTION('',(-0.563336824641525,0.826227342807537,0.));
#2151=DIRECTION('',(0.,-1.,0.));
#2152=DIRECTION('',(0.,0.,1.));
#2153=DIRECTION('',(1.,0.,0.));
#2154=DIRECTION('',(-1.,0.,0.));
#2155=DIRECTION('',(0.,1.,0.));
#2156=DIRECTION('',(0.,1.,0.));
#2157=DIRECTION('',(-1.,0.,0.));
#2158=DIRECTION('',(0.,0.,1.));
#2159=DIRECTION('',(0.,0.,-1.));
#2160=DIRECTION('',(0.,1.,0.));
#2161=DIRECTION('',(0.,0.,-1.));
#2162=DIRECTION('',(0.,1.,0.));
#2163=DIRECTION('',(0.,1.,0.));
#2164=DIRECTION('',(0.,0.,-1.));
#2165=DIRECTION('',(0.,1.,0.));
#2166=DIRECTION('',(0.,1.,0.));
#2167=DIRECTION('',(1.,0.,0.));
#2168=DIRECTION('',(0.,0.,1.));
#2169=DIRECTION('',(-1.,0.,0.));
#2170=DIRECTION('',(0.,0.,-1.));
#2171=DIRECTION('',(-0.691905363235619,0.,-0.72198820511542));
#2172=DIRECTION('',(-1.,0.,0.));
#2173=DIRECTION('',(0.,-1.,0.));
#2174=DIRECTION('',(0.,0.,-1.));
#2175=DIRECTION('',(0.,-1.,0.));
#2176=DIRECTION('',(1.,0.,0.));
#2177=DIRECTION('',(-1.,0.,0.));
#2178=DIRECTION('',(0.,0.,1.));
#2179=DIRECTION('',(0.,0.,-1.));
#2180=DIRECTION('',(0.,-1.,0.));
#2181=DIRECTION('',(0.,0.,-1.));
#2182=DIRECTION('',(0.,0.,-1.));
#2183=DIRECTION('',(0.,-1.,0.));
#2184=DIRECTION('',(0.563336824641525,0.826227342807537,0.));
#2185=DIRECTION('',(0.,1.,0.));
#2186=DIRECTION('',(0.,0.,-1.));
#2187=DIRECTION('',(-1.,0.,0.));
#2188=DIRECTION('',(-1.,0.,0.));
#2189=DIRECTION('',(0.,1.,0.));
#2190=DIRECTION('',(1.,0.,0.));
#2191=DIRECTION('',(0.563336824641525,0.826227342807537,0.));
#2192=DIRECTION('',(-1.,0.,0.));
#2193=DIRECTION('',(0.,-1.,0.));
#2194=DIRECTION('',(0.,1.,0.));
#2195=DIRECTION('',(1.,0.,0.));
#2196=DIRECTION('',(0.,0.,1.));
#2197=DIRECTION('',(0.,0.,1.));
#2198=DIRECTION('',(-1.,0.,0.));
#2199=DIRECTION('',(0.,-1.,0.));
#2200=DIRECTION('',(0.,0.,-1.));
#2201=DIRECTION('',(0.,0.,1.));
#2202=DIRECTION('',(1.,0.,0.));
#2203=DIRECTION('',(0.,0.,1.));
#2204=DIRECTION('',(0.,1.,0.));
#2205=DIRECTION('',(1.,0.,0.));
#2206=DIRECTION('',(0.,0.,-1.));
#2207=DIRECTION('',(-1.,0.,0.));
#2208=DIRECTION('',(0.,0.,-1.));
#2209=DIRECTION('',(-1.,0.,0.));
#2210=DIRECTION('',(0.,0.,1.));
#2211=DIRECTION('',(-1.,0.,0.));
#2212=DIRECTION('',(0.,0.,1.));
#2213=DIRECTION('',(0.,0.,1.));
#2214=DIRECTION('',(-1.,0.,0.));
#2215=DIRECTION('',(-0.691905363235619,0.,0.72198820511542));
#2216=DIRECTION('',(-1.,0.,0.));
#2217=DIRECTION('',(-0.691905363235619,0.,-0.72198820511542));
#2218=DIRECTION('',(0.,-1.,0.));
#2219=DIRECTION('',(0.,0.,-1.));
#2220=DIRECTION('',(1.,0.,0.));
#2221=DIRECTION('',(0.,0.,-1.));
#2222=DIRECTION('',(-1.,0.,0.));
#2223=DIRECTION('',(0.,0.,1.));
#2224=DIRECTION('',(0.,0.,1.));
#2225=DIRECTION('',(0.,1.,0.));
#2226=DIRECTION('',(0.,0.,1.));
#2227=DIRECTION('',(0.,1.,0.));
#2228=DIRECTION('',(0.,1.,0.));
#2229=DIRECTION('',(1.,0.,0.));
#2230=DIRECTION('',(1.,0.,0.));
#2231=DIRECTION('',(0.,0.,1.));
#2232=DIRECTION('',(0.,0.,-1.));
#2233=DIRECTION('',(0.,-1.,0.));
#2234=DIRECTION('',(0.563336824641525,-0.826227342807537,0.));
#2235=DIRECTION('',(1.,0.,0.));
#2236=DIRECTION('',(0.,-1.,0.));
#2237=DIRECTION('',(0.,0.,-1.));
#2238=DIRECTION('',(-1.,0.,0.));
#2239=DIRECTION('',(0.563336824641525,-0.826227342807537,0.));
#2240=DIRECTION('',(-1.,0.,0.));
#2241=DIRECTION('',(0.,0.,-1.));
#2242=DIRECTION('',(0.,-1.,0.));
#2243=DIRECTION('',(0.,-1.,0.));
#2244=DIRECTION('',(-1.,0.,0.));
#2245=DIRECTION('',(0.,-1.,0.));
#2246=DIRECTION('',(0.,1.,0.));
#2247=DIRECTION('',(1.,0.,0.));
#2248=DIRECTION('',(-1.,0.,0.));
#2249=DIRECTION('',(0.,0.,1.));
#2250=DIRECTION('',(1.,0.,0.));
#2251=DIRECTION('',(0.,0.,1.));
#2252=DIRECTION('',(0.,0.89345805083182,-0.44914664799351));
#2253=DIRECTION('',(-1.,0.,0.));
#2254=DIRECTION('',(0.,0.44914664799351,0.89345805083182));
#2255=DIRECTION('',(-1.,0.,0.));
#2256=DIRECTION('',(0.,0.44914664799351,0.89345805083182));
#2257=DIRECTION('',(1.,0.,0.));
#2258=DIRECTION('',(0.,0.,1.));
#2259=DIRECTION('',(1.,0.,0.));
#2260=DIRECTION('',(0.,1.,0.));
#2261=DIRECTION('',(-1.,0.,0.));
#2262=DIRECTION('',(0.,-1.,0.));
#2263=DIRECTION('',(0.,1.,0.));
#2264=DIRECTION('',(1.,0.,0.));
#2265=DIRECTION('',(1.,0.,0.));
#2266=DIRECTION('',(0.,0.,-1.));
#2267=DIRECTION('',(0.,1.,0.));
#2268=DIRECTION('',(1.,0.,0.));
#2269=DIRECTION('',(0.,0.,1.));
#2270=DIRECTION('',(1.,0.,0.));
#2271=DIRECTION('',(0.,0.,1.));
#2272=DIRECTION('',(-1.,0.,0.));
#2273=DIRECTION('',(0.,0.,1.));
#2274=DIRECTION('',(0.,0.,1.));
#2275=DIRECTION('',(0.,-1.,0.));
#2276=DIRECTION('',(0.,0.,-1.));
#2277=DIRECTION('',(0.,-1.,0.));
#2278=DIRECTION('',(0.563336824641525,0.826227342807537,0.));
#2279=DIRECTION('',(0.,0.,1.));
#2280=DIRECTION('',(-1.,0.,0.));
#2281=DIRECTION('',(0.,1.,0.));
#2282=DIRECTION('',(0.563336824641525,0.826227342807537,0.));
#2283=DIRECTION('',(-1.,0.,0.));
#2284=DIRECTION('',(0.,0.,1.));
#2285=DIRECTION('',(0.,0.,1.));
#2286=DIRECTION('',(0.,1.,0.));
#2287=DIRECTION('',(0.,0.,1.));
#2288=DIRECTION('',(0.,-1.,0.));
#2289=DIRECTION('',(0.,1.,0.));
#2290=DIRECTION('',(0.,-0.89345805083182,0.44914664799351));
#2291=DIRECTION('',(-1.,0.,0.));
#2292=DIRECTION('',(0.,-0.44914664799351,-0.89345805083182));
#2293=DIRECTION('',(1.,0.,0.));
#2294=DIRECTION('',(0.,-0.44914664799351,-0.89345805083182));
#2295=DIRECTION('',(1.,0.,0.));
#2296=DIRECTION('',(0.826227342807537,-0.563336824641525,0.));
#2297=DIRECTION('',(0.,0.,-1.));
#2298=DIRECTION('',(0.563336824641525,0.826227342807537,0.));
#2299=DIRECTION('',(0.563336824641525,0.826227342807537,0.));
#2300=DIRECTION('',(0.,0.,1.));
#2301=DIRECTION('',(0.563336824641479,0.826227342807569,0.));
#2302=DIRECTION('',(0.,0.89345805083182,-0.44914664799351));
#2303=DIRECTION('',(-1.,0.,0.));
#2304=DIRECTION('',(0.,0.44914664799351,0.89345805083182));
#2305=DIRECTION('',(1.,0.,0.));
#2306=DIRECTION('',(0.,-1.,0.));
#2307=DIRECTION('',(0.,0.,-1.));
#2308=DIRECTION('',(1.,0.,0.));
#2309=DIRECTION('',(0.,0.,-1.));
#2310=DIRECTION('',(1.,0.,0.));
#2311=DIRECTION('',(0.,0.,-1.));
#2312=DIRECTION('',(0.,1.,0.));
#2313=DIRECTION('',(1.,0.,0.));
#2314=DIRECTION('',(-1.,0.,0.));
#2315=DIRECTION('',(0.,0.,1.));
#2316=DIRECTION('',(0.,0.,1.));
#2317=DIRECTION('',(0.,0.,-1.));
#2318=DIRECTION('',(0.,-1.,0.));
#2319=DIRECTION('',(0.563336824641525,-0.826227342807537,0.));
#2320=DIRECTION('',(0.,0.,1.));
#2321=DIRECTION('',(-1.,0.,0.));
#2322=DIRECTION('',(0.,-1.,0.));
#2323=DIRECTION('',(1.,0.,0.));
#2324=DIRECTION('',(0.563336824641525,-0.826227342807537,0.));
#2325=DIRECTION('',(-1.,0.,0.));
#2326=DIRECTION('',(0.,1.,0.));
#2327=DIRECTION('',(1.,0.,0.));
#2328=DIRECTION('',(0.,-1.,0.));
#2329=DIRECTION('',(0.,0.,-1.));
#2330=DIRECTION('',(-0.826227342807537,-0.563336824641525,0.));
#2331=DIRECTION('',(-0.563336824641525,0.826227342807537,0.));
#2332=DIRECTION('',(0.,0.,-1.));
#2333=DIRECTION('',(0.,0.,-1.));
#2334=DIRECTION('',(-0.563336824641479,0.826227342807569,0.));
#2335=DIRECTION('',(0.,0.,1.));
#2336=DIRECTION('',(0.563336824641525,-0.826227342807537,0.));
#2337=DIRECTION('',(0.,0.,1.));
#2338=DIRECTION('',(0.,0.,1.));
#2339=DIRECTION('',(1.,0.,0.));
#2340=DIRECTION('',(0.,1.,0.));
#2341=DIRECTION('',(0.,-0.44914664799351,-0.89345805083182));
#2342=DIRECTION('',(1.,0.,0.));
#2343=DIRECTION('',(0.,-0.89345805083182,0.44914664799351));
#2344=DIRECTION('',(0.,0.,-1.));
#2345=DIRECTION('',(1.,0.,0.));
#2346=DIRECTION('',(0.,0.,-1.));
#2347=DIRECTION('',(0.,0.44914664799351,0.89345805083182));
#2348=DIRECTION('',(0.,1.,0.));
#2349=DIRECTION('',(0.,0.,1.));
#2350=DIRECTION('',(1.,0.,0.));
#2351=DIRECTION('',(-1.,0.,0.));
#2352=DIRECTION('',(0.,-1.,0.));
#2353=DIRECTION('',(-1.,0.,0.));
#2354=DIRECTION('',(0.,-1.,0.));
#2355=DIRECTION('',(1.,0.,0.));
#2356=DIRECTION('',(0.,1.,0.));
#2357=DIRECTION('',(0.,-1.,0.));
#2358=DIRECTION('',(-1.,0.,0.));
#2359=DIRECTION('',(0.,0.,1.));
#2360=DIRECTION('',(0.,-1.,0.));
#2361=DIRECTION('',(0.,-1.,0.));
#2362=DIRECTION('',(0.,-1.,0.));
#2363=DIRECTION('',(0.,0.,-1.));
#2364=DIRECTION('',(-1.,0.,0.));
#2365=DIRECTION('',(0.,0.,-1.));
#2366=DIRECTION('',(0.,0.,-1.));
#2367=DIRECTION('',(-1.,0.,0.));
#2368=DIRECTION('',(0.,0.,-1.));
#2369=DIRECTION('',(0.,-1.,0.));
#2370=DIRECTION('',(0.,0.,-1.));
#2371=DIRECTION('',(0.,-1.,0.));
#2372=DIRECTION('',(0.,0.89345805083182,-0.44914664799351));
#2373=DIRECTION('',(-1.,0.,0.));
#2374=DIRECTION('',(-1.,0.,0.));
#2375=DIRECTION('',(0.,0.44914664799351,0.89345805083182));
#2376=DIRECTION('',(1.,0.,0.));
#2377=DIRECTION('',(-1.,0.,0.));
#2378=DIRECTION('',(0.,0.,-1.));
#2379=DIRECTION('',(1.,0.,0.));
#2380=DIRECTION('',(0.,0.,-1.));
#2381=DIRECTION('',(1.,0.,0.));
#2382=DIRECTION('',(0.,0.,-1.));
#2383=DIRECTION('',(0.,0.,1.));
#2384=DIRECTION('',(1.,0.,0.));
#2385=DIRECTION('',(0.,1.,-1.762479051592E-14));
#2386=DIRECTION('',(1.,0.,0.));
#2387=DIRECTION('',(-1.762479051592E-14,-1.,1.762479051592E-14));
#2388=DIRECTION('',(1.,0.,0.));
#2389=DIRECTION('',(-1.,0.,0.));
#2390=DIRECTION('',(0.,0.,-1.));
#2391=DIRECTION('',(1.,0.,0.));
#2392=DIRECTION('',(0.,0.,-1.));
#2393=DIRECTION('',(0.,-1.,0.));
#2394=DIRECTION('',(0.,0.,-1.));
#2395=DIRECTION('',(1.,0.,0.));
#2396=DIRECTION('',(0.,0.,-1.));
#2397=DIRECTION('',(1.,0.,0.));
#2398=DIRECTION('',(0.,1.,0.));
#2399=DIRECTION('',(0.,1.,0.));
#2400=DIRECTION('',(1.,0.,0.));
#2401=DIRECTION('',(0.,0.,-1.));
#2402=DIRECTION('',(0.,1.,0.));
#2403=DIRECTION('',(0.,1.,0.));
#2404=DIRECTION('',(1.,0.,0.));
#2405=DIRECTION('',(0.,0.,-1.));
#2406=DIRECTION('',(0.,1.,0.));
#2407=DIRECTION('',(1.,0.,0.));
#2408=DIRECTION('',(0.,0.,-1.));
#2409=DIRECTION('',(0.,0.,1.));
#2410=DIRECTION('',(0.72198820511542,0.,-0.691905363235619));
#2411=DIRECTION('',(0.,-1.,0.));
#2412=DIRECTION('',(0.,0.,1.));
#2413=DIRECTION('',(1.,0.,0.));
#2414=DIRECTION('',(0.,-1.,0.));
#2415=DIRECTION('',(0.,1.,0.));
#2416=DIRECTION('',(1.,0.,0.));
#2417=DIRECTION('',(0.,0.,1.));
#2418=DIRECTION('',(0.,0.,1.));
#2419=DIRECTION('',(-0.691905363235619,0.,0.72198820511542));
#2420=DIRECTION('',(0.,-1.,0.));
#2421=DIRECTION('',(0.,0.,-1.));
#2422=DIRECTION('',(0.,0.,-1.));
#2423=DIRECTION('',(0.,0.,-1.));
#2424=DIRECTION('',(1.,0.,0.));
#2425=DIRECTION('',(0.,1.,0.));
#2426=DIRECTION('',(0.,-1.,0.));
#2427=DIRECTION('',(0.,-1.,0.));
#2428=DIRECTION('',(0.,0.,-1.));
#2429=DIRECTION('',(0.,0.,1.));
#2430=DIRECTION('',(0.,0.,-1.));
#2431=DIRECTION('',(-1.,0.,0.));
#2432=DIRECTION('',(0.,0.,-1.));
#2433=DIRECTION('',(0.,-1.,0.));
#2434=DIRECTION('',(-1.,0.,0.));
#2435=DIRECTION('',(0.,0.,1.));
#2436=DIRECTION('',(0.,0.,1.));
#2437=DIRECTION('',(0.,-1.,0.));
#2438=DIRECTION('',(0.,0.,-1.));
#2439=DIRECTION('',(0.,1.,0.));
#2440=DIRECTION('',(0.,1.,0.));
#2441=DIRECTION('',(1.,0.,0.));
#2442=DIRECTION('',(-1.,0.,0.));
#2443=DIRECTION('',(0.,0.,-1.));
#2444=DIRECTION('',(0.,-1.,0.));
#2445=DIRECTION('',(0.,1.,0.));
#2446=DIRECTION('',(0.,1.,0.));
#2447=DIRECTION('',(1.,0.,0.));
#2448=DIRECTION('',(1.,0.,0.));
#2449=DIRECTION('',(0.,1.,0.));
#2450=DIRECTION('',(1.,0.,0.));
#2451=DIRECTION('',(0.,-1.,0.));
#2452=DIRECTION('',(0.,0.,-1.));
#2453=DIRECTION('',(0.,-1.,0.));
#2454=DIRECTION('',(1.,0.,0.));
#2455=DIRECTION('',(-1.,0.,0.));
#2456=DIRECTION('',(0.,0.,-1.));
#2457=DIRECTION('',(1.,0.,0.));
#2458=DIRECTION('',(0.,0.,-1.));
#2459=DIRECTION('',(0.,0.,1.));
#2460=DIRECTION('',(0.,1.,0.));
#2461=DIRECTION('',(0.,1.,0.));
#2462=DIRECTION('',(0.,0.,-1.));
#2463=DIRECTION('',(-1.,0.,0.));
#2464=DIRECTION('',(0.,0.,1.));
#2465=DIRECTION('',(1.,0.,0.));
#2466=DIRECTION('',(0.,1.,0.));
#2467=DIRECTION('',(0.,1.,0.));
#2468=DIRECTION('',(1.,0.,0.));
#2469=DIRECTION('',(-1.,0.,0.));
#2470=DIRECTION('',(0.,0.,1.));
#2471=DIRECTION('',(0.,-1.,0.));
#2472=DIRECTION('',(0.,-1.,0.));
#2473=DIRECTION('',(0.,0.,-1.));
#2474=DIRECTION('',(0.,-1.,0.));
#2475=DIRECTION('',(0.,0.,-1.));
#2476=DIRECTION('',(1.,0.,0.));
#2477=DIRECTION('',(0.,0.,1.));
#2478=DIRECTION('',(1.,0.,0.));
#2479=DIRECTION('',(0.,1.,0.));
#2480=DIRECTION('',(0.,0.,-1.));
#2481=DIRECTION('',(-1.,0.,0.));
#2482=DIRECTION('',(0.,0.,1.));
#2483=DIRECTION('',(1.,0.,0.));
#2484=DIRECTION('',(0.,1.,0.));
#2485=DIRECTION('',(0.,1.,0.));
#2486=DIRECTION('',(0.,0.,-1.));
#2487=DIRECTION('',(0.,-1.,0.));
#2488=DIRECTION('',(0.,1.,0.));
#2489=DIRECTION('',(-1.,0.,0.));
#2490=DIRECTION('',(0.,0.,1.));
#2491=DIRECTION('',(0.,0.,-1.));
#2492=DIRECTION('',(0.,-1.,0.));
#2493=DIRECTION('',(0.,0.,-1.));
#2494=DIRECTION('',(-0.72198820511542,0.,-0.691905363235619));
#2495=DIRECTION('',(-0.691905363235619,0.,0.72198820511542));
#2496=DIRECTION('',(1.,0.,0.));
#2497=DIRECTION('',(0.,1.,0.));
#2498=DIRECTION('',(0.,1.,0.));
#2499=DIRECTION('',(0.,0.,1.));
#2500=DIRECTION('',(1.,0.,0.));
#2501=DIRECTION('',(0.,-0.89345805083182,0.44914664799351));
#2502=DIRECTION('',(-1.,0.,0.));
#2503=DIRECTION('',(0.,-0.44914664799351,-0.89345805083182));
#2504=DIRECTION('',(1.,0.,0.));
#2505=DIRECTION('',(1.,0.,0.));
#2506=DIRECTION('',(1.,0.,0.));
#2507=DIRECTION('',(0.,1.,0.));
#2508=DIRECTION('',(0.,0.,-1.));
#2509=DIRECTION('',(1.,0.,0.));
#2510=DIRECTION('',(0.,-0.89345805083182,0.44914664799351));
#2511=DIRECTION('',(0.,1.,0.));
#2512=DIRECTION('',(-1.,0.,0.));
#2513=DIRECTION('',(0.,0.,1.));
#2514=DIRECTION('',(0.,-1.,0.));
#2515=DIRECTION('',(0.,0.,1.));
#2516=DIRECTION('',(1.,0.,0.));
#2517=DIRECTION('',(0.,1.,0.));
#2518=DIRECTION('',(0.,-1.,0.));
#2519=DIRECTION('',(0.,0.,-1.));
#2520=DIRECTION('',(1.,0.,0.));
#2521=DIRECTION('',(1.,0.,0.));
#2522=DIRECTION('',(0.,1.,0.));
#2523=DIRECTION('',(-1.,0.,0.));
#2524=DIRECTION('',(0.,0.,-1.));
#2525=DIRECTION('',(0.,0.,1.));
#2526=DIRECTION('',(1.,0.,0.));
#2527=CARTESIAN_POINT('',(0.,0.,0.));
#2528=CARTESIAN_POINT('',(0.,0.,0.0590551181102402));
#2529=CARTESIAN_POINT('',(0.1337322834646,0.0511811023622,0.0590551181102401));
#2530=CARTESIAN_POINT('',(0.0590551181102402,0.0511811023622,0.0590551181102402));
#2531=CARTESIAN_POINT('',(0.05,0.0511811023622,0.0590551181102402));
#2532=CARTESIAN_POINT('',(0.0590551181102402,0.03228346456693,0.0590551181102402));
#2533=CARTESIAN_POINT('',(0.0590551181102402,0.03228346456693,0.0590551181102402));
#2534=CARTESIAN_POINT('',(0.001968503937018,0.03228346456693,0.0590551181102402));
#2535=CARTESIAN_POINT('',(0.001968503937018,0.03228346456693,0.0590551181102402));
#2536=CARTESIAN_POINT('',(0.001968503937018,0.0191811023622,0.0590551181102402));
#2537=CARTESIAN_POINT('',(0.001968503937018,0.0191811023622,0.0590551181102402));
#2538=CARTESIAN_POINT('',(-0.0570866141732201,0.0191811023622,0.0590551181102402));
#2539=CARTESIAN_POINT('',(-0.0570866141732201,0.0191811023622,0.0590551181102402));
#2540=CARTESIAN_POINT('',(-0.0570866141732201,0.03228346456693,0.0590551181102402));
#2541=CARTESIAN_POINT('',(-0.0570866141732201,0.03228346456693,0.0590551181102402));
#2542=CARTESIAN_POINT('',(-0.0590551181102402,0.03228346456693,0.0590551181102402));
#2543=CARTESIAN_POINT('',(-0.0590551181102402,0.03228346456693,0.0590551181102402));
#2544=CARTESIAN_POINT('',(-0.0590551181102402,0.0511811023622,0.0590551181102402));
#2545=CARTESIAN_POINT('',(-0.0590551181102402,0.0511811023622,0.0590551181102402));
#2546=CARTESIAN_POINT('',(0.1337322834646,0.0511811023622,0.0590551181102401));
#2547=CARTESIAN_POINT('',(-0.0570866141732201,0.0511811023622,0.0590551181102402));
#2548=CARTESIAN_POINT('',(0.1337322834646,0.0511811023622,0.0590551181102401));
#2549=CARTESIAN_POINT('',(-0.0500000000000001,0.0511811023622,0.0590551181102401));
#2550=CARTESIAN_POINT('',(-0.05,0.0590551181102402,0.0590551181102402));
#2551=CARTESIAN_POINT('',(-0.05,0.0590551181102402,0.0590551181102402));
#2552=CARTESIAN_POINT('',(-0.05,0.0590551181102402,0.0590551181102402));
#2553=CARTESIAN_POINT('',(-0.116,0.0590551181102402,0.0590551181102402));
#2554=CARTESIAN_POINT('',(-0.116,0.,0.0590551181102402));
#2555=CARTESIAN_POINT('',(-0.116,0.0570551181102402,0.0590551181102402));
#2556=CARTESIAN_POINT('',(0.116,0.0570551181102402,0.0590551181102402));
#2557=CARTESIAN_POINT('',(-0.1267322834646,0.0570551181102402,0.0590551181102402));
#2558=CARTESIAN_POINT('',(-0.1417322834646,0.03505511811024,0.0590551181102402));
#2559=CARTESIAN_POINT('',(-0.1417322834646,0.03505511811024,0.0590551181102402));
#2560=CARTESIAN_POINT('',(-0.1417322834646,0.03505511811024,0.0590551181102402));
#2561=CARTESIAN_POINT('',(-0.1417322834646,0.02705511811024,0.0590551181102402));
#2562=CARTESIAN_POINT('',(0.,0.02705511811024,0.0590551181102402));
#2563=CARTESIAN_POINT('',(-0.1337322834646,0.02705511811024,0.0590551181102402));
#2564=CARTESIAN_POINT('',(-0.1337322834646,0.,0.0590551181102402));
#2565=CARTESIAN_POINT('',(-0.1337322834646,0.,0.0590551181102402));
#2566=CARTESIAN_POINT('',(0.,0.,0.0590551181102402));
#2567=CARTESIAN_POINT('',(0.1337322834646,0.,0.0590551181102402));
#2568=CARTESIAN_POINT('',(0.1337322834646,0.,0.0590551181102402));
#2569=CARTESIAN_POINT('',(0.1337322834646,0.02705511811024,0.0590551181102402));
#2570=CARTESIAN_POINT('',(0.,0.02705511811024,0.0590551181102402));
#2571=CARTESIAN_POINT('',(0.1417322834646,0.02705511811024,0.0590551181102402));
#2572=CARTESIAN_POINT('',(0.1417322834646,0.02705511811024,0.0590551181102402));
#2573=CARTESIAN_POINT('',(0.1417322834646,0.03505511811024,0.0590551181102402));
#2574=CARTESIAN_POINT('',(0.1267322834646,0.0570551181102402,0.0590551181102402));
#2575=CARTESIAN_POINT('',(0.1267322834646,0.0570551181102402,0.0590551181102402));
#2576=CARTESIAN_POINT('',(0.116,0.0570551181102402,0.0590551181102402));
#2577=CARTESIAN_POINT('',(0.116,0.0570551181102402,0.0590551181102402));
#2578=CARTESIAN_POINT('',(0.116,0.0590551181102402,0.0590551181102402));
#2579=CARTESIAN_POINT('',(0.116,0.0590551181102402,0.0590551181102402));
#2580=CARTESIAN_POINT('',(0.116,0.0590551181102402,0.0590551181102402));
#2581=CARTESIAN_POINT('',(0.05,0.0590551181102402,0.0590551181102402));
#2582=CARTESIAN_POINT('',(0.05,0.0590551181102402,0.0590551181102402));
#2583=CARTESIAN_POINT('',(0.0590551181102402,-0.01568491349739,0.));
#2584=CARTESIAN_POINT('',(0.0590551181102402,-0.01968503937008,0.));
#2585=CARTESIAN_POINT('',(0.0670549951993111,-0.01968503937008,0.));
#2586=CARTESIAN_POINT('',(0.0590551181102402,-0.01168479354444,0.));
#2587=CARTESIAN_POINT('',(0.0750551181102402,-0.01168479354444,0.));
#2588=CARTESIAN_POINT('',(0.1407322834646,0.02705511811024,0.0510551181102402));
#2589=CARTESIAN_POINT('',(-0.1337322834646,0.0511811023622,0.0510551181102402));
#2590=CARTESIAN_POINT('',(-0.1337322834646,0.02705511811024,0.0510551181102402));
#2591=CARTESIAN_POINT('',(-0.1337322834646,0.00787355469499717,0.0510551181102402));
#2592=CARTESIAN_POINT('',(0.1417322834646,0.02705511811024,0.0510551181102402));
#2593=CARTESIAN_POINT('',(-0.1407322834646,0.02705511811024,0.0510551181102402));
#2594=CARTESIAN_POINT('',(-0.1407322834646,0.,0.0510551181102402));
#2595=CARTESIAN_POINT('',(-0.1407322834646,0.00787355469499717,0.0510551181102402));
#2596=CARTESIAN_POINT('',(-0.1337322834646,0.00787355469499717,0.0510551181102402));
#2597=CARTESIAN_POINT('',(0.,0.0118735546949972,-0.079947898682008));
#2598=CARTESIAN_POINT('',(0.,0.00829972249166989,-0.0781513120900339));
#2599=CARTESIAN_POINT('',(-0.1084251968504,0.00829972249166989,-0.0781513120900339));
#2600=CARTESIAN_POINT('',(-0.0884251968503902,0.00829972249166989,-0.0781513120900339));
#2601=CARTESIAN_POINT('',(-0.0884251968503902,0.0118735546949972,-0.079947898682008));
#2602=CARTESIAN_POINT('',(-0.0884251968503902,0.00787355469499717,-0.079947898682008));
#2603=CARTESIAN_POINT('',(0.,0.00787355469499717,-0.079947898682008));
#2604=CARTESIAN_POINT('',(-0.1084251968504,0.00787355469499717,-0.079947898682008));
#2605=CARTESIAN_POINT('',(-0.1084251968504,0.0118735546949972,-0.079947898682008));
#2606=CARTESIAN_POINT('',(0.0884251968503902,0.01181102362205,-0.0799338965228));
#2607=CARTESIAN_POINT('',(0.0884251968503902,0.,-0.0799338965228));
#2608=CARTESIAN_POINT('',(-0.1084251968504,0.,-0.0799338965228));
#2609=CARTESIAN_POINT('',(-0.0884251968503902,0.,-0.0799338965228));
#2610=CARTESIAN_POINT('',(-0.0884251968503902,0.01181102362205,-0.0799338965228));
#2611=CARTESIAN_POINT('',(-0.0884251968503902,0.00125836947836597,-0.0746290148535826));
#2612=CARTESIAN_POINT('',(0.0884251968503902,0.00125836947836579,-0.0746290148535847));
#2613=CARTESIAN_POINT('',(-0.1084251968504,0.00125836947836597,-0.0746290148535826));
#2614=CARTESIAN_POINT('',(-0.1084251968504,0.01181102362205,-0.0799338965228));
#2615=CARTESIAN_POINT('',(-0.1337322834646,0.00787355469499717,0.0590551181102402));
#2616=CARTESIAN_POINT('',(0.1407322834646,0.00787355469499717,0.0590551181102402));
#2617=CARTESIAN_POINT('',(0.1407322834646,0.00787355469499717,-0.0510551181102402));
#2618=CARTESIAN_POINT('',(0.1407322834646,0.00787355469499717,0.0510551181102402));
#2619=CARTESIAN_POINT('',(0.1407322834646,0.00787355469499717,0.0510551181102402));
#2620=CARTESIAN_POINT('',(0.1337322834646,0.00787355469499717,0.0510551181102402));
#2621=CARTESIAN_POINT('',(0.1337322834646,0.00787355469499717,0.0590551181102402));
#2622=CARTESIAN_POINT('',(0.1337322834646,0.00787355469499717,-0.0510551181102402));
#2623=CARTESIAN_POINT('',(-0.1337322834646,0.00787355469499717,-0.0510551181102402));
#2624=CARTESIAN_POINT('',(-0.1084251968504,0.,-0.1102362204724));
#2625=CARTESIAN_POINT('',(-0.1084251968504,0.00787355469499717,-0.1102362204724));
#2626=CARTESIAN_POINT('',(0.0884251968503902,0.00787355469499717,-0.1102362204724));
#2627=CARTESIAN_POINT('',(0.1084251968504,0.00787355469499717,-0.1102362204724));
#2628=CARTESIAN_POINT('',(0.1084251968504,0.,-0.1102362204724));
#2629=CARTESIAN_POINT('',(0.1084251968504,0.,-0.1102362204724));
#2630=CARTESIAN_POINT('',(0.0884251968503902,0.,-0.1102362204724));
#2631=CARTESIAN_POINT('',(0.0884251968503902,0.,-0.1102362204724));
#2632=CARTESIAN_POINT('',(0.0884251968503902,0.,-0.1102362204724));
#2633=CARTESIAN_POINT('',(0.1417322834646,0.02705511811024,-0.01905511811024));
#2634=CARTESIAN_POINT('',(-0.1417322834646,0.02705511811024,-0.01905511811024));
#2635=CARTESIAN_POINT('',(-0.1417322834646,0.02705511811024,-0.01905511811024));
#2636=CARTESIAN_POINT('',(-0.1407322834646,0.02705511811024,-0.01905511811024));
#2637=CARTESIAN_POINT('',(-0.1417322834646,0.02705511811024,-0.0590551181102402));
#2638=CARTESIAN_POINT('',(-0.1417322834646,0.02705511811024,-0.0590551181102402));
#2639=CARTESIAN_POINT('',(0.,0.02705511811024,-0.0590551181102402));
#2640=CARTESIAN_POINT('',(-0.1337322834646,0.02705511811024,-0.0590551181102402));
#2641=CARTESIAN_POINT('',(-0.1337322834646,0.02705511811024,-0.1310653543307));
#2642=CARTESIAN_POINT('',(-0.1337322834646,0.02705511811024,-0.0510551181102402));
#2643=CARTESIAN_POINT('',(-0.1407322834646,0.02705511811024,-0.0510551181102402));
#2644=CARTESIAN_POINT('',(-0.1407322834646,0.02705511811024,-0.0510551181102402));
#2645=CARTESIAN_POINT('',(-0.1407322834646,0.02705511811024,-0.0590551181102402));
#2646=CARTESIAN_POINT('',(-0.116,0.0570551181102402,-0.0590551181102402));
#2647=CARTESIAN_POINT('',(-0.116,0.0590551181102402,-0.0590551181102402));
#2648=CARTESIAN_POINT('',(-0.116,0.0590551181102402,0.01905511811024));
#2649=CARTESIAN_POINT('',(-0.116,0.02705511811024,0.01905511811024));
#2650=CARTESIAN_POINT('',(-0.116,0.0570551181102402,0.01905511811024));
#2651=CARTESIAN_POINT('',(-0.116,0.0570551181102402,-0.0590551181102402));
#2652=CARTESIAN_POINT('',(-0.1337322834646,0.0511811023622,-0.1310653543307));
#2653=CARTESIAN_POINT('',(-0.1337322834646,0.0511811023622,-0.0510551181102402));
#2654=CARTESIAN_POINT('',(-0.1337322834646,0.00787355469499717,-0.0510551181102402));
#2655=CARTESIAN_POINT('',(-0.1337322834646,0.,-0.0590551181102402));
#2656=CARTESIAN_POINT('',(-0.1337322834646,0.,-0.0590551181102402));
#2657=CARTESIAN_POINT('',(-0.1337322834646,0.,-0.1310653543307));
#2658=CARTESIAN_POINT('',(-0.1337322834646,0.02705511811024,-0.1310653543307));
#2659=CARTESIAN_POINT('',(-0.1337322834646,0.00787355469499717,0.0590551181102402));
#2660=CARTESIAN_POINT('',(0.0884251968503902,0.00908745950890402,-0.0590551181102402));
#2661=CARTESIAN_POINT('',(-0.1084251968504,0.00908745950890402,-0.0590551181102402));
#2662=CARTESIAN_POINT('',(-0.1084251968504,0.00908745950890402,-0.0590551181102402));
#2663=CARTESIAN_POINT('',(-0.0884251968503902,0.0309526678427521,-0.015560089245472));
#2664=CARTESIAN_POINT('',(-0.0884251968503902,0.00908745950890402,-0.0590551181102402));
#2665=CARTESIAN_POINT('',(0.,0.00908745950890402,-0.0590551181102402));
#2666=CARTESIAN_POINT('',(-0.0884251968503902,0.,0.));
#2667=CARTESIAN_POINT('',(-0.0884251968503902,0.,0.));
#2668=CARTESIAN_POINT('',(-0.0884251968503902,0.,-0.1102362204724));
#2669=CARTESIAN_POINT('',(-0.0884251968503902,0.,-0.1102362204724));
#2670=CARTESIAN_POINT('',(-0.0884251968503902,0.00787355469499717,-0.1102362204724));
#2671=CARTESIAN_POINT('',(-0.0884251968503902,0.00787355469499717,0.));
#2672=CARTESIAN_POINT('',(-0.0884251968503902,0.0379870252712801,-0.0190963023411737));
#2673=CARTESIAN_POINT('',(-0.0884251968503902,0.017899492181442,-0.0590551181102402));
#2674=CARTESIAN_POINT('',(-0.0884251968503902,0.00908745950890402,-0.0590551181102402));
#2675=CARTESIAN_POINT('',(-0.1417322834646,0.0590551181102402,-0.01905511811024));
#2676=CARTESIAN_POINT('',(0.1417322834646,0.02705511811024,-0.01905511811024));
#2677=CARTESIAN_POINT('',(0.1417322834646,0.02705511811024,-0.01905511811024));
#2678=CARTESIAN_POINT('',(0.1407322834646,0.02705511811024,-0.01905511811024));
#2679=CARTESIAN_POINT('',(0.1417322834646,0.,-0.01905511811024));
#2680=CARTESIAN_POINT('',(0.1417322834646,0.03505511811024,-0.01905511811024));
#2681=CARTESIAN_POINT('',(0.0406046000244401,0.183375720489136,-0.01905511811024));
#2682=CARTESIAN_POINT('',(0.1407322834646,0.0365217847769053,-0.01905511811024));
#2683=CARTESIAN_POINT('',(0.1407322834646,0.0590551181102402,-0.01905511811024));
#2684=CARTESIAN_POINT('',(-0.1407322834646,0.008,-0.0510551181102402));
#2685=CARTESIAN_POINT('',(0.1417322834646,0.02705511811024,-0.0510551181102402));
#2686=CARTESIAN_POINT('',(0.1407322834646,0.02705511811024,-0.0510551181102402));
#2687=CARTESIAN_POINT('',(0.1337322834646,0.02705511811024,-0.0510551181102402));
#2688=CARTESIAN_POINT('',(0.1407322834646,0.,-0.0510551181102402));
#2689=CARTESIAN_POINT('',(0.1337322834646,0.008,-0.0510551181102402));
#2690=CARTESIAN_POINT('',(0.1407322834646,0.,-0.0590551181102402));
#2691=CARTESIAN_POINT('',(0.1407322834646,0.02705511811024,-0.01905511811024));
#2692=CARTESIAN_POINT('',(0.1407322834646,0.,-0.01905511811024));
#2693=CARTESIAN_POINT('',(0.1407322834646,0.0550551181102402,-0.01905511811024));
#2694=CARTESIAN_POINT('',(0.1407322834646,0.0550551181102402,0.01905511811024));
#2695=CARTESIAN_POINT('',(0.1407322834646,0.0550551181102402,0.01905511811024));
#2696=CARTESIAN_POINT('',(0.1407322834646,0.02705511811024,0.01905511811024));
#2697=CARTESIAN_POINT('',(0.1407322834646,0.0365217847769053,0.01905511811024));
#2698=CARTESIAN_POINT('',(0.1407322834646,0.02705511811024,0.01905511811024));
#2699=CARTESIAN_POINT('',(0.1407322834646,0.02705511811024,0.01905511811024));
#2700=CARTESIAN_POINT('',(0.1407322834646,0.02705511811024,-0.01905511811024));
#2701=CARTESIAN_POINT('',(0.1407322834646,0.02705511811024,0.0510551181102402));
#2702=CARTESIAN_POINT('',(0.1407322834646,0.008,0.0510551181102402));
#2703=CARTESIAN_POINT('',(0.1337322834646,0.0511811023622,-0.1310653543307));
#2704=CARTESIAN_POINT('',(0.001968503937018,0.0511811023622,0.0590551181102402));
#2705=CARTESIAN_POINT('',(0.001968503937018,0.0511811023622,0.0433070866141701));
#2706=CARTESIAN_POINT('',(0.001968503937018,0.0511811023622,0.0470551181102402));
#2707=CARTESIAN_POINT('',(0.,0.0511811023622,0.0433070866141701));
#2708=CARTESIAN_POINT('',(0.0590551181102402,0.0511811023622,0.0433070866141701));
#2709=CARTESIAN_POINT('',(0.0590551181102402,0.0511811023622,0.0590551181102402));
#2710=CARTESIAN_POINT('',(-0.00488879894536204,0.0511811023622,0.00177984964551521));
#2711=CARTESIAN_POINT('',(0.0384999999999999,0.0511811023622,0.0470551181102402));
#2712=CARTESIAN_POINT('',(0.1337322834646,0.0511811023622,0.0470551181102402));
#2713=CARTESIAN_POINT('',(0.,-0.01968503937008,-0.0590551181102402));
#2714=CARTESIAN_POINT('',(-0.0590551181102402,-0.01968503937008,0.));
#2715=CARTESIAN_POINT('',(-0.0510552410211692,-0.01968503937008,0.));
#2716=CARTESIAN_POINT('',(-0.1417322834646,0.0590551181102402,-0.0590551181102402));
#2717=CARTESIAN_POINT('',(-0.1417322834646,0.03505511811024,0.0590551181102402));
#2718=CARTESIAN_POINT('',(-0.1417322834646,0.03505511811024,0.01905511811024));
#2719=CARTESIAN_POINT('',(-0.1417322834646,0.0590551181102402,0.01905511811024));
#2720=CARTESIAN_POINT('',(-0.1417322834646,0.02705511811024,0.01905511811024));
#2721=CARTESIAN_POINT('',(-0.1417322834646,0.02705511811024,-0.01905511811024));
#2722=CARTESIAN_POINT('',(-0.1417322834646,0.0590551181102402,-0.01905511811024));
#2723=CARTESIAN_POINT('',(-0.1417322834646,0.03505511811024,-0.01905511811024));
#2724=CARTESIAN_POINT('',(-0.1407322834646,0.0365217847769034,-0.01905511811024));
#2725=CARTESIAN_POINT('',(-0.1337322834646,0.0467884514435675,-0.01905511811024));
#2726=CARTESIAN_POINT('',(-0.1407322834646,0.0590551181102402,-0.01905511811024));
#2727=CARTESIAN_POINT('',(-0.1407322834646,0.0550551181102402,-0.01905511811024));
#2728=CARTESIAN_POINT('',(-0.1367322834646,0.0550551181102402,-0.01905511811024));
#2729=CARTESIAN_POINT('',(-0.1367322834646,0.0590551181102402,-0.01905511811024));
#2730=CARTESIAN_POINT('',(0.1417322834646,0.0590551181102402,-0.01905511811024));
#2731=CARTESIAN_POINT('',(-0.116,0.0590551181102402,-0.01905511811024));
#2732=CARTESIAN_POINT('',(-0.116,0.0570551181102402,-0.01905511811024));
#2733=CARTESIAN_POINT('',(-0.116,0.0570551181102402,-0.01905511811024));
#2734=CARTESIAN_POINT('',(0.116,0.0570551181102402,-0.01905511811024));
#2735=CARTESIAN_POINT('',(-0.1267322834646,0.0570551181102402,-0.01905511811024));
#2736=CARTESIAN_POINT('',(-0.1417322834646,0.03505511811024,-0.01905511811024));
#2737=CARTESIAN_POINT('',(-0.1307372942019,0.0511811023622,-0.01905511811024));
#2738=CARTESIAN_POINT('',(-0.1417322834646,0.0511811023622,-0.01905511811024));
#2739=CARTESIAN_POINT('',(-0.1337322834646,0.0511811023622,-0.01905511811024));
#2740=CARTESIAN_POINT('',(-0.1337322834646,0.0590551181102402,-0.01905511811024));
#2741=CARTESIAN_POINT('',(0.1337322834646,0.0511811023622,-0.1310653543307));
#2742=CARTESIAN_POINT('',(-0.1337322834646,0.0511811023622,-0.1310653543307));
#2743=CARTESIAN_POINT('',(-0.1337322834646,0.0511811023622,0.01905511811024));
#2744=CARTESIAN_POINT('',(-0.1307372942019,0.0511811023622,-0.1310653543307));
#2745=CARTESIAN_POINT('',(-0.1307372942019,0.0511811023622,0.01905511811024));
#2746=CARTESIAN_POINT('',(0.1337322834646,0.0511811023622,0.01905511811024));
#2747=CARTESIAN_POINT('',(-0.0570866141732201,0.0191811023622,0.0590551181102402));
#2748=CARTESIAN_POINT('',(0.001968503937018,0.0191811023622,0.0590551181102402));
#2749=CARTESIAN_POINT('',(0.001968503937018,0.0191811023622,0.0980551181102402));
#2750=CARTESIAN_POINT('',(-0.0570866141732201,0.0191811023622,0.0980551181102402));
#2751=CARTESIAN_POINT('',(-0.0570866141732201,0.0191811023622,0.0980551181102402));
#2752=CARTESIAN_POINT('',(-0.0570866141732201,0.0191811023622,0.0590551181102402));
#2753=CARTESIAN_POINT('',(0.1417322834646,0.0590551181102402,-0.0590551181102402));
#2754=CARTESIAN_POINT('',(0.116,0.0590551181102402,0.0590551181102402));
#2755=CARTESIAN_POINT('',(0.116,0.0590551181102402,0.01905511811024));
#2756=CARTESIAN_POINT('',(0.1417322834646,0.0590551181102402,0.01905511811024));
#2757=CARTESIAN_POINT('',(0.1367322834646,0.0590551181102402,0.01905511811024));
#2758=CARTESIAN_POINT('',(0.1367322834646,0.0590551181102402,0.01905511811024));
#2759=CARTESIAN_POINT('',(0.1367322834646,0.0590551181102402,-0.01905511811024));
#2760=CARTESIAN_POINT('',(0.1417322834646,0.0590551181102402,-0.01905511811024));
#2761=CARTESIAN_POINT('',(0.116,0.0590551181102402,-0.01905511811024));
#2762=CARTESIAN_POINT('',(0.116,0.0590551181102402,0.0590551181102402));
#2763=CARTESIAN_POINT('',(0.116,0.0590551181102402,-0.0590551181102402));
#2764=CARTESIAN_POINT('',(0.116,0.0590551181102402,-0.0590551181102402));
#2765=CARTESIAN_POINT('',(-0.116,0.0590551181102402,-0.0590551181102402));
#2766=CARTESIAN_POINT('',(-0.116,0.0590551181102402,-0.0590551181102402));
#2767=CARTESIAN_POINT('',(-0.1367322834646,0.0590551181102402,-0.01905511811024));
#2768=CARTESIAN_POINT('',(-0.1367322834646,0.0590551181102402,0.01905511811024));
#2769=CARTESIAN_POINT('',(0.1417322834646,0.0590551181102402,0.01905511811024));
#2770=CARTESIAN_POINT('',(-0.0385,0.0590551181102402,0.0470551181102402));
#2771=CARTESIAN_POINT('',(-0.0385,0.0590551181102402,0.0470551181102402));
#2772=CARTESIAN_POINT('',(0.0385,0.0590551181102402,0.0470551181102402));
#2773=CARTESIAN_POINT('',(0.0385,0.0590551181102402,0.0470551181102402));
#2774=CARTESIAN_POINT('',(0.05,0.0590551181102402,0.0590551181102402));
#2775=CARTESIAN_POINT('',(0.1417322834646,0.02705511811024,-0.01905511811024));
#2776=CARTESIAN_POINT('',(0.1417322834646,0.02705511811024,0.01905511811024));
#2777=CARTESIAN_POINT('',(-0.1407322834646,0.02705511811024,0.01905511811024));
#2778=CARTESIAN_POINT('',(-0.1407322834646,0.02705511811024,-0.0590551181102402));
#2779=CARTESIAN_POINT('',(0.1337322834646,0.008,0.0590551181102402));
#2780=CARTESIAN_POINT('',(0.1337322834646,0.0511811023622,-0.1310653543307));
#2781=CARTESIAN_POINT('',(0.1337322834646,0.0511811023622,-0.01905511811024));
#2782=CARTESIAN_POINT('',(0.1337322834646,0.0511811023622,0.01905511811024));
#2783=CARTESIAN_POINT('',(0.1337322834646,0.0590551181102402,-0.01905511811024));
#2784=CARTESIAN_POINT('',(0.1337322834646,0.0467884514435701,-0.01905511811024));
#2785=CARTESIAN_POINT('',(0.1337322834646,0.0467884514435739,0.0590551181102402));
#2786=CARTESIAN_POINT('',(0.1337322834646,0.0467884514435701,0.01905511811024));
#2787=CARTESIAN_POINT('',(0.1337322834646,0.008,0.01905511811024));
#2788=CARTESIAN_POINT('',(-0.1337322834646,0.00787355469499717,0.0590551181102402));
#2789=CARTESIAN_POINT('',(-0.1084251968504,0.00787355469499717,-0.1102362204724));
#2790=CARTESIAN_POINT('',(-0.1084251968504,0.00787355469499717,-0.1102362204724));
#2791=CARTESIAN_POINT('',(-0.1084251968504,0.00787355469499717,0.));
#2792=CARTESIAN_POINT('',(-0.1417322834646,0.0590551181102402,-0.01905511811024));
#2793=CARTESIAN_POINT('',(0.1267322834646,0.0570551181102402,-0.01905511811024));
#2794=CARTESIAN_POINT('',(0.1267322834646,0.0570551181102402,-0.01905511811024));
#2795=CARTESIAN_POINT('',(0.1307372942019,0.0511811023622,-0.01905511811024));
#2796=CARTESIAN_POINT('',(0.116,0.0570551181102402,-0.01905511811024));
#2797=CARTESIAN_POINT('',(0.116,0.0570551181102402,-0.01905511811024));
#2798=CARTESIAN_POINT('',(0.116,0.0590551181102402,-0.01905511811024));
#2799=CARTESIAN_POINT('',(0.1367322834646,0.0550551181102402,-0.01905511811024));
#2800=CARTESIAN_POINT('',(0.1267322834646,0.0570551181102402,-0.01905511811024));
#2801=CARTESIAN_POINT('',(-0.1417322834646,0.0511811023622,-0.01905511811024));
#2802=CARTESIAN_POINT('',(0.0385,0.0590551181102402,0.0470551181102402));
#2803=CARTESIAN_POINT('',(-0.0385,0.0590551181102402,0.0470551181102402));
#2804=CARTESIAN_POINT('',(-0.0385,0.0511811023622,0.0470551181102402));
#2805=CARTESIAN_POINT('',(0.1337322834646,0.0511811023622,0.0470551181102402));
#2806=CARTESIAN_POINT('',(0.0385,0.0590551181102402,0.0470551181102402));
#2807=CARTESIAN_POINT('',(-0.1337322834646,0.00787355469499717,0.0590551181102402));
#2808=CARTESIAN_POINT('',(0.,0.00787355469499717,-0.079947898682008));
#2809=CARTESIAN_POINT('',(-0.01,0.00787355469499717,-0.079947898682008));
#2810=CARTESIAN_POINT('',(0.01,0.00787355469499717,-0.079947898682008));
#2811=CARTESIAN_POINT('',(0.01,0.00787355469499717,0.));
#2812=CARTESIAN_POINT('',(0.01,0.00787355469499717,-0.1102362204724));
#2813=CARTESIAN_POINT('',(-0.1084251968504,0.00787355469499717,-0.1102362204724));
#2814=CARTESIAN_POINT('',(-0.01,0.00787355469499717,-0.1102362204724));
#2815=CARTESIAN_POINT('',(-0.01,0.00787355469499717,0.));
#2816=CARTESIAN_POINT('',(0.0884251968503902,0.00829272690689525,-0.0781652279492863));
#2817=CARTESIAN_POINT('',(0.01,0.0379870252712801,-0.0190963023411737));
#2818=CARTESIAN_POINT('',(0.01,0.00829972249166989,-0.0781513120900339));
#2819=CARTESIAN_POINT('',(0.01,0.017899492181442,-0.0590551181102402));
#2820=CARTESIAN_POINT('',(0.,0.00829972249166989,-0.0781513120900339));
#2821=CARTESIAN_POINT('',(-0.01,0.00829972249166989,-0.0781513120900339));
#2822=CARTESIAN_POINT('',(-0.01,0.0379870252712801,-0.0190963023411737));
#2823=CARTESIAN_POINT('',(-0.01,0.017899492181442,-0.0590551181102402));
#2824=CARTESIAN_POINT('',(0.0884251968503902,0.017899492181442,-0.0590551181102402));
#2825=CARTESIAN_POINT('',(0.,0.,0.0980551181102402));
#2826=CARTESIAN_POINT('',(0.001968503937018,0.0191811023622,0.0980551181102402));
#2827=CARTESIAN_POINT('',(0.001968503937018,0.0511811023622,0.0980551181102402));
#2828=CARTESIAN_POINT('',(0.,0.0511811023622,0.0980551181102402));
#2829=CARTESIAN_POINT('',(-0.0570866141732201,0.0511811023622,0.0980551181102402));
#2830=CARTESIAN_POINT('',(-0.0570866141732201,0.0511811023622,0.0980551181102402));
#2831=CARTESIAN_POINT('',(0.116,0.0570551181102402,-0.0590551181102402));
#2832=CARTESIAN_POINT('',(0.1417322834646,0.0570551181102402,0.01905511811024));
#2833=CARTESIAN_POINT('',(-0.1267322834646,0.0570551181102402,0.01905511811024));
#2834=CARTESIAN_POINT('',(-0.126732283464599,0.0570551181102402,0.0590551181102402));
#2835=CARTESIAN_POINT('',(0.116,0.0570551181102402,-0.0590551181102402));
#2836=CARTESIAN_POINT('',(-0.116,0.0570551181102402,-0.0590551181102402));
#2837=CARTESIAN_POINT('',(-0.116,0.0570551181102402,-0.0590551181102402));
#2838=CARTESIAN_POINT('',(0.,0.0570551181102402,-0.0590551181102402));
#2839=CARTESIAN_POINT('',(-0.1267322834646,0.0570551181102402,-0.0590551181102402));
#2840=CARTESIAN_POINT('',(-0.126732283464599,0.0570551181102402,-0.0590551181102402));
#2841=CARTESIAN_POINT('',(-0.1337322834646,0.0511811023622,-0.1310653543307));
#2842=CARTESIAN_POINT('',(-0.1337322834646,0.0467884514435701,-0.01905511811024));
#2843=CARTESIAN_POINT('',(-0.1337322834646,0.0467884514435675,0.01905511811024));
#2844=CARTESIAN_POINT('',(-0.1337322834646,0.0511811023622,0.01905511811024));
#2845=CARTESIAN_POINT('',(0.1417322834646,0.02705511811024,0.01905511811024));
#2846=CARTESIAN_POINT('',(-0.0554988172317742,0.161530868585046,0.01905511811024));
#2847=CARTESIAN_POINT('',(-0.1367322834646,0.0550551181102402,0.01905511811024));
#2848=CARTESIAN_POINT('',(-0.1407322834646,0.0550551181102402,0.01905511811024));
#2849=CARTESIAN_POINT('',(-0.1407322834646,0.,0.01905511811024));
#2850=CARTESIAN_POINT('',(-0.1407322834646,0.0365217847769034,0.01905511811024));
#2851=CARTESIAN_POINT('',(-0.0554988172317742,0.161530868585046,0.01905511811024));
#2852=CARTESIAN_POINT('',(-0.1407322834646,0.,-0.0590551181102402));
#2853=CARTESIAN_POINT('',(-0.1407322834646,0.00787355469499717,0.0590551181102402));
#2854=CARTESIAN_POINT('',(-0.1407322834646,0.00787355469499717,-0.0510551181102402));
#2855=CARTESIAN_POINT('',(-0.1407322834646,0.,0.01905511811024));
#2856=CARTESIAN_POINT('',(-0.1407322834646,0.0550551181102402,-0.01905511811024));
#2857=CARTESIAN_POINT('',(-0.1407322834646,0.0365217847769,-0.01905511811024));
#2858=CARTESIAN_POINT('',(-0.1407322834646,0.008,-0.0510551181102402));
#2859=CARTESIAN_POINT('',(0.0884251968503902,0.00908745950890402,-0.0590551181102402));
#2860=CARTESIAN_POINT('',(-0.01,0.00908745950890402,-0.0590551181102402));
#2861=CARTESIAN_POINT('',(-0.01,0.00908745950890402,-0.0590551181102402));
#2862=CARTESIAN_POINT('',(-0.01,0.00125836947836597,-0.0746290148535826));
#2863=CARTESIAN_POINT('',(0.0884251968503902,0.00125836947836579,-0.0746290148535847));
#2864=CARTESIAN_POINT('',(0.01,0.00125836947836597,-0.0746290148535826));
#2865=CARTESIAN_POINT('',(0.01,0.0309526678427521,-0.015560089245472));
#2866=CARTESIAN_POINT('',(0.01,0.00908745950890402,-0.0590551181102402));
#2867=CARTESIAN_POINT('',(0.,0.00908745950890402,-0.0590551181102402));
#2868=CARTESIAN_POINT('',(-0.1417322834646,0.03505511811024,0.0590551181102402));
#2869=CARTESIAN_POINT('',(-0.0554988172317742,0.161530868585046,0.01905511811024));
#2870=CARTESIAN_POINT('',(-0.1417322834646,0.03505511811024,-0.0590551181102402));
#2871=CARTESIAN_POINT('',(-0.1417322834646,0.03505511811024,-0.0590551181102402));
#2872=CARTESIAN_POINT('',(-0.1417322834646,0.03505511811024,-0.0590551181102402));
#2873=CARTESIAN_POINT('',(-0.1417322834646,0.03505511811024,-0.01905511811024));
#2874=CARTESIAN_POINT('',(-0.1417322834646,0.03505511811024,-0.01905511811024));
#2875=CARTESIAN_POINT('',(0.0884251968503902,0.00829272690689525,-0.0781652279492863));
#2876=CARTESIAN_POINT('',(-0.1084251968504,0.0379870252712801,-0.0190963023411737));
#2877=CARTESIAN_POINT('',(-0.1084251968504,0.017899492181442,-0.0590551181102402));
#2878=CARTESIAN_POINT('',(0.0884251968503902,0.017899492181442,-0.0590551181102402));
#2879=CARTESIAN_POINT('',(0.0884251968503902,0.,-0.0799338965228));
#2880=CARTESIAN_POINT('',(0.0884251968503902,0.,-0.1102362204724));
#2881=CARTESIAN_POINT('',(-0.01,0.,-0.1102362204724));
#2882=CARTESIAN_POINT('',(0.01,0.,-0.1102362204724));
#2883=CARTESIAN_POINT('',(0.01,0.,0.));
#2884=CARTESIAN_POINT('',(0.01,0.,-0.0799338965228));
#2885=CARTESIAN_POINT('',(0.0884251968503902,0.,-0.0799338965228));
#2886=CARTESIAN_POINT('',(-0.01,0.,-0.0799338965228));
#2887=CARTESIAN_POINT('',(-0.01,0.,-0.0799338965228));
#2888=CARTESIAN_POINT('',(-0.1337322834646,0.00787355469499717,0.0590551181102402));
#2889=CARTESIAN_POINT('',(0.,0.00787355469499717,-0.079947898682008));
#2890=CARTESIAN_POINT('',(0.0884251968503902,0.00787355469499717,-0.079947898682008));
#2891=CARTESIAN_POINT('',(0.1084251968504,0.00787355469499717,-0.079947898682008));
#2892=CARTESIAN_POINT('',(0.1084251968504,0.00787355469499717,0.));
#2893=CARTESIAN_POINT('',(0.0884251968503902,0.00787355469499717,0.));
#2894=CARTESIAN_POINT('',(0.1417322834646,0.02705511811024,0.01905511811024));
#2895=CARTESIAN_POINT('',(0.145455837766434,0.0295939051342179,0.01905511811024));
#2896=CARTESIAN_POINT('',(0.1367322834646,0.0550551181102402,0.01905511811024));
#2897=CARTESIAN_POINT('',(0.116,0.02705511811024,0.01905511811024));
#2898=CARTESIAN_POINT('',(0.116,0.0570551181102402,0.01905511811024));
#2899=CARTESIAN_POINT('',(0.1417322834646,0.0570551181102402,0.01905511811024));
#2900=CARTESIAN_POINT('',(0.1267322834646,0.0570551181102402,0.01905511811024));
#2901=CARTESIAN_POINT('',(0.145455837766434,0.0295939051342179,0.01905511811024));
#2902=CARTESIAN_POINT('',(0.1307372942019,0.0511811023622,0.01905511811024));
#2903=CARTESIAN_POINT('',(0.1337322834646,0.0511811023622,0.01905511811024));
#2904=CARTESIAN_POINT('',(0.0590551181102402,0.,0.));
#2905=CARTESIAN_POINT('',(0.0590551181102402,0.,0.));
#2906=CARTESIAN_POINT('',(0.0590551181102402,0.,-0.016));
#2907=CARTESIAN_POINT('',(0.1267322834646,0.0570551181102402,0.0590551181102402));
#2908=CARTESIAN_POINT('',(0.1267322834646,0.0570551181102402,-0.0590551181102402));
#2909=CARTESIAN_POINT('',(0.1417322834646,0.03505511811024,0.0590551181102402));
#2910=CARTESIAN_POINT('',(0.1417322834646,0.03505511811024,0.01905511811024));
#2911=CARTESIAN_POINT('',(0.1417322834646,0.03505511811024,0.01905511811024));
#2912=CARTESIAN_POINT('',(0.1417322834646,0.03505511811024,-0.0590551181102402));
#2913=CARTESIAN_POINT('',(0.1417322834646,0.03505511811024,-0.0590551181102402));
#2914=CARTESIAN_POINT('',(0.1267322834646,0.0570551181102402,-0.0590551181102402));
#2915=CARTESIAN_POINT('',(0.1267322834646,0.0570551181102402,-0.0590551181102402));
#2916=CARTESIAN_POINT('',(0.1267322834646,0.0570551181102402,-0.0590551181102402));
#2917=CARTESIAN_POINT('',(0.1307372942019,0.0511811023622,-0.01905511811024));
#2918=CARTESIAN_POINT('',(0.1084251968504,0.,0.));
#2919=CARTESIAN_POINT('',(0.1084251968504,0.00908745950890402,-0.0590551181102402));
#2920=CARTESIAN_POINT('',(0.1084251968504,0.00908745950890402,-0.0590551181102402));
#2921=CARTESIAN_POINT('',(0.1084251968504,0.001258369478365,-0.0746290148535799));
#2922=CARTESIAN_POINT('',(0.1084251968504,0.01181102362205,-0.0799338965228));
#2923=CARTESIAN_POINT('',(0.1084251968504,0.,-0.0799338965228));
#2924=CARTESIAN_POINT('',(0.1084251968504,0.,-0.0799338965228));
#2925=CARTESIAN_POINT('',(0.1084251968504,0.0118735546949972,-0.079947898682008));
#2926=CARTESIAN_POINT('',(0.1084251968504,0.00829972249166989,-0.0781513120900339));
#2927=CARTESIAN_POINT('',(0.1084251968504,0.0379870252712801,-0.0190963023411737));
#2928=CARTESIAN_POINT('',(0.1084251968504,0.017899492181442,-0.0590551181102402));
#2929=CARTESIAN_POINT('',(0.1084251968504,0.00908745950890402,-0.0590551181102402));
#2930=CARTESIAN_POINT('',(0.,0.,0.0433070866141701));
#2931=CARTESIAN_POINT('',(0.001968503937018,0.03267716535433,0.0433070866141701));
#2932=CARTESIAN_POINT('',(0.001968503937018,0.03267716535433,0.0433070866141701));
#2933=CARTESIAN_POINT('',(-0.0570866141732201,0.03267716535433,0.0433070866141701));
#2934=CARTESIAN_POINT('',(-0.0570866141732201,0.0511811023622,0.0433070866141701));
#2935=CARTESIAN_POINT('',(-0.0570866141732201,0.0511811023622,0.0433070866141701));
#2936=CARTESIAN_POINT('',(0.,0.0511811023622,0.0433070866141701));
#2937=CARTESIAN_POINT('',(-0.0590551181102402,0.0511811023622,0.0433070866141701));
#2938=CARTESIAN_POINT('',(-0.0590551181102402,0.0511811023622,0.0433070866141701));
#2939=CARTESIAN_POINT('',(-0.0590551181102402,0.03228346456693,0.0433070866141701));
#2940=CARTESIAN_POINT('',(-0.0590551181102402,0.03228346456693,0.0433070866141701));
#2941=CARTESIAN_POINT('',(0.0590551181102402,0.03228346456693,0.0433070866141701));
#2942=CARTESIAN_POINT('',(0.0590551181102402,0.03228346456693,0.0433070866141701));
#2943=CARTESIAN_POINT('',(0.001968503937018,0.0511811023622,0.0433070866141701));
#2944=CARTESIAN_POINT('',(-0.1417322834646,0.0590551181102402,-0.0590551181102402));
#2945=CARTESIAN_POINT('',(-0.1417322834646,0.03505511811024,-0.0590551181102402));
#2946=CARTESIAN_POINT('',(-0.1417322834646,0.03505511811024,-0.01905511811024));
#2947=CARTESIAN_POINT('',(0.1417322834646,0.02705511811024,-0.01905511811024));
#2948=CARTESIAN_POINT('',(0.1417322834646,0.02705511811024,0.01905511811024));
#2949=CARTESIAN_POINT('',(0.1417322834646,0.02705511811024,0.01905511811024));
#2950=CARTESIAN_POINT('',(0.1417322834646,0.02705511811024,-0.0590551181102402));
#2951=CARTESIAN_POINT('',(0.1337322834646,0.02705511811024,-0.01905511811024));
#2952=CARTESIAN_POINT('',(0.1337322834646,0.02705511811024,0.0510551181102402));
#2953=CARTESIAN_POINT('',(0.1407322834646,0.02705511811024,0.0510551181102402));
#2954=CARTESIAN_POINT('',(0.1417322834646,0.02705511811024,0.01905511811024));
#2955=CARTESIAN_POINT('',(-0.1417322834646,0.0590551181102402,-0.01905511811024));
#2956=CARTESIAN_POINT('',(0.0884251968503902,0.00829272690689525,-0.0781652279492863));
#2957=CARTESIAN_POINT('',(0.,0.00829972249166989,-0.0781513120900339));
#2958=CARTESIAN_POINT('',(0.0884251968503902,0.00829972249166989,-0.0781513120900339));
#2959=CARTESIAN_POINT('',(0.0884251968503902,0.0379870252712801,-0.0190963023411737));
#2960=CARTESIAN_POINT('',(0.0884251968503902,0.017899492181442,-0.0590551181102402));
#2961=CARTESIAN_POINT('',(0.0884251968503902,0.017899492181442,-0.0590551181102402));
#2962=CARTESIAN_POINT('',(0.0884251968503902,0.01181102362205,-0.0799338965228));
#2963=CARTESIAN_POINT('',(0.01,0.01181102362205,-0.0799338965228));
#2964=CARTESIAN_POINT('',(-0.01,0.01181102362205,-0.0799338965228));
#2965=CARTESIAN_POINT('',(0.,0.,0.0590551181102402));
#2966=CARTESIAN_POINT('',(0.001968503937018,0.03228346456693,0.0590551181102402));
#2967=CARTESIAN_POINT('',(0.001968503937018,0.03267716535433,0.0590551181102402));
#2968=CARTESIAN_POINT('',(-0.0570866141732201,0.03228346456693,0.0590551181102402));
#2969=CARTESIAN_POINT('',(-0.0570866141732201,0.03267716535433,0.0590551181102402));
#2970=CARTESIAN_POINT('',(-0.0570866141732201,0.03267716535433,0.0590551181102402));
#2971=CARTESIAN_POINT('',(-0.0570866141732201,0.03267716535433,0.0590551181102402));
#2972=CARTESIAN_POINT('',(0.,0.0118735546949972,-0.079947898682008));
#2973=CARTESIAN_POINT('',(0.0884251968503902,0.0118735546949972,-0.079947898682008));
#2974=CARTESIAN_POINT('',(0.0884251968503902,0.,-0.0799338965228));
#2975=CARTESIAN_POINT('',(0.0884251968503902,0.,-0.1102362204724));
#2976=CARTESIAN_POINT('',(-0.1084251968504,0.,-0.1102362204724));
#2977=CARTESIAN_POINT('',(-0.1084251968504,0.,-0.0799338965228));
#2978=CARTESIAN_POINT('',(0.01,0.,0.));
#2979=CARTESIAN_POINT('',(0.01,0.,-0.1102362204724));
#2980=CARTESIAN_POINT('',(0.01,0.0118735546949972,-0.079947898682008));
#2981=CARTESIAN_POINT('',(0.01,0.00908745950890402,-0.0590551181102402));
#2982=CARTESIAN_POINT('',(0.116,0.0570551181102402,-0.0590551181102402));
#2983=CARTESIAN_POINT('',(0.116,0.0570551181102402,0.0590551181102402));
#2984=CARTESIAN_POINT('',(0.1337322834646,0.0511811023622,-0.1310653543307));
#2985=CARTESIAN_POINT('',(-0.0590551181102401,0.0511811023622,-0.1310653543307));
#2986=CARTESIAN_POINT('',(-0.0570866141732201,0.0511811023622,-0.1310653543307));
#2987=CARTESIAN_POINT('',(0.05,0.0590551181102402,0.0590551181102402));
#2988=CARTESIAN_POINT('',(0.1407322834646,0.02705511811024,0.0510551181102402));
#2989=CARTESIAN_POINT('',(0.1337322834646,0.02705511811024,0.0510551181102402));
#2990=CARTESIAN_POINT('',(0.1337322834646,0.0511811023622,-0.1310653543307));
#2991=CARTESIAN_POINT('',(-0.0570866141732201,0.0511811023622,-0.1310653543307));
#2992=CARTESIAN_POINT('',(0.001968503937018,0.0511811023622,0.0590551181102402));
#2993=CARTESIAN_POINT('',(0.132932921936809,0.0511811023622,-0.131831409128167));
#2994=CARTESIAN_POINT('',(-0.0590551181102402,0.03228346456693,0.0590551181102402));
#2995=CARTESIAN_POINT('',(0.0590551181102402,0.03228346456693,0.0590551181102402));
#2996=CARTESIAN_POINT('',(-0.0590551181102402,0.03228346456693,0.0590551181102402));
#2997=CARTESIAN_POINT('',(0.1417322834646,0.,-0.0590551181102402));
#2998=CARTESIAN_POINT('',(0.1417322834646,0.03505511811024,0.01905511811024));
#2999=CARTESIAN_POINT('',(0.1417322834646,0.02705511811024,-0.01905511811024));
#3000=CARTESIAN_POINT('',(0.1417322834646,0.02705511811024,-0.0590551181102402));
#3001=CARTESIAN_POINT('',(0.1417322834646,0.02705511811024,-0.0590551181102402));
#3002=CARTESIAN_POINT('',(0.1337322834646,0.02705511811024,-0.0510551181102402));
#3003=CARTESIAN_POINT('',(0.1337322834646,0.02705511811024,-0.0590551181102402));
#3004=CARTESIAN_POINT('',(0.1417322834646,0.02705511811024,-0.0590551181102402));
#3005=CARTESIAN_POINT('',(0.1417322834646,0.02705511811024,0.01905511811024));
#3006=CARTESIAN_POINT('',(0.116,0.0590551181102402,0.0590551181102402));
#3007=CARTESIAN_POINT('',(0.116,0.0570551181102402,-0.0590551181102402));
#3008=CARTESIAN_POINT('',(0.116,0.0570551181102402,-0.0590551181102402));
#3009=CARTESIAN_POINT('',(0.116,0.,-0.0590551181102402));
#3010=CARTESIAN_POINT('',(-0.1367322834646,0.0550551181102402,-0.3817648094488));
#3011=CARTESIAN_POINT('',(-0.1337322834646,0.00787355469499717,0.0590551181102402));
#3012=CARTESIAN_POINT('',(-0.1407322834646,0.00787355469499717,-0.0510551181102402));
#3013=CARTESIAN_POINT('',(-0.1084251968504,0.,-0.1102362204724));
#3014=CARTESIAN_POINT('',(-0.01,0.,-0.1102362204724));
#3015=CARTESIAN_POINT('',(0.116,0.0570551181102402,-0.0590551181102402));
#3016=CARTESIAN_POINT('',(0.116,0.0570551181102402,-0.0590551181102402));
#3017=CARTESIAN_POINT('',(-0.0590551181102402,0.,0.));
#3018=CARTESIAN_POINT('',(-0.0590551181102402,0.,0.));
#3019=CARTESIAN_POINT('',(-0.0590551181102402,0.,-0.016));
#3020=CARTESIAN_POINT('',(-0.0590551181102402,-0.01168479354444,0.));
#3021=CARTESIAN_POINT('',(-0.0430551181102402,-0.01168479354444,0.));
#3022=CARTESIAN_POINT('',(0.,0.0118735546949972,-0.079947898682008));
#3023=CARTESIAN_POINT('',(-0.01,0.0118735546949972,-0.079947898682008));
#3024=CARTESIAN_POINT('',(0.1367322834646,0.0550551181102402,0.3695837070866));
#3025=CARTESIAN_POINT('',(-0.0590551181102402,-0.01568491349739,0.));
#3026=CARTESIAN_POINT('',(-0.0590551181102402,0.0511811023622,0.0590551181102402));
#3027=CARTESIAN_POINT('',(0.0590551181102402,0.03228346456693,0.0590551181102402));
#3028=CARTESIAN_POINT('',(0.1337322834646,0.0511811023622,-0.1310653543307));
#3029=CARTESIAN_POINT('',(-0.116,0.0570551181102402,-0.0590551181102402));
#3030=CARTESIAN_POINT('',(-0.116,0.0590551181102402,-0.0590551181102402));
#3031=CARTESIAN_POINT('',(0.,-0.01968503937008,-0.0590551181102402));
#3032=CARTESIAN_POINT('',(0.0884251968503902,0.,-0.0799338965228));
#3033=CARTESIAN_POINT('',(0.0884251968503902,0.,-0.0590551181102402));
#3034=CARTESIAN_POINT('',(0.1337322834646,0.,-0.0590551181102402));
#3035=CARTESIAN_POINT('',(0.1337322834646,0.,-0.0799338965228));
#3036=CARTESIAN_POINT('',(0.001968503937018,0.0191811023622,0.0590551181102402));
#3037=CARTESIAN_POINT('',(0.001968503937018,0.03267716535433,0.0590551181102402));
#3038=CARTESIAN_POINT('',(0.116,0.0590551181102402,0.0590551181102402));
#3039=CARTESIAN_POINT('',(0.1417322834646,0.,-0.0590551181102402));
#3040=CARTESIAN_POINT('',(0.1417322834646,0.02705511811024,-0.0590551181102402));
#3041=CARTESIAN_POINT('',(-0.1084251968504,0.,-0.1102362204724));
#3042=CARTESIAN_POINT('',(-0.1084251968504,0.,-0.1102362204724));
#3043=CARTESIAN_POINT('',(-0.0570866141732201,0.0511811023622,0.0590551181102402));
#3044=CARTESIAN_POINT('',(-0.0570866141732201,0.03267716535433,0.0590551181102402));
#3045=CARTESIAN_POINT('',(0.001968503937018,0.03267716535433,0.0590551181102402));
#3046=CARTESIAN_POINT('',(-0.0385,0.0590551181102402,0.0470551181102402));
#3047=CARTESIAN_POINT('',(-0.1084251968504,0.,0.));
#3048=CARTESIAN_POINT('',(-0.1084251968504,0.00908745950890402,-0.0590551181102402));
#3049=CARTESIAN_POINT('',(-0.1407322834646,0.008,-0.0510551181102402));
#3050=CARTESIAN_POINT('',(0.0884251968503902,0.00908745950890402,-0.0590551181102402));
#3051=CARTESIAN_POINT('',(0.0884251968503902,0.00908745950890402,-0.0590551181102402));
#3052=CARTESIAN_POINT('',(0.0884251968503902,0.00908745950890402,-0.0590551181102402));
#3053=CARTESIAN_POINT('',(0.0884251968503902,0.001258369478365,-0.0746290148535799));
#3054=CARTESIAN_POINT('',(0.0884251968503902,0.001258369478365,-0.0746290148535799));
#3055=CARTESIAN_POINT('',(0.0884251968503902,0.00908745950890402,-0.0590551181102402));
#3056=CARTESIAN_POINT('',(0.0884251968503902,0.,0.));
#3057=CARTESIAN_POINT('',(0.0884251968503902,0.,-0.0799338965228));
#3058=CARTESIAN_POINT('',(0.0884251968503902,0.,-0.0799338965228));
#3059=CARTESIAN_POINT('',(0.0884251968503902,0.01181102362205,-0.0799338965228));
#3060=CARTESIAN_POINT('',(0.0884251968503902,0.00908745950890402,-0.0590551181102402));
#3061=CARTESIAN_POINT('',(0.1337322834646,0.008,0.0590551181102402));
#3062=CARTESIAN_POINT('',(0.1337322834646,0.02705511811024,-0.0590551181102402));
#3063=CARTESIAN_POINT('',(0.,0.,-0.0590551181102402));
#3064=CARTESIAN_POINT('',(-0.01,0.00908745950890402,-0.0590551181102402));
#3065=CARTESIAN_POINT('',(0.0884251968503902,0.,-0.0799338965228));
#3066=CARTESIAN_POINT('',(0.0884251968503902,0.,-0.0799338965228));
#3067=CARTESIAN_POINT('',(-0.01,0.,0.));
#3068=CARTESIAN_POINT('',(0.0884251968503902,0.01181102362205,-0.0799338965228));
#3069=CARTESIAN_POINT('',(0.,0.,0.));
#3070=(
GEOMETRIC_REPRESENTATION_CONTEXT(3)
GLOBAL_UNCERTAINTY_ASSIGNED_CONTEXT((#3072))
GLOBAL_UNIT_ASSIGNED_CONTEXT((#3076,#3075,#3074))
REPRESENTATION_CONTEXT('AYZ0102AURLC','TOP_LEVEL_ASSEMBLY_PART')
);
#3071=(
GEOMETRIC_REPRESENTATION_CONTEXT(3)
GLOBAL_UNCERTAINTY_ASSIGNED_CONTEXT((#3073))
GLOBAL_UNIT_ASSIGNED_CONTEXT((#3076,#3075,#3074))
REPRESENTATION_CONTEXT('AYZ0102AURLC_PART1','COMPONENT_PART')
);
#3072=UNCERTAINTY_MEASURE_WITH_UNIT(LENGTH_MEASURE(0.000196850393700787),
#3076,'DISTANCE_ACCURACY_VALUE','Maximum Tolerance applied to model');
#3073=UNCERTAINTY_MEASURE_WITH_UNIT(LENGTH_MEASURE(0.000196850393700787),
#3076,'DISTANCE_ACCURACY_VALUE','Maximum Tolerance applied to model');
#3074=(
NAMED_UNIT(*)
SI_UNIT($,.STERADIAN.)
SOLID_ANGLE_UNIT()
);
#3075=(
NAMED_UNIT(*)
PLANE_ANGLE_UNIT()
SI_UNIT($,.RADIAN.)
);
#3076=(
CONVERSION_BASED_UNIT('INCH',#3078)
LENGTH_UNIT()
NAMED_UNIT(#3077)
);
#3077=DIMENSIONAL_EXPONENTS(1.,0.,0.,0.,0.,0.,0.);
#3078=LENGTH_MEASURE_WITH_UNIT(LENGTH_MEASURE(25.4),#3079);
#3079=(
LENGTH_UNIT()
NAMED_UNIT(*)
SI_UNIT(.MILLI.,.METRE.)
);
#3080=PRODUCT_DEFINITION_SHAPE('','',#3083);
#3081=PRODUCT_DEFINITION_SHAPE('','',#3084);
#3082=PRODUCT_DEFINITION_SHAPE(' ','NAUO PRDDFN',#19);
#3083=PRODUCT_DEFINITION('','',#3087,#3085);
#3084=PRODUCT_DEFINITION('','',#3088,#3086);
#3085=PRODUCT_DEFINITION_CONTEXT('',#3098,'design');
#3086=PRODUCT_DEFINITION_CONTEXT('',#3098,'design');
#3087=PRODUCT_DEFINITION_FORMATION_WITH_SPECIFIED_SOURCE('','',#3091,
 .NOT_KNOWN.);
#3088=PRODUCT_DEFINITION_FORMATION_WITH_SPECIFIED_SOURCE('','',#3092,
 .NOT_KNOWN.);
#3089=PRODUCT_RELATED_PRODUCT_CATEGORY('','',(#3091));
#3090=PRODUCT_RELATED_PRODUCT_CATEGORY('','',(#3092));
#3091=PRODUCT('AYZ0102AURLC','AYZ0102AURLC','AYZ0102AURLC',(#3095));
#3092=PRODUCT('AYZ0102AURLC_PART1','AYZ0102AURLC_PART1',
'AYZ0102AURLC_PART1',(#3096));
#3093=PRODUCT_CATEGORY('','');
#3094=PRODUCT_CATEGORY('','');
#3095=PRODUCT_CONTEXT('',#3098,'mechanical');
#3096=PRODUCT_CONTEXT('',#3098,'mechanical');
#3097=APPLICATION_PROTOCOL_DEFINITION('international standard',
'automotive_design',2010,#3098);
#3098=APPLICATION_CONTEXT(
'core data for automotive mechanical design processes');
ENDSEC;
END-ISO-10303-21;
