ISO-10303-21;
HEADER;
FILE_DESCRIPTION (( 'STEP AP214' ),
    '1' );
FILE_NAME ('ECS-327ATQ2520MV-BS-TR.STEP',
    '2024-05-10T07:48:49',
    ( '' ),
    ( '' ),
    'SwSTEP 2.0',
    'SolidWorks 2016',
    '' );
FILE_SCHEMA (( 'AUTOMOTIVE_DESIGN' ));
ENDSEC;

DATA;
#1 =( LENGTH_UNIT ( ) NAMED_UNIT ( * ) SI_UNIT ( .MILLI., .METRE. ) );
#2 = CARTESIAN_POINT ( 'NONE',  ( 1.160000000000000100, 0.7399999999999999900, -0.7599999999999986800 ) ) ;
#3 = STYLED_ITEM ( 'NONE', ( #3863 ), #1359 ) ;
#4 = ADVANCED_FACE ( 'NONE', ( #1894 ), #1551, .T. ) ;
#5 = VECTOR ( 'NONE', #1739, 1000.000000000000000 ) ;
#6 = DIRECTION ( 'NONE',  ( 1.000000000000000000, 0.0000000000000000000, -0.0000000000000000000 ) ) ;
#7 = B_SPLINE_CURVE_WITH_KNOTS ( 'NONE', 3,
 ( #1346, #520, #4558, #6066, #5047, #5587, #2996, #3553, #500, #5564, #4539, #1492, #1452, #2023, #4602, #2508 ),
 .UNSPECIFIED., .F., .F.,
 ( 4, 3, 3, 3, 3, 4 ),
 ( 0.0000000000000000000, 3.017290259411037800E-006, 6.025562127354183300E-006, 9.161758635780317300E-006, 1.268142184836579000E-005, 1.723054838532431500E-005 ),
 .UNSPECIFIED. ) ;
#8 = VECTOR ( 'NONE', #2451, 1000.000000000000000 ) ;
#9 = CARTESIAN_POINT ( 'NONE',  ( -1.099000000000000000, 0.7810000000000000300, 0.7600000000000006800 ) ) ;
#10 = ORIENTED_EDGE ( 'NONE', *, *, #1827, .F. ) ;
#11 = CARTESIAN_POINT ( 'NONE',  ( -1.019999999999998200, 0.6500000000000000200, 0.9600000000000006300 ) ) ;
#12 = SURFACE_STYLE_USAGE ( .BOTH. , #3051 ) ;
#13 = VECTOR ( 'NONE', #1204, 1000.000000000000000 ) ;
#14 = EDGE_CURVE ( 'NONE', #2828, #5774, #1733, .T. ) ;
#15 = CYLINDRICAL_SURFACE ( 'NONE', #2842, 0.1010000000000000800 ) ;
#16 = CARTESIAN_POINT ( 'NONE',  ( -0.2000000000000000100, 0.5999999999999999800, 0.9999999999999997800 ) ) ;
#17 = FACE_OUTER_BOUND ( 'NONE', #4431, .T. ) ;
#18 = DIRECTION ( 'NONE',  ( 0.0000000000000000000, 0.0000000000000000000, 1.000000000000000000 ) ) ;
#19 = EDGE_CURVE ( 'NONE', #423, #2235, #231, .T. ) ;
#20 = PRESENTATION_STYLE_ASSIGNMENT (( #4673 ) ) ;
#21 = AXIS2_PLACEMENT_3D ( 'NONE', #4227, #6121, #154 ) ;
#22 = FILL_AREA_STYLE_COLOUR ( '', #1356 ) ;
#23 = ORIENTED_EDGE ( 'NONE', *, *, #2678, .T. ) ;
#24 = CARTESIAN_POINT ( 'NONE',  ( 1.149747791975697300, 0.5836046093962833400, 0.9997485013843040400 ) ) ;
#25 = DIRECTION ( 'NONE',  ( -0.7540815958863055200, 0.0000000000000000000, 0.6567807448042021200 ) ) ;
#26 = VECTOR ( 'NONE', #3819, 1000.000000000000000 ) ;
#27 = ORIENTED_EDGE ( 'NONE', *, *, #2678, .F. ) ;
#28 = ORIENTED_EDGE ( 'NONE', *, *, #2340, .T. ) ;
#29 = AXIS2_PLACEMENT_3D ( 'NONE', #3470, #400, #3973 ) ;
#30 = CARTESIAN_POINT ( 'NONE',  ( 1.230000000000000400, 0.0000000000000000000, 0.8812545287231550200 ) ) ;
#31 = VECTOR ( 'NONE', #1388, 1000.000000000000000 ) ;
#32 = SURFACE_SIDE_STYLE ('',( #3228 ) ) ;
#33 = DIRECTION ( 'NONE',  ( 0.0000000000000000000, 1.000000000000000000, 0.0000000000000000000 ) ) ;
#34 = FILL_AREA_STYLE ('',( #2545 ) ) ;
#35 = EDGE_CURVE ( 'NONE', #107, #1939, #519, .T. ) ;
#36 = DIRECTION ( 'NONE',  ( 0.0000000000000000000, 0.0000000000000000000, -1.000000000000000000 ) ) ;
#37 = PLANE ( 'NONE',  #5440 ) ;
#38 = EDGE_CURVE ( 'NONE', #1550, #5470, #4201, .T. ) ;
#39 = VERTEX_POINT ( 'NONE', #3098 ) ;
#40 = CARTESIAN_POINT ( 'NONE',  ( -1.019999999999999800, 0.7810000000000000300, -0.7599999999999996800 ) ) ;
#41 = CARTESIAN_POINT ( 'NONE',  ( -1.250000000000000200, 0.0000000000000000000, 1.000000000000000000 ) ) ;
#42 = ADVANCED_FACE ( 'NONE', ( #3420 ), #538, .T. ) ;
#43 = PRESENTATION_STYLE_ASSIGNMENT (( #2218 ) ) ;
#44 = AXIS2_PLACEMENT_3D ( 'NONE', #490, #973, #4575 ) ;
#45 = VECTOR ( 'NONE', #3971, 1000.000000000000000 ) ;
#46 = ORIENTED_EDGE ( 'NONE', *, *, #5086, .T. ) ;
#47 =( LENGTH_UNIT ( ) NAMED_UNIT ( * ) SI_UNIT ( .MILLI., .METRE. ) );
#48 = B_SPLINE_CURVE_WITH_KNOTS ( 'NONE', 3,
 ( #2593, #4152, #1183, #4813, #2224, #5789, #1754, #1729, #2273, #731, #269, #1780, #2774, #684, #3322, #4252, #4302, #2710, #6266 ),
 .UNSPECIFIED., .F., .F.,
 ( 4, 3, 3, 3, 3, 3, 4 ),
 ( -9.008267259519095800E-007, -2.117582368135750800E-022, 7.531616806639421100E-006, 1.780571780281506700E-005, 2.546810297927925600E-005, 3.080809392562191200E-005, 3.619608820257731900E-005 ),
 .UNSPECIFIED. ) ;
#49 = VECTOR ( 'NONE', #3050, 1000.000000000000100 ) ;
#50 = FILL_AREA_STYLE_COLOUR ( '', #5450 ) ;
#51 =( LENGTH_UNIT ( ) NAMED_UNIT ( * ) SI_UNIT ( .MILLI., .METRE. ) );
#52 = DIRECTION ( 'NONE',  ( 0.0000000000000000000, 1.000000000000000000, 0.0000000000000000000 ) ) ;
#53 = CARTESIAN_POINT ( 'NONE',  ( 0.0007988165680478640000, 0.3300000000000000200, -0.0009171597633142134500 ) ) ;
#54 = ORIENTED_EDGE ( 'NONE', *, *, #4250, .T. ) ;
#55 = FILL_AREA_STYLE ('',( #2541 ) ) ;
#56 = COLOUR_RGB ( '',1.000000000000000000, 0.8823529411764705600, 0.3764705882352941100 ) ;
#57 = DIRECTION ( 'NONE',  ( 1.000000000000000000, 0.0000000000000000000, 0.0000000000000000000 ) ) ;
#58 = FILL_AREA_STYLE ('',( #1462 ) ) ;
#59 =( NAMED_UNIT ( * ) PLANE_ANGLE_UNIT ( ) SI_UNIT ( $, .RADIAN. ) );
#60 = PLANE ( 'NONE',  #3490 ) ;
#61 = EDGE_LOOP ( 'NONE', ( #6233, #3243, #517, #2694, #582, #828, #646, #4356, #6409 ) ) ;
#62 = EDGE_LOOP ( 'NONE', ( #4120, #3512, #1174, #6055 ) ) ;
#63 = DIRECTION ( 'NONE',  ( -1.000000000000000000, 0.0000000000000000000, 0.0000000000000000000 ) ) ;
#64 = DIRECTION ( 'NONE',  ( 3.285461128743952300E-014, 0.0000000000000000000, 1.000000000000000000 ) ) ;
#65 = DIRECTION ( 'NONE',  ( 0.0000000000000000000, 0.0000000000000000000, -1.000000000000000000 ) ) ;
#66 = EDGE_CURVE ( 'NONE', #6455, #4176, #2456, .T. ) ;
#67 = STYLED_ITEM ( 'NONE', ( #962 ), #5074 ) ;
#68 = EDGE_LOOP ( 'NONE', ( #6475, #1059, #3347, #2892, #4782, #547, #2874, #3028 ) ) ;
#69 = DIRECTION ( 'NONE',  ( 0.0000000000000000000, -1.000000000000000000, 0.0000000000000000000 ) ) ;
#70 = ORIENTED_EDGE ( 'NONE', *, *, #4617, .F. ) ;
#71 = LINE ( 'NONE', #5934, #3901 ) ;
#72 = SURFACE_SIDE_STYLE ('',( #486 ) ) ;
#73 = CARTESIAN_POINT ( 'NONE',  ( -1.150012027729478300, 0.5889175963759920600, -0.9980392973783140900 ) ) ;
#74 = ORIENTED_EDGE ( 'NONE', *, *, #14, .F. ) ;
#75 = ADVANCED_FACE ( 'NONE', ( #5711 ), #3154, .T. ) ;
#76 = SURFACE_SIDE_STYLE ('',( #3770 ) ) ;
#77 =( LENGTH_UNIT ( ) NAMED_UNIT ( * ) SI_UNIT ( .MILLI., .METRE. ) );
#78 = SURFACE_SIDE_STYLE ('',( #1628 ) ) ;
#79 = FILL_AREA_STYLE_COLOUR ( '', #2582 ) ;
#80 = CARTESIAN_POINT ( 'NONE',  ( -1.250000000000000400, 0.02000000000000005200, 0.8986738835618647300 ) ) ;
#81 = AXIS2_PLACEMENT_3D ( 'NONE', #1076, #4122, #1054 ) ;
#82 = ORIENTED_EDGE ( 'NONE', *, *, #3562, .T. ) ;
#83 = PRESENTATION_STYLE_ASSIGNMENT (( #836 ) ) ;
#84 = DIRECTION ( 'NONE',  ( 0.0000000000000000000, 1.000000000000000000, -0.0000000000000000000 ) ) ;
#85 = LINE ( 'NONE', #2144, #2626 ) ;
#86 = MECHANICAL_DESIGN_GEOMETRIC_PRESENTATION_REPRESENTATION (  '', ( #2471 ), #3020 ) ;
#87 = VERTEX_POINT ( 'NONE', #5145 ) ;
#88 = VERTEX_POINT ( 'NONE', #3634 ) ;
#89 = FACE_OUTER_BOUND ( 'NONE', #2700, .T. ) ;
#90 = STYLED_ITEM ( 'NONE', ( #1064 ), #4077 ) ;
#91 = VERTEX_POINT ( 'NONE', #5166 ) ;
#92 = CARTESIAN_POINT ( 'NONE',  ( 0.1838318029675644900, 0.7393027692860877400, 0.9036685806034781000 ) ) ;
#93 = UNCERTAINTY_MEASURE_WITH_UNIT (LENGTH_MEASURE( 1.000000000000000100E-005 ), #1819, 'distance_accuracy_value', 'NONE');
#94 = CARTESIAN_POINT ( 'NONE',  ( -1.150004343749109600, 0.5868148135681098300, -0.9989340835037917600 ) ) ;
#95 = VERTEX_POINT ( 'NONE', #1181 ) ;
#96 = DIRECTION ( 'NONE',  ( 0.0000000000000000000, 0.0000000000000000000, -1.000000000000000000 ) ) ;
#97 = CIRCLE ( 'NONE', #4838, 0.04999999999999991300 ) ;
#98 =( GEOMETRIC_REPRESENTATION_CONTEXT ( 3 ) GLOBAL_UNCERTAINTY_ASSIGNED_CONTEXT ( ( #4952 ) ) GLOBAL_UNIT_ASSIGNED_CONTEXT ( ( #6441, #829, #3415 ) ) REPRESENTATION_CONTEXT ( 'NONE', 'WORKASPACE' ) );
#99 = PRESENTATION_STYLE_ASSIGNMENT (( #3216 ) ) ;
#100 = FILL_AREA_STYLE_COLOUR ( '', #3767 ) ;
#101 = SURFACE_STYLE_FILL_AREA ( #4456 ) ;
#102 = LINE ( 'NONE', #1190, #5758 ) ;
#103 =( NAMED_UNIT ( * ) SI_UNIT ( $, .STERADIAN. ) SOLID_ANGLE_UNIT ( ) );
#104 = VECTOR ( 'NONE', #69, 1000.000000000000000 ) ;
#105 = CARTESIAN_POINT ( 'NONE',  ( 0.0000000000000000000, 0.0000000000000000000, 0.0000000000000000000 ) ) ;
#106 = COLOUR_RGB ( '',1.000000000000000000, 0.8823529411764705600, 0.3764705882352941100 ) ;
#107 = VERTEX_POINT ( 'NONE', #4659 ) ;
#108 = SURFACE_STYLE_USAGE ( .BOTH. , #1602 ) ;
#109 = CARTESIAN_POINT ( 'NONE',  ( 1.119000000000000200, 0.7409999999999999900, 0.7600000000000003400 ) ) ;
#110 = DIRECTION ( 'NONE',  ( 0.0000000000000000000, 0.0000000000000000000, -1.000000000000000000 ) ) ;
#111 = ADVANCED_FACE ( 'NONE', ( #6428 ), #1817, .T. ) ;
#112 = CARTESIAN_POINT ( 'NONE',  ( 1.230458463371471000, 0.5999960550450437200, 0.8820663530407874000 ) ) ;
#113 = ORIENTED_EDGE ( 'NONE', *, *, #986, .F. ) ;
#114 = ORIENTED_EDGE ( 'NONE', *, *, #1946, .F. ) ;
#115 = CARTESIAN_POINT ( 'NONE',  ( 0.7750000000000001300, 0.3300000000000000200, -0.3250000000000001800 ) ) ;
#116 = EDGE_CURVE ( 'NONE', #2380, #1732, #5551, .T. ) ;
#117 = CARTESIAN_POINT ( 'NONE',  ( 0.0000000000000000000, 0.3310000000000000200, 0.9009999999999999100 ) ) ;
#118 = STYLED_ITEM ( 'NONE', ( #4072 ), #5461 ) ;
#119 = PRESENTATION_LAYER_ASSIGNMENT (  '', '', ( #252 ) ) ;
#120 = CARTESIAN_POINT ( 'NONE',  ( 0.1864225533919484600, 0.7364261303448219600, 0.9077260824713395700 ) ) ;
#121 =( NAMED_UNIT ( * ) PLANE_ANGLE_UNIT ( ) SI_UNIT ( $, .RADIAN. ) );
#122 = DIRECTION ( 'NONE',  ( 0.0000000000000000000, -0.0000000000000000000, -1.000000000000000000 ) ) ;
#123 = ORIENTED_EDGE ( 'NONE', *, *, #1363, .T. ) ;
#124 = CARTESIAN_POINT ( 'NONE',  ( -1.131872509846240800, 0.5999999999999999800, 0.9802291036289665400 ) ) ;
#125 = PRESENTATION_STYLE_ASSIGNMENT (( #2864 ) ) ;
#126 = DIRECTION ( 'NONE',  ( 0.0000000000000000000, 0.0000000000000000000, -1.000000000000000000 ) ) ;
#127 = VERTEX_POINT ( 'NONE', #2243 ) ;
#128 = DIRECTION ( 'NONE',  ( 0.0000000000000000000, 0.0000000000000000000, -1.000000000000000000 ) ) ;
#129 = DIRECTION ( 'NONE',  ( -0.7540815958863055200, 0.0000000000000000000, -0.6567807448042022300 ) ) ;
#130 = CARTESIAN_POINT ( 'NONE',  ( -1.019999999999999800, 0.5999999999999999800, 0.7600000000000006800 ) ) ;
#131 = CIRCLE ( 'NONE', #877, 0.1000000000000001600 ) ;
#132 = DIRECTION ( 'NONE',  ( 1.000000000000000000, 0.0000000000000000000, 0.0000000000000000000 ) ) ;
#133 = CARTESIAN_POINT ( 'NONE',  ( -1.019999999999998700, 0.6500000000000000200, 0.9100000000000007000 ) ) ;
#134 = EDGE_CURVE ( 'NONE', #6272, #6076, #1641, .T. ) ;
#135 = CARTESIAN_POINT ( 'NONE',  ( -0.4740000000000001400, 0.3310000000000000200, 0.0000000000000000000 ) ) ;
#136 = CARTESIAN_POINT ( 'NONE',  ( 0.1877553417177555400, 0.7299999999999999800, 0.9100000000000004800 ) ) ;
#137 = CARTESIAN_POINT ( 'NONE',  ( 1.248174574871135000, 0.5885003707310453300, 0.8981880016080588900 ) ) ;
#138 = MECHANICAL_DESIGN_GEOMETRIC_PRESENTATION_REPRESENTATION (  '', ( #1229 ), #2398 ) ;
#139 = UNCERTAINTY_MEASURE_WITH_UNIT (LENGTH_MEASURE( 1.000000000000000100E-005 ), #3212, 'distance_accuracy_value', 'NONE');
#140 = CARTESIAN_POINT ( 'NONE',  ( -1.169999999999999700, 0.6500000000000000200, 0.0000000000000000000 ) ) ;
#141 = CARTESIAN_POINT ( 'NONE',  ( 1.125514458904363300, 0.0000000000000000000, 0.9799999999999997600 ) ) ;
#142 = ORIENTED_EDGE ( 'NONE', *, *, #6487, .F. ) ;
#143 = CARTESIAN_POINT ( 'NONE',  ( -1.150424342150910400, 0.5970869817295437800, -0.9906309768352143900 ) ) ;
#144 = VECTOR ( 'NONE', #3075, 1000.000000000000000 ) ;
#145 = VERTEX_POINT ( 'NONE', #3294 ) ;
#146 = CARTESIAN_POINT ( 'NONE',  ( 0.0001420358232436459300, 0.0000000000000000000, 0.0001630781674278896300 ) ) ;
#147 = ADVANCED_FACE ( 'NONE', ( #3245 ), #6240, .T. ) ;
#148 = EDGE_CURVE ( 'NONE', #145, #2803, #1069, .T. ) ;
#149 = CARTESIAN_POINT ( 'NONE',  ( -1.150000000000000100, 0.0000000000000000000, -0.3250000000000001800 ) ) ;
#150 = ORIENTED_EDGE ( 'NONE', *, *, #5026, .F. ) ;
#151 = ORIENTED_EDGE ( 'NONE', *, *, #3675, .F. ) ;
#152 = VERTEX_POINT ( 'NONE', #6338 ) ;
#153 = CARTESIAN_POINT ( 'NONE',  ( -1.169999999999999700, 0.6500000000000000200, -0.7599999999999986800 ) ) ;
#154 = DIRECTION ( 'NONE',  ( -1.000000000000000000, 0.0000000000000000000, -1.084202172485501600E-014 ) ) ;
#155 = DIRECTION ( 'NONE',  ( 0.7540815958863055200, 0.0000000000000000000, 0.6567807448042022300 ) ) ;
#156 = EDGE_CURVE ( 'NONE', #2399, #2660, #6571, .T. ) ;
#157 = CARTESIAN_POINT ( 'NONE',  ( -1.169999999999999700, 0.7399999999999999900, 0.7599999999999995600 ) ) ;
#158 = CARTESIAN_POINT ( 'NONE',  ( 1.249999999999999800, 0.0000000000000000000, 0.8999999999999998000 ) ) ;
#159 = VERTEX_POINT ( 'NONE', #2709 ) ;
#160 = CARTESIAN_POINT ( 'NONE',  ( 0.1876662030343196300, 0.7320884463598766900, -0.9098437181040131000 ) ) ;
#161 = CARTESIAN_POINT ( 'NONE',  ( 1.230000000000000000, 0.5999999999999999800, 0.9599999999999999600 ) ) ;
#162 = EDGE_CURVE ( 'NONE', #3321, #4401, #5704, .T. ) ;
#163 =( GEOMETRIC_REPRESENTATION_CONTEXT ( 3 ) GLOBAL_UNCERTAINTY_ASSIGNED_CONTEXT ( ( #1846 ) ) GLOBAL_UNIT_ASSIGNED_CONTEXT ( ( #4688, #1617, #3661 ) ) REPRESENTATION_CONTEXT ( 'NONE', 'WORKASPACE' ) );
#164 = LINE ( 'NONE', #3472, #4390 ) ;
#165 = ORIENTED_EDGE ( 'NONE', *, *, #1540, .T. ) ;
#166 = ORIENTED_EDGE ( 'NONE', *, *, #1977, .T. ) ;
#167 = CARTESIAN_POINT ( 'NONE',  ( 0.4750000000000002600, 0.3300000000000000200, 4.478226364614045000E-017 ) ) ;
#168 = FILL_AREA_STYLE_COLOUR ( '', #5834 ) ;
#169 = ORIENTED_EDGE ( 'NONE', *, *, #289, .F. ) ;
#170 = CARTESIAN_POINT ( 'NONE',  ( -1.151000000000000200, 0.3310000000000000200, -0.3240000000000001800 ) ) ;
#171 = EDGE_CURVE ( 'NONE', #3653, #3164, #4031, .T. ) ;
#172 = ORIENTED_EDGE ( 'NONE', *, *, #944, .T. ) ;
#173 = PRESENTATION_STYLE_ASSIGNMENT (( #4535 ) ) ;
#174 = DIRECTION ( 'NONE',  ( 0.0000000000000000000, -0.0000000000000000000, -1.000000000000000000 ) ) ;
#175 =( LENGTH_UNIT ( ) NAMED_UNIT ( * ) SI_UNIT ( .MILLI., .METRE. ) );
#176 = LINE ( 'NONE', #3002, #6383 ) ;
#177 = UNCERTAINTY_MEASURE_WITH_UNIT (LENGTH_MEASURE( 1.000000000000000100E-005 ), #1094, 'distance_accuracy_value', 'NONE');
#178 = LINE ( 'NONE', #2650, #5746 ) ;
#179 = PRESENTATION_LAYER_ASSIGNMENT (  '', '', ( #1751 ) ) ;
#180 = DIRECTION ( 'NONE',  ( -0.0000000000000000000, -0.0000000000000000000, 1.000000000000000000 ) ) ;
#181 = VECTOR ( 'NONE', #3979, 1000.000000000000000 ) ;
#182 = ORIENTED_EDGE ( 'NONE', *, *, #1790, .T. ) ;
#183 = SURFACE_SIDE_STYLE ('',( #5154 ) ) ;
#184 = ADVANCED_FACE ( 'NONE', ( #5543 ), #2452, .T. ) ;
#185 = DIRECTION ( 'NONE',  ( 1.000000000000000000, -0.0000000000000000000, 0.0000000000000000000 ) ) ;
#186 = STYLED_ITEM ( 'NONE', ( #2108 ), #1018 ) ;
#187 = VECTOR ( 'NONE', #5914, 1000.000000000000000 ) ;
#188 = ORIENTED_EDGE ( 'NONE', *, *, #5629, .F. ) ;
#189 =( LENGTH_UNIT ( ) NAMED_UNIT ( * ) SI_UNIT ( .MILLI., .METRE. ) );
#190 = DIRECTION ( 'NONE',  ( 0.0000000000000000000, -0.0000000000000000000, 1.000000000000000000 ) ) ;
#191 = STYLED_ITEM ( 'NONE', ( #3162 ), #3705 ) ;
#192 = CARTESIAN_POINT ( 'NONE',  ( 0.0000000000000000000, 0.3310000000000000200, 0.9009999999999999100 ) ) ;
#193 = CARTESIAN_POINT ( 'NONE',  ( -1.241179047312412200, 0.5968159657641407500, 0.8915195137734993600 ) ) ;
#194 = AXIS2_PLACEMENT_3D ( 'NONE', #4842, #3782, #312 ) ;
#195 = LINE ( 'NONE', #5613, #2012 ) ;
#196 = LINE ( 'NONE', #6592, #5674 ) ;
#197 = ORIENTED_EDGE ( 'NONE', *, *, #4564, .T. ) ;
#198 = DIRECTION ( 'NONE',  ( 0.0000000000000000000, 0.0000000000000000000, 1.000000000000000000 ) ) ;
#199 = COLOUR_RGB ( '',1.000000000000000000, 0.8823529411764705600, 0.3764705882352941100 ) ;
#200 = DIRECTION ( 'NONE',  ( 0.0000000000000000000, -1.000000000000000000, 0.0000000000000000000 ) ) ;
#201 = DIRECTION ( 'NONE',  ( -1.084202172485504400E-016, 0.0000000000000000000, -1.000000000000000000 ) ) ;
#202 = FACE_OUTER_BOUND ( 'NONE', #994, .T. ) ;
#203 = AXIS2_PLACEMENT_3D ( 'NONE', #1560, #5133, #3645 ) ;
#204 = DIRECTION ( 'NONE',  ( -0.0000000000000000000, -1.000000000000000000, -0.0000000000000000000 ) ) ;
#205 = VERTEX_POINT ( 'NONE', #3776 ) ;
#206 = DIRECTION ( 'NONE',  ( -0.0000000000000000000, -1.000000000000000000, 0.0000000000000000000 ) ) ;
#207 = CARTESIAN_POINT ( 'NONE',  ( 0.9116385613682934700, 0.7910000000000000400, -0.6469271944712617900 ) ) ;
#208 = CARTESIAN_POINT ( 'NONE',  ( 0.09999999999999929800, 0.5999999999999999800, 0.8599999999999999900 ) ) ;
#209 =( NAMED_UNIT ( * ) PLANE_ANGLE_UNIT ( ) SI_UNIT ( $, .RADIAN. ) );
#210 = ORIENTED_EDGE ( 'NONE', *, *, #910, .F. ) ;
#211 = EDGE_CURVE ( 'NONE', #5483, #5724, #6494, .T. ) ;
#212 = CARTESIAN_POINT ( 'NONE',  ( 1.148477421867325900, 0.3310000000000000200, 0.9999999999999995600 ) ) ;
#213 = MECHANICAL_DESIGN_GEOMETRIC_PRESENTATION_REPRESENTATION (  '', ( #6252 ), #666 ) ;
#214 =( LENGTH_UNIT ( ) NAMED_UNIT ( * ) SI_UNIT ( .MILLI., .METRE. ) );
#215 = CARTESIAN_POINT ( 'NONE',  ( -1.230458463371471000, 0.5999960550450437200, 0.8820663530407875100 ) ) ;
#216 =( NAMED_UNIT ( * ) SI_UNIT ( $, .STERADIAN. ) SOLID_ANGLE_UNIT ( ) );
#217 = DIRECTION ( 'NONE',  ( -1.000000000000000000, 0.0000000000000000000, -2.065146995210484900E-016 ) ) ;
#218 = ADVANCED_FACE ( 'NONE', ( #6348 ), #2271, .F. ) ;
#219 = AXIS2_PLACEMENT_3D ( 'NONE', #2984, #6101, #4062 ) ;
#220 = VECTOR ( 'NONE', #2959, 1000.000000000000000 ) ;
#221 =( NAMED_UNIT ( * ) PLANE_ANGLE_UNIT ( ) SI_UNIT ( $, .RADIAN. ) );
#222 = STYLED_ITEM ( 'NONE', ( #3701 ), #497 ) ;
#223 = B_SPLINE_CURVE_WITH_KNOTS ( 'NONE', 3,
 ( #4480, #1390, #864, #2918, #4458, #4956, #1903, #2896, #5968, #383, #5488, #6031, #4970, #6450, #356, #3205, #2287, #5867, #5320 ),
 .UNSPECIFIED., .F., .F.,
 ( 4, 3, 3, 3, 3, 3, 4 ),
 ( -9.008267259519796700E-007, 0.0000000000000000000, 7.531616806639987800E-006, 1.780571780281528100E-005, 2.546810297927913700E-005, 3.080809392562179100E-005, 3.619608820257718300E-005 ),
 .UNSPECIFIED. ) ;
#224 = ORIENTED_EDGE ( 'NONE', *, *, #4875, .F. ) ;
#225 = LINE ( 'NONE', #5358, #6419 ) ;
#226 = DIRECTION ( 'NONE',  ( 0.0000000000000000000, 0.0000000000000000000, 1.000000000000000000 ) ) ;
#227 = PLANE ( 'NONE',  #2562 ) ;
#228 =( GEOMETRIC_REPRESENTATION_CONTEXT ( 3 ) GLOBAL_UNCERTAINTY_ASSIGNED_CONTEXT ( ( #5264 ) ) GLOBAL_UNIT_ASSIGNED_CONTEXT ( ( #2468, #5981, #2924 ) ) REPRESENTATION_CONTEXT ( 'NONE', 'WORKASPACE' ) );
#229 = CARTESIAN_POINT ( 'NONE',  ( 1.249999999999999800, 0.3310000000000000200, -0.8999999999999996900 ) ) ;
#230 = ORIENTED_EDGE ( 'NONE', *, *, #2493, .F. ) ;
#231 = LINE ( 'NONE', #5710, #5886 ) ;
#232 = SURFACE_SIDE_STYLE ('',( #4336 ) ) ;
#233 = AXIS2_PLACEMENT_3D ( 'NONE', #1396, #2431, #953 ) ;
#234 =( LENGTH_UNIT ( ) NAMED_UNIT ( * ) SI_UNIT ( .MILLI., .METRE. ) );
#235 = CARTESIAN_POINT ( 'NONE',  ( -1.250000000000000200, 0.5799999999999998500, 0.8999999999999999100 ) ) ;
#236 = SURFACE_STYLE_USAGE ( .BOTH. , #4775 ) ;
#237 = VERTEX_POINT ( 'NONE', #1270 ) ;
#238 = CARTESIAN_POINT ( 'NONE',  ( 1.160000000000000100, 0.7399999999999999900, -0.7599999999999987900 ) ) ;
#239 = EDGE_CURVE ( 'NONE', #2292, #5502, #4454, .T. ) ;
#240 = FACE_OUTER_BOUND ( 'NONE', #3966, .T. ) ;
#241 = CARTESIAN_POINT ( 'NONE',  ( -0.1924795979699456000, 0.6208199376168792600, -0.9193979808467952500 ) ) ;
#242 = ORIENTED_EDGE ( 'NONE', *, *, #2065, .T. ) ;
#243 = DIRECTION ( 'NONE',  ( 6.505213034913038400E-015, 6.505213034913024200E-015, 1.000000000000000000 ) ) ;
#244 = DIRECTION ( 'NONE',  ( 0.0000000000000000000, -1.000000000000000000, 0.0000000000000000000 ) ) ;
#245 = SURFACE_SIDE_STYLE ('',( #1028 ) ) ;
#246 = EDGE_CURVE ( 'NONE', #846, #4849, #5139, .T. ) ;
#247 = CARTESIAN_POINT ( 'NONE',  ( -1.150000000000000100, 0.5999999999999999800, 0.9999999999999997800 ) ) ;
#248 = CARTESIAN_POINT ( 'NONE',  ( 1.160000000000000100, 0.7299999999999999800, 0.7599999999999992300 ) ) ;
#249 = ADVANCED_FACE ( 'NONE', ( #5633 ), #268, .T. ) ;
#250 = SURFACE_SIDE_STYLE ('',( #5270 ) ) ;
#251 = AXIS2_PLACEMENT_3D ( 'NONE', #4153, #2088, #18 ) ;
#252 = STYLED_ITEM ( 'NONE', ( #5406 ), #42 ) ;
#253 = ORIENTED_EDGE ( 'NONE', *, *, #1264, .T. ) ;
#254 =( NAMED_UNIT ( * ) PLANE_ANGLE_UNIT ( ) SI_UNIT ( $, .RADIAN. ) );
#255 =( NAMED_UNIT ( * ) SI_UNIT ( $, .STERADIAN. ) SOLID_ANGLE_UNIT ( ) );
#256 = ORIENTED_EDGE ( 'NONE', *, *, #5874, .F. ) ;
#257 = ORIENTED_EDGE ( 'NONE', *, *, #1118, .T. ) ;
#258 = CARTESIAN_POINT ( 'NONE',  ( 0.0000000000000000000, 0.0000000000000000000, 0.0000000000000000000 ) ) ;
#259 = AXIS2_PLACEMENT_3D ( 'NONE', #4189, #96, #4215 ) ;
#260 = UNCERTAINTY_MEASURE_WITH_UNIT (LENGTH_MEASURE( 1.000000000000000100E-005 ), #1412, 'distance_accuracy_value', 'NONE');
#261 = PRESENTATION_STYLE_ASSIGNMENT (( #4001 ) ) ;
#262 = VERTEX_POINT ( 'NONE', #3319 ) ;
#263 = EDGE_CURVE ( 'NONE', #5144, #5470, #225, .T. ) ;
#264 = CARTESIAN_POINT ( 'NONE',  ( -0.2000000000000000100, 0.0000000000000000000, 0.9999999999999997800 ) ) ;
#265 = CARTESIAN_POINT ( 'NONE',  ( 1.020000000000000200, 0.8010000000000000500, -0.7599999999999995600 ) ) ;
#266 = AXIS2_PLACEMENT_3D ( 'NONE', #394, #6467, #1422 ) ;
#267 = FACE_OUTER_BOUND ( 'NONE', #1999, .T. ) ;
#268 = PLANE ( 'NONE',  #5101 ) ;
#269 = CARTESIAN_POINT ( 'NONE',  ( 1.144938005273187500, 0.5935898218398360000, -0.9948205829089498100 ) ) ;
#270 = CARTESIAN_POINT ( 'NONE',  ( 1.019999999999999400, 0.8010000000000000500, 0.8390000000000005200 ) ) ;
#271 = CIRCLE ( 'NONE', #3384, 0.1000000000000001600 ) ;
#272 = FACE_OUTER_BOUND ( 'NONE', #5128, .T. ) ;
#273 =( GEOMETRIC_REPRESENTATION_CONTEXT ( 3 ) GLOBAL_UNCERTAINTY_ASSIGNED_CONTEXT ( ( #5446 ) ) GLOBAL_UNIT_ASSIGNED_CONTEXT ( ( #175, #5163, #1105 ) ) REPRESENTATION_CONTEXT ( 'NONE', 'WORKASPACE' ) );
#274 = DIRECTION ( 'NONE',  ( 0.0000000000000000000, 0.0000000000000000000, -1.000000000000000000 ) ) ;
#275 = PRESENTATION_STYLE_ASSIGNMENT (( #6543 ) ) ;
#277 = ORIENTED_EDGE ( 'NONE', *, *, #1990, .F. ) ;
#276 = FILL_AREA_STYLE ('',( #3861 ) ) ;
#278 = CARTESIAN_POINT ( 'NONE',  ( 0.2006794358023578100, 0.6006391396307211300, -0.9508392664511589000 ) ) ;
#279 = LINE ( 'NONE', #4828, #3306 ) ;
#280 = VECTOR ( 'NONE', #4360, 1000.000000000000000 ) ;
#281 = DIRECTION ( 'NONE',  ( -0.0000000000000000000, -1.000000000000000000, -0.0000000000000000000 ) ) ;
#282 = VERTEX_POINT ( 'NONE', #2390 ) ;
#283 = ORIENTED_EDGE ( 'NONE', *, *, #1897, .F. ) ;
#284 = ADVANCED_FACE ( 'NONE', ( #2762 ), #4011, .F. ) ;
#285 = PLANE ( 'NONE',  #1004 ) ;
#286 = VERTEX_POINT ( 'NONE', #6048 ) ;
#287 = CARTESIAN_POINT ( 'NONE',  ( -1.150000000000000100, -0.0000000000000000000, 0.3250000000000001800 ) ) ;
#288 = CARTESIAN_POINT ( 'NONE',  ( -0.1877553417177557400, 0.7299999999999999800, 0.9100000000000005900 ) ) ;
#289 = EDGE_CURVE ( 'NONE', #88, #4927, #603, .T. ) ;
#290 = LINE ( 'NONE', #1818, #4590 ) ;
#291 = PRESENTATION_LAYER_ASSIGNMENT (  '', '', ( #6531 ) ) ;
#292 = VERTEX_POINT ( 'NONE', #4507 ) ;
#293 = EDGE_LOOP ( 'NONE', ( #3404, #3354, #1752, #6504 ) ) ;
#294 = CARTESIAN_POINT ( 'NONE',  ( -0.0007988165680478640000, 0.3300000000000000200, -0.0009171597633142134500 ) ) ;
#295 = CARTESIAN_POINT ( 'NONE',  ( -0.1000000000000000100, 0.5999999999999999800, -0.9600000000000000800 ) ) ;
#296 = VECTOR ( 'NONE', #2497, 999.9999999999998900 ) ;
#297 = LINE ( 'NONE', #2680, #4185 ) ;
#298 = EDGE_CURVE ( 'NONE', #3321, #6103, #3548, .T. ) ;
#299 = FACE_OUTER_BOUND ( 'NONE', #3488, .T. ) ;
#300 = ORIENTED_EDGE ( 'NONE', *, *, #2216, .T. ) ;
#301 = CIRCLE ( 'NONE', #854, 0.02000000000000005200 ) ;
#302 =( GEOMETRIC_REPRESENTATION_CONTEXT ( 3 ) GLOBAL_UNCERTAINTY_ASSIGNED_CONTEXT ( ( #1089 ) ) GLOBAL_UNIT_ASSIGNED_CONTEXT ( ( #977, #4019, #2484 ) ) REPRESENTATION_CONTEXT ( 'NONE', 'WORKASPACE' ) );
#303 = EDGE_LOOP ( 'NONE', ( #5464, #4547, #114, #4316, #6234, #3473 ) ) ;
#304 = FILL_AREA_STYLE ('',( #4318 ) ) ;
#305 =( LENGTH_UNIT ( ) NAMED_UNIT ( * ) SI_UNIT ( .MILLI., .METRE. ) );
#306 = CARTESIAN_POINT ( 'NONE',  ( 1.035185185185185400, 0.0000000000000000000, 0.9000000000000000200 ) ) ;
#307 = AXIS2_PLACEMENT_3D ( 'NONE', #4195, #1649, #3239 ) ;
#308 = EDGE_LOOP ( 'NONE', ( #2028, #5798, #3695, #2372 ) ) ;
#309 = PLANE ( 'NONE',  #2369 ) ;
#310 = EDGE_LOOP ( 'NONE', ( #1786, #2873, #4407, #1294, #3225, #3312 ) ) ;
#311 = VERTEX_POINT ( 'NONE', #4572 ) ;
#312 = DIRECTION ( 'NONE',  ( 0.0000000000000000000, 0.0000000000000000000, -1.000000000000000000 ) ) ;
#313 = PRESENTATION_LAYER_ASSIGNMENT (  '', '', ( #191 ) ) ;
#314 = CARTESIAN_POINT ( 'NONE',  ( -1.125514458904363700, 0.0000000000000000000, -0.9800000000000002000 ) ) ;
#315 = ORIENTED_EDGE ( 'NONE', *, *, #3921, .F. ) ;
#316 = AXIS2_PLACEMENT_3D ( 'NONE', #4932, #378, #5443 ) ;
#317 = ORIENTED_EDGE ( 'NONE', *, *, #3481, .F. ) ;
#318 = CARTESIAN_POINT ( 'NONE',  ( -0.2000000000000000100, 0.5799999999999998500, -1.000000000000000200 ) ) ;
#319 = VERTEX_POINT ( 'NONE', #2465 ) ;
#320 = CARTESIAN_POINT ( 'NONE',  ( -1.118999999999999800, 0.8010000000000000500, -0.7599999999999991200 ) ) ;
#321 = DIRECTION ( 'NONE',  ( 0.0000000000000000000, 0.0000000000000000000, 1.000000000000000000 ) ) ;
#322 = VECTOR ( 'NONE', #2723, 1000.000000000000000 ) ;
#323 = ORIENTED_EDGE ( 'NONE', *, *, #6025, .F. ) ;
#324 = FILL_AREA_STYLE_COLOUR ( '', #785 ) ;
#325 = EDGE_CURVE ( 'NONE', #2833, #5053, #365, .T. ) ;
#326 = VECTOR ( 'NONE', #1367, 1000.000000000000000 ) ;
#327 = PRESENTATION_LAYER_ASSIGNMENT (  '', '', ( #6252 ) ) ;
#328 = PRESENTATION_LAYER_ASSIGNMENT (  '', '', ( #4353 ) ) ;
#329 = DIRECTION ( 'NONE',  ( 0.0000000000000000000, 0.0000000000000000000, 1.000000000000000000 ) ) ;
#330 = ORIENTED_EDGE ( 'NONE', *, *, #6195, .T. ) ;
#331 = TOROIDAL_SURFACE ( 'NONE', #2953, 0.1999999999999999600, 0.05000000000000000300 ) ;
#332 = ORIENTED_EDGE ( 'NONE', *, *, #2493, .T. ) ;
#333 = COLOUR_RGB ( '',1.000000000000000000, 0.8823529411764705600, 0.3764705882352941100 ) ;
#334 = CARTESIAN_POINT ( 'NONE',  ( -0.2000000000000000100, 0.5999999999999999800, 0.9999999999999997800 ) ) ;
#335 = UNCERTAINTY_MEASURE_WITH_UNIT (LENGTH_MEASURE( 1.000000000000000100E-005 ), #1327, 'distance_accuracy_value', 'NONE');
#336 = AXIS2_PLACEMENT_3D ( 'NONE', #2343, #5515, #2799 ) ;
#337 = VECTOR ( 'NONE', #3252, 1000.000000000000000 ) ;
#338 = VECTOR ( 'NONE', #5243, 1000.000000000000000 ) ;
#339 = LINE ( 'NONE', #6334, #2886 ) ;
#340 = CARTESIAN_POINT ( 'NONE',  ( -0.09999999999999940900, 0.7399999999999999900, 0.8589999999999999900 ) ) ;
#341 = DIRECTION ( 'NONE',  ( 0.0000000000000000000, 0.0000000000000000000, 1.000000000000000000 ) ) ;
#342 =( GEOMETRIC_REPRESENTATION_CONTEXT ( 3 ) GLOBAL_UNCERTAINTY_ASSIGNED_CONTEXT ( ( #5403 ) ) GLOBAL_UNIT_ASSIGNED_CONTEXT ( ( #1811, #2867, #255 ) ) REPRESENTATION_CONTEXT ( 'NONE', 'WORKASPACE' ) );
#343 = ADVANCED_FACE ( 'NONE', ( #984 ), #5942, .F. ) ;
#344 = LINE ( 'NONE', #5878, #3858 ) ;
#345 = ORIENTED_EDGE ( 'NONE', *, *, #2969, .F. ) ;
#346 = DIRECTION ( 'NONE',  ( -0.0000000000000000000, -1.000000000000000000, -0.0000000000000000000 ) ) ;
#347 = CARTESIAN_POINT ( 'NONE',  ( 1.148477421867326600, 0.0000000000000000000, -0.9799999999999999800 ) ) ;
#348 = VECTOR ( 'NONE', #862, 1000.000000000000000 ) ;
#349 = AXIS2_PLACEMENT_3D ( 'NONE', #5222, #5248, #1234 ) ;
#350 = VECTOR ( 'NONE', #5645, 1000.000000000000000 ) ;
#351 = CARTESIAN_POINT ( 'NONE',  ( 1.250000000000000200, 0.3300000000000000200, 1.000000000000000000 ) ) ;
#352 = VERTEX_POINT ( 'NONE', #952 ) ;
#353 = CYLINDRICAL_SURFACE ( 'NONE', #5049, 0.09900000000000013000 ) ;
#354 = CARTESIAN_POINT ( 'NONE',  ( -1.230000000000000400, 0.0000000000000000000, 0.8812545287231550200 ) ) ;
#355 = EDGE_CURVE ( 'NONE', #107, #4626, #5793, .T. ) ;
#356 = CARTESIAN_POINT ( 'NONE',  ( 1.248837809211730000, 0.5869356331318318400, -0.8988434798942560600 ) ) ;
#357 = ORIENTED_EDGE ( 'NONE', *, *, #1746, .T. ) ;
#358 = CARTESIAN_POINT ( 'NONE',  ( -0.1864692441929112500, 0.7363729546130400900, 0.9077976541764891700 ) ) ;
#359 = EDGE_CURVE ( 'NONE', #4242, #1830, #3062, .T. ) ;
#360 = CYLINDRICAL_SURFACE ( 'NONE', #1045, 0.1499999999999999700 ) ;
#361 = EDGE_LOOP ( 'NONE', ( #3572, #2667, #2795, #1037 ) ) ;
#362 = SURFACE_STYLE_USAGE ( .BOTH. , #2459 ) ;
#363 = CARTESIAN_POINT ( 'NONE',  ( -0.1953119037893089600, 0.6126937398133561800, 0.9262678514956398400 ) ) ;
#364 = CARTESIAN_POINT ( 'NONE',  ( 1.250000000000000200, 0.3310000000000000200, 0.8986738835618647300 ) ) ;
#365 = LINE ( 'NONE', #432, #912 ) ;
#366 = VECTOR ( 'NONE', #4754, 1000.000000000000000 ) ;
#367 = DIRECTION ( 'NONE',  ( -0.0000000000000000000, 0.0000000000000000000, 1.000000000000000000 ) ) ;
#368 =( NAMED_UNIT ( * ) PLANE_ANGLE_UNIT ( ) SI_UNIT ( $, .RADIAN. ) );
#369 = DIRECTION ( 'NONE',  ( -0.0000000000000000000, -1.000000000000000000, -0.0000000000000000000 ) ) ;
#370 = CARTESIAN_POINT ( 'NONE',  ( 1.250000000000000200, 0.3310000000000000200, 1.000000000000000000 ) ) ;
#371 = ORIENTED_EDGE ( 'NONE', *, *, #6303, .T. ) ;
#372 = VERTEX_POINT ( 'NONE', #425 ) ;
#373 = CARTESIAN_POINT ( 'NONE',  ( 1.020000000000000200, 0.7299999999999999800, -0.7599999999999995600 ) ) ;
#374 = ADVANCED_FACE ( 'NONE', ( #6173 ), #5059, .T. ) ;
#375 = PRODUCT ( 'ECS-327ATQ2520MV-BS-TR', 'ECS-327ATQ2520MV-BS-TR', '', ( #740 ) ) ;
#376 = EDGE_CURVE ( 'NONE', #3467, #4242, #2590, .T. ) ;
#377 = EDGE_LOOP ( 'NONE', ( #5869, #4693, #5165, #3577 ) ) ;
#378 = DIRECTION ( 'NONE',  ( 0.0000000000000000000, 1.000000000000000000, -0.0000000000000000000 ) ) ;
#379 = ORIENTED_EDGE ( 'NONE', *, *, #3562, .F. ) ;
#380 = EDGE_CURVE ( 'NONE', #2634, #1480, #6341, .T. ) ;
#381 = AXIS2_PLACEMENT_3D ( 'NONE', #3685, #4232, #3257 ) ;
#382 = EDGE_LOOP ( 'NONE', ( #4682, #3125, #5525, #866 ) ) ;
#383 = CARTESIAN_POINT ( 'NONE',  ( 1.243262510529349100, 0.5949701641728490900, -0.8934753648446198700 ) ) ;
#384 = DIRECTION ( 'NONE',  ( 0.0000000000000000000, 0.0000000000000000000, -1.000000000000000000 ) ) ;
#385 = ORIENTED_EDGE ( 'NONE', *, *, #798, .F. ) ;
#386 = CARTESIAN_POINT ( 'NONE',  ( 1.250000000000000200, 0.5999999999999999800, -1.000000000000000000 ) ) ;
#387 = PRESENTATION_LAYER_ASSIGNMENT (  '', '', ( #4701 ) ) ;
#388 = DIRECTION ( 'NONE',  ( -1.000000000000000000, 0.0000000000000000000, 0.0000000000000000000 ) ) ;
#389 = EDGE_LOOP ( 'NONE', ( #2064, #4058, #2027, #729, #3842, #1791, #6533, #2207 ) ) ;
#390 = ORIENTED_EDGE ( 'NONE', *, *, #1403, .F. ) ;
#391 = FILL_AREA_STYLE ('',( #2780 ) ) ;
#392 = COLOUR_RGB ( '',1.000000000000000000, 0.8823529411764705600, 0.3764705882352941100 ) ;
#393 =( GEOMETRIC_REPRESENTATION_CONTEXT ( 3 ) GLOBAL_UNCERTAINTY_ASSIGNED_CONTEXT ( ( #3763 ) ) GLOBAL_UNIT_ASSIGNED_CONTEXT ( ( #2100, #3625, #579 ) ) REPRESENTATION_CONTEXT ( 'NONE', 'WORKASPACE' ) );
#394 = CARTESIAN_POINT ( 'NONE',  ( -1.019999999999999800, 0.8010000000000000500, 0.7600000000000006800 ) ) ;
#395 = ORIENTED_EDGE ( 'NONE', *, *, #2913, .T. ) ;
#396 = COLOUR_RGB ( '',1.000000000000000000, 0.8823529411764705600, 0.3764705882352941100 ) ;
#397 = EDGE_CURVE ( 'NONE', #1577, #4669, #4844, .T. ) ;
#398 = AXIS2_PLACEMENT_3D ( 'NONE', #3232, #4774, #3282 ) ;
#399 = VERTEX_POINT ( 'NONE', #2013 ) ;
#400 = DIRECTION ( 'NONE',  ( 1.000000000000000000, 0.0000000000000000000, 9.427844978134827600E-017 ) ) ;
#401 = VECTOR ( 'NONE', #2348, 1000.000000000000000 ) ;
#402 = EDGE_LOOP ( 'NONE', ( #4878, #1402, #803, #3119 ) ) ;
#403 = PRESENTATION_STYLE_ASSIGNMENT (( #5041 ) ) ;
#404 = MECHANICAL_DESIGN_GEOMETRIC_PRESENTATION_REPRESENTATION (  '', ( #4308 ), #2464 ) ;
#405 = DIRECTION ( 'NONE',  ( 0.0000000000000000000, 0.0000000000000000000, 1.000000000000000000 ) ) ;
#406 = CARTESIAN_POINT ( 'NONE',  ( 0.0000000000000000000, 0.3310000000000000200, 0.3240000000000001800 ) ) ;
#407 =( LENGTH_UNIT ( ) NAMED_UNIT ( * ) SI_UNIT ( .MILLI., .METRE. ) );
#408 = MANIFOLD_SOLID_BREP ( 'Cut-Extrude3', #2333 ) ;
#409 = TOROIDAL_SURFACE ( 'NONE', #5365, 0.1999999999999999600, 0.05000000000000000300 ) ;
#410 = CARTESIAN_POINT ( 'NONE',  ( 1.020000000000000200, 0.8010000000000000500, -0.7599999999999995600 ) ) ;
#411 = FACE_OUTER_BOUND ( 'NONE', #2440, .T. ) ;
#412 = MECHANICAL_DESIGN_GEOMETRIC_PRESENTATION_REPRESENTATION (  '', ( #4991 ), #3497 ) ;
#413 = TOROIDAL_SURFACE ( 'NONE', #3909, 0.1399999999999999600, 0.01000000000000000000 ) ;
#414 = EDGE_LOOP ( 'NONE', ( #3683, #4477, #169, #1329 ) ) ;
#415 = TOROIDAL_SURFACE ( 'NONE', #5310, 0.07900000000000007000, 0.02000000000000000000 ) ;
#416 = PRESENTATION_LAYER_ASSIGNMENT (  '', '', ( #2594 ) ) ;
#417 = ORIENTED_EDGE ( 'NONE', *, *, #837, .F. ) ;
#418 = CARTESIAN_POINT ( 'NONE',  ( 1.250000000000000000, 0.5999999999999999800, 0.8999999999999999100 ) ) ;
#419 = ORIENTED_EDGE ( 'NONE', *, *, #3364, .F. ) ;
#420 = VECTOR ( 'NONE', #524, 1000.000000000000000 ) ;
#421 = AXIS2_PLACEMENT_3D ( 'NONE', #3192, #3753, #6287 ) ;
#422 = FACE_OUTER_BOUND ( 'NONE', #591, .T. ) ;
#423 = VERTEX_POINT ( 'NONE', #4038 ) ;
#424 = AXIS2_PLACEMENT_3D ( 'NONE', #1516, #2046, #5009 ) ;
#425 = CARTESIAN_POINT ( 'NONE',  ( -1.250000000000000200, 0.3310000000000000200, 0.9000000000000000200 ) ) ;
#426 = DIRECTION ( 'NONE',  ( 0.0000000000000000000, 1.000000000000000000, -1.084202172485501600E-014 ) ) ;
#427 = DIRECTION ( 'NONE',  ( 3.904738022194082800E-014, 0.0000000000000000000, 1.000000000000000000 ) ) ;
#428 = CARTESIAN_POINT ( 'NONE',  ( -0.4750000000000002600, 0.3300000000000000200, 4.478226364614045000E-017 ) ) ;
#429 = EDGE_LOOP ( 'NONE', ( #3791, #1809, #1920, #6326 ) ) ;
#430 = ADVANCED_FACE ( 'NONE', ( #4106 ), #1505, .F. ) ;
#431 = LINE ( 'NONE', #6209, #4917 ) ;
#432 = CARTESIAN_POINT ( 'NONE',  ( -1.118999999999999800, 0.7409999999999999900, -0.7599999999999990100 ) ) ;
#433 = SURFACE_SIDE_STYLE ('',( #5377 ) ) ;
#434 = CYLINDRICAL_SURFACE ( 'NONE', #5206, 0.02000000000000005200 ) ;
#435 = CARTESIAN_POINT ( 'NONE',  ( -1.019999999999999800, 0.7810000000000000300, 0.8390000000000005200 ) ) ;
#436 = EDGE_CURVE ( 'NONE', #1973, #3714, #4283, .T. ) ;
#437 = UNCERTAINTY_MEASURE_WITH_UNIT (LENGTH_MEASURE( 1.000000000000000100E-005 ), #6342, 'distance_accuracy_value', 'NONE');
#438 = PRESENTATION_LAYER_ASSIGNMENT (  '', '', ( #118 ) ) ;
#439 = EDGE_CURVE ( 'NONE', #946, #2307, #4524, .T. ) ;
#440 = ORIENTED_EDGE ( 'NONE', *, *, #6059, .F. ) ;
#441 = PLANE ( 'NONE',  #776 ) ;
#442 = SURFACE_SIDE_STYLE ('',( #4605 ) ) ;
#443 = CARTESIAN_POINT ( 'NONE',  ( -1.150000000000000400, 0.3300000000000000200, -0.8129032258064520200 ) ) ;
#444 = DIRECTION ( 'NONE',  ( 1.084202172485504400E-016, 0.0000000000000000000, 1.000000000000000000 ) ) ;
#445 = DIRECTION ( 'NONE',  ( 1.000000000000000000, 0.0000000000000000000, 0.0000000000000000000 ) ) ;
#446 = ORIENTED_EDGE ( 'NONE', *, *, #3986, .T. ) ;
#447 = ORIENTED_EDGE ( 'NONE', *, *, #4272, .F. ) ;
#448 = CARTESIAN_POINT ( 'NONE',  ( -1.019999999999999800, 0.7810000000000000300, -0.7599999999999996800 ) ) ;
#449 = LINE ( 'NONE', #868, #3895 ) ;
#450 = EDGE_CURVE ( 'NONE', #2895, #4348, #1535, .T. ) ;
#451 = ORIENTED_EDGE ( 'NONE', *, *, #4208, .F. ) ;
#452 = DIRECTION ( 'NONE',  ( 0.7540815958863068500, 0.0000000000000000000, 0.6567807448042006800 ) ) ;
#453 = STYLED_ITEM ( 'NONE', ( #707 ), #3402 ) ;
#454 = FACE_OUTER_BOUND ( 'NONE', #6523, .T. ) ;
#455 = FACE_OUTER_BOUND ( 'NONE', #389, .T. ) ;
#456 = DIRECTION ( 'NONE',  ( 0.0000000000000000000, 0.0000000000000000000, 1.000000000000000000 ) ) ;
#457 = DIRECTION ( 'NONE',  ( 0.0000000000000000000, -1.000000000000000000, 0.0000000000000000000 ) ) ;
#458 = AXIS2_PLACEMENT_3D ( 'NONE', #3581, #1528, #2587 ) ;
#459 = ADVANCED_FACE ( 'NONE', ( #5701 ), #2031, .F. ) ;
#460 = EDGE_LOOP ( 'NONE', ( #4584, #3976, #5541, #4776 ) ) ;
#461 = FACE_OUTER_BOUND ( 'NONE', #5335, .T. ) ;
#462 = LINE ( 'NONE', #1002, #4397 ) ;
#463 = DIRECTION ( 'NONE',  ( 0.0000000000000000000, -1.000000000000000000, 0.0000000000000000000 ) ) ;
#464 =( LENGTH_UNIT ( ) NAMED_UNIT ( * ) SI_UNIT ( .MILLI., .METRE. ) );
#465 = EDGE_CURVE ( 'NONE', #4137, #2399, #3229, .T. ) ;
#466 = DIRECTION ( 'NONE',  ( 0.0000000000000000000, -1.000000000000000000, 0.0000000000000000000 ) ) ;
#467 = VERTEX_POINT ( 'NONE', #2563 ) ;
#468 = LINE ( 'NONE', #6407, #6126 ) ;
#469 =( NAMED_UNIT ( * ) SI_UNIT ( $, .STERADIAN. ) SOLID_ANGLE_UNIT ( ) );
#470 = LINE ( 'NONE', #1642, #4146 ) ;
#471 = CARTESIAN_POINT ( 'NONE',  ( 0.09411831920634057500, 0.0000000000000000000, 0.1080617739035766900 ) ) ;
#472 = EDGE_CURVE ( 'NONE', #722, #2395, #4747, .T. ) ;
#473 = ORIENTED_EDGE ( 'NONE', *, *, #3134, .F. ) ;
#474 = EDGE_CURVE ( 'NONE', #39, #5483, #6118, .T. ) ;
#475 = SURFACE_STYLE_FILL_AREA ( #2857 ) ;
#476 = AXIS2_PLACEMENT_3D ( 'NONE', #4297, #1153, #4837 ) ;
#477 = ORIENTED_EDGE ( 'NONE', *, *, #3235, .T. ) ;
#478 = CIRCLE ( 'NONE', #2425, 0.02000000000000005200 ) ;
#479 = CARTESIAN_POINT ( 'NONE',  ( -1.151197541423326600, 0.5996296539688513700, -0.9844260928480475000 ) ) ;
#480 = DIRECTION ( 'NONE',  ( -0.7540815958863071900, 0.0000000000000000000, 0.6567807448042002300 ) ) ;
#481 = LINE ( 'NONE', #5431, #4417 ) ;
#482 = CARTESIAN_POINT ( 'NONE',  ( -0.2009999999999994600, 0.5999999999999999800, -0.9599999999999997400 ) ) ;
#483 = B_SPLINE_CURVE_WITH_KNOTS ( 'NONE', 3,
 ( #2663, #5792, #112, #1140, #1708, #4738, #3728, #1607, #3657, #1185, #5171, #612, #3168, #137, #636, #3856, #2755, #2778, #6381 ),
 .UNSPECIFIED., .F., .F.,
 ( 4, 3, 3, 3, 3, 3, 4 ),
 ( -9.008267259519796700E-007, 0.0000000000000000000, 7.531616806639987800E-006, 1.780571780281528100E-005, 2.546810297927913700E-005, 3.080809392562179100E-005, 3.619608820257718300E-005 ),
 .UNSPECIFIED. ) ;
#484 = CARTESIAN_POINT ( 'NONE',  ( -0.0007988165680478640000, -0.0000000000000000000, -0.0009171597633142134500 ) ) ;
#485 = COLOUR_RGB ( '',1.000000000000000000, 0.8823529411764705600, 0.3764705882352941100 ) ;
#486 = SURFACE_STYLE_FILL_AREA ( #3063 ) ;
#487 = AXIS2_PLACEMENT_3D ( 'NONE', #258, #2978, #1632 ) ;
#488 = DIRECTION ( 'NONE',  ( -0.0000000000000000000, -1.000000000000000000, -0.0000000000000000000 ) ) ;
#489 = DIRECTION ( 'NONE',  ( 0.0000000000000000000, 0.0000000000000000000, 1.000000000000000000 ) ) ;
#490 = CARTESIAN_POINT ( 'NONE',  ( 1.019999999999999100, 0.7299999999999999800, -0.8999999999999996900 ) ) ;
#491 = PLANE ( 'NONE',  #4770 ) ;
#492 = EDGE_CURVE ( 'NONE', #6076, #6575, #1311, .T. ) ;
#493 = ORIENTED_EDGE ( 'NONE', *, *, #3361, .F. ) ;
#494 = DIRECTION ( 'NONE',  ( 1.000000000000000000, 8.673617379884013400E-015, -8.673617379884032300E-015 ) ) ;
#495 = LINE ( 'NONE', #1980, #5776 ) ;
#496 =( LENGTH_UNIT ( ) NAMED_UNIT ( * ) SI_UNIT ( .MILLI., .METRE. ) );
#497 = ADVANCED_FACE ( 'NONE', ( #2836 ), #2194, .T. ) ;
#498 = LINE ( 'NONE', #990, #1450 ) ;
#499 = ORIENTED_EDGE ( 'NONE', *, *, #3417, .F. ) ;
#500 = CARTESIAN_POINT ( 'NONE',  ( -0.1860134995879981200, 0.7371517725348363200, -0.9070526617969380000 ) ) ;
#501 = LINE ( 'NONE', #418, #31 ) ;
#502 = STYLED_ITEM ( 'NONE', ( #2122 ), #774 ) ;
#503 = LINE ( 'NONE', #4354, #4273 ) ;
#504 = SURFACE_SIDE_STYLE ('',( #4226 ) ) ;
#505 = VERTEX_POINT ( 'NONE', #4100 ) ;
#506 = AXIS2_PLACEMENT_3D ( 'NONE', #5155, #5107, #5678 ) ;
#507 = CARTESIAN_POINT ( 'NONE',  ( 0.1990395703728510800, 0.6040671401149962900, 0.9395799000279739800 ) ) ;
#508 = EDGE_LOOP ( 'NONE', ( #5050, #6421, #2797, #5309 ) ) ;
#509 = AXIS2_PLACEMENT_3D ( 'NONE', #5146, #3587, #5712 ) ;
#510 = CARTESIAN_POINT ( 'NONE',  ( 0.9116385613682934700, 0.7910000000000000400, -0.6469271944712617900 ) ) ;
#511 = CARTESIAN_POINT ( 'NONE',  ( 1.230000000000000000, 0.0000000000000000000, 0.8986738835618647300 ) ) ;
#512 = DIRECTION ( 'NONE',  ( 0.0000000000000000000, 0.0000000000000000000, 1.000000000000000000 ) ) ;
#513 = LINE ( 'NONE', #2321, #5401 ) ;
#515 = FACE_OUTER_BOUND ( 'NONE', #3025, .T. ) ;
#514 = FILL_AREA_STYLE_COLOUR ( '', #4897 ) ;
#516 = DIRECTION ( 'NONE',  ( 4.444332872337274000E-016, 0.0000000000000000000, 1.000000000000000000 ) ) ;
#517 = ORIENTED_EDGE ( 'NONE', *, *, #5570, .F. ) ;
#518 = STYLED_ITEM ( 'NONE', ( #2958 ), #5136 ) ;
#519 = CIRCLE ( 'NONE', #4566, 0.1499999999999999700 ) ;
#520 = CARTESIAN_POINT ( 'NONE',  ( -0.1877553417177550100, 0.7310057634198016100, -0.9099999999999997000 ) ) ;
#521 = UNCERTAINTY_MEASURE_WITH_UNIT (LENGTH_MEASURE( 1.000000000000000100E-005 ), #1446, 'distance_accuracy_value', 'NONE');
#522 = CARTESIAN_POINT ( 'NONE',  ( 0.1860134995879986200, 0.7371517725348364400, 0.9070526617969387800 ) ) ;
#523 = ORIENTED_EDGE ( 'NONE', *, *, #6576, .F. ) ;
#524 = DIRECTION ( 'NONE',  ( -0.0000000000000000000, -1.000000000000000000, -0.0000000000000000000 ) ) ;
#525 = ORIENTED_EDGE ( 'NONE', *, *, #474, .T. ) ;
#526 = FILL_AREA_STYLE_COLOUR ( '', #396 ) ;
#527 = EDGE_CURVE ( 'NONE', #3126, #2163, #6087, .T. ) ;
#528 = ADVANCED_FACE ( 'NONE', ( #5938 ), #5540, .T. ) ;
#529 = AXIS2_PLACEMENT_3D ( 'NONE', #5427, #824, #341 ) ;
#530 =( NAMED_UNIT ( * ) SI_UNIT ( $, .STERADIAN. ) SOLID_ANGLE_UNIT ( ) );
#531 = ORIENTED_EDGE ( 'NONE', *, *, #5795, .F. ) ;
#532 = ORIENTED_EDGE ( 'NONE', *, *, #3769, .T. ) ;
#533 = DIRECTION ( 'NONE',  ( 0.0000000000000000000, 0.0000000000000000000, -1.000000000000000000 ) ) ;
#534 = DIRECTION ( 'NONE',  ( -0.0000000000000000000, -1.000000000000000000, -0.0000000000000000000 ) ) ;
#535 = FILL_AREA_STYLE_COLOUR ( '', #745 ) ;
#536 = CIRCLE ( 'NONE', #2277, 0.09999999999999993600 ) ;
#537 = PRESENTATION_LAYER_ASSIGNMENT (  '', '', ( #3612 ) ) ;
#538 = PLANE ( 'NONE',  #3527 ) ;
#539 = FILL_AREA_STYLE_COLOUR ( '', #5628 ) ;
#540 = EDGE_LOOP ( 'NONE', ( #5460, #819, #860, #3334, #2578, #1902, #230, #4468 ) ) ;
#541 = CARTESIAN_POINT ( 'NONE',  ( -0.2010000000000001800, 0.5999999999999999800, 0.9600000000000005200 ) ) ;
#542 = DIRECTION ( 'NONE',  ( 0.0000000000000000000, 0.0000000000000000000, 1.000000000000000000 ) ) ;
#543 = STYLED_ITEM ( 'NONE', ( #3076 ), #601 ) ;
#544 = VERTEX_POINT ( 'NONE', #5305 ) ;
#545 = CYLINDRICAL_SURFACE ( 'NONE', #4921, 0.1499999999999999700 ) ;
#546 =( NAMED_UNIT ( * ) SI_UNIT ( $, .STERADIAN. ) SOLID_ANGLE_UNIT ( ) );
#547 = ORIENTED_EDGE ( 'NONE', *, *, #1582, .F. ) ;
#548 = DIRECTION ( 'NONE',  ( 0.0000000000000000000, 0.0000000000000000000, 1.000000000000000000 ) ) ;
#549 = PLANE ( 'NONE',  #4944 ) ;
#550 = AXIS2_PLACEMENT_3D ( 'NONE', #2107, #3031, #2036 ) ;
#551 = FACE_OUTER_BOUND ( 'NONE', #6208, .T. ) ;
#552 = CARTESIAN_POINT ( 'NONE',  ( -0.2000000000000000400, 0.5999999999999999800, 0.9600000000000007400 ) ) ;
#553 = CARTESIAN_POINT ( 'NONE',  ( 0.1979277556190549600, 0.6064555959083133300, 0.9349057139268476300 ) ) ;
#554 = ORIENTED_EDGE ( 'NONE', *, *, #3123, .T. ) ;
#555 = SURFACE_STYLE_FILL_AREA ( #6255 ) ;
#556 = DIRECTION ( 'NONE',  ( 0.0000000000000000000, 0.0000000000000000000, -1.000000000000000000 ) ) ;
#557 = SURFACE_SIDE_STYLE ('',( #5627 ) ) ;
#558 = PRESENTATION_STYLE_ASSIGNMENT (( #4920 ) ) ;
#559 = EDGE_CURVE ( 'NONE', #5850, #2353, #2670, .T. ) ;
#560 = SURFACE_SIDE_STYLE ('',( #4334 ) ) ;
#561 = VERTEX_POINT ( 'NONE', #1176 ) ;
#562 = ORIENTED_EDGE ( 'NONE', *, *, #4721, .F. ) ;
#563 = PRESENTATION_STYLE_ASSIGNMENT (( #1213 ) ) ;
#564 = SURFACE_SIDE_STYLE ('',( #2784 ) ) ;
#565 = DIRECTION ( 'NONE',  ( 0.0000000000000000000, 0.0000000000000000000, -1.000000000000000000 ) ) ;
#566 = ADVANCED_FACE ( 'NONE', ( #2980 ), #5188, .T. ) ;
#567 = VECTOR ( 'NONE', #1598, 1000.000000000000000 ) ;
#568 = PLANE ( 'NONE',  #5001 ) ;
#569 = SURFACE_STYLE_FILL_AREA ( #2629 ) ;
#570 = LINE ( 'NONE', #4285, #5849 ) ;
#571 = FACE_OUTER_BOUND ( 'NONE', #2599, .T. ) ;
#572 = CARTESIAN_POINT ( 'NONE',  ( 0.1873267506885051300, 0.7339169406999146400, 0.9092540258654870900 ) ) ;
#573 = CYLINDRICAL_SURFACE ( 'NONE', #1071, 0.04999999999999991300 ) ;
#574 = UNCERTAINTY_MEASURE_WITH_UNIT (LENGTH_MEASURE( 1.000000000000000100E-005 ), #726, 'distance_accuracy_value', 'NONE');
#575 = ORIENTED_EDGE ( 'NONE', *, *, #3552, .T. ) ;
#576 = CARTESIAN_POINT ( 'NONE',  ( 1.170000000000000200, 0.7299999999999999800, 0.7599999999999992300 ) ) ;
#577 = CARTESIAN_POINT ( 'NONE',  ( -1.148477421867326600, 0.02000000000000005200, -1.000000000000000000 ) ) ;
#578 = FACE_OUTER_BOUND ( 'NONE', #4998, .T. ) ;
#579 =( NAMED_UNIT ( * ) SI_UNIT ( $, .STERADIAN. ) SOLID_ANGLE_UNIT ( ) );
#580 = DIRECTION ( 'NONE',  ( 0.0000000000000000000, 1.000000000000000000, 0.0000000000000000000 ) ) ;
#581 = ORIENTED_EDGE ( 'NONE', *, *, #5568, .F. ) ;
#582 = ORIENTED_EDGE ( 'NONE', *, *, #5653, .T. ) ;
#583 = AXIS2_PLACEMENT_3D ( 'NONE', #884, #1408, #5970 ) ;
#584 = FILL_AREA_STYLE ('',( #5622 ) ) ;
#585 = SURFACE_STYLE_FILL_AREA ( #2070 ) ;
#586 =( LENGTH_UNIT ( ) NAMED_UNIT ( * ) SI_UNIT ( .MILLI., .METRE. ) );
#587 = DIRECTION ( 'NONE',  ( -9.427844978134826400E-017, 0.0000000000000000000, -1.000000000000000000 ) ) ;
#588 = COLOUR_RGB ( '',1.000000000000000000, 0.8823529411764705600, 0.3764705882352941100 ) ;
#589 = CARTESIAN_POINT ( 'NONE',  ( 1.170000000000000200, 0.7299999999999999800, -0.7599999999999986800 ) ) ;
#590 = EDGE_CURVE ( 'NONE', #423, #3233, #297, .T. ) ;
#591 = EDGE_LOOP ( 'NONE', ( #4071, #562, #499, #3757 ) ) ;
#592 = FILL_AREA_STYLE_COLOUR ( '', #5274 ) ;
#593 = LINE ( 'NONE', #6191, #2580 ) ;
#594 = AXIS2_PLACEMENT_3D ( 'NONE', #135, #6242, #632 ) ;
#595 = LINE ( 'NONE', #5469, #4985 ) ;
#596 = STYLED_ITEM ( 'NONE', ( #2752 ), #865 ) ;
#597 = CIRCLE ( 'NONE', #4656, 0.02000000000000005200 ) ;
#598 = PLANE ( 'NONE',  #2824 ) ;
#599 = CARTESIAN_POINT ( 'NONE',  ( -1.119000000000000000, 0.7409999999999999900, 0.7599999999999997900 ) ) ;
#600 = ORIENTED_EDGE ( 'NONE', *, *, #1212, .F. ) ;
#601 = ADVANCED_FACE ( 'NONE', ( #979 ), #2217, .F. ) ;
#602 = SURFACE_STYLE_FILL_AREA ( #2775 ) ;
#603 = LINE ( 'NONE', #2976, #1545 ) ;
#604 =( NAMED_UNIT ( * ) PLANE_ANGLE_UNIT ( ) SI_UNIT ( $, .RADIAN. ) );
#605 = FILL_AREA_STYLE_COLOUR ( '', #5466 ) ;
#606 = DIRECTION ( 'NONE',  ( 1.000000000000000000, 0.0000000000000000000, 0.0000000000000000000 ) ) ;
#607 = ORIENTED_EDGE ( 'NONE', *, *, #1336, .T. ) ;
#608 = SURFACE_STYLE_FILL_AREA ( #631 ) ;
#609 = ORIENTED_EDGE ( 'NONE', *, *, #3655, .T. ) ;
#610 = DIRECTION ( 'NONE',  ( 0.0000000000000000000, 0.0000000000000000000, 1.000000000000000000 ) ) ;
#611 = CARTESIAN_POINT ( 'NONE',  ( 1.151000000000000200, 0.0000000000000000000, -0.8124480771102521300 ) ) ;
#612 = CARTESIAN_POINT ( 'NONE',  ( 1.246247665173372900, 0.5918854740033264700, 0.8963096528068260600 ) ) ;
#613 = EDGE_CURVE ( 'NONE', #4779, #6297, #4525, .T. ) ;
#614 = STYLED_ITEM ( 'NONE', ( #3942 ), #4831 ) ;
#615 = VERTEX_POINT ( 'NONE', #3744 ) ;
#616 = EDGE_LOOP ( 'NONE', ( #2742, #5181, #2272, #4969 ) ) ;
#617 = CARTESIAN_POINT ( 'NONE',  ( 1.220000000000000200, 0.5999999999999999800, -0.7599999999999983400 ) ) ;
#618 = PLANE ( 'NONE',  #1862 ) ;
#619 = PLANE ( 'NONE',  #259 ) ;
#620 = ORIENTED_EDGE ( 'NONE', *, *, #1173, .F. ) ;
#621 = CARTESIAN_POINT ( 'NONE',  ( 0.1000000000000004100, 0.5799999999999998500, -0.9800000000000004300 ) ) ;
#622 = ORIENTED_EDGE ( 'NONE', *, *, #4241, .F. ) ;
#623 = EDGE_CURVE ( 'NONE', #6448, #205, #431, .T. ) ;
#624 = CIRCLE ( 'NONE', #2229, 0.02000000000000005200 ) ;
#625 = DIRECTION ( 'NONE',  ( -1.000000000000000000, 0.0000000000000000000, 0.0000000000000000000 ) ) ;
#626 = FILL_AREA_STYLE ('',( #605 ) ) ;
#627 = DIRECTION ( 'NONE',  ( 0.0000000000000000000, 0.0000000000000000000, -1.000000000000000000 ) ) ;
#628 = CARTESIAN_POINT ( 'NONE',  ( -1.241715728752538200, 1.224255916471638600E-016, 0.8914585505398817700 ) ) ;
#629 = VERTEX_POINT ( 'NONE', #153 ) ;
#630 = LINE ( 'NONE', #1974, #942 ) ;
#631 = FILL_AREA_STYLE ('',( #3676 ) ) ;
#632 = DIRECTION ( 'NONE',  ( 0.0000000000000000000, 0.0000000000000000000, -1.000000000000000000 ) ) ;
#633 = LINE ( 'NONE', #1476, #1919 ) ;
#634 = DIRECTION ( 'NONE',  ( 0.0000000000000000000, 1.000000000000000000, 0.0000000000000000000 ) ) ;
#635 = ADVANCED_FACE ( 'NONE', ( #1382 ), #6491, .T. ) ;
#636 = CARTESIAN_POINT ( 'NONE',  ( 1.248837809211730300, 0.5869356331318318400, 0.8988434798942560600 ) ) ;
#637 = AXIS2_PLACEMENT_3D ( 'NONE', #4710, #6305, #198 ) ;
#638 = ORIENTED_EDGE ( 'NONE', *, *, #5045, .T. ) ;
#639 = SURFACE_SIDE_STYLE ('',( #1025 ) ) ;
#640 = FACE_OUTER_BOUND ( 'NONE', #2943, .T. ) ;
#641 = AXIS2_PLACEMENT_3D ( 'NONE', #3571, #5132, #1559 ) ;
#642 = DIRECTION ( 'NONE',  ( -0.0000000000000000000, -1.000000000000000000, -0.0000000000000000000 ) ) ;
#643 = ORIENTED_EDGE ( 'NONE', *, *, #2506, .T. ) ;
#644 = LINE ( 'NONE', #5956, #8 ) ;
#645 = DIRECTION ( 'NONE',  ( 0.0000000000000000000, 0.0000000000000000000, 1.000000000000000000 ) ) ;
#646 = ORIENTED_EDGE ( 'NONE', *, *, #19, .F. ) ;
#647 =( NAMED_UNIT ( * ) PLANE_ANGLE_UNIT ( ) SI_UNIT ( $, .RADIAN. ) );
#648 = DIRECTION ( 'NONE',  ( 0.0000000000000000000, 0.0000000000000000000, 1.000000000000000000 ) ) ;
#649 = PRESENTATION_LAYER_ASSIGNMENT (  '', '', ( #6561 ) ) ;
#650 = CARTESIAN_POINT ( 'NONE',  ( 0.1896312614434076100, 0.6309124619846839800, 0.9134116436962485000 ) ) ;
#651 = CIRCLE ( 'NONE', #5066, 0.1010000000000000800 ) ;
#652 = DIRECTION ( 'NONE',  ( -0.0000000000000000000, 1.000000000000000000, -0.0000000000000000000 ) ) ;
#653 = VECTOR ( 'NONE', #1161, 1000.000000000000000 ) ;
#654 = CARTESIAN_POINT ( 'NONE',  ( 1.151000000000000500, 0.0000000000000000000, 0.8124480771102522400 ) ) ;
#655 = UNCERTAINTY_MEASURE_WITH_UNIT (LENGTH_MEASURE( 1.000000000000000100E-005 ), #496, 'distance_accuracy_value', 'NONE');
#656 = FILL_AREA_STYLE ('',( #2500 ) ) ;
#657 = CARTESIAN_POINT ( 'NONE',  ( -0.0007988165680478640000, 0.3300000000000000200, 0.0009171597633142134500 ) ) ;
#658 = FILL_AREA_STYLE_COLOUR ( '', #392 ) ;
#659 = CARTESIAN_POINT ( 'NONE',  ( -1.151000000000000200, 0.3310000000000000200, 0.8124480771102521300 ) ) ;
#660 = CIRCLE ( 'NONE', #3974, 0.02000000000000005200 ) ;
#661 = CARTESIAN_POINT ( 'NONE',  ( 0.09999999999999960300, 0.5799999999999998500, -0.9799999999999999800 ) ) ;
#662 = VECTOR ( 'NONE', #4950, 1000.000000000000000 ) ;
#664 = VERTEX_POINT ( 'NONE', #5804 ) ;
#663 = CARTESIAN_POINT ( 'NONE',  ( 0.09999999999999929800, 0.5999999999999999800, -0.8599999999999999900 ) ) ;
#665 = EDGE_CURVE ( 'NONE', #2215, #2185, #3479, .T. ) ;
#666 =( GEOMETRIC_REPRESENTATION_CONTEXT ( 3 ) GLOBAL_UNCERTAINTY_ASSIGNED_CONTEXT ( ( #5095 ) ) GLOBAL_UNIT_ASSIGNED_CONTEXT ( ( #3869, #5356, #809 ) ) REPRESENTATION_CONTEXT ( 'NONE', 'WORKASPACE' ) );
#667 = EDGE_CURVE ( 'NONE', #1344, #2123, #914, .T. ) ;
#668 = LINE ( 'NONE', #6122, #1615 ) ;
#669 = FILL_AREA_STYLE ('',( #1297 ) ) ;
#670 = CARTESIAN_POINT ( 'NONE',  ( 0.4740000000000001400, 0.0000000000000000000, 0.9009999999999999100 ) ) ;
#671 = ORIENTED_EDGE ( 'NONE', *, *, #590, .F. ) ;
#672 = ADVANCED_FACE ( 'NONE', ( #1958 ), #4188, .T. ) ;
#673 = FACE_OUTER_BOUND ( 'NONE', #5499, .T. ) ;
#674 = AXIS2_PLACEMENT_3D ( 'NONE', #406, #5877, #3873 ) ;
#675 = ORIENTED_EDGE ( 'NONE', *, *, #5824, .F. ) ;
#676 = ORIENTED_EDGE ( 'NONE', *, *, #4124, .T. ) ;
#677 =( NAMED_UNIT ( * ) SI_UNIT ( $, .STERADIAN. ) SOLID_ANGLE_UNIT ( ) );
#678 =( NAMED_UNIT ( * ) PLANE_ANGLE_UNIT ( ) SI_UNIT ( $, .RADIAN. ) );
#679 = PLANE ( 'NONE',  #1338 ) ;
#680 = PRESENTATION_STYLE_ASSIGNMENT (( #6333 ) ) ;
#681 =( LENGTH_UNIT ( ) NAMED_UNIT ( * ) SI_UNIT ( .MILLI., .METRE. ) );
#682 = CIRCLE ( 'NONE', #3251, 0.1200000000000000900 ) ;
#683 = CARTESIAN_POINT ( 'NONE',  ( -0.4750000000000002600, 0.3300000000000000200, -4.478226364614045000E-017 ) ) ;
#684 = CARTESIAN_POINT ( 'NONE',  ( 1.148188001608059000, 0.5885003707310453300, -0.9981745748711351500 ) ) ;
#685 = DIRECTION ( 'NONE',  ( 0.0000000000000000000, 0.0000000000000000000, 1.000000000000000000 ) ) ;
#686 = DIRECTION ( 'NONE',  ( -1.084202172485501600E-014, 0.0000000000000000000, 1.000000000000000000 ) ) ;
#687 = VECTOR ( 'NONE', #4240, 1000.000000000000000 ) ;
#688 = CARTESIAN_POINT ( 'NONE',  ( 0.4750000000000002600, 0.0000000000000000000, 4.478226364614045000E-017 ) ) ;
#689 =( GEOMETRIC_REPRESENTATION_CONTEXT ( 3 ) GLOBAL_UNCERTAINTY_ASSIGNED_CONTEXT ( ( #335 ) ) GLOBAL_UNIT_ASSIGNED_CONTEXT ( ( #1327, #804, #4900 ) ) REPRESENTATION_CONTEXT ( 'NONE', 'WORKASPACE' ) );
#690 = SURFACE_SIDE_STYLE ('',( #1928 ) ) ;
#691 = ORIENTED_EDGE ( 'NONE', *, *, #6413, .F. ) ;
#692 = CARTESIAN_POINT ( 'NONE',  ( 1.148477421867326600, 0.02000000000000005200, -1.000000000000000000 ) ) ;
#693 = DIRECTION ( 'NONE',  ( -1.000000000000000000, 0.0000000000000000000, 0.0000000000000000000 ) ) ;
#694 = EDGE_CURVE ( 'NONE', #4626, #2463, #3881, .T. ) ;
#695 = ORIENTED_EDGE ( 'NONE', *, *, #4531, .F. ) ;
#696 = EDGE_LOOP ( 'NONE', ( #5686, #3533, #4762, #4169 ) ) ;
#697 = DIRECTION ( 'NONE',  ( -0.7540815958863071900, 0.0000000000000000000, -0.6567807448042002300 ) ) ;
#698 = FILL_AREA_STYLE ('',( #6281 ) ) ;
#699 = UNCERTAINTY_MEASURE_WITH_UNIT (LENGTH_MEASURE( 1.000000000000000100E-005 ), #2748, 'distance_accuracy_value', 'NONE');
#700 = CARTESIAN_POINT ( 'NONE',  ( 1.249999999999999800, 0.02000000000000005200, -0.8986738835618640600 ) ) ;
#701 =( NAMED_UNIT ( * ) PLANE_ANGLE_UNIT ( ) SI_UNIT ( $, .RADIAN. ) );
#702 = ORIENTED_EDGE ( 'NONE', *, *, #5839, .F. ) ;
#703 =( NAMED_UNIT ( * ) SI_UNIT ( $, .STERADIAN. ) SOLID_ANGLE_UNIT ( ) );
#704 = DIRECTION ( 'NONE',  ( -1.084202172485504400E-016, 0.0000000000000000000, -1.000000000000000000 ) ) ;
#705 = ADVANCED_FACE ( 'NONE', ( #2197 ), #3798, .F. ) ;
#706 = CARTESIAN_POINT ( 'NONE',  ( 1.172470072984275000E-016, 0.7399999999999999900, 0.9000000000000004700 ) ) ;
#707 = PRESENTATION_STYLE_ASSIGNMENT (( #3296 ) ) ;
#708 = AXIS2_PLACEMENT_3D ( 'NONE', #4742, #2735, #4306 ) ;
#709 = DIRECTION ( 'NONE',  ( 0.0000000000000000000, 0.0000000000000000000, -1.000000000000000000 ) ) ;
#710 = CARTESIAN_POINT ( 'NONE',  ( -0.1000000000000001200, 0.7399999999999999900, 0.9600000000000000800 ) ) ;
#711 = DIRECTION ( 'NONE',  ( 9.427844978134826400E-017, 0.0000000000000000000, -1.000000000000000000 ) ) ;
#712 = VERTEX_POINT ( 'NONE', #287 ) ;
#713 = ORIENTED_EDGE ( 'NONE', *, *, #4599, .F. ) ;
#714 = CARTESIAN_POINT ( 'NONE',  ( 0.2000000000000000100, 0.0000000000000000000, 0.9799999999999997600 ) ) ;
#715 = CARTESIAN_POINT ( 'NONE',  ( -1.118999999999999800, 0.7409999999999999900, -0.7599999999999991200 ) ) ;
#716 = ORIENTED_EDGE ( 'NONE', *, *, #4383, .F. ) ;
#717 = CARTESIAN_POINT ( 'NONE',  ( -1.250000000000000200, 0.5999999999999999800, 0.8999999999999999100 ) ) ;
#718 = CARTESIAN_POINT ( 'NONE',  ( -1.250000000000000200, 0.5817894150928535300, 0.8999999999999999100 ) ) ;
#719 = DIRECTION ( 'NONE',  ( 0.0000000000000000000, 0.0000000000000000000, -1.000000000000000000 ) ) ;
#720 = PRESENTATION_LAYER_ASSIGNMENT (  '', '', ( #922 ) ) ;
#721 = EDGE_CURVE ( 'NONE', #1888, #2163, #6175, .T. ) ;
#722 = VERTEX_POINT ( 'NONE', #2768 ) ;
#723 = COLOUR_RGB ( '',0.8823529411764705600, 0.8823529411764705600, 0.8823529411764705600 ) ;
#724 = EDGE_CURVE ( 'NONE', #3935, #6387, #3622, .T. ) ;
#725 = CARTESIAN_POINT ( 'NONE',  ( 0.0000000000000000000, 0.3310000000000000200, -0.9009999999999999100 ) ) ;
#726 =( LENGTH_UNIT ( ) NAMED_UNIT ( * ) SI_UNIT ( .MILLI., .METRE. ) );
#727 = AXIS2_PLACEMENT_3D ( 'NONE', #5881, #2800, #2823 ) ;
#728 = DIRECTION ( 'NONE',  ( 0.0000000000000000000, 0.0000000000000000000, -1.000000000000000000 ) ) ;
#729 = ORIENTED_EDGE ( 'NONE', *, *, #4972, .F. ) ;
#730 = LINE ( 'NONE', #5816, #2940 ) ;
#731 = CARTESIAN_POINT ( 'NONE',  ( 1.143475364844619900, 0.5949701641728492000, -0.9932625105293492200 ) ) ;
#732 = CARTESIAN_POINT ( 'NONE',  ( -1.034810755200659800, 0.3310000000000000200, -0.9009999999999999100 ) ) ;
#733 =( GEOMETRIC_REPRESENTATION_CONTEXT ( 3 ) GLOBAL_UNCERTAINTY_ASSIGNED_CONTEXT ( ( #2002 ) ) GLOBAL_UNIT_ASSIGNED_CONTEXT ( ( #4926, #3896, #2347 ) ) REPRESENTATION_CONTEXT ( 'NONE', 'WORKASPACE' ) );
#734 = CARTESIAN_POINT ( 'NONE',  ( 0.09346153846153686100, 0.0000000000000000000, 0.1073076923076908100 ) ) ;
#735 = CIRCLE ( 'NONE', #2067, 0.05000000000000002400 ) ;
#736 = ORIENTED_EDGE ( 'NONE', *, *, #5521, .T. ) ;
#737 = CARTESIAN_POINT ( 'NONE',  ( 0.0000000000000000000, 0.3310000000000000200, -0.3240000000000001800 ) ) ;
#738 = CARTESIAN_POINT ( 'NONE',  ( -1.019999999999998700, 0.7810000000000000300, -0.8589999999999996500 ) ) ;
#739 =( LENGTH_UNIT ( ) NAMED_UNIT ( * ) SI_UNIT ( .MILLI., .METRE. ) );
#740 = PRODUCT_CONTEXT ( 'NONE', #5715, 'mechanical' ) ;
#741 = CARTESIAN_POINT ( 'NONE',  ( 0.4750000000000001400, 0.0000000000000000000, -0.8999999999999999100 ) ) ;
#742 = ADVANCED_FACE ( 'NONE', ( #4992 ), #1856, .F. ) ;
#743 = CARTESIAN_POINT ( 'NONE',  ( 0.1000000000000000100, 0.5999999999999999800, 0.9799999999999997600 ) ) ;
#744 = UNCERTAINTY_MEASURE_WITH_UNIT (LENGTH_MEASURE( 1.000000000000000100E-005 ), #5194, 'distance_accuracy_value', 'NONE');
#745 = COLOUR_RGB ( '',1.000000000000000000, 0.8823529411764705600, 0.3764705882352941100 ) ;
#746 = ORIENTED_EDGE ( 'NONE', *, *, #6176, .T. ) ;
#747 = CARTESIAN_POINT ( 'NONE',  ( -0.1896312614434071400, 0.6309124619846839800, -0.9134116436962477200 ) ) ;
#748 = FILL_AREA_STYLE_COLOUR ( '', #5397 ) ;
#749 = EDGE_CURVE ( 'NONE', #1589, #2833, #2371, .T. ) ;
#750 = STYLED_ITEM ( 'NONE', ( #4971 ), #5170 ) ;
#751 = FILL_AREA_STYLE_COLOUR ( '', #2128 ) ;
#752 = DIRECTION ( 'NONE',  ( -9.427844978134826400E-017, 0.0000000000000000000, 1.000000000000000000 ) ) ;
#753 = ORIENTED_EDGE ( 'NONE', *, *, #825, .F. ) ;
#754 = ORIENTED_EDGE ( 'NONE', *, *, #3826, .T. ) ;
#755 = CARTESIAN_POINT ( 'NONE',  ( -1.151000000000000200, 0.3310000000000000200, 0.0000000000000000000 ) ) ;
#756 = FACE_OUTER_BOUND ( 'NONE', #5549, .T. ) ;
#757 = CARTESIAN_POINT ( 'NONE',  ( -0.1966811339425430800, 0.6094260963119502200, -0.9307808566136517300 ) ) ;
#758 = SURFACE_STYLE_USAGE ( .BOTH. , #5901 ) ;
#759 = CARTESIAN_POINT ( 'NONE',  ( 1.019999999999999100, 0.7409999999999999900, 0.8590000000000006500 ) ) ;
#760 = EDGE_LOOP ( 'NONE', ( #1576, #1095, #6497, #5880, #5895, #5247, #371, #2470 ) ) ;
#761 = MECHANICAL_DESIGN_GEOMETRIC_PRESENTATION_REPRESENTATION (  '', ( #4442 ), #5530 ) ;
#762 = EDGE_CURVE ( 'NONE', #1939, #1732, #6012, .T. ) ;
#763 = LINE ( 'NONE', #3117, #3948 ) ;
#764 = ORIENTED_EDGE ( 'NONE', *, *, #3238, .F. ) ;
#765 = DIRECTION ( 'NONE',  ( 0.7540815958863055200, 0.0000000000000000000, -0.6567807448042021200 ) ) ;
#766 = LINE ( 'NONE', #1443, #5700 ) ;
#767 = VECTOR ( 'NONE', #6517, 1000.000000000000000 ) ;
#768 = ORIENTED_EDGE ( 'NONE', *, *, #5797, .T. ) ;
#769 = DIRECTION ( 'NONE',  ( 1.000000000000000000, -0.0000000000000000000, -0.0000000000000000000 ) ) ;
#770 = FILL_AREA_STYLE_COLOUR ( '', #6077 ) ;
#771 = DIRECTION ( 'NONE',  ( 1.000000000000000000, 0.0000000000000000000, -4.444332872337274000E-016 ) ) ;
#772 = CARTESIAN_POINT ( 'NONE',  ( 0.0000000000000000000, 0.3310000000000000200, 0.0000000000000000000 ) ) ;
#773 = CARTESIAN_POINT ( 'NONE',  ( 0.2000000000000000400, 0.5999999999999999800, -0.9600000000000006300 ) ) ;
#774 = ADVANCED_FACE ( 'NONE', ( #1538 ), #5331, .T. ) ;
#775 = CARTESIAN_POINT ( 'NONE',  ( 1.241715728752537800, 1.848595363415506800E-016, -0.8914585505398815400 ) ) ;
#776 = AXIS2_PLACEMENT_3D ( 'NONE', #5995, #3453, #3975 ) ;
#777 = DIRECTION ( 'NONE',  ( 1.000000000000000000, 0.0000000000000000000, 0.0000000000000000000 ) ) ;
#778 = DIRECTION ( 'NONE',  ( 0.0000000000000000000, 0.0000000000000000000, 1.000000000000000000 ) ) ;
#779 = ORIENTED_EDGE ( 'NONE', *, *, #5756, .F. ) ;
#780 = AXIS2_PLACEMENT_3D ( 'NONE', #2137, #3250, #2732 ) ;
#781 = DIRECTION ( 'NONE',  ( -0.7540815958863068500, 0.0000000000000000000, -0.6567807448042006800 ) ) ;
#782 = EDGE_LOOP ( 'NONE', ( #5151, #3088, #531, #6000 ) ) ;
#783 = ORIENTED_EDGE ( 'NONE', *, *, #903, .F. ) ;
#784 = DIRECTION ( 'NONE',  ( 0.0000000000000000000, 0.0000000000000000000, -1.000000000000000000 ) ) ;
#785 = COLOUR_RGB ( '',1.000000000000000000, 0.8823529411764705600, 0.3764705882352941100 ) ;
#786 = DIRECTION ( 'NONE',  ( 0.0000000000000000000, 0.0000000000000000000, 1.000000000000000000 ) ) ;
#787 = EDGE_LOOP ( 'NONE', ( #6216, #1164, #3890, #3872 ) ) ;
#788 = DIRECTION ( 'NONE',  ( -0.0000000000000000000, -1.000000000000000000, -0.0000000000000000000 ) ) ;
#789 = PLANE ( 'NONE',  #2116 ) ;
#790 = DIRECTION ( 'NONE',  ( -9.427844978134826400E-017, 0.0000000000000000000, 1.000000000000000000 ) ) ;
#791 = CARTESIAN_POINT ( 'NONE',  ( -1.143475364844619900, 0.5949701641728493100, 0.9932625105293487700 ) ) ;
#792 = ORIENTED_EDGE ( 'NONE', *, *, #1358, .F. ) ;
#793 = SURFACE_SIDE_STYLE ('',( #4694 ) ) ;
#794 = DIRECTION ( 'NONE',  ( 0.7540815958863055200, 0.0000000000000000000, -0.6567807448042021200 ) ) ;
#795 = DIRECTION ( 'NONE',  ( 0.0000000000000000000, 0.0000000000000000000, -1.000000000000000000 ) ) ;
#796 = EDGE_CURVE ( 'NONE', #929, #6249, #3408, .T. ) ;
#797 =( GEOMETRIC_REPRESENTATION_CONTEXT ( 3 ) GLOBAL_UNCERTAINTY_ASSIGNED_CONTEXT ( ( #3095 ) ) GLOBAL_UNIT_ASSIGNED_CONTEXT ( ( #1531, #5169, #5672 ) ) REPRESENTATION_CONTEXT ( 'NONE', 'WORKASPACE' ) );
#798 = EDGE_CURVE ( 'NONE', #2455, #3885, #5695, .T. ) ;
#799 = EDGE_LOOP ( 'NONE', ( #2286, #4469, #6481, #4294 ) ) ;
#800 = DIRECTION ( 'NONE',  ( 0.0000000000000000000, 0.0000000000000000000, -1.000000000000000000 ) ) ;
#801 = DIRECTION ( 'NONE',  ( 0.0000000000000000000, 0.0000000000000000000, 1.000000000000000000 ) ) ;
#802 = DIRECTION ( 'NONE',  ( 1.000000000000000000, -0.0000000000000000000, 2.065146995210484900E-016 ) ) ;
#803 = ORIENTED_EDGE ( 'NONE', *, *, #3841, .F. ) ;
#804 =( NAMED_UNIT ( * ) PLANE_ANGLE_UNIT ( ) SI_UNIT ( $, .RADIAN. ) );
#805 = ORIENTED_EDGE ( 'NONE', *, *, #134, .T. ) ;
#806 = VERTEX_POINT ( 'NONE', #1796 ) ;
#807 = EDGE_CURVE ( 'NONE', #6249, #2389, #1955, .T. ) ;
#808 = SURFACE_SIDE_STYLE ('',( #1368 ) ) ;
#809 =( NAMED_UNIT ( * ) SI_UNIT ( $, .STERADIAN. ) SOLID_ANGLE_UNIT ( ) );
#810 = AXIS2_PLACEMENT_3D ( 'NONE', #3221, #6359, #226 ) ;
#811 = DIRECTION ( 'NONE',  ( 0.0000000000000000000, 0.0000000000000000000, 1.000000000000000000 ) ) ;
#812 = DIRECTION ( 'NONE',  ( 4.444332872337274000E-016, 0.0000000000000000000, -1.000000000000000000 ) ) ;
#813 = VECTOR ( 'NONE', #1353, 1000.000000000000000 ) ;
#814 = MECHANICAL_DESIGN_GEOMETRIC_PRESENTATION_REPRESENTATION (  '', ( #4925 ), #5937 ) ;
#815 = LINE ( 'NONE', #6123, #6064 ) ;
#816 = FACE_OUTER_BOUND ( 'NONE', #2329, .T. ) ;
#817 = UNCERTAINTY_MEASURE_WITH_UNIT (LENGTH_MEASURE( 1.000000000000000100E-005 ), #2985, 'distance_accuracy_value', 'NONE');
#818 = EDGE_CURVE ( 'NONE', #5256, #3903, #2908, .T. ) ;
#819 = ORIENTED_EDGE ( 'NONE', *, *, #325, .F. ) ;
#820 = DIRECTION ( 'NONE',  ( 0.0000000000000000000, 0.0000000000000000000, -1.000000000000000000 ) ) ;
#821 = LINE ( 'NONE', #5002, #4667 ) ;
#822 = EDGE_CURVE ( 'NONE', #2060, #1552, #6164, .T. ) ;
#823 = ORIENTED_EDGE ( 'NONE', *, *, #3268, .T. ) ;
#824 = DIRECTION ( 'NONE',  ( -0.0000000000000000000, 1.000000000000000000, -0.0000000000000000000 ) ) ;
#825 = EDGE_CURVE ( 'NONE', #5638, #2895, #682, .T. ) ;
#826 = VECTOR ( 'NONE', #6396, 1000.000000000000000 ) ;
#827 = FACE_OUTER_BOUND ( 'NONE', #1165, .T. ) ;
#828 = ORIENTED_EDGE ( 'NONE', *, *, #3172, .T. ) ;
#829 =( NAMED_UNIT ( * ) PLANE_ANGLE_UNIT ( ) SI_UNIT ( $, .RADIAN. ) );
#830 = CIRCLE ( 'NONE', #1425, 0.1000000000000000500 ) ;
#831 = DIRECTION ( 'NONE',  ( 1.000000000000000000, -0.0000000000000000000, -0.0000000000000000000 ) ) ;
#832 = SURFACE_SIDE_STYLE ('',( #6301 ) ) ;
#833 = FACE_OUTER_BOUND ( 'NONE', #3153, .T. ) ;
#834 = EDGE_LOOP ( 'NONE', ( #6400, #6290, #3391, #2442 ) ) ;
#835 = PRESENTATION_LAYER_ASSIGNMENT (  '', '', ( #1171 ) ) ;
#836 = SURFACE_STYLE_USAGE ( .BOTH. , #3309 ) ;
#837 = EDGE_CURVE ( 'NONE', #6076, #6500, #2033, .T. ) ;
#838 = VECTOR ( 'NONE', #405, 1000.000000000000000 ) ;
#839 = CYLINDRICAL_SURFACE ( 'NONE', #1810, 0.09999999999999993600 ) ;
#840 = PRESENTATION_LAYER_ASSIGNMENT (  '', '', ( #6435 ) ) ;
#841 = ORIENTED_EDGE ( 'NONE', *, *, #156, .F. ) ;
#842 = CARTESIAN_POINT ( 'NONE',  ( -1.150000000000000100, 0.3300000000000000200, 0.3250000000000001800 ) ) ;
#843 = CARTESIAN_POINT ( 'NONE',  ( 1.150000000000000400, 0.3300000000000000200, 0.8129032258064520200 ) ) ;
#844 = PRESENTATION_LAYER_ASSIGNMENT (  '', '', ( #186 ) ) ;
#845 = CARTESIAN_POINT ( 'NONE',  ( -1.234521344988311500, 0.5994822339584736600, -0.9012052064049108600 ) ) ;
#846 = VERTEX_POINT ( 'NONE', #2418 ) ;
#847 = DIRECTION ( 'NONE',  ( 0.0000000000000000000, 0.0000000000000000000, -1.000000000000000000 ) ) ;
#848 = VERTEX_POINT ( 'NONE', #5505 ) ;
#849 = ORIENTED_EDGE ( 'NONE', *, *, #1062, .T. ) ;
#850 = CARTESIAN_POINT ( 'NONE',  ( 0.2010000000000008200, 0.5999999999999999800, -0.9599999999999997400 ) ) ;
#851 = STYLED_ITEM ( 'NONE', ( #5811 ), #3568 ) ;
#852 = CARTESIAN_POINT ( 'NONE',  ( -1.148477421867326200, 0.008284271247462053600, -1.000000000000000000 ) ) ;
#853 = EDGE_LOOP ( 'NONE', ( #6453, #2551, #5353, #5890 ) ) ;
#854 = AXIS2_PLACEMENT_3D ( 'NONE', #1182, #3246, #811 ) ;
#855 = CIRCLE ( 'NONE', #1319, 0.04999999999999991300 ) ;
#856 = UNCERTAINTY_MEASURE_WITH_UNIT (LENGTH_MEASURE( 1.000000000000000100E-005 ), #4366, 'distance_accuracy_value', 'NONE');
#857 = FILL_AREA_STYLE_COLOUR ( '', #3670 ) ;
#858 = VERTEX_POINT ( 'NONE', #6437 ) ;
#859 = CARTESIAN_POINT ( 'NONE',  ( -0.1876662030343188800, 0.7320884463598768000, 0.9098437181040139900 ) ) ;
#860 = ORIENTED_EDGE ( 'NONE', *, *, #3876, .F. ) ;
#861 = STYLED_ITEM ( 'NONE', ( #5606 ), #4959 ) ;
#862 = DIRECTION ( 'NONE',  ( -0.0000000000000000000, -0.0000000000000000000, 1.000000000000000000 ) ) ;
#863 = DIRECTION ( 'NONE',  ( -0.7540815958863068500, 0.0000000000000000000, -0.6567807448042006800 ) ) ;
#864 = CARTESIAN_POINT ( 'NONE',  ( 1.230458463371470800, 0.5999960550450437200, -0.8820663530407874000 ) ) ;
#865 = ADVANCED_FACE ( 'NONE', ( #4751 ), #904, .T. ) ;
#866 = ORIENTED_EDGE ( 'NONE', *, *, #397, .T. ) ;
#867 = VECTOR ( 'NONE', #4945, 1000.000000000000000 ) ;
#868 = CARTESIAN_POINT ( 'NONE',  ( 0.0000000000000000000, 0.3300000000000000200, 0.3250000000000001800 ) ) ;
#869 = DIRECTION ( 'NONE',  ( -0.0000000000000000000, -1.000000000000000000, -0.0000000000000000000 ) ) ;
#870 = EDGE_CURVE ( 'NONE', #4669, #1271, #595, .T. ) ;
#871 = LINE ( 'NONE', #4726, #3837 ) ;
#872 =( NAMED_UNIT ( * ) SI_UNIT ( $, .STERADIAN. ) SOLID_ANGLE_UNIT ( ) );
#873 =( NAMED_UNIT ( * ) SI_UNIT ( $, .STERADIAN. ) SOLID_ANGLE_UNIT ( ) );
#874 = ORIENTED_EDGE ( 'NONE', *, *, #837, .T. ) ;
#875 = DIRECTION ( 'NONE',  ( 0.0000000000000000000, 1.000000000000000000, -0.0000000000000000000 ) ) ;
#876 = FACE_OUTER_BOUND ( 'NONE', #853, .T. ) ;
#877 = AXIS2_PLACEMENT_3D ( 'NONE', #2564, #5116, #6141 ) ;
#878 = COLOUR_RGB ( '',1.000000000000000000, 0.8823529411764705600, 0.3764705882352941100 ) ;
#879 = ORIENTED_EDGE ( 'NONE', *, *, #5713, .T. ) ;
#880 = CYLINDRICAL_SURFACE ( 'NONE', #4049, 0.09899999999999990800 ) ;
#881 = LINE ( 'NONE', #2713, #2005 ) ;
#882 = VECTOR ( 'NONE', #5239, 1000.000000000000000 ) ;
#883 = DIRECTION ( 'NONE',  ( 0.0000000000000000000, -1.000000000000000000, 0.0000000000000000000 ) ) ;
#884 = CARTESIAN_POINT ( 'NONE',  ( 1.250000000000000200, 0.5799999999999998500, 1.000000000000000000 ) ) ;
#885 = DIRECTION ( 'NONE',  ( 1.000000000000000000, 0.0000000000000000000, 1.935435283114619600E-016 ) ) ;
#886 = COLOUR_RGB ( '',1.000000000000000000, 0.8823529411764705600, 0.3764705882352941100 ) ;
#887 = AXIS2_PLACEMENT_3D ( 'NONE', #6063, #5630, #2992 ) ;
#888 = CARTESIAN_POINT ( 'NONE',  ( -1.250000000000000200, 0.5799999999999998500, -0.8999999999999999100 ) ) ;
#889 = ORIENTED_EDGE ( 'NONE', *, *, #1471, .T. ) ;
#890 = DIRECTION ( 'NONE',  ( -1.084202172485501600E-014, 0.0000000000000000000, 1.000000000000000000 ) ) ;
#891 = LINE ( 'NONE', #1588, #3772 ) ;
#892 = AXIS2_PLACEMENT_3D ( 'NONE', #6584, #5574, #489 ) ;
#893 = CIRCLE ( 'NONE', #1477, 0.1499999999999999700 ) ;
#894 = SURFACE_STYLE_USAGE ( .BOTH. , #2937 ) ;
#895 = ORIENTED_EDGE ( 'NONE', *, *, #4617, .T. ) ;
#896 = VERTEX_POINT ( 'NONE', #1878 ) ;
#897 = VECTOR ( 'NONE', #1774, 1000.000000000000000 ) ;
#898 = SURFACE_SIDE_STYLE ('',( #2152 ) ) ;
#899 = EDGE_CURVE ( 'NONE', #6410, #1324, #6007, .T. ) ;
#900 = PRESENTATION_STYLE_ASSIGNMENT (( #5245 ) ) ;
#901 = ORIENTED_EDGE ( 'NONE', *, *, #2213, .T. ) ;
#902 = COLOUR_RGB ( '',0.8823529411764705600, 0.8823529411764705600, 0.8823529411764705600 ) ;
#903 = EDGE_CURVE ( 'NONE', #3599, #629, #3059, .T. ) ;
#904 = CYLINDRICAL_SURFACE ( 'NONE', #3659, 0.02000000000000005200 ) ;
#905 = ORIENTED_EDGE ( 'NONE', *, *, #474, .F. ) ;
#906 = DIRECTION ( 'NONE',  ( 1.000000000000000000, 0.0000000000000000000, 0.0000000000000000000 ) ) ;
#907 = DIRECTION ( 'NONE',  ( -0.6567807448042022300, 0.0000000000000000000, -0.7540815958863055200 ) ) ;
#908 = EDGE_CURVE ( 'NONE', #4714, #3903, #3320, .T. ) ;
#909 =( GEOMETRIC_REPRESENTATION_CONTEXT ( 3 ) GLOBAL_UNCERTAINTY_ASSIGNED_CONTEXT ( ( #6369 ) ) GLOBAL_UNIT_ASSIGNED_CONTEXT ( ( #3353, #5316, #3880 ) ) REPRESENTATION_CONTEXT ( 'NONE', 'WORKASPACE' ) );
#910 = EDGE_CURVE ( 'NONE', #2535, #1519, #4521, .T. ) ;
#911 = FACE_OUTER_BOUND ( 'NONE', #1108, .T. ) ;
#912 = VECTOR ( 'NONE', #3977, 1000.000000000000000 ) ;
#913 = CARTESIAN_POINT ( 'NONE',  ( -1.249613802848302600, 0.5845062031292839200, -0.8999980042932849100 ) ) ;
#914 = CIRCLE ( 'NONE', #5893, 0.01000000000000002600 ) ;
#915 = DIRECTION ( 'NONE',  ( 1.000000000000000000, -0.0000000000000000000, -0.0000000000000000000 ) ) ;
#916 = DIRECTION ( 'NONE',  ( -1.000000000000000000, 0.0000000000000000000, 0.0000000000000000000 ) ) ;
#917 = DIRECTION ( 'NONE',  ( 1.000000000000000000, -0.0000000000000000000, 0.0000000000000000000 ) ) ;
#918 = CARTESIAN_POINT ( 'NONE',  ( -1.159999999999999700, 0.7299999999999999800, -0.7599999999999986800 ) ) ;
#919 = FACE_OUTER_BOUND ( 'NONE', #1840, .T. ) ;
#920 = COLOUR_RGB ( '',1.000000000000000000, 0.8823529411764705600, 0.3764705882352941100 ) ;
#921 = PRESENTATION_STYLE_ASSIGNMENT (( #1150 ) ) ;
#922 = STYLED_ITEM ( 'NONE', ( #3746 ), #6178 ) ;
#923 = DIRECTION ( 'NONE',  ( -1.000000000000000000, -0.0000000000000000000, -0.0000000000000000000 ) ) ;
#924 = ORIENTED_EDGE ( 'NONE', *, *, #492, .F. ) ;
#925 = EDGE_CURVE ( 'NONE', #4765, #712, #763, .T. ) ;
#926 =( GEOMETRIC_REPRESENTATION_CONTEXT ( 3 ) GLOBAL_UNCERTAINTY_ASSIGNED_CONTEXT ( ( #4515 ) ) GLOBAL_UNIT_ASSIGNED_CONTEXT ( ( #4202, #2136, #3165 ) ) REPRESENTATION_CONTEXT ( 'NONE', 'WORKASPACE' ) );
#927 = ORIENTED_EDGE ( 'NONE', *, *, #239, .T. ) ;
#928 = DIRECTION ( 'NONE',  ( 0.0000000000000000000, 0.0000000000000000000, -1.000000000000000000 ) ) ;
#929 = VERTEX_POINT ( 'NONE', #5761 ) ;
#930 = AXIS2_PLACEMENT_3D ( 'NONE', #2337, #4385, #2854 ) ;
#931 = UNCERTAINTY_MEASURE_WITH_UNIT (LENGTH_MEASURE( 1.000000000000000100E-005 ), #51, 'distance_accuracy_value', 'NONE');
#932 = LINE ( 'NONE', #2199, #4471 ) ;
#933 = ADVANCED_FACE ( 'NONE', ( #2974 ), #360, .T. ) ;
#934 = CARTESIAN_POINT ( 'NONE',  ( -1.248132927457677100, 0.5887295194130357500, -0.9000146891703072500 ) ) ;
#935 = ORIENTED_EDGE ( 'NONE', *, *, #2969, .T. ) ;
#936 = CARTESIAN_POINT ( 'NONE',  ( 1.099000000000000600, 0.7810000000000000300, -0.7599999999999990100 ) ) ;
#937 = CARTESIAN_POINT ( 'NONE',  ( 0.9116385613682934700, 0.8010000000000000500, -0.6469271944712617900 ) ) ;
#938 = VECTOR ( 'NONE', #5974, 1000.000000000000000 ) ;
#939 = ORIENTED_EDGE ( 'NONE', *, *, #1908, .F. ) ;
#940 = DIRECTION ( 'NONE',  ( 0.0000000000000000000, 0.0000000000000000000, -1.000000000000000000 ) ) ;
#941 = EDGE_LOOP ( 'NONE', ( #4555, #1453, #1740, #4428 ) ) ;
#942 = VECTOR ( 'NONE', #516, 1000.000000000000000 ) ;
#943 = LINE ( 'NONE', #1169, #4891 ) ;
#944 = EDGE_CURVE ( 'NONE', #3126, #2849, #1375, .T. ) ;
#945 = MECHANICAL_DESIGN_GEOMETRIC_PRESENTATION_REPRESENTATION (  '', ( #861 ), #1293 ) ;
#946 = VERTEX_POINT ( 'NONE', #2631 ) ;
#947 = CARTESIAN_POINT ( 'NONE',  ( -0.0007988165680478640000, 0.3300000000000000200, 0.0009171597633142134500 ) ) ;
#948 = FILL_AREA_STYLE ('',( #1943 ) ) ;
#949 = DIRECTION ( 'NONE',  ( -0.0000000000000000000, -1.000000000000000000, -0.0000000000000000000 ) ) ;
#950 = ORIENTED_EDGE ( 'NONE', *, *, #6027, .T. ) ;
#951 = AXIS2_PLACEMENT_3D ( 'NONE', #1241, #4801, #719 ) ;
#952 = CARTESIAN_POINT ( 'NONE',  ( -1.159999999999999700, 0.7399999999999999900, 0.7599999999999995600 ) ) ;
#953 = DIRECTION ( 'NONE',  ( 0.7540815958863055200, 0.0000000000000000000, -0.6567807448042022300 ) ) ;
#954 = CARTESIAN_POINT ( 'NONE',  ( 1.125514458904363700, 0.0000000000000000000, -0.9800000000000002000 ) ) ;
#955 = COLOUR_RGB ( '',0.8823529411764705600, 0.8823529411764705600, 0.8823529411764705600 ) ;
#956 = FILL_AREA_STYLE ('',( #535 ) ) ;
#957 = EDGE_CURVE ( 'NONE', #5122, #3720, #4280, .T. ) ;
#958 = LINE ( 'NONE', #3434, #3199 ) ;
#959 = FILL_AREA_STYLE ('',( #4988 ) ) ;
#960 = FACE_OUTER_BOUND ( 'NONE', #1221, .T. ) ;
#961 = MECHANICAL_DESIGN_GEOMETRIC_PRESENTATION_REPRESENTATION (  '', ( #1751 ), #5539 ) ;
#962 = PRESENTATION_STYLE_ASSIGNMENT (( #5156 ) ) ;
#963 = COLOUR_RGB ( '',1.000000000000000000, 0.8823529411764705600, 0.3764705882352941100 ) ;
#964 = MECHANICAL_DESIGN_GEOMETRIC_PRESENTATION_REPRESENTATION (  '', ( #6221 ), #1316 ) ;
#965 = ORIENTED_EDGE ( 'NONE', *, *, #2084, .F. ) ;
#966 = CARTESIAN_POINT ( 'NONE',  ( -1.152020410288672900, 0.5999999999999999800, -0.9799999999999997600 ) ) ;
#967 =( LENGTH_UNIT ( ) NAMED_UNIT ( * ) SI_UNIT ( .MILLI., .METRE. ) );
#968 =( GEOMETRIC_REPRESENTATION_CONTEXT ( 3 ) GLOBAL_UNCERTAINTY_ASSIGNED_CONTEXT ( ( #3811 ) ) GLOBAL_UNIT_ASSIGNED_CONTEXT ( ( #4186, #2048, #546 ) ) REPRESENTATION_CONTEXT ( 'NONE', 'WORKASPACE' ) );
#969 = CIRCLE ( 'NONE', #892, 0.1010000000000002800 ) ;
#970 =( LENGTH_UNIT ( ) NAMED_UNIT ( * ) SI_UNIT ( .MILLI., .METRE. ) );
#971 = VERTEX_POINT ( 'NONE', #2172 ) ;
#972 = DIRECTION ( 'NONE',  ( -0.0000000000000000000, -0.0000000000000000000, 1.000000000000000000 ) ) ;
#973 = DIRECTION ( 'NONE',  ( -1.000000000000000000, 0.0000000000000000000, 0.0000000000000000000 ) ) ;
#974 = CARTESIAN_POINT ( 'NONE',  ( -1.250000000000000400, 0.008284271247462057100, -0.8986738835618644000 ) ) ;
#975 = CYLINDRICAL_SURFACE ( 'NONE', #4014, 0.1010000000000000800 ) ;
#976 = VERTEX_POINT ( 'NONE', #3215 ) ;
#977 =( LENGTH_UNIT ( ) NAMED_UNIT ( * ) SI_UNIT ( .MILLI., .METRE. ) );
#978 = VERTEX_POINT ( 'NONE', #3723 ) ;
#979 = FACE_OUTER_BOUND ( 'NONE', #1851, .T. ) ;
#980 = SURFACE_STYLE_FILL_AREA ( #4731 ) ;
#981 = ORIENTED_EDGE ( 'NONE', *, *, #5570, .T. ) ;
#982 = CARTESIAN_POINT ( 'NONE',  ( -0.1000000000000001200, 0.7399999999999999900, 0.9600000000000000800 ) ) ;
#983 = COLOUR_RGB ( '',1.000000000000000000, 0.8823529411764705600, 0.3764705882352941100 ) ;
#984 = FACE_OUTER_BOUND ( 'NONE', #1647, .T. ) ;
#985 = CARTESIAN_POINT ( 'NONE',  ( 1.150000000000000100, 0.5817894150928535300, 0.9999999999999997800 ) ) ;
#986 = EDGE_CURVE ( 'NONE', #2395, #2820, #2284, .T. ) ;
#987 = ADVANCED_FACE ( 'NONE', ( #833 ), #2682, .F. ) ;
#988 = MECHANICAL_DESIGN_GEOMETRIC_PRESENTATION_REPRESENTATION (  '', ( #4771 ), #6579 ) ;
#989 = VERTEX_POINT ( 'NONE', #5863 ) ;
#990 = CARTESIAN_POINT ( 'NONE',  ( 0.1000000000000001300, 0.7399999999999999900, -0.8589999999999989900 ) ) ;
#991 = CARTESIAN_POINT ( 'NONE',  ( 0.2000000000000000100, 0.0000000000000000000, -0.9800000000000002000 ) ) ;
#992 = STYLED_ITEM ( 'NONE', ( #2039 ), #4293 ) ;
#993 = ORIENTED_EDGE ( 'NONE', *, *, #6176, .F. ) ;
#994 = EDGE_LOOP ( 'NONE', ( #2753, #5529, #417, #2396 ) ) ;
#995 = VERTEX_POINT ( 'NONE', #2885 ) ;
#996 =( LENGTH_UNIT ( ) NAMED_UNIT ( * ) SI_UNIT ( .MILLI., .METRE. ) );
#997 = ORIENTED_EDGE ( 'NONE', *, *, #3946, .T. ) ;
#998 = VERTEX_POINT ( 'NONE', #4197 ) ;
#999 = AXIS2_PLACEMENT_3D ( 'NONE', #2401, #4887, #2903 ) ;
#1000 = UNCERTAINTY_MEASURE_WITH_UNIT (LENGTH_MEASURE( 1.000000000000000100E-005 ), #5435, 'distance_accuracy_value', 'NONE');
#1001 = SURFACE_STYLE_FILL_AREA ( #4526 ) ;
#1002 = CARTESIAN_POINT ( 'NONE',  ( 1.185497518239656000E-016, 0.6500000000000000200, 0.9100000000000005900 ) ) ;
#1003 = ORIENTED_EDGE ( 'NONE', *, *, #3080, .F. ) ;
#1004 = AXIS2_PLACEMENT_3D ( 'NONE', #1286, #3794, #1309 ) ;
#1005 = EDGE_LOOP ( 'NONE', ( #4199, #6505, #2111, #5229 ) ) ;
#1006 = DIRECTION ( 'NONE',  ( 0.0000000000000000000, 0.0000000000000000000, 1.000000000000000000 ) ) ;
#1007 = FILL_AREA_STYLE_COLOUR ( '', #6489 ) ;
#1008 = DIRECTION ( 'NONE',  ( 0.0000000000000000000, 1.000000000000000000, 0.0000000000000000000 ) ) ;
#1009 = FILL_AREA_STYLE_COLOUR ( '', #6403 ) ;
#1010 = DIRECTION ( 'NONE',  ( -0.6567807448042003400, 0.0000000000000000000, 0.7540815958863073000 ) ) ;
#1011 = EDGE_CURVE ( 'NONE', #2832, #2060, #1219, .T. ) ;
#1012 = ORIENTED_EDGE ( 'NONE', *, *, #2160, .F. ) ;
#1013 = VECTOR ( 'NONE', #2351, 1000.000000000000000 ) ;
#1014 = CARTESIAN_POINT ( 'NONE',  ( 0.4740000000000001400, 0.0000000000000000000, -0.9009999999999999100 ) ) ;
#1015 = CARTESIAN_POINT ( 'NONE',  ( -1.019999999999999100, 0.7409999999999999900, 0.8590000000000006500 ) ) ;
#1016 = PLANE ( 'NONE',  #887 ) ;
#1017 =( NAMED_UNIT ( * ) PLANE_ANGLE_UNIT ( ) SI_UNIT ( $, .RADIAN. ) );
#1018 = ADVANCED_FACE ( 'NONE', ( #3870 ), #975, .F. ) ;
#1019 = EDGE_LOOP ( 'NONE', ( #3905, #300, #3725, #691, #1820, #1424 ) ) ;
#1020 = EDGE_CURVE ( 'NONE', #6433, #4601, #5556, .T. ) ;
#1021 = ORIENTED_EDGE ( 'NONE', *, *, #6394, .T. ) ;
#1022 = PRESENTATION_STYLE_ASSIGNMENT (( #1736 ) ) ;
#1023 =( GEOMETRIC_REPRESENTATION_CONTEXT ( 3 ) GLOBAL_UNCERTAINTY_ASSIGNED_CONTEXT ( ( #4989 ) ) GLOBAL_UNIT_ASSIGNED_CONTEXT ( ( #189, #209, #2715 ) ) REPRESENTATION_CONTEXT ( 'NONE', 'WORKASPACE' ) );
#1024 = DIRECTION ( 'NONE',  ( 4.444332872337274000E-016, 0.0000000000000000000, 1.000000000000000000 ) ) ;
#1025 = SURFACE_STYLE_FILL_AREA ( #3708 ) ;
#1026 = EDGE_LOOP ( 'NONE', ( #4662, #2617, #2595, #2449 ) ) ;
#1027 = TOROIDAL_SURFACE ( 'NONE', #2053, 0.2000000000000000100, 0.05000000000000000300 ) ;
#1028 = SURFACE_STYLE_FILL_AREA ( #2192 ) ;
#1029 = SURFACE_STYLE_USAGE ( .BOTH. , #3627 ) ;
#1030 = MECHANICAL_DESIGN_GEOMETRIC_PRESENTATION_REPRESENTATION (  '', ( #922 ), #3560 ) ;
#1031 = SURFACE_SIDE_STYLE ('',( #2910 ) ) ;
#1032 = VECTOR ( 'NONE', #1687, 1000.000000000000000 ) ;
#1033 =( NAMED_UNIT ( * ) SI_UNIT ( $, .STERADIAN. ) SOLID_ANGLE_UNIT ( ) );
#1034 = SURFACE_SIDE_STYLE ('',( #6471 ) ) ;
#1035 =( NAMED_UNIT ( * ) PLANE_ANGLE_UNIT ( ) SI_UNIT ( $, .RADIAN. ) );
#1036 = EDGE_CURVE ( 'NONE', #1281, #4242, #5387, .T. ) ;
#1037 = ORIENTED_EDGE ( 'NONE', *, *, #4637, .T. ) ;
#1038 = SURFACE_SIDE_STYLE ('',( #608 ) ) ;
#1039 = EDGE_CURVE ( 'NONE', #6283, #237, #1370, .T. ) ;
#1040 = CARTESIAN_POINT ( 'NONE',  ( 0.1812465383877997500, 0.7399999999999999900, -0.8999999999999996900 ) ) ;
#1041 = FILL_AREA_STYLE_COLOUR ( '', #5518 ) ;
#1042 = PRESENTATION_LAYER_ASSIGNMENT (  '', '', ( #4405 ) ) ;
#1043 = ORIENTED_EDGE ( 'NONE', *, *, #6487, .T. ) ;
#1044 = VERTEX_POINT ( 'NONE', #5921 ) ;
#1045 = AXIS2_PLACEMENT_3D ( 'NONE', #1625, #5708, #5688 ) ;
#1046 = DIRECTION ( 'NONE',  ( 0.7540815958863055200, 0.0000000000000000000, 0.6567807448042022300 ) ) ;
#1047 = UNCERTAINTY_MEASURE_WITH_UNIT (LENGTH_MEASURE( 1.000000000000000100E-005 ), #3646, 'distance_accuracy_value', 'NONE');
#1048 = CARTESIAN_POINT ( 'NONE',  ( -1.035185185185185400, 0.3300000000000000200, -0.9000000000000000200 ) ) ;
#1049 = ORIENTED_EDGE ( 'NONE', *, *, #1977, .F. ) ;
#1050 = ADVANCED_FACE ( 'NONE', ( #827 ), #6479, .T. ) ;
#1051 = CARTESIAN_POINT ( 'NONE',  ( -1.137150570253272300, 0.5989735075434624600, 0.9863250312780244000 ) ) ;
#1052 = CARTESIAN_POINT ( 'NONE',  ( -1.150000000000000400, 0.3310000000000000200, -1.000000000000000200 ) ) ;
#1053 = ORIENTED_EDGE ( 'NONE', *, *, #3644, .F. ) ;
#1054 = DIRECTION ( 'NONE',  ( -1.000000000000000000, 0.0000000000000000000, -0.0000000000000000000 ) ) ;
#1055 = FILL_AREA_STYLE_COLOUR ( '', #3308 ) ;
#1056 = CARTESIAN_POINT ( 'NONE',  ( 1.150000000000000400, 0.0000000000000000000, -0.8129032258064519100 ) ) ;
#1057 = SURFACE_STYLE_FILL_AREA ( #6562 ) ;
#1058 =( NAMED_UNIT ( * ) PLANE_ANGLE_UNIT ( ) SI_UNIT ( $, .RADIAN. ) );
#1059 = ORIENTED_EDGE ( 'NONE', *, *, #5026, .T. ) ;
#1060 = CARTESIAN_POINT ( 'NONE',  ( 0.1877283969899518600, 0.7309710808607679000, -0.9099527385753588500 ) ) ;
#1061 = DIRECTION ( 'NONE',  ( 0.0000000000000000000, 1.000000000000000000, -0.0000000000000000000 ) ) ;
#1062 = EDGE_CURVE ( 'NONE', #4905, #615, #6158, .T. ) ;
#1063 = MECHANICAL_DESIGN_GEOMETRIC_PRESENTATION_REPRESENTATION (  '', ( #750 ), #3124 ) ;
#1064 = PRESENTATION_STYLE_ASSIGNMENT (( #5766 ) ) ;
#1065 = VECTOR ( 'NONE', #204, 1000.000000000000000 ) ;
#1066 = CARTESIAN_POINT ( 'NONE',  ( 0.1844548319335271300, 0.7389371305779646200, 0.9045957655045013800 ) ) ;
#1067 = ORIENTED_EDGE ( 'NONE', *, *, #1634, .F. ) ;
#1068 = DIRECTION ( 'NONE',  ( 0.0000000000000000000, -0.0000000000000000000, 1.000000000000000000 ) ) ;
#1069 = LINE ( 'NONE', #3244, #4853 ) ;
#1070 = CARTESIAN_POINT ( 'NONE',  ( 1.170000000000000200, 0.7399999999999999900, 0.7599999999999992300 ) ) ;
#1071 = AXIS2_PLACEMENT_3D ( 'NONE', #6037, #445, #5604 ) ;
#1072 = CARTESIAN_POINT ( 'NONE',  ( 1.149999999999999900, -0.0000000000000000000, -5.110982803187865600E-016 ) ) ;
#1073 = EDGE_CURVE ( 'NONE', #5821, #4942, #503, .T. ) ;
#1074 = ORIENTED_EDGE ( 'NONE', *, *, #2029, .T. ) ;
#1075 = SURFACE_SIDE_STYLE ('',( #3407 ) ) ;
#1076 = CARTESIAN_POINT ( 'NONE',  ( 0.0000000000000000000, 0.3300000000000000200, -0.3250000000000001800 ) ) ;
#1077 = SURFACE_SIDE_STYLE ('',( #1620 ) ) ;
#1078 = CARTESIAN_POINT ( 'NONE',  ( -1.151000000000000200, 0.3310000000000000200, -0.3240000000000001800 ) ) ;
#1079 = CIRCLE ( 'NONE', #810, 0.04936395605478413600 ) ;
#1080 = AXIS2_PLACEMENT_3D ( 'NONE', #5289, #3727, #2754 ) ;
#1081 = DIRECTION ( 'NONE',  ( 0.0000000000000000000, -1.000000000000000000, 0.0000000000000000000 ) ) ;
#1082 = CARTESIAN_POINT ( 'NONE',  ( 1.019999999999999100, 0.6500000000000000200, -0.9099999999999997000 ) ) ;
#1083 = ORIENTED_EDGE ( 'NONE', *, *, #4946, .F. ) ;
#1084 = DIRECTION ( 'NONE',  ( -1.000000000000000000, 0.0000000000000000000, 1.935435283114619600E-016 ) ) ;
#1085 = FILL_AREA_STYLE ('',( #592 ) ) ;
#1086 = ORIENTED_EDGE ( 'NONE', *, *, #3655, .F. ) ;
#1087 = ADVANCED_FACE ( 'NONE', ( #3693 ), #4741, .T. ) ;
#1088 = CARTESIAN_POINT ( 'NONE',  ( -1.019999999999999100, 0.8010000000000000500, 0.8390000000000007500 ) ) ;
#1089 = UNCERTAINTY_MEASURE_WITH_UNIT (LENGTH_MEASURE( 1.000000000000000100E-005 ), #977, 'distance_accuracy_value', 'NONE');
#1090 = COLOUR_RGB ( '',1.000000000000000000, 0.8823529411764705600, 0.3764705882352941100 ) ;
#1091 = ORIENTED_EDGE ( 'NONE', *, *, #4972, .T. ) ;
#1092 = CARTESIAN_POINT ( 'NONE',  ( 1.150000000000000100, 0.5799999999999998500, 0.9999999999999997800 ) ) ;
#1093 =( GEOMETRIC_REPRESENTATION_CONTEXT ( 3 ) GLOBAL_UNCERTAINTY_ASSIGNED_CONTEXT ( ( #6556 ) ) GLOBAL_UNIT_ASSIGNED_CONTEXT ( ( #2149, #5210, #5159 ) ) REPRESENTATION_CONTEXT ( 'NONE', 'WORKASPACE' ) );
#1094 =( LENGTH_UNIT ( ) NAMED_UNIT ( * ) SI_UNIT ( .MILLI., .METRE. ) );
#1095 = ORIENTED_EDGE ( 'NONE', *, *, #3073, .F. ) ;
#1096 = FILL_AREA_STYLE ('',( #6160 ) ) ;
#1097 = SURFACE_STYLE_USAGE ( .BOTH. , #4134 ) ;
#1098 = AXIS2_PLACEMENT_3D ( 'NONE', #5954, #5415, #4416 ) ;
#1099 = CIRCLE ( 'NONE', #2435, 0.09900000000000013000 ) ;
#1100 = CARTESIAN_POINT ( 'NONE',  ( 1.149999999999999900, 0.3300000000000000200, 5.110982803187865600E-016 ) ) ;
#1101 = ORIENTED_EDGE ( 'NONE', *, *, #4476, .T. ) ;
#1102 = LINE ( 'NONE', #2830, #3105 ) ;
#1103 = CARTESIAN_POINT ( 'NONE',  ( 0.0001420358232436459300, 0.3310000000000000200, 0.0001630781674278896300 ) ) ;
#1104 =( NAMED_UNIT ( * ) PLANE_ANGLE_UNIT ( ) SI_UNIT ( $, .RADIAN. ) );
#1105 =( NAMED_UNIT ( * ) SI_UNIT ( $, .STERADIAN. ) SOLID_ANGLE_UNIT ( ) );
#1106 = DIRECTION ( 'NONE',  ( 0.0000000000000000000, 0.0000000000000000000, -1.000000000000000000 ) ) ;
#1107 = DIRECTION ( 'NONE',  ( 0.0000000000000000000, -0.0000000000000000000, -1.000000000000000000 ) ) ;
#1108 = EDGE_LOOP ( 'NONE', ( #2524, #5636, #5266, #1410, #5173, #2265, #889 ) ) ;
#1109 = LINE ( 'NONE', #1912, #4328 ) ;
#1110 = ORIENTED_EDGE ( 'NONE', *, *, #5119, .T. ) ;
#1111 = DIRECTION ( 'NONE',  ( -0.0000000000000000000, -1.000000000000000000, -0.0000000000000000000 ) ) ;
#1112 = FACE_OUTER_BOUND ( 'NONE', #3647, .T. ) ;
#1113 = CARTESIAN_POINT ( 'NONE',  ( 0.1877463296501738500, 0.7306489058899752200, -0.9099841729334087200 ) ) ;
#1114 = SURFACE_SIDE_STYLE ('',( #3766 ) ) ;
#1115 = CARTESIAN_POINT ( 'NONE',  ( -0.4740000000000001400, 0.3310000000000000200, 0.3240000000000001800 ) ) ;
#1116 = FACE_OUTER_BOUND ( 'NONE', #4205, .T. ) ;
#1117 = LINE ( 'NONE', #5943, #6391 ) ;
#1118 = EDGE_CURVE ( 'NONE', #4896, #5928, #3403, .T. ) ;
#1119 = CARTESIAN_POINT ( 'NONE',  ( -1.019999999999998700, 0.8010000000000000500, -0.8589999999999996500 ) ) ;
#1120 = AXIS2_PLACEMENT_3D ( 'NONE', #4327, #2827, #801 ) ;
#1121 = CIRCLE ( 'NONE', #316, 0.1000000000000000500 ) ;
#1122 = AXIS2_PLACEMENT_3D ( 'NONE', #2659, #132, #36 ) ;
#1123 = CARTESIAN_POINT ( 'NONE',  ( 0.1870725774717107400, 0.7348142061859529500, 0.9088164852306759300 ) ) ;
#1124 = CARTESIAN_POINT ( 'NONE',  ( -1.019999999999999800, 0.7409999999999999900, 0.7600000000000006800 ) ) ;
#1125 = CARTESIAN_POINT ( 'NONE',  ( -1.150000000000000100, 0.5799999999999998500, -1.000000000000000000 ) ) ;
#1126 = VECTOR ( 'NONE', #2761, 1000.000000000000000 ) ;
#1127 = CARTESIAN_POINT ( 'NONE',  ( 0.4750000000000001400, 0.3300000000000000200, 0.0000000000000000000 ) ) ;
#1128 = ADVANCED_FACE ( 'NONE', ( #3784 ), #6247, .F. ) ;
#1129 = CARTESIAN_POINT ( 'NONE',  ( 1.151000000000000200, 0.0000000000000000000, -0.3240000000000001800 ) ) ;
#1130 = ORIENTED_EDGE ( 'NONE', *, *, #6027, .F. ) ;
#1131 = DIRECTION ( 'NONE',  ( 0.0000000000000000000, -1.000000000000000000, 0.0000000000000000000 ) ) ;
#1132 = VECTOR ( 'NONE', #2003, 1000.000000000000000 ) ;
#1133 = SURFACE_STYLE_USAGE ( .BOTH. , #557 ) ;
#1134 = DIRECTION ( 'NONE',  ( -1.000000000000000000, 0.0000000000000000000, 0.0000000000000000000 ) ) ;
#1135 =( BOUNDED_CURVE ( )  B_SPLINE_CURVE ( 3, ( #4347, #4924, #2381, #5360 ),
 .UNSPECIFIED., .F., .F. ) 
 B_SPLINE_CURVE_WITH_KNOTS ( ( 4, 4 ),
 ( 3.141592653589793100, 4.712388980384684300 ),
 .UNSPECIFIED. ) 
 CURVE ( )  GEOMETRIC_REPRESENTATION_ITEM ( )  RATIONAL_B_SPLINE_CURVE ( ( 1.000000000000000000, 0.8047378541243662700, 0.8047378541243662700, 1.000000000000000000 ) ) 
 REPRESENTATION_ITEM ( '' )  );
#1136 = EDGE_CURVE ( 'NONE', #4986, #1155, #2278, .T. ) ;
#1137 = ORIENTED_EDGE ( 'NONE', *, *, #3209, .T. ) ;
#1138 = CARTESIAN_POINT ( 'NONE',  ( -1.169999999999999700, 0.7299999999999999800, 0.7599999999999995600 ) ) ;
#1139 = CARTESIAN_POINT ( 'NONE',  ( 1.099000000000000600, 0.8010000000000000500, -0.7599999999999989000 ) ) ;
#1140 = CARTESIAN_POINT ( 'NONE',  ( 1.230687251804319300, 0.5999881886362288300, 0.8822606708056453000 ) ) ;
#1141 = AXIS2_PLACEMENT_3D ( 'NONE', #2798, #3829, #2245 ) ;
#1142 = UNCERTAINTY_MEASURE_WITH_UNIT (LENGTH_MEASURE( 1.000000000000000100E-005 ), #4144, 'distance_accuracy_value', 'NONE');
#1143 = DIRECTION ( 'NONE',  ( 0.0000000000000000000, 6.505213034913024200E-015, 1.000000000000000000 ) ) ;
#1144 = ORIENTED_EDGE ( 'NONE', *, *, #2868, .F. ) ;
#1145 = MECHANICAL_DESIGN_GEOMETRIC_PRESENTATION_REPRESENTATION (  '', ( #1563 ), #3066 ) ;
#1146 = LINE ( 'NONE', #6518, #3953 ) ;
#1147 = CARTESIAN_POINT ( 'NONE',  ( -1.150087666812557700, 0.5926523033171696700, -0.9956465976953650100 ) ) ;
#1148 = PRESENTATION_STYLE_ASSIGNMENT (( #6261 ) ) ;
#1149 = DIRECTION ( 'NONE',  ( -1.000000000000000000, 0.0000000000000000000, 0.0000000000000000000 ) ) ;
#1150 = SURFACE_STYLE_USAGE ( .BOTH. , #4292 ) ;
#1151 = EDGE_CURVE ( 'NONE', #1044, #2060, #5209, .T. ) ;
#1152 = LINE ( 'NONE', #3297, #2375 ) ;
#1153 = DIRECTION ( 'NONE',  ( 1.000000000000000000, 0.0000000000000000000, 0.0000000000000000000 ) ) ;
#1154 = CARTESIAN_POINT ( 'NONE',  ( -1.034810755200659800, 0.0000000000000000000, 0.9009999999999999100 ) ) ;
#1155 = VERTEX_POINT ( 'NONE', #5533 ) ;
#1156 = EDGE_CURVE ( 'NONE', #998, #4933, #5120, .T. ) ;
#1157 = CARTESIAN_POINT ( 'NONE',  ( 1.019999999999999600, 0.8010000000000000500, -0.8589999999999996500 ) ) ;
#1158 = DIRECTION ( 'NONE',  ( 0.0000000000000000000, -0.0000000000000000000, -1.000000000000000000 ) ) ;
#1159 = DIRECTION ( 'NONE',  ( 1.000000000000000000, 0.0000000000000000000, -2.065146995210484200E-016 ) ) ;
#1160 = ADVANCED_FACE ( 'NONE', ( #2968 ), #1911, .F. ) ;
#1161 = DIRECTION ( 'NONE',  ( 0.0000000000000000000, -1.000000000000000000, 0.0000000000000000000 ) ) ;
#1162 = EDGE_CURVE ( 'NONE', #6103, #3733, #3867, .T. ) ;
#1163 = DIRECTION ( 'NONE',  ( -1.000000000000000000, 0.0000000000000000000, 0.0000000000000000000 ) ) ;
#1164 = ORIENTED_EDGE ( 'NONE', *, *, #5013, .F. ) ;
#1165 = EDGE_LOOP ( 'NONE', ( #277, #6485, #4981, #6250 ) ) ;
#1166 = DIRECTION ( 'NONE',  ( 0.7071067811865474600, 0.0000000000000000000, 0.7071067811865474600 ) ) ;
#1167 = CARTESIAN_POINT ( 'NONE',  ( 1.148477421867325900, 0.3310000000000000200, 0.9999999999999995600 ) ) ;
#1168 =( NAMED_UNIT ( * ) PLANE_ANGLE_UNIT ( ) SI_UNIT ( $, .RADIAN. ) );
#1169 = CARTESIAN_POINT ( 'NONE',  ( -1.230000000000000200, 0.0000000000000000000, -0.8986738835618647300 ) ) ;
#1170 = ORIENTED_EDGE ( 'NONE', *, *, #263, .T. ) ;
#1171 = STYLED_ITEM ( 'NONE', ( #5434 ), #3632 ) ;
#1172 = COLOUR_RGB ( '',1.000000000000000000, 0.8823529411764705600, 0.3764705882352941100 ) ;
#1173 = EDGE_CURVE ( 'NONE', #5667, #3754, #821, .T. ) ;
#1174 = ORIENTED_EDGE ( 'NONE', *, *, #3045, .F. ) ;
#1175 = ORIENTED_EDGE ( 'NONE', *, *, #4496, .F. ) ;
#1176 = CARTESIAN_POINT ( 'NONE',  ( 0.1000000000000001300, 0.5999999999999999800, -0.8589999999999989900 ) ) ;
#1177 = CARTESIAN_POINT ( 'NONE',  ( 0.0000000000000000000, 0.5999999999999999800, 0.8589999999999999900 ) ) ;
#1178 = AXIS2_PLACEMENT_3D ( 'NONE', #6322, #2184, #3713 ) ;
#1179 = ORIENTED_EDGE ( 'NONE', *, *, #1897, .T. ) ;
#1180 = UNCERTAINTY_MEASURE_WITH_UNIT (LENGTH_MEASURE( 1.000000000000000100E-005 ), #5912, 'distance_accuracy_value', 'NONE');
#1181 = CARTESIAN_POINT ( 'NONE',  ( 1.131678404338007500, 0.5999999999999999800, -0.9800000000000020900 ) ) ;
#1182 = CARTESIAN_POINT ( 'NONE',  ( -0.2000000000000000900, 0.02000000000000005200, -0.9800000000000002000 ) ) ;
#1183 = CARTESIAN_POINT ( 'NONE',  ( 1.132066353040787500, 0.5999960550450437200, -0.9804584633714712400 ) ) ;
#1184 = CARTESIAN_POINT ( 'NONE',  ( 1.019999999999999100, 0.8010000000000000500, 0.8590000000000006500 ) ) ;
#1185 = CARTESIAN_POINT ( 'NONE',  ( 1.243262510529349300, 0.5949701641728490900, 0.8934753648446198700 ) ) ;
#1186 = PRESENTATION_LAYER_ASSIGNMENT (  '', '', ( #596 ) ) ;
#1187 = EDGE_LOOP ( 'NONE', ( #5347, #3183, #5280, #2601 ) ) ;
#1188 = PLANE ( 'NONE',  #349 ) ;
#1189 =( GEOMETRIC_REPRESENTATION_CONTEXT ( 3 ) GLOBAL_UNCERTAINTY_ASSIGNED_CONTEXT ( ( #1409 ) ) GLOBAL_UNIT_ASSIGNED_CONTEXT ( ( #5896, #1351, #2859 ) ) REPRESENTATION_CONTEXT ( 'NONE', 'WORKASPACE' ) );
#1190 = CARTESIAN_POINT ( 'NONE',  ( 0.4740000000000001400, 0.0000000000000000000, 0.0000000000000000000 ) ) ;
#1191 = DIRECTION ( 'NONE',  ( -0.0000000000000000000, -1.000000000000000000, -0.0000000000000000000 ) ) ;
#1192 = FILL_AREA_STYLE ('',( #4312 ) ) ;
#1193 = ORIENTED_EDGE ( 'NONE', *, *, #1604, .T. ) ;
#1194 = APPLICATION_PROTOCOL_DEFINITION ( 'draft international standard', 'automotive_design', 1998, #4268 ) ;
#1195 = CARTESIAN_POINT ( 'NONE',  ( -1.159999999999999700, 0.7299999999999999800, 0.0000000000000000000 ) ) ;
#1196 = AXIS2_PLACEMENT_3D ( 'NONE', #3712, #1665, #3173 ) ;
#1197 = ADVANCED_FACE ( 'NONE', ( #4173 ), #2921, .F. ) ;
#1198 = LINE ( 'NONE', #2876, #2341 ) ;
#1199 = LINE ( 'NONE', #2666, #5591 ) ;
#1200 = ORIENTED_EDGE ( 'NONE', *, *, #5405, .F. ) ;
#1201 = PRESENTATION_STYLE_ASSIGNMENT (( #5463 ) ) ;
#1202 = DIRECTION ( 'NONE',  ( -1.000000000000000000, 0.0000000000000000000, -2.065146995210484900E-016 ) ) ;
#1203 = FACE_OUTER_BOUND ( 'NONE', #6084, .T. ) ;
#1204 = DIRECTION ( 'NONE',  ( -1.000000000000000000, 0.0000000000000000000, 0.0000000000000000000 ) ) ;
#1205 = PRESENTATION_LAYER_ASSIGNMENT (  '', '', ( #518 ) ) ;
#1206 = FILL_AREA_STYLE_COLOUR ( '', #2135 ) ;
#1207 = CARTESIAN_POINT ( 'NONE',  ( -0.2000000000000000100, 0.02000000000000005200, -1.000000000000000200 ) ) ;
#1208 = CARTESIAN_POINT ( 'NONE',  ( 0.09346153846153686100, 0.3300000000000000200, 0.1073076923076908100 ) ) ;
#1209 = TOROIDAL_SURFACE ( 'NONE', #5301, 0.1200000000000001100, 0.02000000000000000000 ) ;
#1211 = VERTEX_POINT ( 'NONE', #3959 ) ;
#1210 = DIRECTION ( 'NONE',  ( -0.0000000000000000000, -1.000000000000000000, -0.0000000000000000000 ) ) ;
#1212 = EDGE_CURVE ( 'NONE', #6455, #946, #2356, .T. ) ;
#1213 = SURFACE_STYLE_USAGE ( .BOTH. , #690 ) ;
#1214 = CARTESIAN_POINT ( 'NONE',  ( -1.238795416212216100, 0.5981499770527649600, 0.8893396686318201200 ) ) ;
#1215 = ORIENTED_EDGE ( 'NONE', *, *, #1582, .T. ) ;
#1216 = CARTESIAN_POINT ( 'NONE',  ( -1.131678404338007500, 0.5999999999999999800, 0.9800000000000017600 ) ) ;
#1217 = EDGE_LOOP ( 'NONE', ( #575, #1200, #783, #3658 ) ) ;
#1218 = UNCERTAINTY_MEASURE_WITH_UNIT (LENGTH_MEASURE( 1.000000000000000100E-005 ), #5189, 'distance_accuracy_value', 'NONE');
#1219 = LINE ( 'NONE', #1867, #1873 ) ;
#1220 = STYLED_ITEM ( 'NONE', ( #6162 ), #4597 ) ;
#1221 = EDGE_LOOP ( 'NONE', ( #3662, #3939, #2022, #1021 ) ) ;
#1222 = DIRECTION ( 'NONE',  ( 1.084202172485501800E-014, 0.0000000000000000000, -1.000000000000000000 ) ) ;
#1223 =( NAMED_UNIT ( * ) PLANE_ANGLE_UNIT ( ) SI_UNIT ( $, .RADIAN. ) );
#1224 = PRESENTATION_LAYER_ASSIGNMENT (  '', '', ( #543 ) ) ;
#1225 = EDGE_LOOP ( 'NONE', ( #3961, #5389, #1473, #3451, #6041 ) ) ;
#1226 = CARTESIAN_POINT ( 'NONE',  ( 1.741891754803157100E-016, 0.3300000000000000200, -0.8999999999999998000 ) ) ;
#1227 = DIRECTION ( 'NONE',  ( -0.0000000000000000000, -1.000000000000000000, -0.0000000000000000000 ) ) ;
#1228 = ADVANCED_FACE ( 'NONE', ( #422 ), #6033, .F. ) ;
#1229 = STYLED_ITEM ( 'NONE', ( #4310 ), #3206 ) ;
#1230 = CYLINDRICAL_SURFACE ( 'NONE', #6351, 0.09900000000000001900 ) ;
#1231 = PRESENTATION_STYLE_ASSIGNMENT (( #1442 ) ) ;
#1232 = DIRECTION ( 'NONE',  ( 0.7540815958863068500, 0.0000000000000000000, -0.6567807448042006800 ) ) ;
#1233 = VECTOR ( 'NONE', #788, 1000.000000000000000 ) ;
#1234 = DIRECTION ( 'NONE',  ( 0.0000000000000000000, 0.0000000000000000000, 1.000000000000000000 ) ) ;
#1235 = ORIENTED_EDGE ( 'NONE', *, *, #2717, .T. ) ;
#1236 = PRESENTATION_LAYER_ASSIGNMENT (  '', '', ( #4670 ) ) ;
#1237 =( NAMED_UNIT ( * ) SI_UNIT ( $, .STERADIAN. ) SOLID_ANGLE_UNIT ( ) );
#1238 = ORIENTED_EDGE ( 'NONE', *, *, #527, .T. ) ;
#1239 = CARTESIAN_POINT ( 'NONE',  ( 0.2000000000000000100, 0.02000000000000005200, -0.9800000000000002000 ) ) ;
#1240 =( NAMED_UNIT ( * ) PLANE_ANGLE_UNIT ( ) SI_UNIT ( $, .RADIAN. ) );
#1241 = CARTESIAN_POINT ( 'NONE',  ( -1.019999999999999800, 0.6500000000000000200, -0.7599999999999996800 ) ) ;
#1242 = EDGE_CURVE ( 'NONE', #4010, #2018, #969, .T. ) ;
#1243 = ORIENTED_EDGE ( 'NONE', *, *, #4029, .T. ) ;
#1244 = CARTESIAN_POINT ( 'NONE',  ( -0.1953596204676252800, 0.6125750519130115400, -0.9264081951846003800 ) ) ;
#1245 = ORIENTED_EDGE ( 'NONE', *, *, #1585, .F. ) ;
#1246 = SURFACE_STYLE_USAGE ( .BOTH. , #4918 ) ;
#1247 = CARTESIAN_POINT ( 'NONE',  ( -1.159999999999999700, 0.7399999999999999900, 0.0000000000000000000 ) ) ;
#1248 = EDGE_CURVE ( 'NONE', #1700, #5083, #2657, .T. ) ;
#1249 = CARTESIAN_POINT ( 'NONE',  ( -0.09411831920634057500, 0.3310000000000000200, -0.1080617739035766900 ) ) ;
#1250 = CARTESIAN_POINT ( 'NONE',  ( -1.146309652806826200, 0.5918854740033265800, 0.9962476651733728200 ) ) ;
#1251 = ORIENTED_EDGE ( 'NONE', *, *, #4470, .F. ) ;
#1252 = DIRECTION ( 'NONE',  ( 0.0000000000000000000, -1.000000000000000000, 0.0000000000000000000 ) ) ;
#1253 = EDGE_CURVE ( 'NONE', #3109, #561, #498, .T. ) ;
#1254 =( GEOMETRIC_REPRESENTATION_CONTEXT ( 3 ) GLOBAL_UNCERTAINTY_ASSIGNED_CONTEXT ( ( #1000 ) ) GLOBAL_UNIT_ASSIGNED_CONTEXT ( ( #5435, #2887, #873 ) ) REPRESENTATION_CONTEXT ( 'NONE', 'WORKASPACE' ) );
#1255 = EDGE_CURVE ( 'NONE', #615, #3607, #668, .T. ) ;
#1256 = CARTESIAN_POINT ( 'NONE',  ( -0.2000000000000000400, 0.5799999999999998500, 0.9799999999999997600 ) ) ;
#1257 = FILL_AREA_STYLE_COLOUR ( '', #4652 ) ;
#1258 = EDGE_LOOP ( 'NONE', ( #5509, #2760, #5558, #965 ) ) ;
#1259 = DIRECTION ( 'NONE',  ( 0.6567807448042006800, 0.0000000000000000000, -0.7540815958863068500 ) ) ;
#1260 = ADVANCED_FACE ( 'NONE', ( #202 ), #4263, .F. ) ;
#1261 =( LENGTH_UNIT ( ) NAMED_UNIT ( * ) SI_UNIT ( .MILLI., .METRE. ) );
#1262 = ORIENTED_EDGE ( 'NONE', *, *, #6416, .T. ) ;
#1263 = UNCERTAINTY_MEASURE_WITH_UNIT (LENGTH_MEASURE( 1.000000000000000100E-005 ), #2285, 'distance_accuracy_value', 'NONE');
#1264 = EDGE_CURVE ( 'NONE', #2965, #39, #1703, .T. ) ;
#1265 = CARTESIAN_POINT ( 'NONE',  ( 1.148477421867326600, 0.02000000000000005200, -1.000000000000000000 ) ) ;
#1266 = VECTOR ( 'NONE', #5073, 1000.000000000000100 ) ;
#1267 = CARTESIAN_POINT ( 'NONE',  ( 2.065146995210485700E-016, 0.3310000000000000200, -1.000000000000000200 ) ) ;
#1268 = PRESENTATION_LAYER_ASSIGNMENT (  '', '', ( #6477 ) ) ;
#1269 = ORIENTED_EDGE ( 'NONE', *, *, #2531, .F. ) ;
#1270 = CARTESIAN_POINT ( 'NONE',  ( -0.09999999999999928400, 0.0000000000000000000, -0.8599999999999999900 ) ) ;
#1271 = VERTEX_POINT ( 'NONE', #5624 ) ;
#1272 = CARTESIAN_POINT ( 'NONE',  ( -1.148188001608059000, 0.5885003707310453300, 0.9981745748711347000 ) ) ;
#1273 = LINE ( 'NONE', #3686, #2474 ) ;
#1274 = DIRECTION ( 'NONE',  ( -0.0000000000000000000, -1.000000000000000000, 0.0000000000000000000 ) ) ;
#1275 = FILL_AREA_STYLE_COLOUR ( '', #4757 ) ;
#1276 = CARTESIAN_POINT ( 'NONE',  ( 1.170000000000000200, 0.6500000000000000200, 0.7599999999999992300 ) ) ;
#1277 = AXIS2_PLACEMENT_3D ( 'NONE', #5955, #3331, #777 ) ;
#1278 = CARTESIAN_POINT ( 'NONE',  ( -0.2009999999999994800, 0.5999999999999999800, -0.9547542197786911300 ) ) ;
#1279 = FILL_AREA_STYLE_COLOUR ( '', #4978 ) ;
#1280 = CARTESIAN_POINT ( 'NONE',  ( 1.250000000000000200, 0.02000000000000005200, 0.8986738835618647300 ) ) ;
#1281 = VERTEX_POINT ( 'NONE', #4102 ) ;
#1282 = CARTESIAN_POINT ( 'NONE',  ( 0.1993233776256124500, 0.6034586441743164900, -0.9407931587627410600 ) ) ;
#1283 = FILL_AREA_STYLE ('',( #3899 ) ) ;
#1284 = VECTOR ( 'NONE', #1232, 1000.000000000000100 ) ;
#1285 = VECTOR ( 'NONE', #2737, 1000.000000000000000 ) ;
#1286 = CARTESIAN_POINT ( 'NONE',  ( 0.0000000000000000000, 0.7399999999999999900, -0.9099999999999997000 ) ) ;
#1287 = DIRECTION ( 'NONE',  ( 1.000000000000000000, 0.0000000000000000000, -0.0000000000000000000 ) ) ;
#1288 = VECTOR ( 'NONE', #5093, 1000.000000000000000 ) ;
#1289 = CIRCLE ( 'NONE', #203, 0.1009999999999999600 ) ;
#1290 = CARTESIAN_POINT ( 'NONE',  ( 1.250000000000000200, 0.3310000000000000200, -1.000000000000000000 ) ) ;
#1291 = EDGE_CURVE ( 'NONE', #2123, #5097, #6150, .T. ) ;
#1292 = FACE_OUTER_BOUND ( 'NONE', #3489, .T. ) ;
#1293 =( GEOMETRIC_REPRESENTATION_CONTEXT ( 3 ) GLOBAL_UNCERTAINTY_ASSIGNED_CONTEXT ( ( #931 ) ) GLOBAL_UNIT_ASSIGNED_CONTEXT ( ( #51, #6092, #4562 ) ) REPRESENTATION_CONTEXT ( 'NONE', 'WORKASPACE' ) );
#1294 = ORIENTED_EDGE ( 'NONE', *, *, #2115, .T. ) ;
#1295 = CARTESIAN_POINT ( 'NONE',  ( -0.2000000000000000100, 0.5999999999999999800, 0.9799999999999997600 ) ) ;
#1296 = ADVANCED_FACE ( 'NONE', ( #3047 ), #6564, .F. ) ;
#1297 = FILL_AREA_STYLE_COLOUR ( '', #333 ) ;
#1298 = PRESENTATION_STYLE_ASSIGNMENT (( #4466 ) ) ;
#1299 = CARTESIAN_POINT ( 'NONE',  ( -1.148477421867326600, 0.02000000000000005200, -1.000000000000000000 ) ) ;
#1300 =( NAMED_UNIT ( * ) SI_UNIT ( $, .STERADIAN. ) SOLID_ANGLE_UNIT ( ) );
#1301 = ORIENTED_EDGE ( 'NONE', *, *, #1264, .F. ) ;
#1302 = STYLED_ITEM ( 'NONE', ( #1996 ), #6535 ) ;
#1303 = FACE_OUTER_BOUND ( 'NONE', #4380, .T. ) ;
#1304 = CARTESIAN_POINT ( 'NONE',  ( 1.249999999999999800, 0.3310000000000000200, -0.8986738835618640600 ) ) ;
#1305 = MANIFOLD_SOLID_BREP ( 'Boss-Extrude2[1]', #1869 ) ;
#1306 = EDGE_CURVE ( 'NONE', #467, #6366, #4826, .T. ) ;
#1307 = ORIENTED_EDGE ( 'NONE', *, *, #35, .T. ) ;
#1308 = EDGE_LOOP ( 'NONE', ( #6030, #5442, #5662, #3957 ) ) ;
#1309 = DIRECTION ( 'NONE',  ( 1.000000000000000000, 0.0000000000000000000, -0.0000000000000000000 ) ) ;
#1310 = MECHANICAL_DESIGN_GEOMETRIC_PRESENTATION_REPRESENTATION (  '', ( #4877 ), #342 ) ;
#1311 = LINE ( 'NONE', #4651, #4598 ) ;
#1312 = ORIENTED_EDGE ( 'NONE', *, *, #38, .T. ) ;
#1313 = CARTESIAN_POINT ( 'NONE',  ( 0.1000000000000000100, 0.5999999999999999800, 0.9600000000000000800 ) ) ;
#1314 = DIRECTION ( 'NONE',  ( 0.7071067811865473500, 0.0000000000000000000, -0.7071067811865477900 ) ) ;
#1315 = CARTESIAN_POINT ( 'NONE',  ( -1.150000000000000400, 0.3300000000000000200, -1.000000000000000200 ) ) ;
#1316 =( GEOMETRIC_REPRESENTATION_CONTEXT ( 3 ) GLOBAL_UNCERTAINTY_ASSIGNED_CONTEXT ( ( #139 ) ) GLOBAL_UNIT_ASSIGNED_CONTEXT ( ( #3212, #5871, #4854 ) ) REPRESENTATION_CONTEXT ( 'NONE', 'WORKASPACE' ) );
#1317 = LINE ( 'NONE', #659, #3336 ) ;
#1318 = SURFACE_SIDE_STYLE ('',( #6392 ) ) ;
#1319 = AXIS2_PLACEMENT_3D ( 'NONE', #3891, #367, #3936 ) ;
#1320 = DIRECTION ( 'NONE',  ( 1.302744525538087800E-016, 0.0000000000000000000, 1.000000000000000000 ) ) ;
#1321 = ORIENTED_EDGE ( 'NONE', *, *, #3314, .F. ) ;
#1322 = STYLED_ITEM ( 'NONE', ( #1201 ), #2322 ) ;
#1323 = CARTESIAN_POINT ( 'NONE',  ( 0.09346153846153686100, 0.3300000000000000200, -0.1073076923076908100 ) ) ;
#1324 = VERTEX_POINT ( 'NONE', #318 ) ;
#1325 = EDGE_LOOP ( 'NONE', ( #242, #5503, #4439, #3833 ) ) ;
#1326 = ORIENTED_EDGE ( 'NONE', *, *, #3545, .T. ) ;
#1327 =( LENGTH_UNIT ( ) NAMED_UNIT ( * ) SI_UNIT ( .MILLI., .METRE. ) );
#1328 = VECTOR ( 'NONE', #2518, 1000.000000000000200 ) ;
#1329 = ORIENTED_EDGE ( 'NONE', *, *, #1722, .T. ) ;
#1330 = DIRECTION ( 'NONE',  ( 1.000000000000000000, 0.0000000000000000000, -6.505213034913037600E-015 ) ) ;
#1331 = DIRECTION ( 'NONE',  ( -0.7071067811865477900, 0.0000000000000000000, -0.7071067811865473500 ) ) ;
#1332 = PLANE ( 'NONE',  #2579 ) ;
#1333 = CIRCLE ( 'NONE', #5105, 0.09900000000000001900 ) ;
#1334 = FACE_OUTER_BOUND ( 'NONE', #799, .T. ) ;
#1335 = CARTESIAN_POINT ( 'NONE',  ( 1.249999999999999800, 0.5999999999999999800, -0.8999999999999999100 ) ) ;
#1336 = EDGE_CURVE ( 'NONE', #2849, #3599, #2099, .T. ) ;
#1337 = UNCERTAINTY_MEASURE_WITH_UNIT (LENGTH_MEASURE( 1.000000000000000100E-005 ), #739, 'distance_accuracy_value', 'NONE');
#1338 = AXIS2_PLACEMENT_3D ( 'NONE', #4809, #1750, #5307 ) ;
#1339 = STYLED_ITEM ( 'NONE', ( #6018 ), #184 ) ;
#1340 = ORIENTED_EDGE ( 'NONE', *, *, #4482, .F. ) ;
#1341 = SURFACE_SIDE_STYLE ('',( #2501 ) ) ;
#1342 = VECTOR ( 'NONE', #1891, 1000.000000000000000 ) ;
#1343 = MECHANICAL_DESIGN_GEOMETRIC_PRESENTATION_REPRESENTATION (  '', ( #992 ), #4577 ) ;
#1344 = VERTEX_POINT ( 'NONE', #238 ) ;
#1345 = VECTOR ( 'NONE', #1934, 1000.000000000000000 ) ;
#1346 = CARTESIAN_POINT ( 'NONE',  ( -0.1877553417177550100, 0.7299999999999999800, -0.9099999999999997000 ) ) ;
#1347 = VERTEX_POINT ( 'NONE', #1815 ) ;
#1348 = CARTESIAN_POINT ( 'NONE',  ( 0.2000000000000000100, 0.5999999999999999800, 0.9600000000000006300 ) ) ;
#1349 = AXIS2_PLACEMENT_3D ( 'NONE', #5561, #3054, #1449 ) ;
#1350 = PRESENTATION_STYLE_ASSIGNMENT (( #2360 ) ) ;
#1351 =( NAMED_UNIT ( * ) PLANE_ANGLE_UNIT ( ) SI_UNIT ( $, .RADIAN. ) );
#1352 = COLOUR_RGB ( '',1.000000000000000000, 0.8823529411764705600, 0.3764705882352941100 ) ;
#1353 = DIRECTION ( 'NONE',  ( 1.000000000000000000, -0.0000000000000000000, 2.065146995210484900E-016 ) ) ;
#1354 = AXIS2_PLACEMENT_3D ( 'NONE', #2308, #2804, #4337 ) ;
#1355 = CARTESIAN_POINT ( 'NONE',  ( 1.019999999999998900, 0.5999999999999999800, -0.9599999999999997400 ) ) ;
#1356 = COLOUR_RGB ( '',0.2509803921568627400, 0.2509803921568627400, 0.2509803921568627400 ) ;
#1357 = CARTESIAN_POINT ( 'NONE',  ( -1.250000000000000400, 0.3310000000000000200, 0.8986738835618647300 ) ) ;
#1358 = EDGE_CURVE ( 'NONE', #4401, #2163, #893, .T. ) ;
#1359 = ADVANCED_FACE ( 'NONE', ( #1292 ), #285, .F. ) ;
#1360 = ORIENTED_EDGE ( 'NONE', *, *, #925, .T. ) ;
#1361 = FILL_AREA_STYLE ('',( #857 ) ) ;
#1362 = PRESENTATION_STYLE_ASSIGNMENT (( #6520 ) ) ;
#1363 = EDGE_CURVE ( 'NONE', #5958, #2000, #2269, .T. ) ;
#1364 = ORIENTED_EDGE ( 'NONE', *, *, #116, .T. ) ;
#1365 = CARTESIAN_POINT ( 'NONE',  ( 1.131678404338007500, 0.5999999999999999800, 0.9799999999999997600 ) ) ;
#1366 = ORIENTED_EDGE ( 'NONE', *, *, #3692, .T. ) ;
#1367 = DIRECTION ( 'NONE',  ( -0.0000000000000000000, -1.000000000000000000, -0.0000000000000000000 ) ) ;
#1368 = SURFACE_STYLE_FILL_AREA ( #3887 ) ;
#1369 =( GEOMETRIC_REPRESENTATION_CONTEXT ( 3 ) GLOBAL_UNCERTAINTY_ASSIGNED_CONTEXT ( ( #744 ) ) GLOBAL_UNIT_ASSIGNED_CONTEXT ( ( #5194, #3079, #5124 ) ) REPRESENTATION_CONTEXT ( 'NONE', 'WORKASPACE' ) );
#1370 = LINE ( 'NONE', #5369, #4593 ) ;
#1371 = CARTESIAN_POINT ( 'NONE',  ( 0.09999999999999929800, 0.0000000000000000000, 0.8599999999999999900 ) ) ;
#1372 = ORIENTED_EDGE ( 'NONE', *, *, #2491, .F. ) ;
#1373 = UNCERTAINTY_MEASURE_WITH_UNIT (LENGTH_MEASURE( 1.000000000000000100E-005 ), #4615, 'distance_accuracy_value', 'NONE');
#1374 = CARTESIAN_POINT ( 'NONE',  ( -1.034810755200659800, 0.3310000000000000200, -0.9009999999999999100 ) ) ;
#1375 = CIRCLE ( 'NONE', #5292, 0.1999999999999999800 ) ;
#1376 = ORIENTED_EDGE ( 'NONE', *, *, #3638, .T. ) ;
#1377 = AXIS2_PLACEMENT_3D ( 'NONE', #2421, #907, #6554 ) ;
#1378 = DIRECTION ( 'NONE',  ( 0.0000000000000000000, 0.0000000000000000000, 1.000000000000000000 ) ) ;
#1379 = EDGE_CURVE ( 'NONE', #2786, #1973, #6231, .T. ) ;
#1380 = VECTOR ( 'NONE', #5478, 1000.000000000000000 ) ;
#1381 = DIRECTION ( 'NONE',  ( -1.000000000000000000, 0.0000000000000000000, 1.302744525538081800E-016 ) ) ;
#1382 = FACE_OUTER_BOUND ( 'NONE', #782, .T. ) ;
#1383 = EDGE_CURVE ( 'NONE', #4669, #971, #5374, .T. ) ;
#1384 = DIRECTION ( 'NONE',  ( 0.0000000000000000000, -1.000000000000000000, 0.0000000000000000000 ) ) ;
#1385 = AXIS2_PLACEMENT_3D ( 'NONE', #5379, #2332, #2422 ) ;
#1386 = ORIENTED_EDGE ( 'NONE', *, *, #957, .F. ) ;
#1387 = DIRECTION ( 'NONE',  ( 0.0000000000000000000, 0.0000000000000000000, 1.000000000000000000 ) ) ;
#1388 = DIRECTION ( 'NONE',  ( -0.0000000000000000000, -1.000000000000000000, -0.0000000000000000000 ) ) ;
#1389 = FILL_AREA_STYLE_COLOUR ( '', #6211 ) ;
#1390 = CARTESIAN_POINT ( 'NONE',  ( 1.230229103628966500, 0.5999999999999999800, -0.8818725098462406600 ) ) ;
#1391 = AXIS2_PLACEMENT_3D ( 'NONE', #937, #4000, #2498 ) ;
#1392 = ADVANCED_FACE ( 'NONE', ( #3389 ), #5924, .F. ) ;
#1393 = ORIENTED_EDGE ( 'NONE', *, *, #2160, .T. ) ;
#1394 = CARTESIAN_POINT ( 'NONE',  ( -1.250000000000000200, 0.3310000000000000200, -0.8999999999999999100 ) ) ;
#1395 = ORIENTED_EDGE ( 'NONE', *, *, #1483, .T. ) ;
#1396 = CARTESIAN_POINT ( 'NONE',  ( -0.0001420358232436459300, 0.3310000000000000200, -0.0001630781674278896300 ) ) ;
#1397 =( NAMED_UNIT ( * ) PLANE_ANGLE_UNIT ( ) SI_UNIT ( $, .RADIAN. ) );
#1398 = VERTEX_POINT ( 'NONE', #2945 ) ;
#1399 = ORIENTED_EDGE ( 'NONE', *, *, #2720, .T. ) ;
#1400 =( NAMED_UNIT ( * ) SI_UNIT ( $, .STERADIAN. ) SOLID_ANGLE_UNIT ( ) );
#1401 = VECTOR ( 'NONE', #4369, 1000.000000000000100 ) ;
#1402 = ORIENTED_EDGE ( 'NONE', *, *, #171, .F. ) ;
#1403 = EDGE_CURVE ( 'NONE', #3804, #998, #2179, .T. ) ;
#1404 = SURFACE_STYLE_FILL_AREA ( #5099 ) ;
#1405 = MECHANICAL_DESIGN_GEOMETRIC_PRESENTATION_REPRESENTATION (  '', ( #614 ), #6337 ) ;
#1406 = CARTESIAN_POINT ( 'NONE',  ( -1.250000000000000200, 0.5999999999999999800, 1.000000000000000000 ) ) ;
#1407 = CARTESIAN_POINT ( 'NONE',  ( 1.137150570253272300, 0.5989735075434624600, 0.9863250312780244000 ) ) ;
#1408 = DIRECTION ( 'NONE',  ( 0.0000000000000000000, 1.000000000000000000, -0.0000000000000000000 ) ) ;
#1409 = UNCERTAINTY_MEASURE_WITH_UNIT (LENGTH_MEASURE( 1.000000000000000100E-005 ), #5896, 'distance_accuracy_value', 'NONE');
#1410 = ORIENTED_EDGE ( 'NONE', *, *, #1570, .T. ) ;
#1411 = SURFACE_STYLE_FILL_AREA ( #1283 ) ;
#1412 =( LENGTH_UNIT ( ) NAMED_UNIT ( * ) SI_UNIT ( .MILLI., .METRE. ) );
#1413 = STYLED_ITEM ( 'NONE', ( #5191 ), #5771 ) ;
#1414 = EDGE_LOOP ( 'NONE', ( #4115, #2223, #5825, #46 ) ) ;
#1415 = CARTESIAN_POINT ( 'NONE',  ( -0.1000000000000000100, 0.5999999999999999800, 0.9600000000000000800 ) ) ;
#1416 = SURFACE_STYLE_USAGE ( .BOTH. , #3397 ) ;
#1417 =( NAMED_UNIT ( * ) PLANE_ANGLE_UNIT ( ) SI_UNIT ( $, .RADIAN. ) );
#1418 = ORIENTED_EDGE ( 'NONE', *, *, #2467, .F. ) ;
#1419 = EDGE_CURVE ( 'NONE', #3233, #286, #5284, .T. ) ;
#1420 = ORIENTED_EDGE ( 'NONE', *, *, #6278, .T. ) ;
#1421 = LINE ( 'NONE', #3258, #2724 ) ;
#1422 = DIRECTION ( 'NONE',  ( 0.0000000000000000000, -0.0000000000000000000, 1.000000000000000000 ) ) ;
#1423 = FACE_OUTER_BOUND ( 'NONE', #1187, .T. ) ;
#1424 = ORIENTED_EDGE ( 'NONE', *, *, #899, .T. ) ;
#1425 = AXIS2_PLACEMENT_3D ( 'NONE', #5731, #2769, #1677 ) ;
#1426 = PRESENTATION_STYLE_ASSIGNMENT (( #6503 ) ) ;
#1427 = EDGE_LOOP ( 'NONE', ( #2336, #1243, #2231, #3822, #1849, #4517, #3918, #3495 ) ) ;
#1428 = FACE_OUTER_BOUND ( 'NONE', #1610, .T. ) ;
#1429 = AXIS2_PLACEMENT_3D ( 'NONE', #3272, #5260, #3749 ) ;
#1430 = CIRCLE ( 'NONE', #3603, 0.09900000000000001900 ) ;
#1431 = DIRECTION ( 'NONE',  ( -0.0000000000000000000, -1.000000000000000000, -0.0000000000000000000 ) ) ;
#1432 = CIRCLE ( 'NONE', #3526, 0.1000000000000001600 ) ;
#1433 = CARTESIAN_POINT ( 'NONE',  ( 1.149999999999999900, 0.3300000000000000200, 1.000000000000000000 ) ) ;
#1434 = DIRECTION ( 'NONE',  ( -0.0000000000000000000, -1.000000000000000000, 0.0000000000000000000 ) ) ;
#1435 = LINE ( 'NONE', #5465, #3596 ) ;
#1436 = PRESENTATION_LAYER_ASSIGNMENT (  '', '', ( #90 ) ) ;
#1437 = CIRCLE ( 'NONE', #509, 0.1999999999999999800 ) ;
#1438 = ORIENTED_EDGE ( 'NONE', *, *, #5629, .T. ) ;
#1439 = DIRECTION ( 'NONE',  ( -0.0000000000000000000, -1.000000000000000000, -0.0000000000000000000 ) ) ;
#1440 = PRESENTATION_STYLE_ASSIGNMENT (( #4187 ) ) ;
#1441 =( GEOMETRIC_REPRESENTATION_CONTEXT ( 3 ) GLOBAL_UNCERTAINTY_ASSIGNED_CONTEXT ( ( #1578 ) ) GLOBAL_UNIT_ASSIGNED_CONTEXT ( ( #1843, #368, #2861 ) ) REPRESENTATION_CONTEXT ( 'NONE', 'WORKASPACE' ) );
#1442 = SURFACE_STYLE_USAGE ( .BOTH. , #442 ) ;
#1443 = CARTESIAN_POINT ( 'NONE',  ( -0.1877553417177550100, 0.7399999999999999900, -0.9099999999999997000 ) ) ;
#1444 = DIRECTION ( 'NONE',  ( -0.0000000000000000000, -1.000000000000000000, -0.0000000000000000000 ) ) ;
#1445 = DIRECTION ( 'NONE',  ( 1.000000000000000000, 0.0000000000000000000, 0.0000000000000000000 ) ) ;
#1446 =( LENGTH_UNIT ( ) NAMED_UNIT ( * ) SI_UNIT ( .MILLI., .METRE. ) );
#1447 = ORIENTED_EDGE ( 'NONE', *, *, #1532, .F. ) ;
#1448 = ORIENTED_EDGE ( 'NONE', *, *, #1379, .F. ) ;
#1449 = DIRECTION ( 'NONE',  ( 2.023844055306275500E-014, 0.0000000000000000000, -1.000000000000000000 ) ) ;
#1450 = VECTOR ( 'NONE', #5602, 1000.000000000000000 ) ;
#1451 = ORIENTED_EDGE ( 'NONE', *, *, #3536, .T. ) ;
#1452 = CARTESIAN_POINT ( 'NONE',  ( -0.1838318029675640500, 0.7393027692860877400, -0.9036685806034773200 ) ) ;
#1453 = ORIENTED_EDGE ( 'NONE', *, *, #1306, .F. ) ;
#1454 = CARTESIAN_POINT ( 'NONE',  ( 1.148843479894256200, 0.5869356331318318400, 0.9988378092117300400 ) ) ;
#1455 = EDGE_CURVE ( 'NONE', #3068, #4281, #1435, .T. ) ;
#1456 = MECHANICAL_DESIGN_GEOMETRIC_PRESENTATION_REPRESENTATION (  '', ( #118 ), #1826 ) ;
#1457 = EDGE_CURVE ( 'NONE', #5418, #6046, #4591, .T. ) ;
#1458 = VECTOR ( 'NONE', #1482, 1000.000000000000000 ) ;
#1459 = COLOUR_RGB ( '',1.000000000000000000, 0.8823529411764705600, 0.3764705882352941100 ) ;
#1460 = CARTESIAN_POINT ( 'NONE',  ( 0.0000000000000000000, 0.3310000000000000200, -0.3240000000000001800 ) ) ;
#1461 = ORIENTED_EDGE ( 'NONE', *, *, #4351, .F. ) ;
#1462 = FILL_AREA_STYLE_COLOUR ( '', #4361 ) ;
#1463 = DIRECTION ( 'NONE',  ( 4.444332872337274000E-016, 0.0000000000000000000, -1.000000000000000000 ) ) ;
#1464 = DIRECTION ( 'NONE',  ( 1.000000000000000000, 0.0000000000000000000, 0.0000000000000000000 ) ) ;
#1465 = LINE ( 'NONE', #4888, #3145 ) ;
#1466 = SURFACE_STYLE_FILL_AREA ( #3654 ) ;
#1468 = LINE ( 'NONE', #683, #4850 ) ;
#1467 = DIRECTION ( 'NONE',  ( -8.673617379884051200E-015, 0.0000000000000000000, -1.000000000000000000 ) ) ;
#1469 = FILL_AREA_STYLE_COLOUR ( '', #2708 ) ;
#1470 = ORIENTED_EDGE ( 'NONE', *, *, #5308, .F. ) ;
#1471 = EDGE_CURVE ( 'NONE', #995, #2185, #196, .T. ) ;
#1472 =( GEOMETRIC_REPRESENTATION_CONTEXT ( 3 ) GLOBAL_UNCERTAINTY_ASSIGNED_CONTEXT ( ( #4005 ) ) GLOBAL_UNIT_ASSIGNED_CONTEXT ( ( #1684, #6313, #703 ) ) REPRESENTATION_CONTEXT ( 'NONE', 'WORKASPACE' ) );
#1473 = ORIENTED_EDGE ( 'NONE', *, *, #3775, .F. ) ;
#1474 = CARTESIAN_POINT ( 'NONE',  ( 0.4750000000000002000, 0.3300000000000000200, 0.3250000000000001800 ) ) ;
#1475 = ORIENTED_EDGE ( 'NONE', *, *, #5697, .T. ) ;
#1476 = CARTESIAN_POINT ( 'NONE',  ( 1.119000000000000400, 0.8010000000000000500, 0.7600000000000003400 ) ) ;
#1477 = AXIS2_PLACEMENT_3D ( 'NONE', #3339, #5378, #784 ) ;
#1478 = VECTOR ( 'NONE', #4060, 1000.000000000000000 ) ;
#1479 = DIRECTION ( 'NONE',  ( -0.0000000000000000000, -1.000000000000000000, -0.0000000000000000000 ) ) ;
#1480 = VERTEX_POINT ( 'NONE', #3038 ) ;
#1481 = CARTESIAN_POINT ( 'NONE',  ( 0.2000000000000000100, 0.02000000000000005200, 0.9799999999999997600 ) ) ;
#1482 = DIRECTION ( 'NONE',  ( -0.0000000000000000000, -1.000000000000000000, -0.0000000000000000000 ) ) ;
#1483 = EDGE_CURVE ( 'NONE', #4753, #5051, #7, .T. ) ;
#1484 = CARTESIAN_POINT ( 'NONE',  ( 0.0000000000000000000, 0.3300000000000000200, 0.0000000000000000000 ) ) ;
#1485 = VECTOR ( 'NONE', #3549, 1000.000000000000000 ) ;
#1486 = CYLINDRICAL_SURFACE ( 'NONE', #3395, 0.1010000000000002800 ) ;
#1487 = DIRECTION ( 'NONE',  ( -0.0000000000000000000, -1.000000000000000000, 0.0000000000000000000 ) ) ;
#1488 = DIRECTION ( 'NONE',  ( 0.0000000000000000000, 0.0000000000000000000, 1.000000000000000000 ) ) ;
#1489 = ADVANCED_FACE ( 'NONE', ( #4817 ), #6572, .F. ) ;
#1490 = EDGE_LOOP ( 'NONE', ( #6581, #5198, #2189, #2602 ) ) ;
#1491 = EDGE_CURVE ( 'NONE', #4840, #5418, #2261, .T. ) ;
#1492 = CARTESIAN_POINT ( 'NONE',  ( -0.1844548319335267100, 0.7389371305779646200, -0.9045957655045007200 ) ) ;
#1493 = EDGE_CURVE ( 'NONE', #1630, #4149, #3039, .T. ) ;
#1494 = UNCERTAINTY_MEASURE_WITH_UNIT (LENGTH_MEASURE( 1.000000000000000100E-005 ), #3136, 'distance_accuracy_value', 'NONE');
#1495 = PRESENTATION_LAYER_ASSIGNMENT (  '', '', ( #861 ) ) ;
#1496 = ORIENTED_EDGE ( 'NONE', *, *, #3993, .T. ) ;
#1497 = LINE ( 'NONE', #4333, #1760 ) ;
#1498 = FILL_AREA_STYLE_COLOUR ( '', #3534 ) ;
#1499 = SURFACE_STYLE_FILL_AREA ( #4013 ) ;
#1500 = ORIENTED_EDGE ( 'NONE', *, *, #3986, .F. ) ;
#1501 = FILL_AREA_STYLE ('',( #5112 ) ) ;
#1502 = ORIENTED_EDGE ( 'NONE', *, *, #2636, .F. ) ;
#1503 = VECTOR ( 'NONE', #3315, 1000.000000000000000 ) ;
#1504 = PRODUCT_DEFINITION ( 'UNKNOWN', '', #1870, #3933 ) ;
#1505 = PLANE ( 'NONE',  #2138 ) ;
#1506 = DIRECTION ( 'NONE',  ( 1.935435283114619600E-016, 0.0000000000000000000, -1.000000000000000000 ) ) ;
#1507 = CARTESIAN_POINT ( 'NONE',  ( -1.148477421867326600, 0.3310000000000000200, -1.000000000000000000 ) ) ;
#1508 = ORIENTED_EDGE ( 'NONE', *, *, #2533, .T. ) ;
#1509 = EDGE_CURVE ( 'NONE', #544, #5928, #3930, .T. ) ;
#1510 = SURFACE_STYLE_FILL_AREA ( #276 ) ;
#1511 = LINE ( 'NONE', #1119, #6062 ) ;
#1512 = VECTOR ( 'NONE', #2639, 1000.000000000000000 ) ;
#1513 =( NAMED_UNIT ( * ) SI_UNIT ( $, .STERADIAN. ) SOLID_ANGLE_UNIT ( ) );
#1514 = MECHANICAL_DESIGN_GEOMETRIC_PRESENTATION_REPRESENTATION (  '', ( #6179 ), #3803 ) ;
#1515 = VECTOR ( 'NONE', #6308, 1000.000000000000200 ) ;
#1516 = CARTESIAN_POINT ( 'NONE',  ( 0.2000000000000000100, 0.5999999999999999800, 0.9999999999999997800 ) ) ;
#1517 = PRESENTATION_STYLE_ASSIGNMENT (( #4907 ) ) ;
#1518 = AXIS2_PLACEMENT_3D ( 'NONE', #3343, #4364, #5407 ) ;
#1519 = VERTEX_POINT ( 'NONE', #3499 ) ;
#1520 = FILL_AREA_STYLE_COLOUR ( '', #199 ) ;
#1521 = VECTOR ( 'NONE', #5545, 1000.000000000000000 ) ;
#1522 =( GEOMETRIC_REPRESENTATION_CONTEXT ( 3 ) GLOBAL_UNCERTAINTY_ASSIGNED_CONTEXT ( ( #260 ) ) GLOBAL_UNIT_ASSIGNED_CONTEXT ( ( #1412, #2448, #3528 ) ) REPRESENTATION_CONTEXT ( 'NONE', 'WORKASPACE' ) );
#1523 = ADVANCED_FACE ( 'NONE', ( #4965 ), #6198, .T. ) ;
#1524 =( NAMED_UNIT ( * ) SI_UNIT ( $, .STERADIAN. ) SOLID_ANGLE_UNIT ( ) );
#1525 = ORIENTED_EDGE ( 'NONE', *, *, #4400, .T. ) ;
#1526 = DIRECTION ( 'NONE',  ( 0.0000000000000000000, -1.000000000000000000, 0.0000000000000000000 ) ) ;
#1527 = DIRECTION ( 'NONE',  ( -0.0000000000000000000, -1.000000000000000000, -0.0000000000000000000 ) ) ;
#1528 = DIRECTION ( 'NONE',  ( 0.0000000000000000000, -1.000000000000000000, 0.0000000000000000000 ) ) ;
#1529 = DIRECTION ( 'NONE',  ( 1.000000000000000000, -0.0000000000000000000, 0.0000000000000000000 ) ) ;
#1530 = ORIENTED_EDGE ( 'NONE', *, *, #376, .T. ) ;
#1531 =( LENGTH_UNIT ( ) NAMED_UNIT ( * ) SI_UNIT ( .MILLI., .METRE. ) );
#1532 = EDGE_CURVE ( 'NONE', #2311, #2853, #1933, .T. ) ;
#1533 = PRESENTATION_LAYER_ASSIGNMENT (  '', '', ( #67 ) ) ;
#1534 = ORIENTED_EDGE ( 'NONE', *, *, #1212, .T. ) ;
#1535 = LINE ( 'NONE', #5161, #2446 ) ;
#1536 = SURFACE_STYLE_USAGE ( .BOTH. , #3597 ) ;
#1537 = DIRECTION ( 'NONE',  ( 0.0000000000000000000, -0.0000000000000000000, -1.000000000000000000 ) ) ;
#1538 = FACE_OUTER_BOUND ( 'NONE', #5809, .T. ) ;
#1539 = SURFACE_STYLE_USAGE ( .BOTH. , #5471 ) ;
#1540 = EDGE_CURVE ( 'NONE', #2853, #4942, #4158, .T. ) ;
#1541 = PRESENTATION_LAYER_ASSIGNMENT (  '', '', ( #1413 ) ) ;
#1542 = CARTESIAN_POINT ( 'NONE',  ( 0.0000000000000000000, 0.3310000000000000200, -0.9009999999999999100 ) ) ;
#1543 = ORIENTED_EDGE ( 'NONE', *, *, #5015, .T. ) ;
#1544 = CARTESIAN_POINT ( 'NONE',  ( -1.159999999999999700, 0.7399999999999999900, -0.7599999999999987900 ) ) ;
#1545 = VECTOR ( 'NONE', #916, 1000.000000000000000 ) ;
#1546 = CARTESIAN_POINT ( 'NONE',  ( 0.09999999999999999200, 0.5999999999999999800, 0.8589999999999999900 ) ) ;
#1547 = DIRECTION ( 'NONE',  ( 0.0000000000000000000, 0.0000000000000000000, 1.000000000000000000 ) ) ;
#1548 =( NAMED_UNIT ( * ) PLANE_ANGLE_UNIT ( ) SI_UNIT ( $, .RADIAN. ) );
#1549 = MECHANICAL_DESIGN_GEOMETRIC_PRESENTATION_REPRESENTATION (  '', ( #1220 ), #2589 ) ;
#1550 = VERTEX_POINT ( 'NONE', #3082 ) ;
#1551 = PLANE ( 'NONE',  #2955 ) ;
#1552 = VERTEX_POINT ( 'NONE', #2066 ) ;
#1553 = FILL_AREA_STYLE_COLOUR ( '', #4700 ) ;
#1554 = ADVANCED_FACE ( 'NONE', ( #3116 ), #568, .F. ) ;
#1555 =( GEOMETRIC_REPRESENTATION_CONTEXT ( 3 ) GLOBAL_UNCERTAINTY_ASSIGNED_CONTEXT ( ( #699 ) ) GLOBAL_UNIT_ASSIGNED_CONTEXT ( ( #2748, #1676, #677 ) ) REPRESENTATION_CONTEXT ( 'NONE', 'WORKASPACE' ) );
#1556 = ORIENTED_EDGE ( 'NONE', *, *, #1959, .F. ) ;
#1557 = AXIS2_PLACEMENT_3D ( 'NONE', #40, #4554, #3589 ) ;
#1558 = VECTOR ( 'NONE', #3348, 1000.000000000000200 ) ;
#1559 = DIRECTION ( 'NONE',  ( 0.0000000000000000000, 0.0000000000000000000, -1.000000000000000000 ) ) ;
#1560 = CARTESIAN_POINT ( 'NONE',  ( 0.1000000000000008500, 0.5999999999999999800, -0.9599999999999989700 ) ) ;
#1561 = DIRECTION ( 'NONE',  ( 1.000000000000000000, 0.0000000000000000000, 0.0000000000000000000 ) ) ;
#1562 = VERTEX_POINT ( 'NONE', #1092 ) ;
#1563 = STYLED_ITEM ( 'NONE', ( #4165 ), #1296 ) ;
#1564 = DIRECTION ( 'NONE',  ( -0.0000000000000000000, -1.000000000000000000, 0.0000000000000000000 ) ) ;
#1565 = ORIENTED_EDGE ( 'NONE', *, *, #4400, .F. ) ;
#1566 = CARTESIAN_POINT ( 'NONE',  ( 0.0000000000000000000, 0.3310000000000000200, 0.9999999999999997800 ) ) ;
#1567 = CARTESIAN_POINT ( 'NONE',  ( 1.020000000000000200, 0.8010000000000000500, 0.7600000000000003400 ) ) ;
#1568 =( NAMED_UNIT ( * ) SI_UNIT ( $, .STERADIAN. ) SOLID_ANGLE_UNIT ( ) );
#1569 = FILL_AREA_STYLE ('',( #5118 ) ) ;
#1570 = EDGE_CURVE ( 'NONE', #4614, #5485, #4424, .T. ) ;
#1571 = PLANE ( 'NONE',  #6116 ) ;
#1572 = ORIENTED_EDGE ( 'NONE', *, *, #4377, .T. ) ;
#1573 = LINE ( 'NONE', #5883, #4709 ) ;
#1574 = CARTESIAN_POINT ( 'NONE',  ( -1.250000000000000400, 0.3310000000000000200, -0.8986738835618647300 ) ) ;
#1575 = CARTESIAN_POINT ( 'NONE',  ( 0.1000000000000000100, 0.0000000000000000000, -0.9600000000000000800 ) ) ;
#1576 = ORIENTED_EDGE ( 'NONE', *, *, #1363, .F. ) ;
#1577 = VERTEX_POINT ( 'NONE', #3758 ) ;
#1578 = UNCERTAINTY_MEASURE_WITH_UNIT (LENGTH_MEASURE( 1.000000000000000100E-005 ), #1843, 'distance_accuracy_value', 'NONE');
#1579 = ORIENTED_EDGE ( 'NONE', *, *, #908, .T. ) ;
#1580 = EDGE_CURVE ( 'NONE', #544, #3068, #570, .T. ) ;
#1581 = ORIENTED_EDGE ( 'NONE', *, *, #4025, .F. ) ;
#1582 = EDGE_CURVE ( 'NONE', #5502, #2853, #5104, .T. ) ;
#1583 = STYLED_ITEM ( 'NONE', ( #1426 ), #5617 ) ;
#1584 = ORIENTED_EDGE ( 'NONE', *, *, #359, .T. ) ;
#1585 = EDGE_CURVE ( 'NONE', #846, #4975, #2888, .T. ) ;
#1586 =( NAMED_UNIT ( * ) SI_UNIT ( $, .STERADIAN. ) SOLID_ANGLE_UNIT ( ) );
#1587 = LINE ( 'NONE', #1887, #2802 ) ;
#1588 = CARTESIAN_POINT ( 'NONE',  ( 1.148477421867326600, 0.3310000000000000200, -1.000000000000000000 ) ) ;
#1589 = VERTEX_POINT ( 'NONE', #1663 ) ;
#1590 = LINE ( 'NONE', #6371, #1773 ) ;
#1591 = ADVANCED_FACE ( 'NONE', ( #272 ), #5775, .F. ) ;
#1592 = CARTESIAN_POINT ( 'NONE',  ( 0.1877553417177555700, 0.6454779521534540500, 0.9100000000000004800 ) ) ;
#1593 = VECTOR ( 'NONE', #2499, 1000.000000000000000 ) ;
#1594 = FILL_AREA_STYLE ('',( #1007 ) ) ;
#1595 = PRESENTATION_STYLE_ASSIGNMENT (( #3640 ) ) ;
#1596 = CARTESIAN_POINT ( 'NONE',  ( 0.09411831920634057500, 0.3310000000000000200, 0.1080617739035766900 ) ) ;
#1597 = SURFACE_STYLE_USAGE ( .BOTH. , #1077 ) ;
#1598 = DIRECTION ( 'NONE',  ( -0.0000000000000000000, -1.000000000000000000, -0.0000000000000000000 ) ) ;
#1599 = FACE_OUTER_BOUND ( 'NONE', #4379, .T. ) ;
#1600 = FACE_OUTER_BOUND ( 'NONE', #293, .T. ) ;
#1601 = ORIENTED_EDGE ( 'NONE', *, *, #134, .F. ) ;
#1602 = SURFACE_SIDE_STYLE ('',( #2378 ) ) ;
#1603 = CARTESIAN_POINT ( 'NONE',  ( -0.1999999999999999800, 0.5799999999999998500, -0.9799999999999999800 ) ) ;
#1604 = EDGE_CURVE ( 'NONE', #1812, #4149, #5992, .T. ) ;
#1605 = CARTESIAN_POINT ( 'NONE',  ( 1.020000000000000200, 0.7810000000000000300, 0.7600000000000003400 ) ) ;
#1606 = DIRECTION ( 'NONE',  ( 1.000000000000000000, 0.0000000000000000000, 0.0000000000000000000 ) ) ;
#1607 = CARTESIAN_POINT ( 'NONE',  ( 1.238795416212215900, 0.5981499770527647400, 0.8893396686318203500 ) ) ;
#1608 = LINE ( 'NONE', #5822, #4338 ) ;
#1609 = MECHANICAL_DESIGN_GEOMETRIC_PRESENTATION_REPRESENTATION (  '', ( #1710 ), #6132 ) ;
#1610 = EDGE_LOOP ( 'NONE', ( #905, #1301, #4216, #3800 ) ) ;
#1611 = VERTEX_POINT ( 'NONE', #759 ) ;
#1612 = VECTOR ( 'NONE', #883, 1000.000000000000000 ) ;
#1613 = PRESENTATION_LAYER_ASSIGNMENT (  '', '', ( #4502 ) ) ;
#1614 = CARTESIAN_POINT ( 'NONE',  ( -0.09999999999999853500, 0.7399999999999999900, -0.8589999999999988800 ) ) ;
#1615 = VECTOR ( 'NONE', #2521, 1000.000000000000000 ) ;
#1616 = DIRECTION ( 'NONE',  ( -1.000000000000000000, 0.0000000000000000000, -1.426581805901980400E-016 ) ) ;
#1617 =( NAMED_UNIT ( * ) PLANE_ANGLE_UNIT ( ) SI_UNIT ( $, .RADIAN. ) );
#1618 = VERTEX_POINT ( 'NONE', #4793 ) ;
#1619 = LINE ( 'NONE', #3722, #1876 ) ;
#1620 = SURFACE_STYLE_FILL_AREA ( #4143 ) ;
#1621 = CARTESIAN_POINT ( 'NONE',  ( 0.1887730558417740900, 0.6365964391489912200, 0.9118300450849986500 ) ) ;
#1622 = ORIENTED_EDGE ( 'NONE', *, *, #623, .T. ) ;
#1623 = DIRECTION ( 'NONE',  ( 0.0000000000000000000, 0.0000000000000000000, -1.000000000000000000 ) ) ;
#1624 = DIRECTION ( 'NONE',  ( -0.7540815958863055200, 0.0000000000000000000, 0.6567807448042022300 ) ) ;
#1625 = CARTESIAN_POINT ( 'NONE',  ( -1.019999999999999800, 0.7399999999999999900, 0.7600000000000006800 ) ) ;
#1626 = UNCERTAINTY_MEASURE_WITH_UNIT (LENGTH_MEASURE( 1.000000000000000100E-005 ), #4649, 'distance_accuracy_value', 'NONE');
#1627 = DIRECTION ( 'NONE',  ( 0.0000000000000000000, 0.0000000000000000000, 1.000000000000000000 ) ) ;
#1628 = SURFACE_STYLE_FILL_AREA ( #3650 ) ;
#1629 = SURFACE_STYLE_FILL_AREA ( #1701 ) ;
#1630 = VERTEX_POINT ( 'NONE', #1711 ) ;
#1631 = CARTESIAN_POINT ( 'NONE',  ( 0.1841172172697520000, 0.7391227989849370500, -0.9040956731657235900 ) ) ;
#1632 = DIRECTION ( 'NONE',  ( 1.000000000000000000, 0.0000000000000000000, 0.0000000000000000000 ) ) ;
#1633 = ADVANCED_FACE ( 'NONE', ( #4581 ), #1188, .F. ) ;
#1634 = EDGE_CURVE ( 'NONE', #1719, #4765, #5769, .T. ) ;
#1635 = AXIS2_PLACEMENT_3D ( 'NONE', #4095, #2536, #4585 ) ;
#1636 = LINE ( 'NONE', #4508, #6567 ) ;
#1637 = CARTESIAN_POINT ( 'NONE',  ( -1.250000000000000200, 0.02000000000000005200, 0.8986738835618647300 ) ) ;
#1638 = DIRECTION ( 'NONE',  ( -0.0000000000000000000, -1.000000000000000000, -0.0000000000000000000 ) ) ;
#1639 = EDGE_LOOP ( 'NONE', ( #4716, #622, #1326, #4223 ) ) ;
#1640 = CARTESIAN_POINT ( 'NONE',  ( -1.230000000000000200, 0.5999999999999999800, 0.8816784043380072600 ) ) ;
#1641 = LINE ( 'NONE', #657, #5231 ) ;
#1642 = CARTESIAN_POINT ( 'NONE',  ( 0.0000000000000000000, 0.3310000000000000200, 0.3240000000000001800 ) ) ;
#1643 = CARTESIAN_POINT ( 'NONE',  ( 0.4750000000000001400, 0.3300000000000000200, -0.6250000000000001100 ) ) ;
#1644 = AXIS2_PLACEMENT_3D ( 'NONE', #1670, #2625, #6186 ) ;
#1645 = EDGE_CURVE ( 'NONE', #6280, #1764, #4050, .T. ) ;
#1646 = CARTESIAN_POINT ( 'NONE',  ( 0.0000000000000000000, 0.3310000000000000200, 0.3240000000000001800 ) ) ;
#1647 = EDGE_LOOP ( 'NONE', ( #6370, #5560, #5376, #6499 ) ) ;
#1648 = ORIENTED_EDGE ( 'NONE', *, *, #5626, .F. ) ;
#1649 = DIRECTION ( 'NONE',  ( -1.000000000000000000, 0.0000000000000000000, 0.0000000000000000000 ) ) ;
#1650 =( NAMED_UNIT ( * ) PLANE_ANGLE_UNIT ( ) SI_UNIT ( $, .RADIAN. ) );
#1651 = DIRECTION ( 'NONE',  ( 0.0000000000000000000, -1.000000000000000000, 0.0000000000000000000 ) ) ;
#1652 = DIRECTION ( 'NONE',  ( 4.444332872337274000E-016, 0.0000000000000000000, 1.000000000000000000 ) ) ;
#1653 = VECTOR ( 'NONE', #5017, 1000.000000000000000 ) ;
#1654 = DIRECTION ( 'NONE',  ( -0.0000000000000000000, -1.000000000000000000, -0.0000000000000000000 ) ) ;
#1655 = VERTEX_POINT ( 'NONE', #4871 ) ;
#1656 = DIRECTION ( 'NONE',  ( 0.7540815958863055200, 0.0000000000000000000, 0.6567807448042022300 ) ) ;
#1657 = EDGE_LOOP ( 'NONE', ( #4538, #2935, #6522, #849 ) ) ;
#1658 = CARTESIAN_POINT ( 'NONE',  ( -0.4750000000000001400, 0.0000000000000000000, -0.8999999999999999100 ) ) ;
#1659 = AXIS2_PLACEMENT_3D ( 'NONE', #2704, #4808, #128 ) ;
#1660 = VECTOR ( 'NONE', #1948, 1000.000000000000000 ) ;
#1661 = CARTESIAN_POINT ( 'NONE',  ( 1.220000000000000200, 0.6500000000000000200, -0.7599999999999986800 ) ) ;
#1662 = ORIENTED_EDGE ( 'NONE', *, *, #6253, .T. ) ;
#1663 = CARTESIAN_POINT ( 'NONE',  ( -1.118999999999999800, 0.7810000000000000300, -0.7599999999999991200 ) ) ;
#1664 = AXIS2_PLACEMENT_3D ( 'NONE', #1460, #4505, #6054 ) ;
#1665 = DIRECTION ( 'NONE',  ( -1.000000000000000000, 0.0000000000000000000, 0.0000000000000000000 ) ) ;
#1666 =( NAMED_UNIT ( * ) PLANE_ANGLE_UNIT ( ) SI_UNIT ( $, .RADIAN. ) );
#1667 = EDGE_LOOP ( 'NONE', ( #6184, #525, #5788, #2228, #2614 ) ) ;
#1668 = PRESENTATION_STYLE_ASSIGNMENT (( #4580 ) ) ;
#1669 = DIRECTION ( 'NONE',  ( 0.0000000000000000000, 1.000000000000000000, 0.0000000000000000000 ) ) ;
#1670 = CARTESIAN_POINT ( 'NONE',  ( 0.0000000000000000000, 0.3310000000000000200, 0.0000000000000000000 ) ) ;
#1671 = DIRECTION ( 'NONE',  ( -0.0000000000000000000, 0.0000000000000000000, -1.000000000000000000 ) ) ;
#1672 = PRESENTATION_LAYER_ASSIGNMENT (  '', '', ( #1322 ) ) ;
#1673 = LINE ( 'NONE', #1070, #322 ) ;
#1674 = ADVANCED_FACE ( 'NONE', ( #3208 ), #3814, .F. ) ;
#1675 = ORIENTED_EDGE ( 'NONE', *, *, #5603, .F. ) ;
#1676 =( NAMED_UNIT ( * ) PLANE_ANGLE_UNIT ( ) SI_UNIT ( $, .RADIAN. ) );
#1677 = DIRECTION ( 'NONE',  ( 0.0000000000000000000, 0.0000000000000000000, -1.000000000000000000 ) ) ;
#1678 = CARTESIAN_POINT ( 'NONE',  ( -0.09411831920634057500, 0.0000000000000000000, 0.1080617739035766900 ) ) ;
#1679 = COLOUR_RGB ( '',0.2509803921568627400, 0.2509803921568627400, 0.2509803921568627400 ) ;
#1680 = UNCERTAINTY_MEASURE_WITH_UNIT (LENGTH_MEASURE( 1.000000000000000100E-005 ), #3163, 'distance_accuracy_value', 'NONE');
#1681 = DIRECTION ( 'NONE',  ( -1.000000000000000000, 0.0000000000000000000, 0.0000000000000000000 ) ) ;
#1682 = ORIENTED_EDGE ( 'NONE', *, *, #6157, .F. ) ;
#1683 = LINE ( 'NONE', #717, #6218 ) ;
#1684 =( LENGTH_UNIT ( ) NAMED_UNIT ( * ) SI_UNIT ( .MILLI., .METRE. ) );
#1685 = LINE ( 'NONE', #1267, #4642 ) ;
#1686 = CARTESIAN_POINT ( 'NONE',  ( 1.019999999999999400, 0.7810000000000000300, 0.8390000000000003000 ) ) ;
#1687 = DIRECTION ( 'NONE',  ( 9.427844978134826400E-017, 0.0000000000000000000, -1.000000000000000000 ) ) ;
#1688 = CIRCLE ( 'NONE', #44, 0.01000000000000002600 ) ;
#1689 = LINE ( 'NONE', #208, #1929 ) ;
#1690 = EDGE_CURVE ( 'NONE', #5235, #1892, #3460, .T. ) ;
#1691 = AXIS2_PLACEMENT_3D ( 'NONE', #1775, #2295, #2793 ) ;
#1692 = MECHANICAL_DESIGN_GEOMETRIC_PRESENTATION_REPRESENTATION (  '', ( #4353 ), #4212 ) ;
#1693 = LINE ( 'NONE', #5853, #4080 ) ;
#1694 = CARTESIAN_POINT ( 'NONE',  ( -1.248837809211730500, 0.5869356331318318400, 0.8988434798942560600 ) ) ;
#1695 = CARTESIAN_POINT ( 'NONE',  ( -1.250000000000000200, 0.0000000000000000000, -0.9000000000000000200 ) ) ;
#1696 = CIRCLE ( 'NONE', #251, 0.07900000000000007000 ) ;
#1697 = SURFACE_STYLE_USAGE ( .BOTH. , #3717 ) ;
#1698 = COLOUR_RGB ( '',1.000000000000000000, 0.8823529411764705600, 0.3764705882352941100 ) ;
#1699 = AXIS2_PLACEMENT_3D ( 'NONE', #5573, #1527, #2481 ) ;
#1700 = VERTEX_POINT ( 'NONE', #1787 ) ;
#1701 = FILL_AREA_STYLE ('',( #1748 ) ) ;
#1702 = FILL_AREA_STYLE_COLOUR ( '', #902 ) ;
#1703 = LINE ( 'NONE', #511, #350 ) ;
#1704 =( NAMED_UNIT ( * ) PLANE_ANGLE_UNIT ( ) SI_UNIT ( $, .RADIAN. ) );
#1705 = ORIENTED_EDGE ( 'NONE', *, *, #3641, .F. ) ;
#1706 = DIRECTION ( 'NONE',  ( -0.7540815958863068500, 0.0000000000000000000, 0.6567807448042006800 ) ) ;
#1707 = ADVANCED_FACE ( 'NONE', ( #1785 ), #1027, .F. ) ;
#1708 = CARTESIAN_POINT ( 'NONE',  ( 1.232600102251983000, 0.5999224192988729100, 0.8838853194772143800 ) ) ;
#1709 = LINE ( 'NONE', #4919, #2361 ) ;
#1710 = STYLED_ITEM ( 'NONE', ( #1668 ), #3132 ) ;
#1711 = CARTESIAN_POINT ( 'NONE',  ( -1.019999999999998700, 0.7299999999999999800, -0.9099999999999997000 ) ) ;
#1712 = ORIENTED_EDGE ( 'NONE', *, *, #3012, .T. ) ;
#1713 = AXIS2_PLACEMENT_3D ( 'NONE', #6363, #3333, #3836 ) ;
#1714 = CARTESIAN_POINT ( 'NONE',  ( 1.138965851175796300, 1.631320643174967000E-016, -0.9917157287525381100 ) ) ;
#1715 = LINE ( 'NONE', #2609, #4519 ) ;
#1716 =( NAMED_UNIT ( * ) PLANE_ANGLE_UNIT ( ) SI_UNIT ( $, .RADIAN. ) );
#1717 = DIRECTION ( 'NONE',  ( 0.0000000000000000000, 0.0000000000000000000, 1.000000000000000000 ) ) ;
#1718 = DIRECTION ( 'NONE',  ( 1.000000000000000000, 0.0000000000000000000, 0.0000000000000000000 ) ) ;
#1719 = VERTEX_POINT ( 'NONE', #6462 ) ;
#1720 =( NAMED_UNIT ( * ) PLANE_ANGLE_UNIT ( ) SI_UNIT ( $, .RADIAN. ) );
#1721 = UNCERTAINTY_MEASURE_WITH_UNIT (LENGTH_MEASURE( 1.000000000000000100E-005 ), #4510, 'distance_accuracy_value', 'NONE');
#1722 = EDGE_CURVE ( 'NONE', #88, #2477, #958, .T. ) ;
#1723 = CARTESIAN_POINT ( 'NONE',  ( 0.0000000000000000000, 0.3310000000000000200, 0.9999999999999997800 ) ) ;
#1724 = FILL_AREA_STYLE ('',( #1702 ) ) ;
#1725 = DIRECTION ( 'NONE',  ( 0.0000000000000000000, 1.000000000000000000, 0.0000000000000000000 ) ) ;
#1726 = VERTEX_POINT ( 'NONE', #3394 ) ;
#1727 = EDGE_CURVE ( 'NONE', #5479, #6258, #481, .T. ) ;
#1728 =( LENGTH_UNIT ( ) NAMED_UNIT ( * ) SI_UNIT ( .MILLI., .METRE. ) );
#1729 = CARTESIAN_POINT ( 'NONE',  ( 1.139339668631820000, 0.5981499770527650700, -0.9887954162122158900 ) ) ;
#1730 = FILL_AREA_STYLE ('',( #5808 ) ) ;
#1731 = STYLED_ITEM ( 'NONE', ( #5359 ), #5276 ) ;
#1732 = VERTEX_POINT ( 'NONE', #4464 ) ;
#1733 = LINE ( 'NONE', #5192, #4463 ) ;
#1734 = CARTESIAN_POINT ( 'NONE',  ( 0.1911216573364779300, 0.6251547113115564200, -0.9163199942738299300 ) ) ;
#1735 = CARTESIAN_POINT ( 'NONE',  ( 0.2010000000000000700, 0.5999999999999999800, 0.9600000000000004100 ) ) ;
#1736 = SURFACE_STYLE_USAGE ( .BOTH. , #2698 ) ;
#1737 = DIRECTION ( 'NONE',  ( 1.000000000000000000, 0.0000000000000000000, 2.065146995210484900E-016 ) ) ;
#1738 = CARTESIAN_POINT ( 'NONE',  ( -1.244820582908950000, 0.5935898218398360000, 0.8949380052731871200 ) ) ;
#1739 = DIRECTION ( 'NONE',  ( -1.000000000000000000, 0.0000000000000000000, 5.421010862427557700E-016 ) ) ;
#1740 = ORIENTED_EDGE ( 'NONE', *, *, #5697, .F. ) ;
#1741 =( NAMED_UNIT ( * ) SI_UNIT ( $, .STERADIAN. ) SOLID_ANGLE_UNIT ( ) );
#1742 = ADVANCED_FACE ( 'NONE', ( #5098 ), #3382, .T. ) ;
#1743 = AXIS2_PLACEMENT_3D ( 'NONE', #435, #5546, #2476 ) ;
#1744 = FACE_OUTER_BOUND ( 'NONE', #3131, .T. ) ;
#1745 = EDGE_CURVE ( 'NONE', #5479, #5412, #2485, .T. ) ;
#1746 = EDGE_CURVE ( 'NONE', #5097, #4933, #2414, .T. ) ;
#1747 = ORIENTED_EDGE ( 'NONE', *, *, #4482, .T. ) ;
#1748 = FILL_AREA_STYLE_COLOUR ( '', #1459 ) ;
#1749 =( LENGTH_UNIT ( ) NAMED_UNIT ( * ) SI_UNIT ( .MILLI., .METRE. ) );
#1750 = DIRECTION ( 'NONE',  ( 1.000000000000000000, -0.0000000000000000000, 1.426581805901980600E-016 ) ) ;
#1751 = STYLED_ITEM ( 'NONE', ( #563 ), #2777 ) ;
#1752 = ORIENTED_EDGE ( 'NONE', *, *, #1645, .F. ) ;
#1753 = SURFACE_SIDE_STYLE ('',( #1466 ) ) ;
#1754 = CARTESIAN_POINT ( 'NONE',  ( 1.137150570253272300, 0.5989735075434624600, -0.9863250312780248400 ) ) ;
#1755 = DIRECTION ( 'NONE',  ( -0.0000000000000000000, -1.000000000000000000, 0.0000000000000000000 ) ) ;
#1756 = AXIS2_PLACEMENT_3D ( 'NONE', #4499, #4994, #5010 ) ;
#1757 = ORIENTED_EDGE ( 'NONE', *, *, #116, .F. ) ;
#1758 =( NAMED_UNIT ( * ) SI_UNIT ( $, .STERADIAN. ) SOLID_ANGLE_UNIT ( ) );
#1759 = CARTESIAN_POINT ( 'NONE',  ( 0.4750000000000001400, 0.0000000000000000000, -0.6250000000000001100 ) ) ;
#1760 = VECTOR ( 'NONE', #923, 1000.000000000000000 ) ;
#1761 = SURFACE_STYLE_USAGE ( .BOTH. , #232 ) ;
#1762 = CARTESIAN_POINT ( 'NONE',  ( 1.230000000000000000, 0.0000000000000000000, -0.8812545287231548000 ) ) ;
#1763 = SURFACE_SIDE_STYLE ('',( #1938 ) ) ;
#1764 = VERTEX_POINT ( 'NONE', #850 ) ;
#1765 =( NAMED_UNIT ( * ) SI_UNIT ( $, .STERADIAN. ) SOLID_ANGLE_UNIT ( ) );
#1766 = PRESENTATION_STYLE_ASSIGNMENT (( #5322 ) ) ;
#1767 = STYLED_ITEM ( 'NONE', ( #4258 ), #2073 ) ;
#1768 = VECTOR ( 'NONE', #5449, 1000.000000000000000 ) ;
#1769 = UNCERTAINTY_MEASURE_WITH_UNIT (LENGTH_MEASURE( 1.000000000000000100E-005 ), #2079, 'distance_accuracy_value', 'NONE');
#1770 = CARTESIAN_POINT ( 'NONE',  ( -0.1938566883231572800, 0.6164555616754837700, -0.9225345923968949500 ) ) ;
#1771 = FACE_OUTER_BOUND ( 'NONE', #5972, .T. ) ;
#1772 = ORIENTED_EDGE ( 'NONE', *, *, #2240, .T. ) ;
#1773 = VECTOR ( 'NONE', #4879, 1000.000000000000000 ) ;
#1774 = DIRECTION ( 'NONE',  ( -1.000000000000000000, 0.0000000000000000000, 0.0000000000000000000 ) ) ;
#1775 = CARTESIAN_POINT ( 'NONE',  ( -0.1000000000000000100, 0.5999999999999999800, 0.9600000000000000800 ) ) ;
#1776 = EDGE_CURVE ( 'NONE', #5726, #2512, #3588, .T. ) ;
#1777 = PRESENTATION_STYLE_ASSIGNMENT (( #4713 ) ) ;
#1778 = AXIS2_PLACEMENT_3D ( 'NONE', #3989, #906, #928 ) ;
#1779 = DIRECTION ( 'NONE',  ( 0.0000000000000000000, -1.000000000000000000, 0.0000000000000000000 ) ) ;
#1780 = CARTESIAN_POINT ( 'NONE',  ( 1.146309652806826200, 0.5918854740033265800, -0.9962476651733732600 ) ) ;
#1781 =( NAMED_UNIT ( * ) SI_UNIT ( $, .STERADIAN. ) SOLID_ANGLE_UNIT ( ) );
#1782 = ADVANCED_FACE ( 'NONE', ( #2884 ), #3034, .T. ) ;
#1783 = SURFACE_STYLE_FILL_AREA ( #4623 ) ;
#1784 = FILL_AREA_STYLE ('',( #5315 ) ) ;
#1785 = FACE_OUTER_BOUND ( 'NONE', #3844, .T. ) ;
#1786 = ORIENTED_EDGE ( 'NONE', *, *, #5223, .T. ) ;
#1787 = CARTESIAN_POINT ( 'NONE',  ( 0.4740000000000001400, 0.3310000000000000200, 0.9009999999999999100 ) ) ;
#1788 = LINE ( 'NONE', #5230, #4007 ) ;
#1789 = MECHANICAL_DESIGN_GEOMETRIC_PRESENTATION_REPRESENTATION (  '', ( #6346 ), #4528 ) ;
#1790 = EDGE_CURVE ( 'NONE', #2045, #2292, #4962, .T. ) ;
#1791 = ORIENTED_EDGE ( 'NONE', *, *, #1727, .T. ) ;
#1792 = ORIENTED_EDGE ( 'NONE', *, *, #4006, .T. ) ;
#1793 = CIRCLE ( 'NONE', #4030, 0.09900000000000013000 ) ;
#1794 = CARTESIAN_POINT ( 'NONE',  ( 0.09999999999999929800, 0.5999999999999999800, -0.8599999999999999900 ) ) ;
#1795 = ORIENTED_EDGE ( 'NONE', *, *, #4496, .T. ) ;
#1796 = CARTESIAN_POINT ( 'NONE',  ( 1.019999999999999100, 0.7810000000000000300, 0.8590000000000006500 ) ) ;
#1797 = DIRECTION ( 'NONE',  ( -1.000000000000000000, 0.0000000000000000000, -9.427844978134827600E-017 ) ) ;
#1798 = COLOUR_RGB ( '',1.000000000000000000, 0.8823529411764705600, 0.3764705882352941100 ) ;
#1799 = MECHANICAL_DESIGN_GEOMETRIC_PRESENTATION_REPRESENTATION (  '', ( #3968 ), #2819 ) ;
#1800 = DIRECTION ( 'NONE',  ( -0.7540815958863055200, 0.0000000000000000000, -0.6567807448042022300 ) ) ;
#1801 = CARTESIAN_POINT ( 'NONE',  ( -1.144938005273187500, 0.5935898218398361100, 0.9948205829089493700 ) ) ;
#1802 = ORIENTED_EDGE ( 'NONE', *, *, #1471, .F. ) ;
#1803 =( NAMED_UNIT ( * ) SI_UNIT ( $, .STERADIAN. ) SOLID_ANGLE_UNIT ( ) );
#1804 = MECHANICAL_DESIGN_GEOMETRIC_PRESENTATION_REPRESENTATION (  '', ( #90 ), #2140 ) ;
#1805 = CARTESIAN_POINT ( 'NONE',  ( -0.1998039564164498000, 0.6024623337091868900, -0.9445025717093671300 ) ) ;
#1806 = CARTESIAN_POINT ( 'NONE',  ( -1.138965851175796100, 1.778420106815034000E-016, -0.9917157287525381100 ) ) ;
#1807 =( NAMED_UNIT ( * ) SI_UNIT ( $, .STERADIAN. ) SOLID_ANGLE_UNIT ( ) );
#1808 = CARTESIAN_POINT ( 'NONE',  ( 0.1966492629656212400, 0.6095020984272320200, -0.9306756079653403200 ) ) ;
#1809 = ORIENTED_EDGE ( 'NONE', *, *, #2852, .T. ) ;
#1810 = AXIS2_PLACEMENT_3D ( 'NONE', #2635, #1111, #3077 ) ;
#1811 =( LENGTH_UNIT ( ) NAMED_UNIT ( * ) SI_UNIT ( .MILLI., .METRE. ) );
#1812 = VERTEX_POINT ( 'NONE', #6220 ) ;
#1813 = COLOUR_RGB ( '',1.000000000000000000, 0.8823529411764705600, 0.3764705882352941100 ) ;
#1814 = ADVANCED_FACE ( 'NONE', ( #17 ), #3193, .F. ) ;
#1815 = CARTESIAN_POINT ( 'NONE',  ( -0.2000000000000000100, 0.5799999999999998500, 0.9999999999999997800 ) ) ;
#1816 = VERTEX_POINT ( 'NONE', #1658 ) ;
#1817 = CYLINDRICAL_SURFACE ( 'NONE', #5920, 0.1499999999999999700 ) ;
#1818 = CARTESIAN_POINT ( 'NONE',  ( -1.150000000000000100, 0.3300000000000000200, -0.3250000000000001800 ) ) ;
#1819 =( LENGTH_UNIT ( ) NAMED_UNIT ( * ) SI_UNIT ( .MILLI., .METRE. ) );
#1820 = ORIENTED_EDGE ( 'NONE', *, *, #1827, .T. ) ;
#1821 = ORIENTED_EDGE ( 'NONE', *, *, #162, .T. ) ;
#1822 = CARTESIAN_POINT ( 'NONE',  ( 1.150000000000000100, 0.0000000000000000000, 0.3250000000000001800 ) ) ;
#1823 =( NAMED_UNIT ( * ) PLANE_ANGLE_UNIT ( ) SI_UNIT ( $, .RADIAN. ) );
#1824 = EDGE_CURVE ( 'NONE', #858, #3874, #881, .T. ) ;
#1825 = VECTOR ( 'NONE', #949, 1000.000000000000000 ) ;
#1826 =( GEOMETRIC_REPRESENTATION_CONTEXT ( 3 ) GLOBAL_UNCERTAINTY_ASSIGNED_CONTEXT ( ( #437 ) ) GLOBAL_UNIT_ASSIGNED_CONTEXT ( ( #6342, #4374, #1300 ) ) REPRESENTATION_CONTEXT ( 'NONE', 'WORKASPACE' ) );
#1827 = EDGE_CURVE ( 'NONE', #3697, #6410, #4245, .T. ) ;
#1828 = DIRECTION ( 'NONE',  ( -1.000000000000000000, 0.0000000000000000000, 1.302744525538082600E-016 ) ) ;
#1829 = DIRECTION ( 'NONE',  ( 1.000000000000000000, 0.0000000000000000000, -1.302744525538082600E-016 ) ) ;
#1830 = VERTEX_POINT ( 'NONE', #5739 ) ;
#1831 = CARTESIAN_POINT ( 'NONE',  ( -1.230000000000000400, 0.0000000000000000000, -0.8812545287231550200 ) ) ;
#1832 = SURFACE_STYLE_FILL_AREA ( #5193 ) ;
#1833 = VECTOR ( 'NONE', #915, 1000.000000000000000 ) ;
#1834 = CARTESIAN_POINT ( 'NONE',  ( 0.0000000000000000000, -0.0000000000000000000, -0.9009999999999999100 ) ) ;
#1835 = ORIENTED_EDGE ( 'NONE', *, *, #5831, .T. ) ;
#1836 = EDGE_CURVE ( 'NONE', #3935, #3607, #1689, .T. ) ;
#1837 =( NAMED_UNIT ( * ) SI_UNIT ( $, .STERADIAN. ) SOLID_ANGLE_UNIT ( ) );
#1838 =( LENGTH_UNIT ( ) NAMED_UNIT ( * ) SI_UNIT ( .MILLI., .METRE. ) );
#1839 = PRESENTATION_LAYER_ASSIGNMENT (  '', '', ( #1229 ) ) ;
#1840 = EDGE_LOOP ( 'NONE', ( #523, #2025, #4145, #5076 ) ) ;
#1841 = LINE ( 'NONE', #5375, #6047 ) ;
#1842 = CARTESIAN_POINT ( 'NONE',  ( -1.019999999999998700, 0.6500000000000000200, -0.9099999999999997000 ) ) ;
#1843 =( LENGTH_UNIT ( ) NAMED_UNIT ( * ) SI_UNIT ( .MILLI., .METRE. ) );
#1844 =( GEOMETRIC_REPRESENTATION_CONTEXT ( 3 ) GLOBAL_UNCERTAINTY_ASSIGNED_CONTEXT ( ( #817 ) ) GLOBAL_UNIT_ASSIGNED_CONTEXT ( ( #2985, #6542, #3008 ) ) REPRESENTATION_CONTEXT ( 'NONE', 'WORKASPACE' ) );
#1845 = COLOUR_RGB ( '',1.000000000000000000, 0.8823529411764705600, 0.3764705882352941100 ) ;
#1846 = UNCERTAINTY_MEASURE_WITH_UNIT (LENGTH_MEASURE( 1.000000000000000100E-005 ), #4688, 'distance_accuracy_value', 'NONE');
#1847 =( LENGTH_UNIT ( ) NAMED_UNIT ( * ) SI_UNIT ( .MILLI., .METRE. ) );
#1848 = DIRECTION ( 'NONE',  ( -0.0000000000000000000, -1.000000000000000000, 0.0000000000000000000 ) ) ;
#1849 = ORIENTED_EDGE ( 'NONE', *, *, #5226, .T. ) ;
#1850 = PRESENTATION_STYLE_ASSIGNMENT (( #5923 ) ) ;
#1851 = EDGE_LOOP ( 'NONE', ( #345, #4301, #2722, #3265 ) ) ;
#1852 = VECTOR ( 'NONE', #4938, 1000.000000000000000 ) ;
#1853 = EDGE_CURVE ( 'NONE', #1655, #4125, #2727, .T. ) ;
#1854 = VECTOR ( 'NONE', #1463, 1000.000000000000000 ) ;
#1855 = EDGE_CURVE ( 'NONE', #2660, #3477, #6137, .T. ) ;
#1856 = PLANE ( 'NONE',  #5393 ) ;
#1857 = FACE_OUTER_BOUND ( 'NONE', #5906, .T. ) ;
#1858 = DIRECTION ( 'NONE',  ( -1.000000000000000000, 0.0000000000000000000, 9.427844978134827600E-017 ) ) ;
#1859 =( NAMED_UNIT ( * ) SI_UNIT ( $, .STERADIAN. ) SOLID_ANGLE_UNIT ( ) );
#1860 = FACE_OUTER_BOUND ( 'NONE', #4638, .T. ) ;
#1861 = EDGE_CURVE ( 'NONE', #2000, #505, #5986, .T. ) ;
#1862 = AXIS2_PLACEMENT_3D ( 'NONE', #1124, #4236, #1068 ) ;
#1863 = LINE ( 'NONE', #5837, #5677 ) ;
#1864 = ORIENTED_EDGE ( 'NONE', *, *, #986, .T. ) ;
#1865 = CARTESIAN_POINT ( 'NONE',  ( -1.035185185185185400, 0.0000000000000000000, -0.9000000000000000200 ) ) ;
#1866 = CARTESIAN_POINT ( 'NONE',  ( 1.020000000000000200, 0.6500000000000000200, -0.7599999999999995600 ) ) ;
#1867 = CARTESIAN_POINT ( 'NONE',  ( 1.019999999999999400, 0.7810000000000000300, -0.8589999999999996500 ) ) ;
#1868 = CARTESIAN_POINT ( 'NONE',  ( -0.0001420358232436459300, 0.3310000000000000200, 0.0001630781674278896300 ) ) ;
#1869 = CLOSED_SHELL ( 'NONE', ( #6350, #1523, #2210, #3132, #4597, #3541, #4077, #3568, #4627, #4959 ) ) ;
#1870 = PRODUCT_DEFINITION_FORMATION_WITH_SPECIFIED_SOURCE ( 'ANY', '', #375, .NOT_KNOWN. ) ;
#1871 = DIRECTION ( 'NONE',  ( 0.0000000000000000000, 1.000000000000000000, 0.0000000000000000000 ) ) ;
#1872 = EDGE_CURVE ( 'NONE', #5236, #5418, #4075, .T. ) ;
#1873 = VECTOR ( 'NONE', #831, 1000.000000000000000 ) ;
#1874 = EDGE_LOOP ( 'NONE', ( #3001, #1083, #939, #4237 ) ) ;
#1875 = CARTESIAN_POINT ( 'NONE',  ( -0.1832396718072857000, 0.7397155963804168400, 0.9027752622689235700 ) ) ;
#1876 = VECTOR ( 'NONE', #244, 1000.000000000000000 ) ;
#1877 = ORIENTED_EDGE ( 'NONE', *, *, #4441, .F. ) ;
#1878 = CARTESIAN_POINT ( 'NONE',  ( 0.9116385613682934700, 0.7910000000000000400, -0.5975632384164777400 ) ) ;
#1879 = CARTESIAN_POINT ( 'NONE',  ( -1.034810755200659800, 0.3310000000000000200, 0.9009999999999999100 ) ) ;
#1880 =( GEOMETRIC_REPRESENTATION_CONTEXT ( 3 ) GLOBAL_UNCERTAINTY_ASSIGNED_CONTEXT ( ( #4388 ) ) GLOBAL_UNIT_ASSIGNED_CONTEXT ( ( #4880, #2293, #6332 ) ) REPRESENTATION_CONTEXT ( 'NONE', 'WORKASPACE' ) );
#1881 = TOROIDAL_SURFACE ( 'NONE', #6587, 0.1200000000000001100, 0.02000000000000000000 ) ;
#1882 = CIRCLE ( 'NONE', #2479, 0.1399999999999999300 ) ;
#1883 = CARTESIAN_POINT ( 'NONE',  ( 1.149999999999999900, 0.3300000000000000200, 5.110982803187865600E-016 ) ) ;
#1884 = AXIS2_PLACEMENT_3D ( 'NONE', #4131, #2622, #3152 ) ;
#1885 = CARTESIAN_POINT ( 'NONE',  ( 0.2000000000000000100, 0.5999999999999999800, 0.9999999999999997800 ) ) ;
#1886 = UNCERTAINTY_MEASURE_WITH_UNIT (LENGTH_MEASURE( 1.000000000000000100E-005 ), #3442, 'distance_accuracy_value', 'NONE');
#1887 = CARTESIAN_POINT ( 'NONE',  ( 1.250000000000000200, 0.3310000000000000200, 0.8986738835618647300 ) ) ;
#1888 = VERTEX_POINT ( 'NONE', #5717 ) ;
#1889 = ORIENTED_EDGE ( 'NONE', *, *, #4377, .F. ) ;
#1890 = AXIS2_PLACEMENT_3D ( 'NONE', #4255, #2178, #3679 ) ;
#1891 = DIRECTION ( 'NONE',  ( 1.000000000000000000, 0.0000000000000000000, -1.935435283114619600E-016 ) ) ;
#1892 = VERTEX_POINT ( 'NONE', #1088 ) ;
#1893 = DIRECTION ( 'NONE',  ( 0.7540815958863071900, 0.0000000000000000000, 0.6567807448042002300 ) ) ;
#1894 = FACE_OUTER_BOUND ( 'NONE', #3981, .T. ) ;
#1895 = ORIENTED_EDGE ( 'NONE', *, *, #3735, .F. ) ;
#1896 = CARTESIAN_POINT ( 'NONE',  ( -0.1877283969899511400, 0.7309710808607679000, 0.9099527385753597400 ) ) ;
#1897 = EDGE_CURVE ( 'NONE', #3714, #6258, #483, .T. ) ;
#1898 = AXIS2_PLACEMENT_3D ( 'NONE', #1290, #2338, #3411 ) ;
#1899 = VERTEX_POINT ( 'NONE', #732 ) ;
#1900 = CARTESIAN_POINT ( 'NONE',  ( 1.019999999999999600, 0.8010000000000000500, -0.8589999999999997600 ) ) ;
#1901 = CARTESIAN_POINT ( 'NONE',  ( -0.2010000000000001800, 0.5999999999999999800, 0.9600000000000005200 ) ) ;
#1902 = ORIENTED_EDGE ( 'NONE', *, *, #2158, .F. ) ;
#1903 = CARTESIAN_POINT ( 'NONE',  ( 1.236325031278024700, 0.5989735075434622400, -0.8871505702532724900 ) ) ;
#1904 = VECTOR ( 'NONE', #6286, 1000.000000000000000 ) ;
#1905 = FILL_AREA_STYLE ('',( #6515 ) ) ;
#1906 = CARTESIAN_POINT ( 'NONE',  ( -1.219999999999999800, 0.5999999999999999800, -0.7599999999999983400 ) ) ;
#1907 = EDGE_LOOP ( 'NONE', ( #6161, #4674, #3898, #6153 ) ) ;
#1908 = EDGE_CURVE ( 'NONE', #6283, #3263, #2086, .T. ) ;
#1909 = PRESENTATION_LAYER_ASSIGNMENT (  '', '', ( #5569 ) ) ;
#1910 = ORIENTED_EDGE ( 'NONE', *, *, #380, .T. ) ;
#1911 = PLANE ( 'NONE',  #6317 ) ;
#1912 = CARTESIAN_POINT ( 'NONE',  ( -1.019999999999999100, 0.8010000000000000500, 0.8590000000000006500 ) ) ;
#1913 = TOROIDAL_SURFACE ( 'NONE', #1557, 0.07899999999999991800, 0.02000000000000000000 ) ;
#1914 =( NAMED_UNIT ( * ) PLANE_ANGLE_UNIT ( ) SI_UNIT ( $, .RADIAN. ) );
#1915 = ADVANCED_FACE ( 'NONE', ( #1203 ), #2812, .F. ) ;
#1916 = AXIS2_PLACEMENT_3D ( 'NONE', #1208, #2662, #1706 ) ;
#1917 = VERTEX_POINT ( 'NONE', #5392 ) ;
#1918 = FACE_OUTER_BOUND ( 'NONE', #1427, .T. ) ;
#1919 = VECTOR ( 'NONE', #5615, 1000.000000000000000 ) ;
#1920 = ORIENTED_EDGE ( 'NONE', *, *, #6300, .T. ) ;
#1921 = ORIENTED_EDGE ( 'NONE', *, *, #1824, .T. ) ;
#1922 = VECTOR ( 'NONE', #4213, 1000.000000000000000 ) ;
#1923 = CARTESIAN_POINT ( 'NONE',  ( 1.135535072573281300, 0.5995812516312389900, 0.9845019514342953100 ) ) ;
#1924 =( LENGTH_UNIT ( ) NAMED_UNIT ( * ) SI_UNIT ( .MILLI., .METRE. ) );
#1925 = PRESENTATION_LAYER_ASSIGNMENT (  '', '', ( #3710 ) ) ;
#1926 = UNCERTAINTY_MEASURE_WITH_UNIT (LENGTH_MEASURE( 1.000000000000000100E-005 ), #6129, 'distance_accuracy_value', 'NONE');
#1927 = ORIENTED_EDGE ( 'NONE', *, *, #3991, .F. ) ;
#1928 = SURFACE_STYLE_FILL_AREA ( #669 ) ;
#1929 = VECTOR ( 'NONE', #5694, 1000.000000000000000 ) ;
#1930 = MECHANICAL_DESIGN_GEOMETRIC_PRESENTATION_REPRESENTATION (  '', ( #4670 ), #6482 ) ;
#1931 = VECTOR ( 'NONE', #1627, 1000.000000000000000 ) ;
#1932 = CIRCLE ( 'NONE', #1884, 0.1000000000000000500 ) ;
#1933 = LINE ( 'NONE', #115, #104 ) ;
#1934 = DIRECTION ( 'NONE',  ( -0.0000000000000000000, -1.000000000000000000, -0.0000000000000000000 ) ) ;
#1935 = EDGE_CURVE ( 'NONE', #5724, #2965, #5927, .T. ) ;
#1936 = LINE ( 'NONE', #3546, #4160 ) ;
#1937 = EDGE_LOOP ( 'NONE', ( #1543, #5817, #695, #188, #981 ) ) ;
#1938 = SURFACE_STYLE_FILL_AREA ( #6296 ) ;
#1939 = VERTEX_POINT ( 'NONE', #1276 ) ;
#1940 = FILL_AREA_STYLE ('',( #5447 ) ) ;
#1941 = CARTESIAN_POINT ( 'NONE',  ( -0.1993233776256117500, 0.6034586441743164900, 0.9407931587627418300 ) ) ;
#1942 = ORIENTED_EDGE ( 'NONE', *, *, #1036, .T. ) ;
#1943 = FILL_AREA_STYLE_COLOUR ( '', #1845 ) ;
#1944 = LINE ( 'NONE', #6457, #1612 ) ;
#1945 = EDGE_CURVE ( 'NONE', #2627, #5053, #2426, .T. ) ;
#1946 = EDGE_CURVE ( 'NONE', #4767, #6297, #344, .T. ) ;
#1947 = CARTESIAN_POINT ( 'NONE',  ( -1.250000000000000200, 0.5822376770114720000, -0.8999999999999999100 ) ) ;
#1948 = DIRECTION ( 'NONE',  ( -1.000000000000000000, -0.0000000000000000000, -0.0000000000000000000 ) ) ;
#1949 = EDGE_LOOP ( 'NONE', ( #2094, #3551, #5866, #5910, #317, #6553 ) ) ;
#1950 = DIRECTION ( 'NONE',  ( 0.0000000000000000000, 0.0000000000000000000, -1.000000000000000000 ) ) ;
#1951 = FACE_OUTER_BOUND ( 'NONE', #760, .T. ) ;
#1952 = PLANE ( 'NONE',  #2469 ) ;
#1953 = DIRECTION ( 'NONE',  ( 1.000000000000000000, 0.0000000000000000000, 0.0000000000000000000 ) ) ;
#1954 = CARTESIAN_POINT ( 'NONE',  ( -0.4750000000000001400, 0.0000000000000000000, 0.8999999999999999100 ) ) ;
#1955 = LINE ( 'NONE', #264, #45 ) ;
#1956 = DIRECTION ( 'NONE',  ( 0.0000000000000000000, 1.000000000000000000, -0.0000000000000000000 ) ) ;
#1957 = LINE ( 'NONE', #5079, #296 ) ;
#1958 = FACE_OUTER_BOUND ( 'NONE', #6486, .T. ) ;
#1959 = EDGE_CURVE ( 'NONE', #1562, #1281, #5451, .T. ) ;
#1960 = CARTESIAN_POINT ( 'NONE',  ( 0.09346153846153686100, 0.3300000000000000200, -0.1073076923076908100 ) ) ;
#1961 = ORIENTED_EDGE ( 'NONE', *, *, #2386, .T. ) ;
#1962 = STYLED_ITEM ( 'NONE', ( #3090 ), #3286 ) ;
#1963 =( LENGTH_UNIT ( ) NAMED_UNIT ( * ) SI_UNIT ( .MILLI., .METRE. ) );
#1964 =( NAMED_UNIT ( * ) PLANE_ANGLE_UNIT ( ) SI_UNIT ( $, .RADIAN. ) );
#1965 = DIRECTION ( 'NONE',  ( 0.0000000000000000000, 0.0000000000000000000, -1.000000000000000000 ) ) ;
#1966 = STYLED_ITEM ( 'NONE', ( #900 ), #987 ) ;
#1967 = ORIENTED_EDGE ( 'NONE', *, *, #2439, .T. ) ;
#1968 = CARTESIAN_POINT ( 'NONE',  ( -1.019999999999998900, 0.7810000000000000300, -0.8389999999999995200 ) ) ;
#1969 = VECTOR ( 'NONE', #4147, 1000.000000000000100 ) ;
#1970 = CARTESIAN_POINT ( 'NONE',  ( -1.169999999999999700, 0.7299999999999999800, 0.0000000000000000000 ) ) ;
#1971 = EDGE_CURVE ( 'NONE', #91, #2082, #1863, .T. ) ;
#1972 = CARTESIAN_POINT ( 'NONE',  ( -1.230000000000000400, 0.0000000000000000000, -0.8812545287231550200 ) ) ;
#1973 = VERTEX_POINT ( 'NONE', #3298 ) ;
#1974 = CARTESIAN_POINT ( 'NONE',  ( -1.149999999999999900, -0.0000000000000000000, 5.110982803187865600E-016 ) ) ;
#1975 = ADVANCED_FACE ( 'NONE', ( #1599 ), #227, .T. ) ;
#1976 = ORIENTED_EDGE ( 'NONE', *, *, #5119, .F. ) ;
#1977 = EDGE_CURVE ( 'NONE', #4628, #3754, #6318, .T. ) ;
#1978 = AXIS2_PLACEMENT_3D ( 'NONE', #3387, #4881, #321 ) ;
#1979 = LINE ( 'NONE', #3956, #1653 ) ;
#1980 = CARTESIAN_POINT ( 'NONE',  ( 1.150000000000000100, 0.5999999999999999800, 0.9999999999999997800 ) ) ;
#1981 =( NAMED_UNIT ( * ) SI_UNIT ( $, .STERADIAN. ) SOLID_ANGLE_UNIT ( ) );
#1982 = ORIENTED_EDGE ( 'NONE', *, *, #2195, .F. ) ;
#1983 = CARTESIAN_POINT ( 'NONE',  ( 1.741891754803157100E-016, 0.3300000000000000200, 0.8999999999999998000 ) ) ;
#1984 = LINE ( 'NONE', #3535, #2232 ) ;
#1985 = PLANE ( 'NONE',  #5339 ) ;
#1986 = AXIS2_PLACEMENT_3D ( 'NONE', #2490, #4955, #3086 ) ;
#1987 = DIRECTION ( 'NONE',  ( -1.000000000000000000, 8.673617379884032300E-015, 0.0000000000000000000 ) ) ;
#1988 = CARTESIAN_POINT ( 'NONE',  ( 0.09411831920634057500, 0.3310000000000000200, -0.1080617739035766900 ) ) ;
#1989 = CARTESIAN_POINT ( 'NONE',  ( 0.0000000000000000000, -0.0000000000000000000, -0.3250000000000001800 ) ) ;
#1990 = EDGE_CURVE ( 'NONE', #2592, #2820, #4749, .T. ) ;
#1991 = VERTEX_POINT ( 'NONE', #2902 ) ;
#1992 = LINE ( 'NONE', #5498, #867 ) ;
#1993 =( NAMED_UNIT ( * ) SI_UNIT ( $, .STERADIAN. ) SOLID_ANGLE_UNIT ( ) );
#1994 = CIRCLE ( 'NONE', #5497, 0.02000000000000005200 ) ;
#1995 = ORIENTED_EDGE ( 'NONE', *, *, #1383, .T. ) ;
#1996 = PRESENTATION_STYLE_ASSIGNMENT (( #4291 ) ) ;
#1997 = MECHANICAL_DESIGN_GEOMETRIC_PRESENTATION_REPRESENTATION (  '', ( #4498 ), #5150 ) ;
#1998 = DIRECTION ( 'NONE',  ( 0.0000000000000000000, 0.0000000000000000000, -1.000000000000000000 ) ) ;
#1999 = EDGE_LOOP ( 'NONE', ( #4269, #4090, #6358, #1074 ) ) ;
#2000 = VERTEX_POINT ( 'NONE', #4960 ) ;
#2001 = AXIS2_PLACEMENT_3D ( 'NONE', #3424, #1381, #2376 ) ;
#2002 = UNCERTAINTY_MEASURE_WITH_UNIT (LENGTH_MEASURE( 1.000000000000000100E-005 ), #4926, 'distance_accuracy_value', 'NONE');
#2003 = DIRECTION ( 'NONE',  ( -1.000000000000000000, 0.0000000000000000000, 5.421010862427557700E-016 ) ) ;
#2004 = FACE_OUTER_BOUND ( 'NONE', #414, .T. ) ;
#2005 = VECTOR ( 'NONE', #4180, 1000.000000000000000 ) ;
#2006 = PRESENTATION_LAYER_ASSIGNMENT (  '', '', ( #5201 ) ) ;
#2007 = ADVANCED_FACE ( 'NONE', ( #6536 ), #3911, .T. ) ;
#2008 = LINE ( 'NONE', #1989, #1288 ) ;
#2009 = CARTESIAN_POINT ( 'NONE',  ( 1.230000000000002000, 0.5999999999999999800, 0.8816784043380072600 ) ) ;
#2010 = CIRCLE ( 'NONE', #3483, 0.1010000000000000800 ) ;
#2011 = AXIS2_PLACEMENT_3D ( 'NONE', #295, #2840, #795 ) ;
#2012 = VECTOR ( 'NONE', #1024, 1000.000000000000000 ) ;
#2013 = CARTESIAN_POINT ( 'NONE',  ( -0.2000000000000000100, 0.0000000000000000000, -0.9600000000000006300 ) ) ;
#2014 = VECTOR ( 'NONE', #765, 1000.000000000000100 ) ;
#2015 = CARTESIAN_POINT ( 'NONE',  ( -1.741891754803157100E-016, 0.3300000000000000200, 0.8999999999999998000 ) ) ;
#2016 = CARTESIAN_POINT ( 'NONE',  ( 1.020000000000000200, 0.7409999999999999900, 0.7600000000000003400 ) ) ;
#2017 = DIRECTION ( 'NONE',  ( 0.0000000000000000000, 1.000000000000000000, -0.0000000000000000000 ) ) ;
#2018 = VERTEX_POINT ( 'NONE', #482 ) ;
#2019 = EDGE_LOOP ( 'NONE', ( #2358, #3941, #1475, #3087, #1067, #2904, #6548 ) ) ;
#2020 = CIRCLE ( 'NONE', #1635, 0.1000000000000000500 ) ;
#2021 = PLANE ( 'NONE',  #2319 ) ;
#2022 = ORIENTED_EDGE ( 'NONE', *, *, #822, .T. ) ;
#2023 = CARTESIAN_POINT ( 'NONE',  ( -0.1830293163714105700, 0.7397737267829838100, -0.9024743288176434500 ) ) ;
#2024 = ADVANCED_FACE ( 'NONE', ( #2954 ), #1209, .T. ) ;
#2025 = ORIENTED_EDGE ( 'NONE', *, *, #1853, .F. ) ;
#2026 = SURFACE_SIDE_STYLE ('',( #585 ) ) ;
#2027 = ORIENTED_EDGE ( 'NONE', *, *, #2913, .F. ) ;
#2028 = ORIENTED_EDGE ( 'NONE', *, *, #667, .T. ) ;
#2029 = EDGE_CURVE ( 'NONE', #3771, #5256, #3932, .T. ) ;
#2030 = MECHANICAL_DESIGN_GEOMETRIC_PRESENTATION_REPRESENTATION (  '', ( #5569 ), #4211 ) ;
#2031 = CYLINDRICAL_SURFACE ( 'NONE', #6006, 0.04999999999999991300 ) ;
#2032 = DIRECTION ( 'NONE',  ( 0.0000000000000000000, 0.0000000000000000000, -1.000000000000000000 ) ) ;
#2033 = CIRCLE ( 'NONE', #1756, 0.1000000000000000500 ) ;
#2034 = CARTESIAN_POINT ( 'NONE',  ( 0.0000000000000000000, 0.3300000000000000200, 0.0000000000000000000 ) ) ;
#2035 = CARTESIAN_POINT ( 'NONE',  ( -0.2000000000000000100, 0.5999999999999999800, -0.9600000000000006300 ) ) ;
#2036 = DIRECTION ( 'NONE',  ( 1.000000000000000000, 0.0000000000000000000, 1.935435283114619600E-016 ) ) ;
#2037 = CARTESIAN_POINT ( 'NONE',  ( -1.149999999999999900, 0.3300000000000000200, 1.000000000000000000 ) ) ;
#2038 =( NAMED_UNIT ( * ) PLANE_ANGLE_UNIT ( ) SI_UNIT ( $, .RADIAN. ) );
#2039 = PRESENTATION_STYLE_ASSIGNMENT (( #3808 ) ) ;
#2040 = AXIS2_PLACEMENT_3D ( 'NONE', #4653, #2586, #2655 ) ;
#2042 = LINE ( 'NONE', #146, #5794 ) ;
#2041 = FILL_AREA_STYLE ('',( #4339 ) ) ;
#2043 =( LENGTH_UNIT ( ) NAMED_UNIT ( * ) SI_UNIT ( .MILLI., .METRE. ) );
#2044 = ADVANCED_FACE ( 'NONE', ( #5106 ), #4629, .T. ) ;
#2045 = VERTEX_POINT ( 'NONE', #3575 ) ;
#2046 = DIRECTION ( 'NONE',  ( 0.0000000000000000000, 0.0000000000000000000, -1.000000000000000000 ) ) ;
#2047 = MECHANICAL_DESIGN_GEOMETRIC_PRESENTATION_REPRESENTATION (  '', ( #4093 ), #3061 ) ;
#2048 =( NAMED_UNIT ( * ) PLANE_ANGLE_UNIT ( ) SI_UNIT ( $, .RADIAN. ) );
#2049 = ORIENTED_EDGE ( 'NONE', *, *, #4043, .F. ) ;
#2050 = CARTESIAN_POINT ( 'NONE',  ( 1.034810755200659800, 0.3310000000000000200, 0.9009999999999999100 ) ) ;
#2051 = ORIENTED_EDGE ( 'NONE', *, *, #3735, .T. ) ;
#2052 = CARTESIAN_POINT ( 'NONE',  ( -0.4750000000000002000, 0.0000000000000000000, 0.3250000000000001800 ) ) ;
#2053 = AXIS2_PLACEMENT_3D ( 'NONE', #1866, #2384, #3937 ) ;
#2054 = CARTESIAN_POINT ( 'NONE',  ( 1.151000000000000200, 0.3310000000000000200, -0.8124480771102521300 ) ) ;
#2055 = ORIENTED_EDGE ( 'NONE', *, *, #6508, .T. ) ;
#2056 = DIRECTION ( 'NONE',  ( -1.000000000000000000, 0.0000000000000000000, -5.421010862427508000E-015 ) ) ;
#2057 = EDGE_CURVE ( 'NONE', #91, #2123, #4968, .T. ) ;
#2058 =( LENGTH_UNIT ( ) NAMED_UNIT ( * ) SI_UNIT ( .MILLI., .METRE. ) );
#2059 = DIRECTION ( 'NONE',  ( 1.426581805901980400E-016, 0.0000000000000000000, -1.000000000000000000 ) ) ;
#2060 = VERTEX_POINT ( 'NONE', #3089 ) ;
#2061 = SURFACE_STYLE_USAGE ( .BOTH. , #5580 ) ;
#2062 = DIRECTION ( 'NONE',  ( -0.0000000000000000000, 1.000000000000000000, -0.0000000000000000000 ) ) ;
#2063 = ORIENTED_EDGE ( 'NONE', *, *, #2417, .T. ) ;
#2064 = ORIENTED_EDGE ( 'NONE', *, *, #5608, .T. ) ;
#2065 = EDGE_CURVE ( 'NONE', #995, #4281, #3210, .T. ) ;
#2066 = CARTESIAN_POINT ( 'NONE',  ( 1.019999999999999600, 0.7409999999999999900, -0.8589999999999997600 ) ) ;
#2067 = AXIS2_PLACEMENT_3D ( 'NONE', #1661, #1143, #6268 ) ;
#2068 =( LENGTH_UNIT ( ) NAMED_UNIT ( * ) SI_UNIT ( .MILLI., .METRE. ) );
#2069 = ORIENTED_EDGE ( 'NONE', *, *, #2125, .F. ) ;
#2070 = FILL_AREA_STYLE ('',( #1520 ) ) ;
#2071 = DIRECTION ( 'NONE',  ( 0.0000000000000000000, 0.0000000000000000000, -1.000000000000000000 ) ) ;
#2072 = VECTOR ( 'NONE', #3688, 1000.000000000000000 ) ;
#2073 = ADVANCED_FACE ( 'NONE', ( #571 ), #4671, .F. ) ;
#2074 = CARTESIAN_POINT ( 'NONE',  ( -0.09999999999999924200, 0.7399999999999999900, -0.9599999999999991900 ) ) ;
#2075 = ORIENTED_EDGE ( 'NONE', *, *, #2621, .F. ) ;
#2076 = LINE ( 'NONE', #2671, #1922 ) ;
#2077 =( GEOMETRIC_REPRESENTATION_CONTEXT ( 3 ) GLOBAL_UNCERTAINTY_ASSIGNED_CONTEXT ( ( #5812 ) ) GLOBAL_UNIT_ASSIGNED_CONTEXT ( ( #3951, #5031, #1981 ) ) REPRESENTATION_CONTEXT ( 'NONE', 'WORKASPACE' ) );
#2078 = SURFACE_SIDE_STYLE ('',( #5519 ) ) ;
#2079 =( LENGTH_UNIT ( ) NAMED_UNIT ( * ) SI_UNIT ( .MILLI., .METRE. ) );
#2080 = ORIENTED_EDGE ( 'NONE', *, *, #5851, .F. ) ;
#2081 = EDGE_CURVE ( 'NONE', #1991, #2389, #5993, .T. ) ;
#2082 = VERTEX_POINT ( 'NONE', #1082 ) ;
#2083 = DIRECTION ( 'NONE',  ( 0.0000000000000000000, 0.0000000000000000000, 1.000000000000000000 ) ) ;
#2084 = EDGE_CURVE ( 'NONE', #3599, #87, #1437, .T. ) ;
#2085 = SURFACE_STYLE_FILL_AREA ( #6061 ) ;
#2086 = CIRCLE ( 'NONE', #2011, 0.09999999999999993600 ) ;
#2087 = CARTESIAN_POINT ( 'NONE',  ( 1.020000000000000200, 0.7299999999999999800, 0.7600000000000003400 ) ) ;
#2088 = DIRECTION ( 'NONE',  ( 0.0000000000000000000, 1.000000000000000000, 0.0000000000000000000 ) ) ;
#2089 = MECHANICAL_DESIGN_GEOMETRIC_PRESENTATION_REPRESENTATION (  '', ( #4128 ), #3242 ) ;
#2090 = UNCERTAINTY_MEASURE_WITH_UNIT (LENGTH_MEASURE( 1.000000000000000100E-005 ), #77, 'distance_accuracy_value', 'NONE');
#2091 = CYLINDRICAL_SURFACE ( 'NONE', #6196, 0.01000000000000002600 ) ;
#2092 = DIRECTION ( 'NONE',  ( -1.935435283114619600E-016, 0.0000000000000000000, -1.000000000000000000 ) ) ;
#2093 = MECHANICAL_DESIGN_GEOMETRIC_PRESENTATION_REPRESENTATION (  '', ( #502 ), #4957 ) ;
#2094 = ORIENTED_EDGE ( 'NONE', *, *, #2636, .T. ) ;
#2095 = CARTESIAN_POINT ( 'NONE',  ( 0.1876662303916254700, 0.7320254819593955400, 0.9098427700947123700 ) ) ;
#2096 = ORIENTED_EDGE ( 'NONE', *, *, #4124, .F. ) ;
#2097 =( NAMED_UNIT ( * ) PLANE_ANGLE_UNIT ( ) SI_UNIT ( $, .RADIAN. ) );
#2098 = FACE_OUTER_BOUND ( 'NONE', #5999, .T. ) ;
#2099 = LINE ( 'NONE', #3313, #5998 ) ;
#2100 =( LENGTH_UNIT ( ) NAMED_UNIT ( * ) SI_UNIT ( .MILLI., .METRE. ) );
#2101 = DIRECTION ( 'NONE',  ( -0.0000000000000000000, -1.000000000000000000, 0.0000000000000000000 ) ) ;
#2102 = ORIENTED_EDGE ( 'NONE', *, *, #3552, .F. ) ;
#2103 = AXIS2_PLACEMENT_3D ( 'NONE', #1603, #5167, #2570 ) ;
#2104 = ORIENTED_EDGE ( 'NONE', *, *, #6431, .T. ) ;
#2105 =( NAMED_UNIT ( * ) SI_UNIT ( $, .STERADIAN. ) SOLID_ANGLE_UNIT ( ) );
#2106 = PLANE ( 'NONE',  #81 ) ;
#2107 = CARTESIAN_POINT ( 'NONE',  ( 1.741891754803157100E-016, 0.3300000000000000200, -0.8999999999999998000 ) ) ;
#2108 = PRESENTATION_STYLE_ASSIGNMENT (( #3859 ) ) ;
#2109 =( NAMED_UNIT ( * ) SI_UNIT ( $, .STERADIAN. ) SOLID_ANGLE_UNIT ( ) );
#2110 = PLANE ( 'NONE',  #4191 ) ;
#2111 = ORIENTED_EDGE ( 'NONE', *, *, #5400, .F. ) ;
#2112 = CARTESIAN_POINT ( 'NONE',  ( -1.019999999999999800, 0.7399999999999999900, -0.7599999999999996800 ) ) ;
#2113 = DIRECTION ( 'NONE',  ( 0.0000000000000000000, 0.0000000000000000000, 1.000000000000000000 ) ) ;
#2114 = ADVANCED_FACE ( 'NONE', ( #411 ), #2110, .T. ) ;
#2115 = EDGE_CURVE ( 'NONE', #1324, #722, #2486, .T. ) ;
#2116 = AXIS2_PLACEMENT_3D ( 'NONE', #3908, #1858, #4365 ) ;
#2117 = VECTOR ( 'NONE', #1651, 1000.000000000000000 ) ;
#2118 = ORIENTED_EDGE ( 'NONE', *, *, #4103, .F. ) ;
#2119 = CARTESIAN_POINT ( 'NONE',  ( -0.2000000000000000400, 0.0000000000000000000, 0.9600000000000007400 ) ) ;
#2120 = FACE_OUTER_BOUND ( 'NONE', #2685, .T. ) ;
#2121 = CARTESIAN_POINT ( 'NONE',  ( 1.019999999999999100, 0.7399999999999999900, -0.8999999999999996900 ) ) ;
#2122 = PRESENTATION_STYLE_ASSIGNMENT (( #3317 ) ) ;
#2123 = VERTEX_POINT ( 'NONE', #589 ) ;
#2124 = AXIS2_PLACEMENT_3D ( 'NONE', #4277, #3774, #5332 ) ;
#2125 = EDGE_CURVE ( 'NONE', #2627, #1589, #3673, .T. ) ;
#2126 = LINE ( 'NONE', #4719, #6091 ) ;
#2127 = DIRECTION ( 'NONE',  ( 0.0000000000000000000, 0.0000000000000000000, 1.000000000000000000 ) ) ;
#2128 = COLOUR_RGB ( '',1.000000000000000000, 0.8823529411764705600, 0.3764705882352941100 ) ;
#2129 = SURFACE_STYLE_USAGE ( .BOTH. , #1031 ) ;
#2130 = CARTESIAN_POINT ( 'NONE',  ( -1.125514458904363700, 0.0000000000000000000, -0.9800000000000002000 ) ) ;
#2131 = UNCERTAINTY_MEASURE_WITH_UNIT (LENGTH_MEASURE( 1.000000000000000100E-005 ), #6262, 'distance_accuracy_value', 'NONE');
#2132 = CARTESIAN_POINT ( 'NONE',  ( -1.250000000000000200, 0.008284271247462013700, 0.8986738835618646200 ) ) ;
#2133 = ORIENTED_EDGE ( 'NONE', *, *, #5987, .F. ) ;
#2134 = CARTESIAN_POINT ( 'NONE',  ( 1.020000000000000200, 0.6500000000000000200, 0.7600000000000003400 ) ) ;
#2135 = COLOUR_RGB ( '',1.000000000000000000, 0.8823529411764705600, 0.3764705882352941100 ) ;
#2136 =( NAMED_UNIT ( * ) PLANE_ANGLE_UNIT ( ) SI_UNIT ( $, .RADIAN. ) );
#2137 = CARTESIAN_POINT ( 'NONE',  ( 1.020000000000000200, 0.7299999999999999800, 0.7600000000000003400 ) ) ;
#2138 = AXIS2_PLACEMENT_3D ( 'NONE', #2035, #2983, #6539 ) ;
#2139 = ORIENTED_EDGE ( 'NONE', *, *, #4272, .T. ) ;
#2140 =( GEOMETRIC_REPRESENTATION_CONTEXT ( 3 ) GLOBAL_UNCERTAINTY_ASSIGNED_CONTEXT ( ( #5595 ) ) GLOBAL_UNIT_ASSIGNED_CONTEXT ( ( #2275, #4785, #2711 ) ) REPRESENTATION_CONTEXT ( 'NONE', 'WORKASPACE' ) );
#2141 = FACE_OUTER_BOUND ( 'NONE', #4016, .T. ) ;
#2142 =( NAMED_UNIT ( * ) PLANE_ANGLE_UNIT ( ) SI_UNIT ( $, .RADIAN. ) );
#2143 = SURFACE_SIDE_STYLE ('',( #4506 ) ) ;
#2144 = CARTESIAN_POINT ( 'NONE',  ( -2.065146995210484700E-016, 0.3310000000000000200, -1.000000000000000200 ) ) ;
#2145 = ORIENTED_EDGE ( 'NONE', *, *, #3675, .T. ) ;
#2146 = PRESENTATION_LAYER_ASSIGNMENT (  '', '', ( #3113 ) ) ;
#2147 = ADVANCED_FACE ( 'NONE', ( #5034 ), #839, .F. ) ;
#2148 = FACE_OUTER_BOUND ( 'NONE', #382, .T. ) ;
#2149 =( LENGTH_UNIT ( ) NAMED_UNIT ( * ) SI_UNIT ( .MILLI., .METRE. ) );
#2150 = LINE ( 'NONE', #3506, #1833 ) ;
#2151 = ORIENTED_EDGE ( 'NONE', *, *, #3440, .T. ) ;
#2152 = SURFACE_STYLE_FILL_AREA ( #3919 ) ;
#2153 = DIRECTION ( 'NONE',  ( -0.7540815958863071900, 0.0000000000000000000, 0.6567807448042002300 ) ) ;
#2154 = CARTESIAN_POINT ( 'NONE',  ( -1.118999999999999800, 0.7810000000000000300, -0.7599999999999990100 ) ) ;
#2155 = SURFACE_STYLE_USAGE ( .BOTH. , #2176 ) ;
#2156 = ORIENTED_EDGE ( 'NONE', *, *, #6025, .T. ) ;
#2157 = DIRECTION ( 'NONE',  ( -0.0000000000000000000, -0.0000000000000000000, 1.000000000000000000 ) ) ;
#2158 = EDGE_CURVE ( 'NONE', #5404, #848, #6393, .T. ) ;
#2159 = MECHANICAL_DESIGN_GEOMETRIC_PRESENTATION_REPRESENTATION (  '', ( #4603 ), #1254 ) ;
#2160 = EDGE_CURVE ( 'NONE', #127, #107, #6093, .T. ) ;
#2161 = SHAPE_DEFINITION_REPRESENTATION ( #2225, #3632 ) ;
#2162 = DIRECTION ( 'NONE',  ( 0.7071067811865477900, 0.0000000000000000000, 0.7071067811865473500 ) ) ;
#2163 = VERTEX_POINT ( 'NONE', #133 ) ;
#2164 = ORIENTED_EDGE ( 'NONE', *, *, #298, .F. ) ;
#2165 = DIRECTION ( 'NONE',  ( 1.000000000000000000, 0.0000000000000000000, 0.0000000000000000000 ) ) ;
#2166 = PRESENTATION_STYLE_ASSIGNMENT (( #4086 ) ) ;
#2167 = COLOUR_RGB ( '',0.8823529411764705600, 0.8823529411764705600, 0.8823529411764705600 ) ;
#2168 = DIRECTION ( 'NONE',  ( -4.444332872337274000E-016, 0.0000000000000000000, 1.000000000000000000 ) ) ;
#2169 = CIRCLE ( 'NONE', #1120, 0.1010000000000000800 ) ;
#2170 = VECTOR ( 'NONE', #3227, 1000.000000000000000 ) ;
#2171 = DIRECTION ( 'NONE',  ( -1.000000000000000000, 0.0000000000000000000, 1.302744525538081800E-016 ) ) ;
#2172 = CARTESIAN_POINT ( 'NONE',  ( -1.034810755200659800, 0.0000000000000000000, -0.9009999999999999100 ) ) ;
#2173 = CARTESIAN_POINT ( 'NONE',  ( 1.020000000000000200, 0.7399999999999999900, -0.7599999999999995600 ) ) ;
#2174 = EDGE_CURVE ( 'NONE', #5928, #2185, #3338, .T. ) ;
#2175 = COLOUR_RGB ( '',0.8823529411764705600, 0.8823529411764705600, 0.8823529411764705600 ) ;
#2176 = SURFACE_SIDE_STYLE ('',( #1832 ) ) ;
#2177 = ADVANCED_FACE ( 'NONE', ( #960 ), #37, .F. ) ;
#2178 = DIRECTION ( 'NONE',  ( 0.0000000000000000000, 1.000000000000000000, -0.0000000000000000000 ) ) ;
#2179 = LINE ( 'NONE', #4497, #662 ) ;
#2180 = PRESENTATION_LAYER_ASSIGNMENT (  '', '', ( #1962 ) ) ;
#2182 = VERTEX_POINT ( 'NONE', #6217 ) ;
#2181 =( LENGTH_UNIT ( ) NAMED_UNIT ( * ) SI_UNIT ( .MILLI., .METRE. ) );
#2183 = AXIS2_PLACEMENT_3D ( 'NONE', #982, #2552, #4028 ) ;
#2184 = DIRECTION ( 'NONE',  ( -1.000000000000000000, 0.0000000000000000000, -4.444332872337274000E-016 ) ) ;
#2185 = VERTEX_POINT ( 'NONE', #158 ) ;
#2186 = DIRECTION ( 'NONE',  ( 0.7540815958863055200, 0.0000000000000000000, -0.6567807448042022300 ) ) ;
#2187 = EDGE_CURVE ( 'NONE', #978, #3359, #301, .T. ) ;
#2188 = VERTEX_POINT ( 'NONE', #1015 ) ;
#2189 = ORIENTED_EDGE ( 'NONE', *, *, #667, .F. ) ;
#2190 = SURFACE_SIDE_STYLE ('',( #980 ) ) ;
#2191 =( NAMED_UNIT ( * ) SI_UNIT ( $, .STERADIAN. ) SOLID_ANGLE_UNIT ( ) );
#2192 = FILL_AREA_STYLE ('',( #4761 ) ) ;
#2193 = COLOUR_RGB ( '',1.000000000000000000, 0.8823529411764705600, 0.3764705882352941100 ) ;
#2194 = CYLINDRICAL_SURFACE ( 'NONE', #4540, 0.09900000000000001900 ) ;
#2195 = EDGE_CURVE ( 'NONE', #4504, #145, #1468, .T. ) ;
#2196 = DIRECTION ( 'NONE',  ( 0.0000000000000000000, 1.000000000000000000, 0.0000000000000000000 ) ) ;
#2197 = FACE_OUTER_BOUND ( 'NONE', #4096, .T. ) ;
#2198 = DIRECTION ( 'NONE',  ( 0.0000000000000000000, -0.0000000000000000000, 1.000000000000000000 ) ) ;
#2199 = CARTESIAN_POINT ( 'NONE',  ( 0.0007988165680478640000, 0.0000000000000000000, -0.0009171597633142134500 ) ) ;
#2200 = PLANE ( 'NONE',  #421 ) ;
#2201 = DIRECTION ( 'NONE',  ( -1.000000000000000000, 0.0000000000000000000, 2.065146995210484200E-016 ) ) ;
#2202 = EDGE_CURVE ( 'NONE', #2660, #2895, #3482, .T. ) ;
#2203 = PRESENTATION_LAYER_ASSIGNMENT (  '', '', ( #3877 ) ) ;
#2204 = CIRCLE ( 'NONE', #3422, 0.04936395605478413600 ) ;
#2205 = PRESENTATION_STYLE_ASSIGNMENT (( #3529 ) ) ;
#2206 =( LENGTH_UNIT ( ) NAMED_UNIT ( * ) SI_UNIT ( .MILLI., .METRE. ) );
#2207 = ORIENTED_EDGE ( 'NONE', *, *, #4685, .F. ) ;
#2208 = CARTESIAN_POINT ( 'NONE',  ( 1.160000000000000100, 0.7299999999999999800, 0.0000000000000000000 ) ) ;
#2209 = DIRECTION ( 'NONE',  ( 0.0000000000000000000, 0.0000000000000000000, 1.000000000000000000 ) ) ;
#2210 = ADVANCED_FACE ( 'NONE', ( #3487 ), #5725, .F. ) ;
#2211 = AXIS2_PLACEMENT_3D ( 'NONE', #3043, #5639, #25 ) ;
#2212 = B_SPLINE_CURVE_WITH_KNOTS ( 'NONE', 3,
 ( #4703, #4686, #2095, #4668, #572, #1123, #2598, #120, #522, #6159, #3107, #1066, #92, #6111, #3128, #2576 ),
 .UNSPECIFIED., .F., .F.,
 ( 4, 3, 3, 3, 3, 4 ),
 ( 0.0000000000000000000, 3.017290259411047500E-006, 6.025562127354202000E-006, 9.161758635780485000E-006, 1.268142184836584400E-005, 1.723054838532437000E-005 ),
 .UNSPECIFIED. ) ;
#2213 = EDGE_CURVE ( 'NONE', #1398, #2512, #2042, .T. ) ;
#2214 = ORIENTED_EDGE ( 'NONE', *, *, #38, .F. ) ;
#2215 = VERTEX_POINT ( 'NONE', #6259 ) ;
#2216 = EDGE_CURVE ( 'NONE', #3359, #6433, #4607, .T. ) ;
#2217 = PLANE ( 'NONE',  #637 ) ;
#2218 = SURFACE_STYLE_USAGE ( .BOTH. , #3745 ) ;
#2219 = CARTESIAN_POINT ( 'NONE',  ( 1.151000000000000200, 0.3310000000000000200, -0.3240000000000001800 ) ) ;
#2220 =( NAMED_UNIT ( * ) SI_UNIT ( $, .STERADIAN. ) SOLID_ANGLE_UNIT ( ) );
#2221 = AXIS2_PLACEMENT_3D ( 'NONE', #3310, #4288, #4266 ) ;
#2222 = SURFACE_STYLE_USAGE ( .BOTH. , #6311 ) ;
#2223 = ORIENTED_EDGE ( 'NONE', *, *, #5963, .F. ) ;
#2224 = CARTESIAN_POINT ( 'NONE',  ( 1.133885319477214500, 0.5999224192988729100, -0.9826001022519830200 ) ) ;
#2225 = PRODUCT_DEFINITION_SHAPE ( 'NONE', 'NONE',  #1504 ) ;
#2226 = DIRECTION ( 'NONE',  ( -0.7540815958863068500, 0.0000000000000000000, 0.6567807448042006800 ) ) ;
#2227 = DIRECTION ( 'NONE',  ( 0.7540815958863068500, 0.0000000000000000000, -0.6567807448042006800 ) ) ;
#2228 = ORIENTED_EDGE ( 'NONE', *, *, #3564, .F. ) ;
#2229 = AXIS2_PLACEMENT_3D ( 'NONE', #1968, #5528, #890 ) ;
#2230 = CARTESIAN_POINT ( 'NONE',  ( -1.151000000000000200, 0.3310000000000000200, 0.8124480771102521300 ) ) ;
#2231 = ORIENTED_EDGE ( 'NONE', *, *, #5048, .T. ) ;
#2232 = VECTOR ( 'NONE', #4046, 1000.000000000000000 ) ;
#2233 = FILL_AREA_STYLE_COLOUR ( '', #4087 ) ;
#2234 = AXIS2_PLACEMENT_3D ( 'NONE', #661, #2201, #2691 ) ;
#2235 = VERTEX_POINT ( 'NONE', #170 ) ;
#2236 = DIRECTION ( 'NONE',  ( -1.000000000000000000, 0.0000000000000000000, 0.0000000000000000000 ) ) ;
#2237 =( NAMED_UNIT ( * ) SI_UNIT ( $, .STERADIAN. ) SOLID_ANGLE_UNIT ( ) );
#2238 = COLOUR_RGB ( '',1.000000000000000000, 0.8823529411764705600, 0.3764705882352941100 ) ;
#2239 = CARTESIAN_POINT ( 'NONE',  ( 1.035185185185185400, 0.3300000000000000200, -0.9000000000000001300 ) ) ;
#2240 = EDGE_CURVE ( 'NONE', #998, #2914, #1882, .T. ) ;
#2241 = LINE ( 'NONE', #4163, #3370 ) ;
#2242 = AXIS2_PLACEMENT_3D ( 'NONE', #3362, #1314, #1331 ) ;
#2243 = CARTESIAN_POINT ( 'NONE',  ( 0.1877553417177555400, 0.6500000000000000200, 0.9100000000000004800 ) ) ;
#2244 = ORIENTED_EDGE ( 'NONE', *, *, #5380, .F. ) ;
#2245 = DIRECTION ( 'NONE',  ( 0.0000000000000000000, 0.0000000000000000000, 1.000000000000000000 ) ) ;
#2246 = ADVANCED_FACE ( 'NONE', ( #515 ), #434, .T. ) ;
#2247 = DIRECTION ( 'NONE',  ( -0.0000000000000000000, -1.000000000000000000, -0.0000000000000000000 ) ) ;
#2248 = LINE ( 'NONE', #1348, #1768 ) ;
#2249 = PLANE ( 'NONE',  #708 ) ;
#2250 = LINE ( 'NONE', #734, #1284 ) ;
#2251 = EDGE_LOOP ( 'NONE', ( #2473, #5964, #2869, #3985 ) ) ;
#2252 = DIRECTION ( 'NONE',  ( 0.6567807448042006800, 0.0000000000000000000, 0.7540815958863068500 ) ) ;
#2253 = CIRCLE ( 'NONE', #4326, 0.1009999999999999600 ) ;
#2254 = EDGE_CURVE ( 'NONE', #5856, #5502, #2911, .T. ) ;
#2255 = CARTESIAN_POINT ( 'NONE',  ( -1.019999999999998900, 0.8010000000000000500, -0.8389999999999995200 ) ) ;
#2256 = PRESENTATION_LAYER_ASSIGNMENT (  '', '', ( #6346 ) ) ;
#2257 = CARTESIAN_POINT ( 'NONE',  ( 0.7750000000000001300, 0.0000000000000000000, -0.3250000000000001800 ) ) ;
#2258 = CYLINDRICAL_SURFACE ( 'NONE', #4647, 0.02000000000000005200 ) ;
#2259 =( LENGTH_UNIT ( ) NAMED_UNIT ( * ) SI_UNIT ( .MILLI., .METRE. ) );
#2260 = DIRECTION ( 'NONE',  ( 1.000000000000000000, 0.0000000000000000000, -2.065146995210484200E-016 ) ) ;
#2261 = CIRCLE ( 'NONE', #2183, 0.1010000000000000800 ) ;
#2262 = VECTOR ( 'NONE', #2605, 1000.000000000000000 ) ;
#2263 = AXIS2_PLACEMENT_3D ( 'NONE', #248, #2300, #4349 ) ;
#2264 = VECTOR ( 'NONE', #4445, 1000.000000000000000 ) ;
#2265 = ORIENTED_EDGE ( 'NONE', *, *, #2065, .F. ) ;
#2266 = CARTESIAN_POINT ( 'NONE',  ( 1.151000000000000200, 0.0000000000000000000, 0.0000000000000000000 ) ) ;
#2267 = LINE ( 'NONE', #2600, #1126 ) ;
#2268 = DIRECTION ( 'NONE',  ( 0.0000000000000000000, 0.0000000000000000000, -1.000000000000000000 ) ) ;
#2269 = LINE ( 'NONE', #4381, #2014 ) ;
#2270 =( GEOMETRIC_REPRESENTATION_CONTEXT ( 3 ) GLOBAL_UNCERTAINTY_ASSIGNED_CONTEXT ( ( #2090 ) ) GLOBAL_UNIT_ASSIGNED_CONTEXT ( ( #77, #4633, #103 ) ) REPRESENTATION_CONTEXT ( 'NONE', 'WORKASPACE' ) );
#2271 = PLANE ( 'NONE',  #4993 ) ;
#2272 = ORIENTED_EDGE ( 'NONE', *, *, #721, .T. ) ;
#2273 = CARTESIAN_POINT ( 'NONE',  ( 1.141519513773499300, 0.5968159657641407500, -0.9911790473124120200 ) ) ;
#2274 = ORIENTED_EDGE ( 'NONE', *, *, #2664, .F. ) ;
#2275 =( LENGTH_UNIT ( ) NAMED_UNIT ( * ) SI_UNIT ( .MILLI., .METRE. ) );
#2276 = CYLINDRICAL_SURFACE ( 'NONE', #5925, 0.1000000000000001600 ) ;
#2277 = AXIS2_PLACEMENT_3D ( 'NONE', #4980, #2981, #4486 ) ;
#2278 = CIRCLE ( 'NONE', #1391, 0.04936395605478413600 ) ;
#2279 =( LENGTH_UNIT ( ) NAMED_UNIT ( * ) SI_UNIT ( .MILLI., .METRE. ) );
#2280 = CARTESIAN_POINT ( 'NONE',  ( 0.1877553417177565100, 0.6447987541414834700, -0.9099999999999997000 ) ) ;
#2281 = ORIENTED_EDGE ( 'NONE', *, *, #5088, .T. ) ;
#2282 = SURFACE_STYLE_FILL_AREA ( #1724 ) ;
#2283 = PLANE ( 'NONE',  #4537 ) ;
#2284 = CIRCLE ( 'NONE', #4372, 0.1000000000000000500 ) ;
#2285 =( LENGTH_UNIT ( ) NAMED_UNIT ( * ) SI_UNIT ( .MILLI., .METRE. ) );
#2286 = ORIENTED_EDGE ( 'NONE', *, *, #376, .F. ) ;
#2287 = CARTESIAN_POINT ( 'NONE',  ( 1.249748501384304200, 0.5836046093962833400, -0.8997477919756971000 ) ) ;
#2288 = ADVANCED_FACE ( 'NONE', ( #5705 ), #6002, .T. ) ;
#2289 = EDGE_CURVE ( 'NONE', #1917, #1155, #6422, .T. ) ;
#2290 = CYLINDRICAL_SURFACE ( 'NONE', #219, 0.1000000000000000500 ) ;
#2291 = CARTESIAN_POINT ( 'NONE',  ( -0.1877553417177550100, 0.6500000000000000200, -0.9099999999999997000 ) ) ;
#2292 = VERTEX_POINT ( 'NONE', #741 ) ;
#2293 =( NAMED_UNIT ( * ) PLANE_ANGLE_UNIT ( ) SI_UNIT ( $, .RADIAN. ) );
#2294 = CARTESIAN_POINT ( 'NONE',  ( 0.2000000000000000100, 0.5799999999999998500, -1.000000000000000200 ) ) ;
#2295 = DIRECTION ( 'NONE',  ( -0.0000000000000000000, -1.000000000000000000, 0.0000000000000000000 ) ) ;
#2296 = EDGE_CURVE ( 'NONE', #6297, #5726, #5065, .T. ) ;
#2297 =( NAMED_UNIT ( * ) PLANE_ANGLE_UNIT ( ) SI_UNIT ( $, .RADIAN. ) );
#2298 = LINE ( 'NONE', #270, #3484 ) ;
#2299 = CARTESIAN_POINT ( 'NONE',  ( 0.1877553417177565100, 0.7399999999999999900, -0.9099999999999997000 ) ) ;
#2300 = DIRECTION ( 'NONE',  ( 0.0000000000000000000, 0.0000000000000000000, -1.000000000000000000 ) ) ;
#2301 = DIRECTION ( 'NONE',  ( 0.0000000000000000000, 0.0000000000000000000, -1.000000000000000000 ) ) ;
#2302 = EDGE_CURVE ( 'NONE', #4628, #39, #1608, .T. ) ;
#2303 = MECHANICAL_DESIGN_GEOMETRIC_PRESENTATION_REPRESENTATION (  '', ( #3877 ), #3992 ) ;
#2304 = EDGE_CURVE ( 'NONE', #2781, #5479, #1121, .T. ) ;
#2305 = DIRECTION ( 'NONE',  ( 0.0000000000000000000, -1.000000000000000000, 0.0000000000000000000 ) ) ;
#2306 = DIRECTION ( 'NONE',  ( 0.0000000000000000000, 0.0000000000000000000, -1.000000000000000000 ) ) ;
#2307 = VERTEX_POINT ( 'NONE', #2394 ) ;
#2308 = CARTESIAN_POINT ( 'NONE',  ( -1.019999999999999100, 0.7810000000000000300, 0.8390000000000005200 ) ) ;
#2309 = DIRECTION ( 'NONE',  ( -1.000000000000000000, 0.0000000000000000000, 0.0000000000000000000 ) ) ;
#2310 = UNCERTAINTY_MEASURE_WITH_UNIT (LENGTH_MEASURE( 1.000000000000000100E-005 ), #2259, 'distance_accuracy_value', 'NONE');
#2311 = VERTEX_POINT ( 'NONE', #3944 ) ;
#2312 = CARTESIAN_POINT ( 'NONE',  ( 0.2000000000000000100, 0.02000000000000005200, -0.9800000000000002000 ) ) ;
#2313 = CARTESIAN_POINT ( 'NONE',  ( -0.4750000000000002000, 0.3300000000000000200, 0.3250000000000001800 ) ) ;
#2314 = VECTOR ( 'NONE', #5390, 1000.000000000000000 ) ;
#2315 = DIRECTION ( 'NONE',  ( 0.0000000000000000000, -0.0000000000000000000, 1.000000000000000000 ) ) ;
#2316 = EDGE_CURVE ( 'NONE', #4849, #4896, #1117, .T. ) ;
#2317 = ORIENTED_EDGE ( 'NONE', *, *, #5279, .T. ) ;
#2318 = DIRECTION ( 'NONE',  ( 0.0000000000000000000, 1.000000000000000000, 0.0000000000000000000 ) ) ;
#2319 = AXIS2_PLACEMENT_3D ( 'NONE', #3078, #4109, #1488 ) ;
#2320 = CARTESIAN_POINT ( 'NONE',  ( 0.4750000000000001400, 0.0000000000000000000, 0.0000000000000000000 ) ) ;
#2321 = CARTESIAN_POINT ( 'NONE',  ( -1.035185185185185400, 0.3300000000000000200, 0.9000000000000001300 ) ) ;
#2322 = ADVANCED_FACE ( 'NONE', ( #6304 ), #4002, .T. ) ;
#2323 = DIRECTION ( 'NONE',  ( -1.000000000000000000, -0.0000000000000000000, -0.0000000000000000000 ) ) ;
#2324 = ORIENTED_EDGE ( 'NONE', *, *, #4441, .T. ) ;
#2325 = FACE_OUTER_BOUND ( 'NONE', #5287, .T. ) ;
#2326 = CARTESIAN_POINT ( 'NONE',  ( 0.2010000000000008200, 0.5999999999999999800, -0.9599999999999997400 ) ) ;
#2327 = CARTESIAN_POINT ( 'NONE',  ( 0.0000000000000000000, 0.3300000000000000200, -0.3250000000000001800 ) ) ;
#2328 = EDGE_CURVE ( 'NONE', #87, #4149, #2557, .T. ) ;
#2329 = EDGE_LOOP ( 'NONE', ( #5082, #2069, #746, #4340 ) ) ;
#2330 = FACE_OUTER_BOUND ( 'NONE', #4936, .T. ) ;
#2331 = DIRECTION ( 'NONE',  ( 0.0000000000000000000, 0.0000000000000000000, -1.000000000000000000 ) ) ;
#2332 = DIRECTION ( 'NONE',  ( 0.0000000000000000000, 1.000000000000000000, -0.0000000000000000000 ) ) ;
#2333 = CLOSED_SHELL ( 'NONE', ( #705, #497, #5276, #4565, #3952, #4756, #2177, #2638, #5887, #3067, #5100, #865, #1742, #5074, #4660, #6178, #3206, #5136, #3821, #6040, #6074 ) ) ;
#2334 = ORIENTED_EDGE ( 'NONE', *, *, #2808, .T. ) ;
#2335 = LINE ( 'NONE', #2814, #3997 ) ;
#2336 = ORIENTED_EDGE ( 'NONE', *, *, #798, .T. ) ;
#2337 = CARTESIAN_POINT ( 'NONE',  ( -0.09346153846153686100, 0.3300000000000000200, 0.1073076923076908100 ) ) ;
#2338 = DIRECTION ( 'NONE',  ( -0.0000000000000000000, 1.000000000000000000, -0.0000000000000000000 ) ) ;
#2339 =( NAMED_UNIT ( * ) SI_UNIT ( $, .STERADIAN. ) SOLID_ANGLE_UNIT ( ) );
#2340 = EDGE_CURVE ( 'NONE', #5841, #4010, #5032, .T. ) ;
#2341 = VECTOR ( 'NONE', #790, 1000.000000000000000 ) ;
#2342 = AXIS2_PLACEMENT_3D ( 'NONE', #4032, #3000, #1537 ) ;
#2343 = CARTESIAN_POINT ( 'NONE',  ( -1.250000000000000200, 0.0000000000000000000, -1.000000000000000000 ) ) ;
#2344 = LINE ( 'NONE', #6058, #1854 ) ;
#2345 = UNCERTAINTY_MEASURE_WITH_UNIT (LENGTH_MEASURE( 1.000000000000000100E-005 ), #1, 'distance_accuracy_value', 'NONE');
#2346 = VECTOR ( 'NONE', #3677, 1000.000000000000000 ) ;
#2347 =( NAMED_UNIT ( * ) SI_UNIT ( $, .STERADIAN. ) SOLID_ANGLE_UNIT ( ) );
#2348 = DIRECTION ( 'NONE',  ( -0.0000000000000000000, -1.000000000000000000, -0.0000000000000000000 ) ) ;
#2349 = SURFACE_STYLE_FILL_AREA ( #1096 ) ;
#2350 = PRESENTATION_LAYER_ASSIGNMENT (  '', '', ( #4037 ) ) ;
#2351 = DIRECTION ( 'NONE',  ( -0.0000000000000000000, -1.000000000000000000, -0.0000000000000000000 ) ) ;
#2352 = EDGE_CURVE ( 'NONE', #1700, #5040, #5594, .T. ) ;
#2353 = VERTEX_POINT ( 'NONE', #1167 ) ;
#2354 = FACE_OUTER_BOUND ( 'NONE', #68, .T. ) ;
#2355 = DIRECTION ( 'NONE',  ( 1.000000000000000000, 0.0000000000000000000, 0.0000000000000000000 ) ) ;
#2356 = LINE ( 'NONE', #6502, #2494 ) ;
#2357 = STYLED_ITEM ( 'NONE', ( #2166 ), #2712 ) ;
#2358 = ORIENTED_EDGE ( 'NONE', *, *, #3545, .F. ) ;
#2359 =( NAMED_UNIT ( * ) SI_UNIT ( $, .STERADIAN. ) SOLID_ANGLE_UNIT ( ) );
#2360 = SURFACE_STYLE_USAGE ( .BOTH. , #6415 ) ;
#2361 = VECTOR ( 'NONE', #5355, 1000.000000000000000 ) ;
#2362 = MECHANICAL_DESIGN_GEOMETRIC_PRESENTATION_REPRESENTATION (  '', ( #1339 ), #3748 ) ;
#2363 = ADVANCED_FACE ( 'NONE', ( #2004 ), #3151, .F. ) ;
#2364 = SURFACE_STYLE_FILL_AREA ( #5879 ) ;
#2365 = ORIENTED_EDGE ( 'NONE', *, *, #4834, .F. ) ;
#2366 = ORIENTED_EDGE ( 'NONE', *, *, #5259, .F. ) ;
#2367 = CARTESIAN_POINT ( 'NONE',  ( 1.250000000000000200, 0.5799999999999998500, 1.000000000000000000 ) ) ;
#2368 = ORIENTED_EDGE ( 'NONE', *, *, #2891, .T. ) ;
#2369 = AXIS2_PLACEMENT_3D ( 'NONE', #1883, #3392, #812 ) ;
#2370 = SURFACE_SIDE_STYLE ('',( #4235 ) ) ;
#2371 = LINE ( 'NONE', #320, #1233 ) ;
#2372 = ORIENTED_EDGE ( 'NONE', *, *, #6408, .F. ) ;
#2373 = MECHANICAL_DESIGN_GEOMETRIC_PRESENTATION_REPRESENTATION (  '', ( #1322 ), #5781 ) ;
#2374 = DIRECTION ( 'NONE',  ( -0.0000000000000000000, -1.000000000000000000, -0.0000000000000000000 ) ) ;
#2375 = VECTOR ( 'NONE', #3978, 1000.000000000000000 ) ;
#2376 = DIRECTION ( 'NONE',  ( 1.302744525538087800E-016, 0.0000000000000000000, 1.000000000000000000 ) ) ;
#2377 = ORIENTED_EDGE ( 'NONE', *, *, #3134, .T. ) ;
#2378 = SURFACE_STYLE_FILL_AREA ( #4679 ) ;
#2379 = FILL_AREA_STYLE_COLOUR ( '', #5115 ) ;
#2380 = VERTEX_POINT ( 'NONE', #617 ) ;
#2381 = CARTESIAN_POINT ( 'NONE',  ( 1.138965851175795900, 1.154080659871165500E-016, 0.9917157287525378800 ) ) ;
#2382 = ORIENTED_EDGE ( 'NONE', *, *, #3417, .T. ) ;
#2383 = ORIENTED_EDGE ( 'NONE', *, *, #1379, .T. ) ;
#2384 = DIRECTION ( 'NONE',  ( -0.0000000000000000000, -1.000000000000000000, 0.0000000000000000000 ) ) ;
#2385 = EDGE_CURVE ( 'NONE', #3697, #3614, #2643, .T. ) ;
#2386 = EDGE_CURVE ( 'NONE', #1630, #4753, #2413, .T. ) ;
#2387 = UNCERTAINTY_MEASURE_WITH_UNIT (LENGTH_MEASURE( 1.000000000000000100E-005 ), #1728, 'distance_accuracy_value', 'NONE');
#2388 = DIRECTION ( 'NONE',  ( 0.0000000000000000000, -1.000000000000000000, 0.0000000000000000000 ) ) ;
#2389 = VERTEX_POINT ( 'NONE', #2119 ) ;
#2390 = CARTESIAN_POINT ( 'NONE',  ( 1.170000000000000200, 0.6500000000000000200, -0.7599999999999986800 ) ) ;
#2391 = PLANE ( 'NONE',  #266 ) ;
#2392 = FACE_OUTER_BOUND ( 'NONE', #2776, .T. ) ;
#2393 = MECHANICAL_DESIGN_GEOMETRIC_PRESENTATION_REPRESENTATION (  '', ( #3612 ), #3742 ) ;
#2394 = CARTESIAN_POINT ( 'NONE',  ( 1.148477421867326600, 0.3310000000000000200, -1.000000000000000000 ) ) ;
#2395 = VERTEX_POINT ( 'NONE', #6183 ) ;
#2396 = ORIENTED_EDGE ( 'NONE', *, *, #492, .T. ) ;
#2397 = CARTESIAN_POINT ( 'NONE',  ( -0.1966492629656205500, 0.6095020984272320200, 0.9306756079653412100 ) ) ;
#2398 =( GEOMETRIC_REPRESENTATION_CONTEXT ( 3 ) GLOBAL_UNCERTAINTY_ASSIGNED_CONTEXT ( ( #3513 ) ) GLOBAL_UNIT_ASSIGNED_CONTEXT ( ( #996, #4596, #1513 ) ) REPRESENTATION_CONTEXT ( 'NONE', 'WORKASPACE' ) );
#2399 = VERTEX_POINT ( 'NONE', #3127 ) ;
#2400 = CARTESIAN_POINT ( 'NONE',  ( -1.236657545682047700, 0.5989864745747584000, -0.9008705175779915300 ) ) ;
#2401 = CARTESIAN_POINT ( 'NONE',  ( 0.2000000000000000100, 0.5799999999999998500, -0.9800000000000004300 ) ) ;
#2402 = SURFACE_STYLE_USAGE ( .BOTH. , #1318 ) ;
#2403 = STYLED_ITEM ( 'NONE', ( #6306 ), #1742 ) ;
#2404 = PRESENTATION_STYLE_ASSIGNMENT (( #3448 ) ) ;
#2405 = DIRECTION ( 'NONE',  ( -0.0000000000000000000, 1.000000000000000000, -0.0000000000000000000 ) ) ;
#2406 = EDGE_LOOP ( 'NONE', ( #716, #1395, #3441, #28, #3375, #3660 ) ) ;
#2407 = COLOUR_RGB ( '',0.2509803921568627400, 0.2509803921568627400, 0.2509803921568627400 ) ;
#2408 = DIRECTION ( 'NONE',  ( 0.0000000000000000000, 0.0000000000000000000, -1.000000000000000000 ) ) ;
#2409 = EDGE_CURVE ( 'NONE', #2832, #5494, #1511, .T. ) ;
#2410 = VECTOR ( 'NONE', #2226, 1000.000000000000100 ) ;
#2411 = ORIENTED_EDGE ( 'NONE', *, *, #4820, .F. ) ;
#2412 = ADVANCED_FACE ( 'NONE', ( #2810 ), #2669, .F. ) ;
#2413 = LINE ( 'NONE', #5777, #2170 ) ;
#2414 = CIRCLE ( 'NONE', #780, 0.1499999999999999700 ) ;
#2415 = CARTESIAN_POINT ( 'NONE',  ( -0.1877463296501731300, 0.7306489058899752200, 0.9099841729334096100 ) ) ;
#2416 = LINE ( 'NONE', #1078, #567 ) ;
#2417 = EDGE_CURVE ( 'NONE', #2856, #3467, #3198, .T. ) ;
#2418 = CARTESIAN_POINT ( 'NONE',  ( 0.4750000000000001400, 0.3300000000000000200, 0.8999999999999999100 ) ) ;
#2419 = PRESENTATION_STYLE_ASSIGNMENT (( #4698 ) ) ;
#2420 = CARTESIAN_POINT ( 'NONE',  ( -0.09999999999999929800, 0.5999999999999999800, 0.8599999999999999900 ) ) ;
#2421 = CARTESIAN_POINT ( 'NONE',  ( 0.0001420358232436459300, 0.3310000000000000200, 0.0001630781674278896300 ) ) ;
#2422 = DIRECTION ( 'NONE',  ( 0.0000000000000000000, 0.0000000000000000000, 1.000000000000000000 ) ) ;
#2423 = VECTOR ( 'NONE', #1166, 1000.000000000000100 ) ;
#2424 = UNCERTAINTY_MEASURE_WITH_UNIT (LENGTH_MEASURE( 1.000000000000000100E-005 ), #214, 'distance_accuracy_value', 'NONE');
#2425 = AXIS2_PLACEMENT_3D ( 'NONE', #1686, #5246, #686 ) ;
#2426 = LINE ( 'NONE', #5362, #5772 ) ;
#2427 =( LENGTH_UNIT ( ) NAMED_UNIT ( * ) SI_UNIT ( .MILLI., .METRE. ) );
#2428 = ORIENTED_EDGE ( 'NONE', *, *, #2084, .T. ) ;
#2429 = CARTESIAN_POINT ( 'NONE',  ( 1.151000000000000200, 0.3310000000000000200, 0.0000000000000000000 ) ) ;
#2430 = LINE ( 'NONE', #3129, #5373 ) ;
#2431 = DIRECTION ( 'NONE',  ( 0.6567807448042022300, -0.0000000000000000000, 0.7540815958863055200 ) ) ;
#2432 = DIRECTION ( 'NONE',  ( -0.0000000000000000000, -1.000000000000000000, 0.0000000000000000000 ) ) ;
#2433 = ORIENTED_EDGE ( 'NONE', *, *, #807, .F. ) ;
#2434 = EDGE_LOOP ( 'NONE', ( #5583, #210, #643, #1170 ) ) ;
#2435 = AXIS2_PLACEMENT_3D ( 'NONE', #3558, #52, #4073 ) ;
#2436 = CARTESIAN_POINT ( 'NONE',  ( -1.019999999999999800, 0.7399999999999999900, -0.7599999999999996800 ) ) ;
#2437 = COLOUR_RGB ( '',1.000000000000000000, 0.8823529411764705600, 0.3764705882352941100 ) ;
#2438 =( NAMED_UNIT ( * ) PLANE_ANGLE_UNIT ( ) SI_UNIT ( $, .RADIAN. ) );
#2439 = EDGE_CURVE ( 'NONE', #2353, #1830, #2725, .T. ) ;
#2440 = EDGE_LOOP ( 'NONE', ( #5967, #3904, #609, #3405 ) ) ;
#2441 =( GEOMETRIC_REPRESENTATION_CONTEXT ( 3 ) GLOBAL_UNCERTAINTY_ASSIGNED_CONTEXT ( ( #2424 ) ) GLOBAL_UNIT_ASSIGNED_CONTEXT ( ( #214, #1716, #1237 ) ) REPRESENTATION_CONTEXT ( 'NONE', 'WORKASPACE' ) );
#2442 = ORIENTED_EDGE ( 'NONE', *, *, #4020, .F. ) ;
#2443 = CARTESIAN_POINT ( 'NONE',  ( 0.2000000000000000100, 0.0000000000000000000, 0.9999999999999997800 ) ) ;
#2444 = CARTESIAN_POINT ( 'NONE',  ( -0.4740000000000001400, -0.0000000000000000000, 0.0000000000000000000 ) ) ;
#2445 = STYLED_ITEM ( 'NONE', ( #2591 ), #742 ) ;
#2446 = VECTOR ( 'NONE', #4082, 1000.000000000000000 ) ;
#2447 = SURFACE_SIDE_STYLE ('',( #3040 ) ) ;
#2448 =( NAMED_UNIT ( * ) PLANE_ANGLE_UNIT ( ) SI_UNIT ( $, .RADIAN. ) );
#2449 = ORIENTED_EDGE ( 'NONE', *, *, #6285, .T. ) ;
#2450 = FILL_AREA_STYLE_COLOUR ( '', #2437 ) ;
#2451 = DIRECTION ( 'NONE',  ( -0.0000000000000000000, -0.0000000000000000000, 1.000000000000000000 ) ) ;
#2452 = CYLINDRICAL_SURFACE ( 'NONE', #1429, 0.01000000000000002600 ) ;
#2453 = STYLED_ITEM ( 'NONE', ( #3065 ), #2177 ) ;
#2454 = FILL_AREA_STYLE_COLOUR ( '', #723 ) ;
#2455 = VERTEX_POINT ( 'NONE', #2255 ) ;
#2456 = LINE ( 'NONE', #2569, #144 ) ;
#2457 = EDGE_CURVE ( 'NONE', #5083, #3164, #102, .T. ) ;
#2458 = ORIENTED_EDGE ( 'NONE', *, *, #355, .F. ) ;
#2459 = SURFACE_SIDE_STYLE ('',( #4600 ) ) ;
#2460 = CARTESIAN_POINT ( 'NONE',  ( -0.2000000000000000100, 0.5999999999999999800, -0.9600000000000006300 ) ) ;
#2461 = SURFACE_SIDE_STYLE ('',( #4403 ) ) ;
#2462 = CARTESIAN_POINT ( 'NONE',  ( -1.231509973935292400, 0.6000000000000410600, -0.9017121881497925900 ) ) ;
#2463 = VERTEX_POINT ( 'NONE', #1735 ) ;
#2464 =( GEOMETRIC_REPRESENTATION_CONTEXT ( 3 ) GLOBAL_UNCERTAINTY_ASSIGNED_CONTEXT ( ( #4846 ) ) GLOBAL_UNIT_ASSIGNED_CONTEXT ( ( #1838, #4883, #1859 ) ) REPRESENTATION_CONTEXT ( 'NONE', 'WORKASPACE' ) );
#2465 = CARTESIAN_POINT ( 'NONE',  ( -1.150000000000000400, 0.3300000000000000200, -0.8129032258064520200 ) ) ;
#2466 = DIRECTION ( 'NONE',  ( 0.0000000000000000000, -1.000000000000000000, 0.0000000000000000000 ) ) ;
#2467 = EDGE_CURVE ( 'NONE', #5083, #5317, #5187, .T. ) ;
#2468 =( LENGTH_UNIT ( ) NAMED_UNIT ( * ) SI_UNIT ( .MILLI., .METRE. ) );
#2469 = AXIS2_PLACEMENT_3D ( 'NONE', #294, #3854, #794 ) ;
#2470 = ORIENTED_EDGE ( 'NONE', *, *, #2548, .F. ) ;
#2471 = STYLED_ITEM ( 'NONE', ( #6181 ), #284 ) ;
#2472 = ORIENTED_EDGE ( 'NONE', *, *, #3445, .F. ) ;
#2473 = ORIENTED_EDGE ( 'NONE', *, *, #1570, .F. ) ;
#2474 = VECTOR ( 'NONE', #642, 1000.000000000000000 ) ;
#2475 = CARTESIAN_POINT ( 'NONE',  ( 1.143475364844619900, 0.5949701641728493100, 0.9932625105293487700 ) ) ;
#2476 = DIRECTION ( 'NONE',  ( 0.0000000000000000000, 0.0000000000000000000, 1.000000000000000000 ) ) ;
#2477 = VERTEX_POINT ( 'NONE', #6102 ) ;
#2478 = EDGE_LOOP ( 'NONE', ( #4680, #6473, #1927, #3142 ) ) ;
#2479 = AXIS2_PLACEMENT_3D ( 'NONE', #6229, #5753, #648 ) ;
#2480 =( NAMED_UNIT ( * ) PLANE_ANGLE_UNIT ( ) SI_UNIT ( $, .RADIAN. ) );
#2481 = DIRECTION ( 'NONE',  ( 0.0000000000000000000, 0.0000000000000000000, -1.000000000000000000 ) ) ;
#2482 = DIRECTION ( 'NONE',  ( 0.0000000000000000000, 0.0000000000000000000, -1.000000000000000000 ) ) ;
#2483 = CARTESIAN_POINT ( 'NONE',  ( -0.09411831920634057500, 0.3310000000000000200, 0.1080617739035766900 ) ) ;
#2484 =( NAMED_UNIT ( * ) SI_UNIT ( $, .STERADIAN. ) SOLID_ANGLE_UNIT ( ) );
#2485 = LINE ( 'NONE', #1335, #3456 ) ;
#2486 = CIRCLE ( 'NONE', #2103, 0.02000000000000005200 ) ;
#2487 = CARTESIAN_POINT ( 'NONE',  ( 0.1877553417177555400, 0.7399999999999999900, 0.9100000000000004800 ) ) ;
#2488 = UNCERTAINTY_MEASURE_WITH_UNIT (LENGTH_MEASURE( 1.000000000000000100E-005 ), #5217, 'distance_accuracy_value', 'NONE');
#2489 = ORIENTED_EDGE ( 'NONE', *, *, #1690, .T. ) ;
#2490 = CARTESIAN_POINT ( 'NONE',  ( 0.09999999999999999200, 0.7399999999999999900, 0.9600000000000000800 ) ) ;
#2491 = EDGE_CURVE ( 'NONE', #1550, #712, #2344, .T. ) ;
#2492 = AXIS2_PLACEMENT_3D ( 'NONE', #351, #2388, #3916 ) ;
#2493 = EDGE_CURVE ( 'NONE', #1611, #5404, #6461, .T. ) ;
#2494 = VECTOR ( 'NONE', #1953, 1000.000000000000000 ) ;
#2495 = DIRECTION ( 'NONE',  ( 0.0000000000000000000, 0.0000000000000000000, -1.000000000000000000 ) ) ;
#2496 = ORIENTED_EDGE ( 'NONE', *, *, #1634, .T. ) ;
#2497 = DIRECTION ( 'NONE',  ( 0.7071067811865477900, 0.0000000000000000000, 0.7071067811865473500 ) ) ;
#2498 = DIRECTION ( 'NONE',  ( 0.0000000000000000000, 0.0000000000000000000, 1.000000000000000000 ) ) ;
#2499 = DIRECTION ( 'NONE',  ( 1.000000000000000000, 0.0000000000000000000, 0.0000000000000000000 ) ) ;
#2500 = FILL_AREA_STYLE_COLOUR ( '', #5846 ) ;
#2501 = SURFACE_STYLE_FILL_AREA ( #4419 ) ;
#2502 =( GEOMETRIC_REPRESENTATION_CONTEXT ( 3 ) GLOBAL_UNCERTAINTY_ASSIGNED_CONTEXT ( ( #3226 ) ) GLOBAL_UNIT_ASSIGNED_CONTEXT ( ( #3240, #221, #4221 ) ) REPRESENTATION_CONTEXT ( 'NONE', 'WORKASPACE' ) );
#2503 = ORIENTED_EDGE ( 'NONE', *, *, #5501, .T. ) ;
#2504 = ORIENTED_EDGE ( 'NONE', *, *, #1011, .F. ) ;
#2505 = ADVANCED_FACE ( 'NONE', ( #4243 ), #2522, .F. ) ;
#2506 = EDGE_CURVE ( 'NONE', #2535, #5144, #271, .T. ) ;
#2507 = ORIENTED_EDGE ( 'NONE', *, *, #944, .F. ) ;
#2508 = CARTESIAN_POINT ( 'NONE',  ( -0.1812465383877983100, 0.7399999999999999900, -0.8999999999999996900 ) ) ;
#2509 = PRESENTATION_LAYER_ASSIGNMENT (  '', '', ( #4699 ) ) ;
#2510 = CIRCLE ( 'NONE', #2263, 0.01000000000000002600 ) ;
#2511 = FILL_AREA_STYLE_COLOUR ( '', #2651 ) ;
#2512 = VERTEX_POINT ( 'NONE', #954 ) ;
#2513 = SURFACE_STYLE_FILL_AREA ( #4108 ) ;
#2514 =( NAMED_UNIT ( * ) PLANE_ANGLE_UNIT ( ) SI_UNIT ( $, .RADIAN. ) );
#2515 = PRESENTATION_LAYER_ASSIGNMENT (  '', '', ( #4097 ) ) ;
#2516 = DIRECTION ( 'NONE',  ( 1.935435283114619600E-016, 0.0000000000000000000, 1.000000000000000000 ) ) ;
#2517 = VERTEX_POINT ( 'NONE', #6565 ) ;
#2518 = DIRECTION ( 'NONE',  ( -0.7540815958863071900, 0.0000000000000000000, 0.6567807448042002300 ) ) ;
#2519 = VECTOR ( 'NONE', #2196, 1000.000000000000000 ) ;
#2520 = CARTESIAN_POINT ( 'NONE',  ( -0.4740000000000001400, 0.3310000000000000200, -0.9009999999999999100 ) ) ;
#2521 = DIRECTION ( 'NONE',  ( 1.000000000000000000, -0.0000000000000000000, -0.0000000000000000000 ) ) ;
#2522 = PLANE ( 'NONE',  #4732 ) ;
#2523 = EDGE_CURVE ( 'NONE', #5122, #91, #1688, .T. ) ;
#2524 = ORIENTED_EDGE ( 'NONE', *, *, #665, .F. ) ;
#2525 = SURFACE_SIDE_STYLE ('',( #2637 ) ) ;
#2526 = ORIENTED_EDGE ( 'NONE', *, *, #6493, .F. ) ;
#2527 = ORIENTED_EDGE ( 'NONE', *, *, #3900, .T. ) ;
#2528 = CARTESIAN_POINT ( 'NONE',  ( 0.0000000000000000000, 0.3310000000000000200, -0.3240000000000001800 ) ) ;
#2529 = UNCERTAINTY_MEASURE_WITH_UNIT (LENGTH_MEASURE( 1.000000000000000100E-005 ), #2672, 'distance_accuracy_value', 'NONE');
#2530 = CYLINDRICAL_SURFACE ( 'NONE', #2597, 0.02000000000000005200 ) ;
#2531 = EDGE_CURVE ( 'NONE', #3804, #3316, #651, .T. ) ;
#2532 = ORIENTED_EDGE ( 'NONE', *, *, #749, .F. ) ;
#2533 = EDGE_CURVE ( 'NONE', #1888, #5236, #4074, .T. ) ;
#2534 = PRESENTATION_LAYER_ASSIGNMENT (  '', '', ( #4684 ) ) ;
#2535 = VERTEX_POINT ( 'NONE', #2037 ) ;
#2536 = DIRECTION ( 'NONE',  ( -0.0000000000000000000, 1.000000000000000000, -0.0000000000000000000 ) ) ;
#2537 = CARTESIAN_POINT ( 'NONE',  ( 0.0000000000000000000, -0.0000000000000000000, 0.3240000000000001800 ) ) ;
#2538 = ADVANCED_FACE ( 'NONE', ( #3524 ), #6295, .T. ) ;
#2539 = ORIENTED_EDGE ( 'NONE', *, *, #2995, .T. ) ;
#2540 = VECTOR ( 'NONE', #4928, 1000.000000000000000 ) ;
#2541 = FILL_AREA_STYLE_COLOUR ( '', #6577 ) ;
#2542 = PRODUCT_RELATED_PRODUCT_CATEGORY ( 'part', '', ( #375 ) ) ;
#2543 = CARTESIAN_POINT ( 'NONE',  ( 0.1000000000000000100, 0.5799999999999998500, 0.9799999999999997600 ) ) ;
#2544 = CARTESIAN_POINT ( 'NONE',  ( 1.185497518239655000E-016, 0.7299999999999999800, 0.9100000000000004800 ) ) ;
#2545 = FILL_AREA_STYLE_COLOUR ( '', #106 ) ;
#2546 = EDGE_CURVE ( 'NONE', #3477, #372, #1683, .T. ) ;
#2547 = ORIENTED_EDGE ( 'NONE', *, *, #2115, .F. ) ;
#2548 = EDGE_CURVE ( 'NONE', #2000, #858, #3455, .T. ) ;
#2549 = FILL_AREA_STYLE ('',( #1469 ) ) ;
#2550 = PRESENTATION_LAYER_ASSIGNMENT (  '', '', ( #4877 ) ) ;
#2551 = ORIENTED_EDGE ( 'NONE', *, *, #4113, .F. ) ;
#2552 = DIRECTION ( 'NONE',  ( 0.0000000000000000000, 1.000000000000000000, -0.0000000000000000000 ) ) ;
#2553 = PRESENTATION_LAYER_ASSIGNMENT (  '', '', ( #1966 ) ) ;
#2554 = COLOUR_RGB ( '',1.000000000000000000, 0.8823529411764705600, 0.3764705882352941100 ) ;
#2555 = CARTESIAN_POINT ( 'NONE',  ( 0.0001420358232436459300, 0.0000000000000000000, -0.0001630781674278896300 ) ) ;
#2556 = PLANE ( 'NONE',  #2211 ) ;
#2557 = CIRCLE ( 'NONE', #1196, 0.05000000000000002400 ) ;
#2558 = STYLED_ITEM ( 'NONE', ( #4650 ), #3952 ) ;
#2559 = LINE ( 'NONE', #5143, #3666 ) ;
#2560 = CARTESIAN_POINT ( 'NONE',  ( 0.2010000000000001000, 0.5999999999999999800, 0.9547542197786919000 ) ) ;
#2561 = FACE_OUTER_BOUND ( 'NONE', #5429, .T. ) ;
#2562 = AXIS2_PLACEMENT_3D ( 'NONE', #755, #3350, #4371 ) ;
#2563 = CARTESIAN_POINT ( 'NONE',  ( -0.4750000000000002000, 0.3300000000000000200, 0.3250000000000001800 ) ) ;
#2564 = CARTESIAN_POINT ( 'NONE',  ( -1.250000000000000200, 0.3310000000000000200, 1.000000000000000000 ) ) ;
#2565 = DIRECTION ( 'NONE',  ( -1.000000000000000000, 0.0000000000000000000, -1.935435283114619600E-016 ) ) ;
#2566 = CARTESIAN_POINT ( 'NONE',  ( 0.09999999999999999200, 0.7399999999999999900, 0.9600000000000000800 ) ) ;
#2567 = COLOUR_RGB ( '',1.000000000000000000, 0.8823529411764705600, 0.3764705882352941100 ) ;
#2568 = ORIENTED_EDGE ( 'NONE', *, *, #3991, .T. ) ;
#2569 = CARTESIAN_POINT ( 'NONE',  ( 0.4740000000000001400, 0.3310000000000000200, 0.0000000000000000000 ) ) ;
#2570 = DIRECTION ( 'NONE',  ( 0.0000000000000000000, 0.0000000000000000000, 1.000000000000000000 ) ) ;
#2571 = ADVANCED_FACE ( 'NONE', ( #4239 ), #6389, .T. ) ;
#2572 = EDGE_CURVE ( 'NONE', #6500, #6385, #5843, .T. ) ;
#2573 = UNCERTAINTY_MEASURE_WITH_UNIT (LENGTH_MEASURE( 1.000000000000000100E-005 ), #4802, 'distance_accuracy_value', 'NONE');
#2574 = ORIENTED_EDGE ( 'NONE', *, *, #380, .F. ) ;
#2575 = ORIENTED_EDGE ( 'NONE', *, *, #4857, .T. ) ;
#2576 = CARTESIAN_POINT ( 'NONE',  ( 0.1812465383877987200, 0.7399999999999999900, 0.9000000000000003600 ) ) ;
#2577 = CARTESIAN_POINT ( 'NONE',  ( 0.1877553417177565100, 0.6500000000000000200, -0.9099999999999997000 ) ) ;
#2578 = ORIENTED_EDGE ( 'NONE', *, *, #6253, .F. ) ;
#2579 = AXIS2_PLACEMENT_3D ( 'NONE', #4434, #2318, #3388 ) ;
#2580 = VECTOR ( 'NONE', #3137, 1000.000000000000000 ) ;
#2581 = DIRECTION ( 'NONE',  ( -0.0000000000000000000, -1.000000000000000000, -0.0000000000000000000 ) ) ;
#2582 = COLOUR_RGB ( '',1.000000000000000000, 0.8823529411764705600, 0.3764705882352941100 ) ;
#2583 = DIRECTION ( 'NONE',  ( 0.0000000000000000000, 0.0000000000000000000, -1.000000000000000000 ) ) ;
#2584 = ORIENTED_EDGE ( 'NONE', *, *, #3841, .T. ) ;
#2585 = ORIENTED_EDGE ( 'NONE', *, *, #35, .F. ) ;
#2586 = DIRECTION ( 'NONE',  ( 0.0000000000000000000, -0.0000000000000000000, 1.000000000000000000 ) ) ;
#2587 = DIRECTION ( 'NONE',  ( 0.0000000000000000000, 0.0000000000000000000, -1.000000000000000000 ) ) ;
#2588 = CIRCLE ( 'NONE', #4450, 0.01000000000000002600 ) ;
#2589 =( GEOMETRIC_REPRESENTATION_CONTEXT ( 3 ) GLOBAL_UNCERTAINTY_ASSIGNED_CONTEXT ( ( #1218 ) ) GLOBAL_UNIT_ASSIGNED_CONTEXT ( ( #5189, #1650, #1033 ) ) REPRESENTATION_CONTEXT ( 'NONE', 'WORKASPACE' ) );
#2590 = CIRCLE ( 'NONE', #2728, 0.02000000000000005200 ) ;
#2591 = PRESENTATION_STYLE_ASSIGNMENT (( #1246 ) ) ;
#2592 = VERTEX_POINT ( 'NONE', #5303 ) ;
#2593 = CARTESIAN_POINT ( 'NONE',  ( 1.131678404338007500, 0.5999999999999999800, -0.9800000000000020900 ) ) ;
#2594 = STYLED_ITEM ( 'NONE', ( #2990 ), #218 ) ;
#2595 = ORIENTED_EDGE ( 'NONE', *, *, #6303, .F. ) ;
#2596 =( NAMED_UNIT ( * ) PLANE_ANGLE_UNIT ( ) SI_UNIT ( $, .RADIAN. ) );
#2597 = AXIS2_PLACEMENT_3D ( 'NONE', #5075, #3048, #4588 ) ;
#2598 = CARTESIAN_POINT ( 'NONE',  ( 0.1867544744167929100, 0.7356030354235092400, 0.9082828735389944000 ) ) ;
#2599 = EDGE_LOOP ( 'NONE', ( #2151, #2049, #3423, #3211 ) ) ;
#2600 = CARTESIAN_POINT ( 'NONE',  ( 1.185497518239656000E-016, 0.7299999999999999800, 0.9100000000000005900 ) ) ;
#2601 = ORIENTED_EDGE ( 'NONE', *, *, #3692, .F. ) ;
#2602 = ORIENTED_EDGE ( 'NONE', *, *, #6251, .F. ) ;
#2603 = CARTESIAN_POINT ( 'NONE',  ( 1.741891754803157100E-016, -0.0000000000000000000, -0.8999999999999998000 ) ) ;
#2604 = ADVANCED_FACE ( 'NONE', ( #2944 ), #5351, .F. ) ;
#2605 = DIRECTION ( 'NONE',  ( -4.444332872337274000E-016, 0.0000000000000000000, -1.000000000000000000 ) ) ;
#2606 = CARTESIAN_POINT ( 'NONE',  ( -1.250000000000000200, 0.3310000000000000200, 0.0000000000000000000 ) ) ;
#2607 = ORIENTED_EDGE ( 'NONE', *, *, #1039, .F. ) ;
#2608 = CARTESIAN_POINT ( 'NONE',  ( -1.019999999999999800, 0.8010000000000000500, 0.7600000000000006800 ) ) ;
#2609 = CARTESIAN_POINT ( 'NONE',  ( -0.0001420358232436459300, -0.0000000000000000000, -0.0001630781674278896300 ) ) ;
#2610 = UNCERTAINTY_MEASURE_WITH_UNIT (LENGTH_MEASURE( 1.000000000000000100E-005 ), #970, 'distance_accuracy_value', 'NONE');
#2611 = EDGE_CURVE ( 'NONE', #2820, #5638, #1590, .T. ) ;
#2612 = CARTESIAN_POINT ( 'NONE',  ( 0.4750000000000001400, 0.3300000000000000200, -0.6250000000000001100 ) ) ;
#2613 = PRESENTATION_STYLE_ASSIGNMENT (( #3853 ) ) ;
#2614 = ORIENTED_EDGE ( 'NONE', *, *, #5941, .T. ) ;
#2615 = CARTESIAN_POINT ( 'NONE',  ( 0.1832396718072865400, 0.7397155963804168400, -0.9027752622689228000 ) ) ;
#2616 = DIRECTION ( 'NONE',  ( 0.0000000000000000000, 0.0000000000000000000, -1.000000000000000000 ) ) ;
#2617 = ORIENTED_EDGE ( 'NONE', *, *, #1824, .F. ) ;
#2618 = CARTESIAN_POINT ( 'NONE',  ( 0.0000000000000000000, 0.0000000000000000000, -0.3250000000000001800 ) ) ;
#2619 = EDGE_CURVE ( 'NONE', #2045, #5856, #2335, .T. ) ;
#2620 =( GEOMETRIC_REPRESENTATION_CONTEXT ( 3 ) GLOBAL_UNCERTAINTY_ASSIGNED_CONTEXT ( ( #3413 ) ) GLOBAL_UNIT_ASSIGNED_CONTEXT ( ( #2279, #2845, #1807 ) ) REPRESENTATION_CONTEXT ( 'NONE', 'WORKASPACE' ) );
#2621 = EDGE_CURVE ( 'NONE', #2082, #4730, #97, .T. ) ;
#2622 = DIRECTION ( 'NONE',  ( -0.0000000000000000000, -1.000000000000000000, 0.0000000000000000000 ) ) ;
#2623 = ORIENTED_EDGE ( 'NONE', *, *, #2841, .F. ) ;
#2624 = DIRECTION ( 'NONE',  ( 0.0000000000000000000, 1.000000000000000000, 0.0000000000000000000 ) ) ;
#2625 = DIRECTION ( 'NONE',  ( 0.0000000000000000000, -1.000000000000000000, 0.0000000000000000000 ) ) ;
#2626 = VECTOR ( 'NONE', #3623, 1000.000000000000000 ) ;
#2627 = VERTEX_POINT ( 'NONE', #3563 ) ;
#2628 = ORIENTED_EDGE ( 'NONE', *, *, #4768, .T. ) ;
#2629 = FILL_AREA_STYLE ('',( #100 ) ) ;
#2630 = EDGE_LOOP ( 'NONE', ( #1500, #1556, #5742, #1448 ) ) ;
#2631 = CARTESIAN_POINT ( 'NONE',  ( 1.034810755200659800, 0.3310000000000000200, -0.9009999999999999100 ) ) ;
#2632 = VECTOR ( 'NONE', #693, 1000.000000000000000 ) ;
#2633 = LINE ( 'NONE', #4421, #5352 ) ;
#2634 = VERTEX_POINT ( 'NONE', #1014 ) ;
#2635 = CARTESIAN_POINT ( 'NONE',  ( -0.1000000000000000100, 0.5999999999999999800, -0.9600000000000000800 ) ) ;
#2636 = EDGE_CURVE ( 'NONE', #1347, #929, #4408, .T. ) ;
#2637 = SURFACE_STYLE_FILL_AREA ( #2041 ) ;
#2638 = ADVANCED_FACE ( 'NONE', ( #4331 ), #880, .T. ) ;
#2639 = DIRECTION ( 'NONE',  ( 0.0000000000000000000, 1.000000000000000000, 0.0000000000000000000 ) ) ;
#2640 = AXIS2_PLACEMENT_3D ( 'NONE', #373, #1956, #6525 ) ;
#2641 = CIRCLE ( 'NONE', #2124, 0.09900000000000001900 ) ;
#2642 = FACE_OUTER_BOUND ( 'NONE', #616, .T. ) ;
#2643 = CIRCLE ( 'NONE', #4278, 0.1000000000000000500 ) ;
#2644 = VECTOR ( 'NONE', #3018, 1000.000000000000000 ) ;
#2645 = AXIS2_PLACEMENT_3D ( 'NONE', #5976, #5038, #2936 ) ;
#2646 = VECTOR ( 'NONE', #2581, 1000.000000000000000 ) ;
#2647 = CARTESIAN_POINT ( 'NONE',  ( 0.2000000000000000100, 0.5799999999999998500, 0.9799999999999997600 ) ) ;
#2648 = LINE ( 'NONE', #3583, #3303 ) ;
#2649 = DIRECTION ( 'NONE',  ( 0.0000000000000000000, 0.0000000000000000000, 1.000000000000000000 ) ) ;
#2650 = CARTESIAN_POINT ( 'NONE',  ( 0.2000000000000000400, 0.5999999999999999800, -0.9600000000000006300 ) ) ;
#2651 = COLOUR_RGB ( '',0.8823529411764705600, 0.8823529411764705600, 0.8823529411764705600 ) ;
#2652 = EDGE_CURVE ( 'NONE', #5256, #2965, #4151, .T. ) ;
#2653 = ORIENTED_EDGE ( 'NONE', *, *, #1493, .T. ) ;
#2654 = SURFACE_STYLE_FILL_AREA ( #5592 ) ;
#2655 = DIRECTION ( 'NONE',  ( 1.000000000000000000, 0.0000000000000000000, 0.0000000000000000000 ) ) ;
#2656 = DIRECTION ( 'NONE',  ( -1.000000000000000000, 0.0000000000000000000, 0.0000000000000000000 ) ) ;
#2657 = LINE ( 'NONE', #4083, #5044 ) ;
#2658 = UNCERTAINTY_MEASURE_WITH_UNIT (LENGTH_MEASURE( 1.000000000000000100E-005 ), #967, 'distance_accuracy_value', 'NONE');
#2659 = CARTESIAN_POINT ( 'NONE',  ( 0.0000000000000000000, 0.7299999999999999800, -0.8999999999999996900 ) ) ;
#2660 = VERTEX_POINT ( 'NONE', #6042 ) ;
#2661 = SURFACE_STYLE_USAGE ( .BOTH. , #564 ) ;
#2662 = DIRECTION ( 'NONE',  ( -0.6567807448042006800, 0.0000000000000000000, -0.7540815958863068500 ) ) ;
#2663 = CARTESIAN_POINT ( 'NONE',  ( 1.230000000000002000, 0.5999999999999999800, 0.8816784043380072600 ) ) ;
#2664 = EDGE_CURVE ( 'NONE', #2018, #1812, #4474, .T. ) ;
#2665 = STYLED_ITEM ( 'NONE', ( #3044 ), #5043 ) ;
#2666 = CARTESIAN_POINT ( 'NONE',  ( 0.2000000000000000100, 0.0000000000000000000, -0.9600000000000006300 ) ) ;
#2667 = ORIENTED_EDGE ( 'NONE', *, *, #4908, .F. ) ;
#2668 = ORIENTED_EDGE ( 'NONE', *, *, #2174, .T. ) ;
#2669 = PLANE ( 'NONE',  #381 ) ;
#2670 = LINE ( 'NONE', #1723, #6254 ) ;
#2671 = CARTESIAN_POINT ( 'NONE',  ( -0.4750000000000001400, 0.3300000000000000200, 0.8999999999999999100 ) ) ;
#2672 =( LENGTH_UNIT ( ) NAMED_UNIT ( * ) SI_UNIT ( .MILLI., .METRE. ) );
#2673 = CARTESIAN_POINT ( 'NONE',  ( -1.250000000000000200, 0.3300000000000000200, -0.9000000000000000200 ) ) ;
#2674 = ORIENTED_EDGE ( 'NONE', *, *, #263, .F. ) ;
#2675 = CARTESIAN_POINT ( 'NONE',  ( -1.148477421867326600, 0.02000000000000005200, -1.000000000000000000 ) ) ;
#2676 = ADVANCED_FACE ( 'NONE', ( #1428 ), #3520, .T. ) ;
#2677 = MECHANICAL_DESIGN_GEOMETRIC_PRESENTATION_REPRESENTATION (  '', ( #1302 ), #3006 ) ;
#2678 = EDGE_CURVE ( 'NONE', #5436, #5479, #223, .T. ) ;
#2679 = DIRECTION ( 'NONE',  ( -1.000000000000000000, 0.0000000000000000000, 0.0000000000000000000 ) ) ;
#2680 = CARTESIAN_POINT ( 'NONE',  ( -0.09411831920634057500, 0.3310000000000000200, 0.1080617739035766900 ) ) ;
#2681 = CARTESIAN_POINT ( 'NONE',  ( -1.741891754803157100E-016, -0.0000000000000000000, -0.8999999999999998000 ) ) ;
#2682 = PLANE ( 'NONE',  #2900 ) ;
#2683 = CARTESIAN_POINT ( 'NONE',  ( 1.149999999999999900, 0.3300000000000000200, -5.110982803187865600E-016 ) ) ;
#2684 = AXIS2_PLACEMENT_3D ( 'NONE', #6035, #444, #1445 ) ;
#2685 = EDGE_LOOP ( 'NONE', ( #165, #419, #5651, #5944 ) ) ;
#2686 =( NAMED_UNIT ( * ) SI_UNIT ( $, .STERADIAN. ) SOLID_ANGLE_UNIT ( ) );
#2687 = PRESENTATION_STYLE_ASSIGNMENT (( #5121 ) ) ;
#2688 = DIRECTION ( 'NONE',  ( 1.000000000000000000, 0.0000000000000000000, -0.0000000000000000000 ) ) ;
#2689 = DIRECTION ( 'NONE',  ( -0.0000000000000000000, -1.000000000000000000, -0.0000000000000000000 ) ) ;
#2690 = DIRECTION ( 'NONE',  ( 0.0000000000000000000, 0.0000000000000000000, -1.000000000000000000 ) ) ;
#2691 = DIRECTION ( 'NONE',  ( 0.0000000000000000000, 0.0000000000000000000, 1.000000000000000000 ) ) ;
#2692 = PRESENTATION_LAYER_ASSIGNMENT (  '', '', ( #2471 ) ) ;
#2693 = CARTESIAN_POINT ( 'NONE',  ( -1.151000000000000200, 0.3310000000000000200, 0.0000000000000000000 ) ) ;
#2694 = ORIENTED_EDGE ( 'NONE', *, *, #4707, .F. ) ;
#2695 = ORIENTED_EDGE ( 'NONE', *, *, #148, .F. ) ;
#2696 = CARTESIAN_POINT ( 'NONE',  ( 0.1877553417177565100, 0.6500000000000000200, -0.9099999999999997000 ) ) ;
#2697 = PRESENTATION_LAYER_ASSIGNMENT (  '', '', ( #5933 ) ) ;
#2698 = SURFACE_SIDE_STYLE ('',( #6456 ) ) ;
#2699 =( NAMED_UNIT ( * ) SI_UNIT ( $, .STERADIAN. ) SOLID_ANGLE_UNIT ( ) );
#2700 = EDGE_LOOP ( 'NONE', ( #1372, #5957, #2496, #1360 ) ) ;
#2701 = PRESENTATION_LAYER_ASSIGNMENT (  '', '', ( #4422 ) ) ;
#2702 = UNCERTAINTY_MEASURE_WITH_UNIT (LENGTH_MEASURE( 1.000000000000000100E-005 ), #3613, 'distance_accuracy_value', 'NONE');
#2703 = PRESENTATION_STYLE_ASSIGNMENT (( #1029 ) ) ;
#2704 = CARTESIAN_POINT ( 'NONE',  ( 1.250000000000000200, 0.0000000000000000000, 1.000000000000000000 ) ) ;
#2705 = PLANE ( 'NONE',  #5328 ) ;
#2706 = CARTESIAN_POINT ( 'NONE',  ( -1.148477421867325900, 0.02000000000000005200, 0.9999999999999995600 ) ) ;
#2707 = ORIENTED_EDGE ( 'NONE', *, *, #1872, .F. ) ;
#2708 = COLOUR_RGB ( '',1.000000000000000000, 0.8823529411764705600, 0.3764705882352941100 ) ;
#2709 = CARTESIAN_POINT ( 'NONE',  ( 1.150000000000000100, 0.3300000000000000200, -0.3250000000000001800 ) ) ;
#2710 = CARTESIAN_POINT ( 'NONE',  ( 1.150000000000000100, 0.5817894150928535300, -1.000000000000000000 ) ) ;
#2711 =( NAMED_UNIT ( * ) SI_UNIT ( $, .STERADIAN. ) SOLID_ANGLE_UNIT ( ) );
#2712 = ADVANCED_FACE ( 'NONE', ( #3376 ), #5344, .T. ) ;
#2713 = CARTESIAN_POINT ( 'NONE',  ( 1.249999999999999800, 0.3300000000000000200, -0.8999999999999996900 ) ) ;
#2714 = ORIENTED_EDGE ( 'NONE', *, *, #289, .T. ) ;
#2715 =( NAMED_UNIT ( * ) SI_UNIT ( $, .STERADIAN. ) SOLID_ANGLE_UNIT ( ) );
#2716 = FILL_AREA_STYLE_COLOUR ( '', #886 ) ;
#2717 = EDGE_CURVE ( 'NONE', #2512, #4779, #6521, .T. ) ;
#2718 = VECTOR ( 'NONE', #6476, 1000.000000000000000 ) ;
#2719 = MECHANICAL_DESIGN_GEOMETRIC_PRESENTATION_REPRESENTATION (  '', ( #1413 ), #5796 ) ;
#2720 = EDGE_CURVE ( 'NONE', #352, #5236, #5752, .T. ) ;
#2721 = CARTESIAN_POINT ( 'NONE',  ( -1.019999999999998700, 0.8010000000000000500, -0.8389999999999995200 ) ) ;
#2722 = ORIENTED_EDGE ( 'NONE', *, *, #6382, .T. ) ;
#2723 = DIRECTION ( 'NONE',  ( -0.0000000000000000000, -1.000000000000000000, -0.0000000000000000000 ) ) ;
#2724 = VECTOR ( 'NONE', #1191, 1000.000000000000000 ) ;
#2725 = LINE ( 'NONE', #212, #4157 ) ;
#2726 = DIRECTION ( 'NONE',  ( 0.0000000000000000000, 0.0000000000000000000, -1.000000000000000000 ) ) ;
#2727 = LINE ( 'NONE', #1115, #6224 ) ;
#2728 = AXIS2_PLACEMENT_3D ( 'NONE', #1481, #6582, #5078 ) ;
#2729 = FILL_AREA_STYLE ('',( #1206 ) ) ;
#2730 = CARTESIAN_POINT ( 'NONE',  ( -1.019999999999999800, 0.7299999999999999800, 0.7600000000000006800 ) ) ;
#2731 = CARTESIAN_POINT ( 'NONE',  ( -0.4740000000000001400, -0.0000000000000000000, 0.3240000000000001800 ) ) ;
#2732 = DIRECTION ( 'NONE',  ( 2.168404344971009500E-014, 0.0000000000000000000, 1.000000000000000000 ) ) ;
#2733 = STYLED_ITEM ( 'NONE', ( #4705 ), #3167 ) ;
#2734 = COLOUR_RGB ( '',1.000000000000000000, 0.8823529411764705600, 0.3764705882352941100 ) ;
#2736 = ORIENTED_EDGE ( 'NONE', *, *, #559, .F. ) ;
#2735 = DIRECTION ( 'NONE',  ( 0.0000000000000000000, 0.0000000000000000000, -1.000000000000000000 ) ) ;
#2737 = DIRECTION ( 'NONE',  ( 4.444332872337274000E-016, 0.0000000000000000000, -1.000000000000000000 ) ) ;
#2738 = PRESENTATION_LAYER_ASSIGNMENT (  '', '', ( #3624 ) ) ;
#2739 = LINE ( 'NONE', #4203, #5343 ) ;
#2740 = SURFACE_STYLE_USAGE ( .BOTH. , #3789 ) ;
#2741 =( NAMED_UNIT ( * ) PLANE_ANGLE_UNIT ( ) SI_UNIT ( $, .RADIAN. ) );
#2742 = ORIENTED_EDGE ( 'NONE', *, *, #2872, .F. ) ;
#2743 = EDGE_LOOP ( 'NONE', ( #768, #2607, #2096, #2916 ) ) ;
#2744 = ADVANCED_FACE ( 'NONE', ( #1112 ), #2875, .T. ) ;
#2745 = CYLINDRICAL_SURFACE ( 'NONE', #476, 0.02000000000000005200 ) ;
#2746 = EDGE_CURVE ( 'NONE', #5958, #976, #5586, .T. ) ;
#2747 = VERTEX_POINT ( 'NONE', #3340 ) ;
#2748 =( LENGTH_UNIT ( ) NAMED_UNIT ( * ) SI_UNIT ( .MILLI., .METRE. ) );
#2749 = SURFACE_STYLE_FILL_AREA ( #3071 ) ;
#2750 = EDGE_CURVE ( 'NONE', #4614, #6125, #5985, .T. ) ;
#2751 = SURFACE_STYLE_USAGE ( .BOTH. , #4763 ) ;
#2752 = PRESENTATION_STYLE_ASSIGNMENT (( #362 ) ) ;
#2753 = ORIENTED_EDGE ( 'NONE', *, *, #4208, .T. ) ;
#2754 = DIRECTION ( 'NONE',  ( 0.0000000000000000000, -0.0000000000000000000, -1.000000000000000000 ) ) ;
#2755 = CARTESIAN_POINT ( 'NONE',  ( 1.249748501384304200, 0.5836046093962833400, 0.8997477919756971000 ) ) ;
#2756 = MECHANICAL_DESIGN_GEOMETRIC_PRESENTATION_REPRESENTATION (  '', ( #5838 ), #1023 ) ;
#2757 = PRESENTATION_STYLE_ASSIGNMENT (( #2129 ) ) ;
#2758 = CARTESIAN_POINT ( 'NONE',  ( 0.1937912798093064400, 0.6166310856862622400, -0.9223702780044172900 ) ) ;
#2759 = DIRECTION ( 'NONE',  ( 1.000000000000000000, 0.0000000000000000000, 0.0000000000000000000 ) ) ;
#2760 = ORIENTED_EDGE ( 'NONE', *, *, #6530, .F. ) ;
#2761 = DIRECTION ( 'NONE',  ( -1.000000000000000000, 0.0000000000000000000, 1.302744525538082600E-016 ) ) ;
#2762 = FACE_OUTER_BOUND ( 'NONE', #4472, .T. ) ;
#2763 = CARTESIAN_POINT ( 'NONE',  ( -4.656648330825265200E-016, 0.7399999999999999900, -0.8589999999999988800 ) ) ;
#2764 = SURFACE_SIDE_STYLE ('',( #4343 ) ) ;
#2765 = ORIENTED_EDGE ( 'NONE', *, *, #5874, .T. ) ;
#2766 = ORIENTED_EDGE ( 'NONE', *, *, #2572, .T. ) ;
#2767 = EDGE_CURVE ( 'NONE', #4091, #127, #6136, .T. ) ;
#2768 = CARTESIAN_POINT ( 'NONE',  ( -0.2000000000000000100, 0.5999999999999999800, -0.9799999999999999800 ) ) ;
#2769 = DIRECTION ( 'NONE',  ( -0.0000000000000000000, -1.000000000000000000, 0.0000000000000000000 ) ) ;
#2770 = CARTESIAN_POINT ( 'NONE',  ( 1.249999999999999800, 0.3300000000000000200, 0.8999999999999998000 ) ) ;
#2771 = AXIS2_PLACEMENT_3D ( 'NONE', #5142, #5665, #1547 ) ;
#2772 = FILL_AREA_STYLE_COLOUR ( '', #56 ) ;
#2773 = ORIENTED_EDGE ( 'NONE', *, *, #2794, .F. ) ;
#2774 = CARTESIAN_POINT ( 'NONE',  ( 1.147414702931667000, 0.5898939861650834800, -0.9973812841267174500 ) ) ;
#2775 = FILL_AREA_STYLE ('',( #1275 ) ) ;
#2776 = EDGE_LOOP ( 'NONE', ( #5067, #4894, #1091, #6388, #1835, #3053, #4663, #6070, #1534, #5114 ) ) ;
#2777 = ADVANCED_FACE ( 'NONE', ( #4571 ), #4141, .F. ) ;
#2778 = CARTESIAN_POINT ( 'NONE',  ( 1.250000000000000000, 0.5817894150928535300, 0.8999999999999999100 ) ) ;
#2779 = AXIS2_PLACEMENT_3D ( 'NONE', #3823, #769, #4341 ) ;
#2780 = FILL_AREA_STYLE_COLOUR ( '', #4148 ) ;
#2781 = VERTEX_POINT ( 'NONE', #6294 ) ;
#2782 =( NAMED_UNIT ( * ) SI_UNIT ( $, .STERADIAN. ) SOLID_ANGLE_UNIT ( ) );
#2783 = MANIFOLD_SOLID_BREP ( 'Boss-Extrude2[3]', #4022 ) ;
#2784 = SURFACE_STYLE_FILL_AREA ( #4225 ) ;
#2785 = CARTESIAN_POINT ( 'NONE',  ( 1.220000000000000200, 0.6500000000000000200, 0.0000000000000000000 ) ) ;
#2786 = VERTEX_POINT ( 'NONE', #4264 ) ;
#2787 =( GEOMETRIC_REPRESENTATION_CONTEXT ( 3 ) GLOBAL_UNCERTAINTY_ASSIGNED_CONTEXT ( ( #2387 ) ) GLOBAL_UNIT_ASSIGNED_CONTEXT ( ( #1728, #701, #3295 ) ) REPRESENTATION_CONTEXT ( 'NONE', 'WORKASPACE' ) );
#2788 = ORIENTED_EDGE ( 'NONE', *, *, #4834, .T. ) ;
#2789 = FACE_OUTER_BOUND ( 'NONE', #1949, .T. ) ;
#2790 = CARTESIAN_POINT ( 'NONE',  ( 1.220000000000000200, 0.6500000000000000200, 0.7599999999999990100 ) ) ;
#2791 =( LENGTH_UNIT ( ) NAMED_UNIT ( * ) SI_UNIT ( .MILLI., .METRE. ) );
#2792 = VECTOR ( 'NONE', #2071, 1000.000000000000000 ) ;
#2793 = DIRECTION ( 'NONE',  ( 0.0000000000000000000, 0.0000000000000000000, -1.000000000000000000 ) ) ;
#2794 = EDGE_CURVE ( 'NONE', #4176, #1480, #1421, .T. ) ;
#2795 = ORIENTED_EDGE ( 'NONE', *, *, #246, .F. ) ;
#2796 = PRESENTATION_LAYER_ASSIGNMENT (  '', '', ( #4520 ) ) ;
#2797 = ORIENTED_EDGE ( 'NONE', *, *, #2546, .T. ) ;
#2798 = CARTESIAN_POINT ( 'NONE',  ( -1.019999999999999800, 0.7299999999999999800, 0.7600000000000006800 ) ) ;
#2799 = DIRECTION ( 'NONE',  ( 0.0000000000000000000, 0.0000000000000000000, -1.000000000000000000 ) ) ;
#2800 = DIRECTION ( 'NONE',  ( 0.0000000000000000000, -0.0000000000000000000, 1.000000000000000000 ) ) ;
#2801 = DIRECTION ( 'NONE',  ( 1.302744525538082600E-016, -0.0000000000000000000, 1.000000000000000000 ) ) ;
#2802 = VECTOR ( 'NONE', #2907, 1000.000000000000000 ) ;
#2803 = VERTEX_POINT ( 'NONE', #6226 ) ;
#2804 = DIRECTION ( 'NONE',  ( -1.000000000000000000, 0.0000000000000000000, 0.0000000000000000000 ) ) ;
#2805 = MECHANICAL_DESIGN_GEOMETRIC_PRESENTATION_REPRESENTATION (  '', ( #4909 ), #5225 ) ;
#2806 = CARTESIAN_POINT ( 'NONE',  ( 1.160000000000000100, 0.7399999999999999900, 0.7599999999999992300 ) ) ;
#2807 = FACE_OUTER_BOUND ( 'NONE', #696, .T. ) ;
#2808 = EDGE_CURVE ( 'NONE', #4176, #2747, #5979, .T. ) ;
#2809 = ADVANCED_FACE ( 'NONE', ( #89 ), #3176, .T. ) ;
#2810 = FACE_OUTER_BOUND ( 'NONE', #5520, .T. ) ;
#2811 = FILL_AREA_STYLE_COLOUR ( '', #963 ) ;
#2812 = CYLINDRICAL_SURFACE ( 'NONE', #194, 0.04999999999999991300 ) ;
#2813 = STYLED_ITEM ( 'NONE', ( #680 ), #4691 ) ;
#2814 = CARTESIAN_POINT ( 'NONE',  ( 0.4750000000000001400, 0.3300000000000000200, 0.0000000000000000000 ) ) ;
#2815 = PRESENTATION_STYLE_ASSIGNMENT (( #5080 ) ) ;
#2816 = EDGE_LOOP ( 'NONE', ( #2837, #3813, #3838, #3504 ) ) ;
#2817 = DIRECTION ( 'NONE',  ( 0.0000000000000000000, -1.000000000000000000, 0.0000000000000000000 ) ) ;
#2818 = SURFACE_STYLE_FILL_AREA ( #6426 ) ;
#2819 =( GEOMETRIC_REPRESENTATION_CONTEXT ( 3 ) GLOBAL_UNCERTAINTY_ASSIGNED_CONTEXT ( ( #5854 ) ) GLOBAL_UNIT_ASSIGNED_CONTEXT ( ( #4529, #2480, #3998 ) ) REPRESENTATION_CONTEXT ( 'NONE', 'WORKASPACE' ) );
#2820 = VERTEX_POINT ( 'NONE', #5748 ) ;
#2821 = CARTESIAN_POINT ( 'NONE',  ( 0.7745857864376272100, 0.0000000000000000000, -0.3240000000000002300 ) ) ;
#2822 = ORIENTED_EDGE ( 'NONE', *, *, #899, .F. ) ;
#2823 = DIRECTION ( 'NONE',  ( 1.000000000000000000, 0.0000000000000000000, -0.0000000000000000000 ) ) ;
#2824 = AXIS2_PLACEMENT_3D ( 'NONE', #4643, #1616, #5179 ) ;
#2825 = UNCERTAINTY_MEASURE_WITH_UNIT (LENGTH_MEASURE( 1.000000000000000100E-005 ), #586, 'distance_accuracy_value', 'NONE');
#2826 = DIRECTION ( 'NONE',  ( -0.0000000000000000000, -1.000000000000000000, -0.0000000000000000000 ) ) ;
#2827 = DIRECTION ( 'NONE',  ( 0.0000000000000000000, 1.000000000000000000, -0.0000000000000000000 ) ) ;
#2828 = VERTEX_POINT ( 'NONE', #2230 ) ;
#2829 = AXIS2_PLACEMENT_3D ( 'NONE', #53, #3604, #4648 ) ;
#2830 = CARTESIAN_POINT ( 'NONE',  ( 0.0000000000000000000, 0.3310000000000000200, 0.3240000000000001800 ) ) ;
#2831 = COLOUR_RGB ( '',1.000000000000000000, 0.8823529411764705600, 0.3764705882352941100 ) ;
#2832 = VERTEX_POINT ( 'NONE', #738 ) ;
#2833 = VERTEX_POINT ( 'NONE', #715 ) ;
#2834 = FILL_AREA_STYLE ('',( #2811 ) ) ;
#2835 = FACE_OUTER_BOUND ( 'NONE', #6021, .T. ) ;
#2836 = FACE_OUTER_BOUND ( 'NONE', #4687, .T. ) ;
#2837 = ORIENTED_EDGE ( 'NONE', *, *, #1483, .F. ) ;
#2838 = SURFACE_SIDE_STYLE ('',( #4026 ) ) ;
#2839 = DIRECTION ( 'NONE',  ( -0.0000000000000000000, -1.000000000000000000, 0.0000000000000000000 ) ) ;
#2840 = DIRECTION ( 'NONE',  ( -0.0000000000000000000, -1.000000000000000000, 0.0000000000000000000 ) ) ;
#2841 = EDGE_CURVE ( 'NONE', #1044, #2455, #5663, .T. ) ;
#2842 = AXIS2_PLACEMENT_3D ( 'NONE', #710, #1210, #4791 ) ;
#2843 = EDGE_CURVE ( 'NONE', #5485, #4281, #730, .T. ) ;
#2844 =( NAMED_UNIT ( * ) SI_UNIT ( $, .STERADIAN. ) SOLID_ANGLE_UNIT ( ) );
#2845 =( NAMED_UNIT ( * ) PLANE_ANGLE_UNIT ( ) SI_UNIT ( $, .RADIAN. ) );
#2846 = ORIENTED_EDGE ( 'NONE', *, *, #5183, .T. ) ;
#2847 = FILL_AREA_STYLE_COLOUR ( '', #5439 ) ;
#2848 = VERTEX_POINT ( 'NONE', #3761 ) ;
#2849 = VERTEX_POINT ( 'NONE', #5778 ) ;
#2850 = CARTESIAN_POINT ( 'NONE',  ( -1.250000000000000200, 0.5999999999999999800, -1.000000000000000000 ) ) ;
#2851 = LINE ( 'NONE', #2933, #1660 ) ;
#2852 = EDGE_CURVE ( 'NONE', #4696, #5424, #4641, .T. ) ;
#2853 = VERTEX_POINT ( 'NONE', #2257 ) ;
#2854 = DIRECTION ( 'NONE',  ( 0.7540815958863068500, 0.0000000000000000000, 0.6567807448042006800 ) ) ;
#2855 =( NAMED_UNIT ( * ) SI_UNIT ( $, .STERADIAN. ) SOLID_ANGLE_UNIT ( ) );
#2856 = VERTEX_POINT ( 'NONE', #141 ) ;
#2857 = FILL_AREA_STYLE ('',( #2898 ) ) ;
#2858 =( GEOMETRIC_REPRESENTATION_CONTEXT ( 3 ) GLOBAL_UNCERTAINTY_ASSIGNED_CONTEXT ( ( #655 ) ) GLOBAL_UNIT_ASSIGNED_CONTEXT ( ( #496, #5607, #469 ) ) REPRESENTATION_CONTEXT ( 'NONE', 'WORKASPACE' ) );
#2859 =( NAMED_UNIT ( * ) SI_UNIT ( $, .STERADIAN. ) SOLID_ANGLE_UNIT ( ) );
#2860 = CARTESIAN_POINT ( 'NONE',  ( 0.2000000000000000100, 0.02000000000000005200, 0.9999999999999997800 ) ) ;
#2861 =( NAMED_UNIT ( * ) SI_UNIT ( $, .STERADIAN. ) SOLID_ANGLE_UNIT ( ) );
#2862 = PRESENTATION_LAYER_ASSIGNMENT (  '', '', ( #4332 ) ) ;
#2863 = ORIENTED_EDGE ( 'NONE', *, *, #1855, .F. ) ;
#2864 = SURFACE_STYLE_USAGE ( .BOTH. , #4373 ) ;
#2865 = UNCERTAINTY_MEASURE_WITH_UNIT (LENGTH_MEASURE( 1.000000000000000100E-005 ), #4251, 'distance_accuracy_value', 'NONE');
#2866 = CARTESIAN_POINT ( 'NONE',  ( -1.250000000000000200, 0.5999999999999999800, -0.8999999999999999100 ) ) ;
#2867 =( NAMED_UNIT ( * ) PLANE_ANGLE_UNIT ( ) SI_UNIT ( $, .RADIAN. ) );
#2868 = EDGE_CURVE ( 'NONE', #6448, #5609, #2076, .T. ) ;
#2869 = ORIENTED_EDGE ( 'NONE', *, *, #1585, .T. ) ;
#2870 = VECTOR ( 'NONE', #2408, 1000.000000000000000 ) ;
#2871 = CIRCLE ( 'NONE', #951, 0.1499999999999999700 ) ;
#2872 = EDGE_CURVE ( 'NONE', #6046, #3984, #1273, .T. ) ;
#2873 = ORIENTED_EDGE ( 'NONE', *, *, #2187, .T. ) ;
#2874 = ORIENTED_EDGE ( 'NONE', *, *, #239, .F. ) ;
#2875 = TOROIDAL_SURFACE ( 'NONE', #5631, 0.1200000000000001100, 0.02000000000000000000 ) ;
#2876 = CARTESIAN_POINT ( 'NONE',  ( -0.4750000000000002600, -0.0000000000000000000, -4.478226364614045000E-017 ) ) ;
#2877 = EDGE_CURVE ( 'NONE', #1655, #5288, #1102, .T. ) ;
#2878 = LINE ( 'NONE', #843, #187 ) ;
#2879 = ADVANCED_FACE ( 'NONE', ( #2330 ), #2283, .T. ) ;
#2880 = AXIS2_PLACEMENT_3D ( 'NONE', #3590, #6149, #542 ) ;
#2881 = VECTOR ( 'NONE', #3755, 1000.000000000000000 ) ;
#2882 = DIRECTION ( 'NONE',  ( 0.0000000000000000000, 0.0000000000000000000, -1.000000000000000000 ) ) ;
#2883 = DIRECTION ( 'NONE',  ( 1.084202172485504400E-016, -0.0000000000000000000, 1.000000000000000000 ) ) ;
#2884 = FACE_OUTER_BOUND ( 'NONE', #5953, .T. ) ;
#2885 = CARTESIAN_POINT ( 'NONE',  ( 1.150000000000000400, 0.0000000000000000000, 0.8129032258064520200 ) ) ;
#2886 = VECTOR ( 'NONE', #3724, 1000.000000000000000 ) ;
#2887 =( NAMED_UNIT ( * ) PLANE_ANGLE_UNIT ( ) SI_UNIT ( $, .RADIAN. ) );
#2888 = LINE ( 'NONE', #167, #6316 ) ;
#2889 = EDGE_CURVE ( 'NONE', #6366, #712, #6449, .T. ) ;
#2890 = EDGE_LOOP ( 'NONE', ( #4206, #4645, #5152, #5295, #3868, #3965 ) ) ;
#2891 = EDGE_CURVE ( 'NONE', #6103, #629, #4066, .T. ) ;
#2892 = ORIENTED_EDGE ( 'NONE', *, *, #1073, .T. ) ;
#2893 = CARTESIAN_POINT ( 'NONE',  ( -0.1854135890085060500, 0.7380212646931426600, 0.9060878242366878800 ) ) ;
#2894 = MECHANICAL_DESIGN_GEOMETRIC_PRESENTATION_REPRESENTATION (  '', ( #4405 ), #3569 ) ;
#2895 = VERTEX_POINT ( 'NONE', #3882 ) ;
#2896 = CARTESIAN_POINT ( 'NONE',  ( 1.238795416212215700, 0.5981499770527647400, -0.8893396686318203500 ) ) ;
#2897 = CARTESIAN_POINT ( 'NONE',  ( -1.250000000000000400, 0.02000000000000005200, 0.8986738835618647300 ) ) ;
#2898 = FILL_AREA_STYLE_COLOUR ( '', #2167 ) ;
#2899 = LINE ( 'NONE', #5913, #826 ) ;
#2900 = AXIS2_PLACEMENT_3D ( 'NONE', #4869, #3371, #3915 ) ;
#2901 = B_SPLINE_CURVE_WITH_KNOTS ( 'NONE', 3,
 ( #1640, #5779, #215, #3259, #4289, #3764, #4750, #1214, #193, #4799, #1738, #5297, #5819, #6324, #1694, #3738, #4267, #718, #235 ),
 .UNSPECIFIED., .F., .F.,
 ( 4, 3, 3, 3, 3, 3, 4 ),
 ( -9.008267259518141800E-007, 1.058791184067875400E-022, 7.531616806639832800E-006, 1.780571780281533800E-005, 2.546810297927932400E-005, 3.080809392562199400E-005, 3.619608820257739400E-005 ),
 .UNSPECIFIED. ) ;
#2902 = CARTESIAN_POINT ( 'NONE',  ( -0.2000000000000000400, 0.5999999999999999800, 0.9600000000000007400 ) ) ;
#2903 = DIRECTION ( 'NONE',  ( 0.0000000000000000000, 0.0000000000000000000, -1.000000000000000000 ) ) ;
#2904 = ORIENTED_EDGE ( 'NONE', *, *, #5308, .T. ) ;
#2905 = VECTOR ( 'NONE', #6210, 1000.000000000000000 ) ;
#2906 = DIRECTION ( 'NONE',  ( -0.0000000000000000000, -1.000000000000000000, -0.0000000000000000000 ) ) ;
#2907 = DIRECTION ( 'NONE',  ( -0.0000000000000000000, -1.000000000000000000, -0.0000000000000000000 ) ) ;
#2908 = LINE ( 'NONE', #2266, #5127 ) ;
#2909 = ADVANCED_FACE ( 'NONE', ( #2789 ), #4376, .F. ) ;
#2910 = SURFACE_STYLE_FILL_AREA ( #1594 ) ;
#2911 = LINE ( 'NONE', #1643, #366 ) ;
#2912 = CARTESIAN_POINT ( 'NONE',  ( -0.1872246063881275200, 0.7341901621503561500, 0.9090797875059789500 ) ) ;
#2913 = EDGE_CURVE ( 'NONE', #3461, #5724, #5500, .T. ) ;
#2914 = VERTEX_POINT ( 'NONE', #2806 ) ;
#2915 = MECHANICAL_DESIGN_GEOMETRIC_PRESENTATION_REPRESENTATION (  '', ( #518 ), #5989 ) ;
#2916 = ORIENTED_EDGE ( 'NONE', *, *, #5486, .T. ) ;
#2917 = FILL_AREA_STYLE ('',( #4523 ) ) ;
#2918 = CARTESIAN_POINT ( 'NONE',  ( 1.230687251804319000, 0.5999881886362288300, -0.8822606708056453000 ) ) ;
#2919 = ORIENTED_EDGE ( 'NONE', *, *, #870, .F. ) ;
#2920 = AXIS2_PLACEMENT_3D ( 'NONE', #5785, #5830, #4298 ) ;
#2921 = PLANE ( 'NONE',  #233 ) ;
#2922 = FILL_AREA_STYLE ('',( #5977 ) ) ;
#2923 = ORIENTED_EDGE ( 'NONE', *, *, #2213, .F. ) ;
#2924 =( NAMED_UNIT ( * ) SI_UNIT ( $, .STERADIAN. ) SOLID_ANGLE_UNIT ( ) );
#2925 = AXIS2_PLACEMENT_3D ( 'NONE', #1988, #5037, #6541 ) ;
#2926 = EDGE_LOOP ( 'NONE', ( #4541, #2707, #6167, #3157 ) ) ;
#2927 = AXIS2_PLACEMENT_3D ( 'NONE', #1415, #3491, #5018 ) ;
#2928 = ORIENTED_EDGE ( 'NONE', *, *, #2439, .F. ) ;
#2929 = DIRECTION ( 'NONE',  ( 0.0000000000000000000, 0.0000000000000000000, -1.000000000000000000 ) ) ;
#2930 =( GEOMETRIC_REPRESENTATION_CONTEXT ( 3 ) GLOBAL_UNCERTAINTY_ASSIGNED_CONTEXT ( ( #3327 ) ) GLOBAL_UNIT_ASSIGNED_CONTEXT ( ( #2068, #5635, #1586 ) ) REPRESENTATION_CONTEXT ( 'NONE', 'WORKASPACE' ) );
#2931 = ADVANCED_FACE ( 'NONE', ( #5826 ), #6347, .T. ) ;
#2932 = ORIENTED_EDGE ( 'NONE', *, *, #3906, .F. ) ;
#2933 = CARTESIAN_POINT ( 'NONE',  ( -1.019999999999999100, 0.7810000000000000300, 0.8590000000000006500 ) ) ;
#2934 = AXIS2_PLACEMENT_3D ( 'NONE', #3149, #2092, #6154 ) ;
#2935 = ORIENTED_EDGE ( 'NONE', *, *, #1836, .F. ) ;
#2936 = DIRECTION ( 'NONE',  ( 0.0000000000000000000, 0.0000000000000000000, 1.000000000000000000 ) ) ;
#2937 = SURFACE_SIDE_STYLE ('',( #5932 ) ) ;
#2938 = CLOSED_SHELL ( 'NONE', ( #1260, #774, #218, #2931, #6205, #1228, #284, #5683, #6380 ) ) ;
#2939 = ORIENTED_EDGE ( 'NONE', *, *, #5223, .F. ) ;
#2940 = VECTOR ( 'NONE', #2759, 1000.000000000000000 ) ;
#2941 = EDGE_CURVE ( 'NONE', #2848, #5667, #1841, .T. ) ;
#2942 = SURFACE_STYLE_FILL_AREA ( #4467 ) ;
#2943 = EDGE_LOOP ( 'NONE', ( #1418, #5685, #6514, #5072 ) ) ;
#2944 = FACE_OUTER_BOUND ( 'NONE', #2743, .T. ) ;
#2945 = CARTESIAN_POINT ( 'NONE',  ( 1.034810755200659800, 0.0000000000000000000, -0.9009999999999999100 ) ) ;
#2946 = VECTOR ( 'NONE', #4655, 1000.000000000000000 ) ;
#2947 = EDGE_CURVE ( 'NONE', #4767, #2781, #3097, .T. ) ;
#2948 =( NAMED_UNIT ( * ) PLANE_ANGLE_UNIT ( ) SI_UNIT ( $, .RADIAN. ) );
#2949 = CARTESIAN_POINT ( 'NONE',  ( 1.020000000000000200, 0.7399999999999999900, 0.7600000000000003400 ) ) ;
#2950 = DIRECTION ( 'NONE',  ( -9.427844978134827600E-017, 0.0000000000000000000, 1.000000000000000000 ) ) ;
#2951 = VECTOR ( 'NONE', #4008, 1000.000000000000100 ) ;
#2952 = EDGE_CURVE ( 'NONE', #3316, #4616, #1573, .T. ) ;
#2953 = AXIS2_PLACEMENT_3D ( 'NONE', #5840, #1848, #4870 ) ;
#2954 = FACE_OUTER_BOUND ( 'NONE', #4914, .T. ) ;
#2955 = AXIS2_PLACEMENT_3D ( 'NONE', #3120, #1081, #1107 ) ;
#2956 = ORIENTED_EDGE ( 'NONE', *, *, #6143, .T. ) ;
#2957 = CARTESIAN_POINT ( 'NONE',  ( 1.034810755200659800, 0.3310000000000000200, 0.9009999999999999100 ) ) ;
#2958 = PRESENTATION_STYLE_ASSIGNMENT (( #2740 ) ) ;
#2959 = DIRECTION ( 'NONE',  ( 0.0000000000000000000, 0.0000000000000000000, -1.000000000000000000 ) ) ;
#2960 = VECTOR ( 'NONE', #972, 1000.000000000000000 ) ;
#2961 = CARTESIAN_POINT ( 'NONE',  ( 0.0007988165680478640000, 0.0000000000000000000, 0.0009171597633142134500 ) ) ;
#2962 = CARTESIAN_POINT ( 'NONE',  ( 1.019999999999999100, 0.7299999999999999800, 0.9000000000000003600 ) ) ;
#2963 = DIRECTION ( 'NONE',  ( 0.0000000000000000000, 0.0000000000000000000, -1.000000000000000000 ) ) ;
#2964 = ORIENTED_EDGE ( 'NONE', *, *, #4079, .T. ) ;
#2965 = VERTEX_POINT ( 'NONE', #1762 ) ;
#2966 = FACE_OUTER_BOUND ( 'NONE', #5514, .T. ) ;
#2967 = CARTESIAN_POINT ( 'NONE',  ( 0.1000000000000001300, 0.7399999999999999900, -0.8589999999999989900 ) ) ;
#2968 = FACE_OUTER_BOUND ( 'NONE', #2019, .T. ) ;
#2969 = EDGE_CURVE ( 'NONE', #2123, #282, #468, .T. ) ;
#2970 = ORIENTED_EDGE ( 'NONE', *, *, #5039, .F. ) ;
#2971 = FILL_AREA_STYLE ('',( #6109 ) ) ;
#2972 = FACE_OUTER_BOUND ( 'NONE', #5632, .T. ) ;
#2973 = PRESENTATION_LAYER_ASSIGNMENT (  '', '', ( #4093 ) ) ;
#2974 = FACE_OUTER_BOUND ( 'NONE', #5803, .T. ) ;
#2975 = VERTEX_POINT ( 'NONE', #1831 ) ;
#2976 = CARTESIAN_POINT ( 'NONE',  ( 0.0000000000000000000, 0.3310000000000000200, 0.9009999999999999100 ) ) ;
#2977 = CARTESIAN_POINT ( 'NONE',  ( 1.146309652806826200, 0.5918854740033265800, 0.9962476651733728200 ) ) ;
#2978 = DIRECTION ( 'NONE',  ( 0.0000000000000000000, 0.0000000000000000000, 1.000000000000000000 ) ) ;
#2979 =( GEOMETRIC_REPRESENTATION_CONTEXT ( 3 ) GLOBAL_UNCERTAINTY_ASSIGNED_CONTEXT ( ( #4672 ) ) GLOBAL_UNIT_ASSIGNED_CONTEXT ( ( #407, #3437, #872 ) ) REPRESENTATION_CONTEXT ( 'NONE', 'WORKASPACE' ) );
#2980 = FACE_OUTER_BOUND ( 'NONE', #5262, .T. ) ;
#2981 = DIRECTION ( 'NONE',  ( -0.0000000000000000000, -1.000000000000000000, 0.0000000000000000000 ) ) ;
#2982 = ORIENTED_EDGE ( 'NONE', *, *, #4363, .F. ) ;
#2983 = DIRECTION ( 'NONE',  ( -1.000000000000000000, 0.0000000000000000000, 0.0000000000000000000 ) ) ;
#2984 = CARTESIAN_POINT ( 'NONE',  ( 1.250000000000000200, 0.5999999999999999800, -1.000000000000000000 ) ) ;
#2985 =( LENGTH_UNIT ( ) NAMED_UNIT ( * ) SI_UNIT ( .MILLI., .METRE. ) );
#2986 = CARTESIAN_POINT ( 'NONE',  ( -1.250000000000000200, 0.3300000000000000200, 1.000000000000000000 ) ) ;
#2987 = EDGE_CURVE ( 'NONE', #1347, #2660, #1497, .T. ) ;
#2988 = SURFACE_SIDE_STYLE ('',( #3462 ) ) ;
#2989 = LINE ( 'NONE', #161, #3707 ) ;
#2990 = PRESENTATION_STYLE_ASSIGNMENT (( #2222 ) ) ;
#2991 = PRESENTATION_STYLE_ASSIGNMENT (( #1697 ) ) ;
#2992 = DIRECTION ( 'NONE',  ( -0.7071067811865474600, 0.0000000000000000000, -0.7071067811865474600 ) ) ;
#2993 = DIRECTION ( 'NONE',  ( 0.7540815958863071900, 0.0000000000000000000, -0.6567807448042002300 ) ) ;
#2994 = EDGE_LOOP ( 'NONE', ( #927, #4804, #3446, #182 ) ) ;
#2995 = EDGE_CURVE ( 'NONE', #946, #1398, #3367, .T. ) ;
#2996 = CARTESIAN_POINT ( 'NONE',  ( -0.1867544744167924400, 0.7356030354235092400, -0.9082828735389936200 ) ) ;
#2997 = EDGE_CURVE ( 'NONE', #1719, #1550, #1992, .T. ) ;
#2998 = PRESENTATION_LAYER_ASSIGNMENT (  '', '', ( #2665 ) ) ;
#2999 = ORIENTED_EDGE ( 'NONE', *, *, #5172, .F. ) ;
#3000 = DIRECTION ( 'NONE',  ( 0.0000000000000000000, -1.000000000000000000, 0.0000000000000000000 ) ) ;
#3001 = ORIENTED_EDGE ( 'NONE', *, *, #4025, .T. ) ;
#3002 = CARTESIAN_POINT ( 'NONE',  ( -0.09346153846153686100, 0.0000000000000000000, 0.1073076923076908100 ) ) ;
#3003 = DIRECTION ( 'NONE',  ( 0.0000000000000000000, -1.000000000000000000, 0.0000000000000000000 ) ) ;
#3004 = VERTEX_POINT ( 'NONE', #354 ) ;
#3005 = ORIENTED_EDGE ( 'NONE', *, *, #4857, .F. ) ;
#3006 =( GEOMETRIC_REPRESENTATION_CONTEXT ( 3 ) GLOBAL_UNCERTAINTY_ASSIGNED_CONTEXT ( ( #1263 ) ) GLOBAL_UNIT_ASSIGNED_CONTEXT ( ( #2285, #5273, #1765 ) ) REPRESENTATION_CONTEXT ( 'NONE', 'WORKASPACE' ) );
#3007 =( NAMED_UNIT ( * ) SI_UNIT ( $, .STERADIAN. ) SOLID_ANGLE_UNIT ( ) );
#3008 =( NAMED_UNIT ( * ) SI_UNIT ( $, .STERADIAN. ) SOLID_ANGLE_UNIT ( ) );
#3009 = DIRECTION ( 'NONE',  ( 0.0000000000000000000, 0.0000000000000000000, -1.000000000000000000 ) ) ;
#3010 = CARTESIAN_POINT ( 'NONE',  ( -0.4740000000000001400, 0.3310000000000000200, 0.0000000000000000000 ) ) ;
#3011 = TOROIDAL_SURFACE ( 'NONE', #3194, 0.1399999999999999600, 0.01000000000000000000 ) ;
#3012 = EDGE_CURVE ( 'NONE', #2517, #3733, #4485, .T. ) ;
#3013 = FACE_OUTER_BOUND ( 'NONE', #5709, .T. ) ;
#3014 = SURFACE_STYLE_USAGE ( .BOTH. , #3566 ) ;
#3015 = UNCERTAINTY_MEASURE_WITH_UNIT (LENGTH_MEASURE( 1.000000000000000100E-005 ), #4478, 'distance_accuracy_value', 'NONE');
#3016 = ORIENTED_EDGE ( 'NONE', *, *, #3123, .F. ) ;
#3017 = TOROIDAL_SURFACE ( 'NONE', #2640, 0.1400000000000000100, 0.01000000000000000000 ) ;
#3018 = DIRECTION ( 'NONE',  ( -0.0000000000000000000, -1.000000000000000000, -0.0000000000000000000 ) ) ;
#3019 = VECTOR ( 'NONE', #457, 1000.000000000000000 ) ;
#3020 =( GEOMETRIC_REPRESENTATION_CONTEXT ( 3 ) GLOBAL_UNCERTAINTY_ASSIGNED_CONTEXT ( ( #5357 ) ) GLOBAL_UNIT_ASSIGNED_CONTEXT ( ( #1963, #3501, #5523 ) ) REPRESENTATION_CONTEXT ( 'NONE', 'WORKASPACE' ) );
#3021 = ORIENTED_EDGE ( 'NONE', *, *, #3378, .F. ) ;
#3022 = CARTESIAN_POINT ( 'NONE',  ( 1.150000000000000100, 0.5799999999999998500, 0.9999999999999997800 ) ) ;
#3023 =( NAMED_UNIT ( * ) SI_UNIT ( $, .STERADIAN. ) SOLID_ANGLE_UNIT ( ) );
#3024 =( GEOMETRIC_REPRESENTATION_CONTEXT ( 3 ) GLOBAL_UNCERTAINTY_ASSIGNED_CONTEXT ( ( #1626 ) ) GLOBAL_UNIT_ASSIGNED_CONTEXT ( ( #4649, #5597, #530 ) ) REPRESENTATION_CONTEXT ( 'NONE', 'WORKASPACE' ) );
#3025 = EDGE_LOOP ( 'NONE', ( #6052, #6339, #6302, #4495 ) ) ;
#3026 = FACE_OUTER_BOUND ( 'NONE', #6460, .T. ) ;
#3027 = CARTESIAN_POINT ( 'NONE',  ( 0.1966811339425436100, 0.6094260963119502200, 0.9307808566136525100 ) ) ;
#3028 = ORIENTED_EDGE ( 'NONE', *, *, #4695, .T. ) ;
#3029 = PRESENTATION_LAYER_ASSIGNMENT (  '', '', ( #2453 ) ) ;
#3030 = SURFACE_SIDE_STYLE ('',( #1057 ) ) ;
#3031 = DIRECTION ( 'NONE',  ( -1.935435283114619600E-016, 0.0000000000000000000, 1.000000000000000000 ) ) ;
#3032 = SURFACE_SIDE_STYLE ('',( #2085 ) ) ;
#3033 = VECTOR ( 'NONE', #4210, 1000.000000000000000 ) ;
#3034 = CYLINDRICAL_SURFACE ( 'NONE', #2234, 0.02000000000000005200 ) ;
#3035 =( NAMED_UNIT ( * ) PLANE_ANGLE_UNIT ( ) SI_UNIT ( $, .RADIAN. ) );
#3036 = ADVANCED_FACE ( 'NONE', ( #640 ), #4966, .T. ) ;
#3037 = FACE_OUTER_BOUND ( 'NONE', #6331, .T. ) ;
#3038 = CARTESIAN_POINT ( 'NONE',  ( 0.4740000000000001400, 0.0000000000000000000, -0.6245857864376270800 ) ) ;
#3039 = LINE ( 'NONE', #6529, #2644 ) ;
#3040 = SURFACE_STYLE_FILL_AREA ( #1905 ) ;
#3041 = ORIENTED_EDGE ( 'NONE', *, *, #19, .T. ) ;
#3042 = CARTESIAN_POINT ( 'NONE',  ( 1.249999999999999800, 0.3310000000000000200, -1.355252715606880300E-016 ) ) ;
#3043 = CARTESIAN_POINT ( 'NONE',  ( 0.0007988165680478640000, 0.3300000000000000200, 0.0009171597633142134500 ) ) ;
#3044 = PRESENTATION_STYLE_ASSIGNMENT (( #4606 ) ) ;
#3045 = EDGE_CURVE ( 'NONE', #2828, #5288, #6291, .T. ) ;
#3046 = EDGE_CURVE ( 'NONE', #5774, #4861, #5744, .T. ) ;
#3047 = FACE_OUTER_BOUND ( 'NONE', #361, .T. ) ;
#3048 = DIRECTION ( 'NONE',  ( -1.000000000000000000, 0.0000000000000000000, 0.0000000000000000000 ) ) ;
#3049 = ORIENTED_EDGE ( 'NONE', *, *, #465, .F. ) ;
#3050 = DIRECTION ( 'NONE',  ( 0.7540815958863055200, 0.0000000000000000000, -0.6567807448042021200 ) ) ;
#3051 = SURFACE_SIDE_STYLE ('',( #3396 ) ) ;
#3052 = PRESENTATION_LAYER_ASSIGNMENT (  '', '', ( #6124 ) ) ;
#3053 = ORIENTED_EDGE ( 'NONE', *, *, #5727, .F. ) ;
#3054 = DIRECTION ( 'NONE',  ( 0.0000000000000000000, 1.000000000000000000, -0.0000000000000000000 ) ) ;
#3055 = DIRECTION ( 'NONE',  ( -0.0000000000000000000, -1.000000000000000000, 0.0000000000000000000 ) ) ;
#3056 = PRESENTATION_STYLE_ASSIGNMENT (( #3292 ) ) ;
#3057 = STYLED_ITEM ( 'NONE', ( #2757 ), #459 ) ;
#3058 = UNCERTAINTY_MEASURE_WITH_UNIT (LENGTH_MEASURE( 1.000000000000000100E-005 ), #3325, 'distance_accuracy_value', 'NONE');
#3059 = CIRCLE ( 'NONE', #6438, 0.04999999999999991300 ) ;
#3060 = EDGE_LOOP ( 'NONE', ( #5250, #5802, #3081, #6526 ) ) ;
#3061 =( GEOMETRIC_REPRESENTATION_CONTEXT ( 3 ) GLOBAL_UNCERTAINTY_ASSIGNED_CONTEXT ( ( #3711 ) ) GLOBAL_UNIT_ASSIGNED_CONTEXT ( ( #3980, #1914, #1400 ) ) REPRESENTATION_CONTEXT ( 'NONE', 'WORKASPACE' ) );
#3062 = LINE ( 'NONE', #5600, #767 ) ;
#3063 = FILL_AREA_STYLE ('',( #50 ) ) ;
#3064 = CARTESIAN_POINT ( 'NONE',  ( 1.149294481267372900, 0.5852743744696423700, 0.9992919924840169000 ) ) ;
#3065 = PRESENTATION_STYLE_ASSIGNMENT (( #3099 ) ) ;
#3066 =( GEOMETRIC_REPRESENTATION_CONTEXT ( 3 ) GLOBAL_UNCERTAINTY_ASSIGNED_CONTEXT ( ( #5061 ) ) GLOBAL_UNIT_ASSIGNED_CONTEXT ( ( #3094, #59, #1568 ) ) REPRESENTATION_CONTEXT ( 'NONE', 'WORKASPACE' ) );
#3067 = ADVANCED_FACE ( 'NONE', ( #4792, #1918 ), #2391, .T. ) ;
#3068 = VERTEX_POINT ( 'NONE', #3421 ) ;
#3069 = ORIENTED_EDGE ( 'NONE', *, *, #4383, .T. ) ;
#3070 = CARTESIAN_POINT ( 'NONE',  ( 1.250000000000000200, 0.5999999999999999800, 1.000000000000000000 ) ) ;
#3071 = FILL_AREA_STYLE ('',( #5214 ) ) ;
#3072 = CARTESIAN_POINT ( 'NONE',  ( 0.1000000000000008500, 0.7399999999999999900, -0.9599999999999989700 ) ) ;
#3073 = EDGE_CURVE ( 'NONE', #2045, #5958, #4224, .T. ) ;
#3074 = ORIENTED_EDGE ( 'NONE', *, *, #4768, .F. ) ;
#3075 = DIRECTION ( 'NONE',  ( 0.0000000000000000000, 0.0000000000000000000, 1.000000000000000000 ) ) ;
#3076 = PRESENTATION_STYLE_ASSIGNMENT (( #3721 ) ) ;
#3077 = DIRECTION ( 'NONE',  ( 0.0000000000000000000, 0.0000000000000000000, -1.000000000000000000 ) ) ;
#3078 = CARTESIAN_POINT ( 'NONE',  ( -1.169999999999999700, 0.7399999999999999900, 0.0000000000000000000 ) ) ;
#3079 =( NAMED_UNIT ( * ) PLANE_ANGLE_UNIT ( ) SI_UNIT ( $, .RADIAN. ) );
#3080 = EDGE_CURVE ( 'NONE', #4800, #3628, #6591, .T. ) ;
#3081 = ORIENTED_EDGE ( 'NONE', *, *, #2296, .F. ) ;
#3082 = CARTESIAN_POINT ( 'NONE',  ( -1.150000000000000400, -0.0000000000000000000, 0.8129032258064519100 ) ) ;
#3083 = ORIENTED_EDGE ( 'NONE', *, *, #5945, .F. ) ;
#3084 = AXIS2_PLACEMENT_3D ( 'NONE', #1256, #6362, #329 ) ;
#3085 = CARTESIAN_POINT ( 'NONE',  ( -0.1877553417177557400, 0.6500000000000000200, 0.9100000000000005900 ) ) ;
#3086 = DIRECTION ( 'NONE',  ( 0.0000000000000000000, 0.0000000000000000000, -1.000000000000000000 ) ) ;
#3087 = ORIENTED_EDGE ( 'NONE', *, *, #3644, .T. ) ;
#3088 = ORIENTED_EDGE ( 'NONE', *, *, #6463, .F. ) ;
#3089 = CARTESIAN_POINT ( 'NONE',  ( 1.019999999999999600, 0.7810000000000000300, -0.8589999999999997600 ) ) ;
#3090 = PRESENTATION_STYLE_ASSIGNMENT (( #2155 ) ) ;
#3091 = ORIENTED_EDGE ( 'NONE', *, *, #439, .F. ) ;
#3092 = AXIS2_PLACEMENT_3D ( 'NONE', #4625, #5658, #480 ) ;
#3093 =( NAMED_UNIT ( * ) SI_UNIT ( $, .STERADIAN. ) SOLID_ANGLE_UNIT ( ) );
#3094 =( LENGTH_UNIT ( ) NAMED_UNIT ( * ) SI_UNIT ( .MILLI., .METRE. ) );
#3095 = UNCERTAINTY_MEASURE_WITH_UNIT (LENGTH_MEASURE( 1.000000000000000100E-005 ), #1531, 'distance_accuracy_value', 'NONE');
#3096 = ORIENTED_EDGE ( 'NONE', *, *, #1945, .T. ) ;
#3097 = LINE ( 'NONE', #3864, #5579 ) ;
#3098 = CARTESIAN_POINT ( 'NONE',  ( 1.230000000000000400, 0.0000000000000000000, 0.8812545287231550200 ) ) ;
#3099 = SURFACE_STYLE_USAGE ( .BOTH. , #5649 ) ;
#3100 = EDGE_CURVE ( 'NONE', #2182, #1044, #4557, .T. ) ;
#3101 = CARTESIAN_POINT ( 'NONE',  ( 0.1877553417177565100, 0.7299999999999999800, -0.9099999999999997000 ) ) ;
#3102 = ADVANCED_FACE ( 'NONE', ( #5251 ), #3017, .T. ) ;
#3103 = PRESENTATION_LAYER_ASSIGNMENT (  '', '', ( #6179 ) ) ;
#3104 = ORIENTED_EDGE ( 'NONE', *, *, #3591, .T. ) ;
#3105 = VECTOR ( 'NONE', #4399, 1000.000000000000000 ) ;
#3106 = MECHANICAL_DESIGN_GEOMETRIC_PRESENTATION_REPRESENTATION (  '', ( #596 ), #3471 ) ;
#3107 = CARTESIAN_POINT ( 'NONE',  ( 0.1850416349347768200, 0.7384159153380889200, 0.9055036227724057000 ) ) ;
#3108 = DIRECTION ( 'NONE',  ( -0.0000000000000000000, -1.000000000000000000, -0.0000000000000000000 ) ) ;
#3109 = VERTEX_POINT ( 'NONE', #2967 ) ;
#3110 = FILL_AREA_STYLE ('',( #6558 ) ) ;
#3111 = VECTOR ( 'NONE', #2656, 1000.000000000000000 ) ;
#3112 = SURFACE_STYLE_USAGE ( .BOTH. , #5642 ) ;
#3113 = STYLED_ITEM ( 'NONE', ( #921 ), #2210 ) ;
#3114 = CIRCLE ( 'NONE', #641, 0.1999999999999999800 ) ;
#3115 = CARTESIAN_POINT ( 'NONE',  ( 1.249999999999999600, 0.008284271247462162900, 0.8986738835618639500 ) ) ;
#3116 = FACE_OUTER_BOUND ( 'NONE', #4182, .T. ) ;
#3117 = CARTESIAN_POINT ( 'NONE',  ( -1.150000000000000100, 0.3300000000000000200, 0.3250000000000001800 ) ) ;
#3118 = CARTESIAN_POINT ( 'NONE',  ( -1.250000000000000400, 0.3310000000000000200, 0.8986738835618647300 ) ) ;
#3119 = ORIENTED_EDGE ( 'NONE', *, *, #1248, .T. ) ;
#3120 = CARTESIAN_POINT ( 'NONE',  ( 0.0000000000000000000, 0.3310000000000000200, 0.0000000000000000000 ) ) ;
#3121 = PLANE ( 'NONE',  #594 ) ;
#3122 = FILL_AREA_STYLE_COLOUR ( '', #485 ) ;
#3123 = EDGE_CURVE ( 'NONE', #282, #2082, #5902, .T. ) ;
#3124 =( GEOMETRIC_REPRESENTATION_CONTEXT ( 3 ) GLOBAL_UNCERTAINTY_ASSIGNED_CONTEXT ( ( #1926 ) ) GLOBAL_UNIT_ASSIGNED_CONTEXT ( ( #6129, #1017, #5693 ) ) REPRESENTATION_CONTEXT ( 'NONE', 'WORKASPACE' ) );
#3125 = ORIENTED_EDGE ( 'NONE', *, *, #3680, .F. ) ;
#3126 = VERTEX_POINT ( 'NONE', #5441 ) ;
#3127 = CARTESIAN_POINT ( 'NONE',  ( -1.150000000000000100, 0.3310000000000000200, 0.9999999999999997800 ) ) ;
#3128 = CARTESIAN_POINT ( 'NONE',  ( 0.1821459103930926100, 0.7400000000001820700, 0.9012178477019563400 ) ) ;
#3129 = CARTESIAN_POINT ( 'NONE',  ( -0.0007988165680478640000, 0.0000000000000000000, 0.0009171597633142134500 ) ) ;
#3130 = CARTESIAN_POINT ( 'NONE',  ( 0.0000000000000000000, 0.0000000000000000000, 0.0000000000000000000 ) ) ;
#3131 = EDGE_LOOP ( 'NONE', ( #2846, #5696, #379, #1043 ) ) ;
#3132 = ADVANCED_FACE ( 'NONE', ( #4783 ), #1016, .F. ) ;
#3133 =( GEOMETRIC_REPRESENTATION_CONTEXT ( 3 ) GLOBAL_UNCERTAINTY_ASSIGNED_CONTEXT ( ( #93 ) ) GLOBAL_UNIT_ASSIGNED_CONTEXT ( ( #1819, #6376, #5892 ) ) REPRESENTATION_CONTEXT ( 'NONE', 'WORKASPACE' ) );
#3134 = EDGE_CURVE ( 'NONE', #989, #91, #1984, .T. ) ;
#3135 = ORIENTED_EDGE ( 'NONE', *, *, #1118, .F. ) ;
#3136 =( LENGTH_UNIT ( ) NAMED_UNIT ( * ) SI_UNIT ( .MILLI., .METRE. ) );
#3137 = DIRECTION ( 'NONE',  ( 0.0000000000000000000, 0.0000000000000000000, -1.000000000000000000 ) ) ;
#3138 = DIRECTION ( 'NONE',  ( 1.000000000000000000, 0.0000000000000000000, -6.505213034913037600E-015 ) ) ;
#3139 = CIRCLE ( 'NONE', #4778, 0.04936395605478413600 ) ;
#3140 = AXIS2_PLACEMENT_3D ( 'NONE', #4246, #5306, #2268 ) ;
#3141 = UNCERTAINTY_MEASURE_WITH_UNIT (LENGTH_MEASURE( 1.000000000000000100E-005 ), #2058, 'distance_accuracy_value', 'NONE');
#3142 = ORIENTED_EDGE ( 'NONE', *, *, #4470, .T. ) ;
#3143 = FILL_AREA_STYLE ('',( #3122 ) ) ;
#3144 = DIRECTION ( 'NONE',  ( 1.000000000000000000, -0.0000000000000000000, -1.302744525538082600E-016 ) ) ;
#3145 = VECTOR ( 'NONE', #5391, 1000.000000000000000 ) ;
#3146 = VECTOR ( 'NONE', #5855, 1000.000000000000000 ) ;
#3147 = ORIENTED_EDGE ( 'NONE', *, *, #5824, .T. ) ;
#3148 = VECTOR ( 'NONE', #6147, 1000.000000000000000 ) ;
#3149 = CARTESIAN_POINT ( 'NONE',  ( -1.741891754803157100E-016, 0.3300000000000000200, -0.8999999999999998000 ) ) ;
#3150 = MECHANICAL_DESIGN_GEOMETRIC_PRESENTATION_REPRESENTATION (  '', ( #5201 ), #1093 ) ;
#3151 = PLANE ( 'NONE',  #5285 ) ;
#3152 = DIRECTION ( 'NONE',  ( 0.0000000000000000000, 0.0000000000000000000, -1.000000000000000000 ) ) ;
#3153 = EDGE_LOOP ( 'NONE', ( #4099, #1961, #3069, #1193 ) ) ;
#3154 = CYLINDRICAL_SURFACE ( 'NONE', #1122, 0.01000000000000002600 ) ;
#3155 =( NAMED_UNIT ( * ) SI_UNIT ( $, .STERADIAN. ) SOLID_ANGLE_UNIT ( ) );
#3156 = PRESENTATION_LAYER_ASSIGNMENT (  '', '', ( #4755 ) ) ;
#3157 = ORIENTED_EDGE ( 'NONE', *, *, #5130, .F. ) ;
#3158 = ORIENTED_EDGE ( 'NONE', *, *, #3876, .T. ) ;
#3159 = ORIENTED_EDGE ( 'NONE', *, *, #2174, .F. ) ;
#3160 = CARTESIAN_POINT ( 'NONE',  ( 0.4750000000000001400, 0.0000000000000000000, 0.8999999999999999100 ) ) ;
#3161 = DIRECTION ( 'NONE',  ( -1.000000000000000000, 0.0000000000000000000, 4.444332872337274000E-016 ) ) ;
#3162 = PRESENTATION_STYLE_ASSIGNMENT (( #3112 ) ) ;
#3163 =( LENGTH_UNIT ( ) NAMED_UNIT ( * ) SI_UNIT ( .MILLI., .METRE. ) );
#3164 = VERTEX_POINT ( 'NONE', #5022 ) ;
#3165 =( NAMED_UNIT ( * ) SI_UNIT ( $, .STERADIAN. ) SOLID_ANGLE_UNIT ( ) );
#3166 = CARTESIAN_POINT ( 'NONE',  ( -0.1000000000000000100, 0.0000000000000000000, -0.9600000000000000800 ) ) ;
#3167 = ADVANCED_FACE ( 'NONE', ( #2325 ), #2021, .T. ) ;
#3168 = CARTESIAN_POINT ( 'NONE',  ( 1.247381284126717300, 0.5898939861650834800, 0.8974147029316669200 ) ) ;
#3169 = LINE ( 'NONE', #4635, #4552 ) ;
#3170 = LINE ( 'NONE', #2957, #5729 ) ;
#3171 = ORIENTED_EDGE ( 'NONE', *, *, #6300, .F. ) ;
#3172 = EDGE_CURVE ( 'NONE', #262, #2235, #3360, .T. ) ;
#3173 = DIRECTION ( 'NONE',  ( 0.0000000000000000000, 0.0000000000000000000, 1.000000000000000000 ) ) ;
#3174 = AXIS2_PLACEMENT_3D ( 'NONE', #370, #6484, #2963 ) ;
#3175 = EDGE_CURVE ( 'NONE', #1618, #3871, #630, .T. ) ;
#3176 = PLANE ( 'NONE',  #1178 ) ;
#3177 = EDGE_LOOP ( 'NONE', ( #6320, #1889, #3279, #390 ) ) ;
#3178 = CARTESIAN_POINT ( 'NONE',  ( -1.150912499428409900, 0.5989068431391080200, -0.9865216013386198800 ) ) ;
#3179 = DIRECTION ( 'NONE',  ( 1.000000000000000000, 0.0000000000000000000, -0.0000000000000000000 ) ) ;
#3180 = LINE ( 'NONE', #2603, #3508 ) ;
#3181 = UNCERTAINTY_MEASURE_WITH_UNIT (LENGTH_MEASURE( 1.000000000000000100E-005 ), #6009, 'distance_accuracy_value', 'NONE');
#3182 = CARTESIAN_POINT ( 'NONE',  ( -1.019999999999999800, 0.7409999999999999900, -0.7599999999999996800 ) ) ;
#3183 = ORIENTED_EDGE ( 'NONE', *, *, #4167, .F. ) ;
#3184 = DIRECTION ( 'NONE',  ( 0.0000000000000000000, -0.0000000000000000000, -1.000000000000000000 ) ) ;
#3185 = DIRECTION ( 'NONE',  ( -0.0000000000000000000, 0.0000000000000000000, 1.000000000000000000 ) ) ;
#3186 = CYLINDRICAL_SURFACE ( 'NONE', #1743, 0.02000000000000005200 ) ;
#3187 =( NAMED_UNIT ( * ) SI_UNIT ( $, .STERADIAN. ) SOLID_ANGLE_UNIT ( ) );
#3188 = ORIENTED_EDGE ( 'NONE', *, *, #5962, .T. ) ;
#3189 = SURFACE_STYLE_FILL_AREA ( #391 ) ;
#3190 = VERTEX_POINT ( 'NONE', #541 ) ;
#3191 = EDGE_CURVE ( 'NONE', #2188, #1611, #6516, .T. ) ;
#3192 = CARTESIAN_POINT ( 'NONE',  ( 0.1000000000000000100, 0.0000000000000000000, 0.9600000000000000800 ) ) ;
#3193 = PLANE ( 'NONE',  #5903 ) ;
#3194 = AXIS2_PLACEMENT_3D ( 'NONE', #2087, #6194, #6177 ) ;
#3195 = CARTESIAN_POINT ( 'NONE',  ( 1.119000000000000400, 0.7409999999999999900, 0.7600000000000003400 ) ) ;
#3196 = DIRECTION ( 'NONE',  ( -4.444332872337274000E-016, 0.0000000000000000000, -1.000000000000000000 ) ) ;
#3197 = ORIENTED_EDGE ( 'NONE', *, *, #5987, .T. ) ;
#3198 = LINE ( 'NONE', #714, #4578 ) ;
#3199 = VECTOR ( 'NONE', #869, 1000.000000000000000 ) ;
#3200 =( GEOMETRIC_REPRESENTATION_CONTEXT ( 3 ) GLOBAL_UNCERTAINTY_ASSIGNED_CONTEXT ( ( #6412 ) ) GLOBAL_UNIT_ASSIGNED_CONTEXT ( ( #47, #2596, #3594 ) ) REPRESENTATION_CONTEXT ( 'NONE', 'WORKASPACE' ) );
#3201 = SURFACE_SIDE_STYLE ('',( #555 ) ) ;
#3202 = SURFACE_STYLE_FILL_AREA ( #6171 ) ;
#3203 = CARTESIAN_POINT ( 'NONE',  ( -1.149999511885388100, 0.5831340526420386600, -0.9998145576449162200 ) ) ;
#3204 = DIRECTION ( 'NONE',  ( 1.000000000000000000, -0.0000000000000000000, -1.302744525538082600E-016 ) ) ;
#3205 = CARTESIAN_POINT ( 'NONE',  ( 1.249291992484016900, 0.5852743744696423700, -0.8992944812673726600 ) ) ;
#3206 = ADVANCED_FACE ( 'NONE', ( #461 ), #1913, .T. ) ;
#3207 = VECTOR ( 'NONE', #4193, 1000.000000000000000 ) ;
#3208 = FACE_OUTER_BOUND ( 'NONE', #6405, .T. ) ;
#3209 = EDGE_CURVE ( 'NONE', #1589, #2832, #6586, .T. ) ;
#3210 = LINE ( 'NONE', #1072, #2262 ) ;
#3211 = ORIENTED_EDGE ( 'NONE', *, *, #4908, .T. ) ;
#3212 =( LENGTH_UNIT ( ) NAMED_UNIT ( * ) SI_UNIT ( .MILLI., .METRE. ) );
#3213 = COLOUR_RGB ( '',1.000000000000000000, 0.8823529411764705600, 0.3764705882352941100 ) ;
#3214 = DIRECTION ( 'NONE',  ( 0.0000000000000000000, -1.000000000000000000, 0.0000000000000000000 ) ) ;
#3215 = CARTESIAN_POINT ( 'NONE',  ( 1.035185185185185400, 0.0000000000000000000, -0.9000000000000001300 ) ) ;
#3216 = SURFACE_STYLE_USAGE ( .BOTH. , #245 ) ;
#3217 = PRESENTATION_STYLE_ASSIGNMENT (( #12 ) ) ;
#3218 = EDGE_CURVE ( 'NONE', #3720, #989, #6073, .T. ) ;
#3219 = CARTESIAN_POINT ( 'NONE',  ( 0.4740000000000001400, 0.3310000000000000200, 0.3240000000000001800 ) ) ;
#3220 = ORIENTED_EDGE ( 'NONE', *, *, #4299, .T. ) ;
#3221 = CARTESIAN_POINT ( 'NONE',  ( 0.9116385613682934700, 0.8010000000000000500, -0.6469271944712617900 ) ) ;
#3222 = DIRECTION ( 'NONE',  ( -0.0000000000000000000, -1.000000000000000000, -0.0000000000000000000 ) ) ;
#3223 = VECTOR ( 'NONE', #5947, 1000.000000000000000 ) ;
#3224 = AXIS2_PLACEMENT_3D ( 'NONE', #2693, #1163, #6248 ) ;
#3225 = ORIENTED_EDGE ( 'NONE', *, *, #5740, .F. ) ;
#3226 = UNCERTAINTY_MEASURE_WITH_UNIT (LENGTH_MEASURE( 1.000000000000000100E-005 ), #3240, 'distance_accuracy_value', 'NONE');
#3227 = DIRECTION ( 'NONE',  ( 1.000000000000000000, -0.0000000000000000000, -0.0000000000000000000 ) ) ;
#3228 = SURFACE_STYLE_FILL_AREA ( #626 ) ;
#3229 = LINE ( 'NONE', #1566, #4916 ) ;
#3230 = FILL_AREA_STYLE ('',( #168 ) ) ;
#3231 = DIRECTION ( 'NONE',  ( 0.0000000000000000000, -1.000000000000000000, 0.0000000000000000000 ) ) ;
#3232 = CARTESIAN_POINT ( 'NONE',  ( -1.019999999999999800, 0.7810000000000000300, 0.7600000000000006800 ) ) ;
#3233 = VERTEX_POINT ( 'NONE', #1574 ) ;
#3234 = CARTESIAN_POINT ( 'NONE',  ( -1.132066353040787700, 0.5999960550450437200, 0.9804584633714708000 ) ) ;
#3235 = EDGE_CURVE ( 'NONE', #5424, #806, #1333, .T. ) ;
#3236 = VECTOR ( 'NONE', #5738, 1000.000000000000000 ) ;
#3237 = COLOUR_RGB ( '',1.000000000000000000, 0.8823529411764705600, 0.3764705882352941100 ) ;
#3238 = EDGE_CURVE ( 'NONE', #5040, #2353, #3169, .T. ) ;
#3239 = DIRECTION ( 'NONE',  ( 0.0000000000000000000, 0.0000000000000000000, 1.000000000000000000 ) ) ;
#3240 =( LENGTH_UNIT ( ) NAMED_UNIT ( * ) SI_UNIT ( .MILLI., .METRE. ) );
#3241 = CARTESIAN_POINT ( 'NONE',  ( -1.138965851175795900, -1.376411231660105400E-017, 0.9917157287525376600 ) ) ;
#3242 =( GEOMETRIC_REPRESENTATION_CONTEXT ( 3 ) GLOBAL_UNCERTAINTY_ASSIGNED_CONTEXT ( ( #5177 ) ) GLOBAL_UNIT_ASSIGNED_CONTEXT ( ( #2206, #1666, #4724 ) ) REPRESENTATION_CONTEXT ( 'NONE', 'WORKASPACE' ) );
#3243 = ORIENTED_EDGE ( 'NONE', *, *, #6413, .T. ) ;
#3244 = CARTESIAN_POINT ( 'NONE',  ( 0.0000000000000000000, 0.3300000000000000200, -0.3250000000000001800 ) ) ;
#3245 = FACE_OUTER_BOUND ( 'NONE', #1225, .T. ) ;
#3246 = DIRECTION ( 'NONE',  ( 1.000000000000000000, -0.0000000000000000000, -0.0000000000000000000 ) ) ;
#3247 = FILL_AREA_STYLE ('',( #3273 ) ) ;
#3248 = CARTESIAN_POINT ( 'NONE',  ( -0.09999999999999853500, 0.5999999999999999800, -0.8589999999999988800 ) ) ;
#3249 = ADVANCED_FACE ( 'NONE', ( #2148 ), #3121, .F. ) ;
#3250 = DIRECTION ( 'NONE',  ( -0.0000000000000000000, -1.000000000000000000, 0.0000000000000000000 ) ) ;
#3251 = AXIS2_PLACEMENT_3D ( 'NONE', #1406, #3485, #3988 ) ;
#3252 = DIRECTION ( 'NONE',  ( -1.000000000000000000, 0.0000000000000000000, 0.0000000000000000000 ) ) ;
#3253 = ORIENTED_EDGE ( 'NONE', *, *, #6386, .F. ) ;
#3254 = ORIENTED_EDGE ( 'NONE', *, *, #1971, .T. ) ;
#3255 = CARTESIAN_POINT ( 'NONE',  ( 0.1890890346922876300, 0.6346423926862478900, -0.9124169788937628300 ) ) ;
#3256 = PRESENTATION_LAYER_ASSIGNMENT (  '', '', ( #5675 ) ) ;
#3257 = DIRECTION ( 'NONE',  ( -1.000000000000000000, 0.0000000000000000000, -0.0000000000000000000 ) ) ;
#3258 = CARTESIAN_POINT ( 'NONE',  ( 0.4740000000000001400, 0.3310000000000000200, -0.6245857864376270800 ) ) ;
#3259 = CARTESIAN_POINT ( 'NONE',  ( -1.230687251804319300, 0.5999881886362288300, 0.8822606708056453000 ) ) ;
#3260 = FILL_AREA_STYLE_COLOUR ( '', #4070 ) ;
#3261 = ORIENTED_EDGE ( 'NONE', *, *, #1136, .F. ) ;
#3262 =( LENGTH_UNIT ( ) NAMED_UNIT ( * ) SI_UNIT ( .MILLI., .METRE. ) );
#3263 = VERTEX_POINT ( 'NONE', #5692 ) ;
#3264 = LINE ( 'NONE', #4862, #1558 ) ;
#3265 = ORIENTED_EDGE ( 'NONE', *, *, #5851, .T. ) ;
#3266 = DIRECTION ( 'NONE',  ( -1.000000000000000000, 0.0000000000000000000, 1.935435283114619600E-016 ) ) ;
#3267 =( NAMED_UNIT ( * ) SI_UNIT ( $, .STERADIAN. ) SOLID_ANGLE_UNIT ( ) );
#3268 = EDGE_CURVE ( 'NONE', #3556, #3903, #4389, .T. ) ;
#3269 = ORIENTED_EDGE ( 'NONE', *, *, #4154, .F. ) ;
#3270 = LINE ( 'NONE', #5765, #5818 ) ;
#3271 = PRESENTATION_LAYER_ASSIGNMENT (  '', '', ( #3681 ) ) ;
#3272 = CARTESIAN_POINT ( 'NONE',  ( 0.0000000000000000000, 0.7299999999999999800, -0.8999999999999996900 ) ) ;
#3273 = FILL_AREA_STYLE_COLOUR ( '', #1172 ) ;
#3274 = CARTESIAN_POINT ( 'NONE',  ( -1.250000000000000200, 0.02000000000000005200, -0.9799999999999999800 ) ) ;
#3275 = ORIENTED_EDGE ( 'NONE', *, *, #2889, .T. ) ;
#3276 = DIRECTION ( 'NONE',  ( 1.000000000000000000, 0.0000000000000000000, -0.0000000000000000000 ) ) ;
#3277 = FACE_OUTER_BOUND ( 'NONE', #4051, .T. ) ;
#3278 = AXIS2_PLACEMENT_3D ( 'NONE', #3429, #1797, #2950 ) ;
#3279 = ORIENTED_EDGE ( 'NONE', *, *, #1156, .F. ) ;
#3280 = EDGE_LOOP ( 'NONE', ( #4608, #6213, #5004, #1579 ) ) ;
#3281 =( NAMED_UNIT ( * ) SI_UNIT ( $, .STERADIAN. ) SOLID_ANGLE_UNIT ( ) );
#3282 = DIRECTION ( 'NONE',  ( 0.0000000000000000000, 0.0000000000000000000, 1.000000000000000000 ) ) ;
#3283 = ORIENTED_EDGE ( 'NONE', *, *, #4113, .T. ) ;
#3284 = FILL_AREA_STYLE ('',( #6325 ) ) ;
#3285 = VECTOR ( 'NONE', #4827, 1000.000000000000000 ) ;
#3286 = ADVANCED_FACE ( 'NONE', ( #454 ), #3011, .T. ) ;
#3287 = DIRECTION ( 'NONE',  ( 0.0000000000000000000, 0.0000000000000000000, -1.000000000000000000 ) ) ;
#3288 = SURFACE_STYLE_FILL_AREA ( #4902 ) ;
#3289 = MECHANICAL_DESIGN_GEOMETRIC_PRESENTATION_REPRESENTATION (  '', ( #5234 ), #3964 ) ;
#3290 = ORIENTED_EDGE ( 'NONE', *, *, #5482, .F. ) ;
#3291 = VECTOR ( 'NONE', #5764, 1000.000000000000000 ) ;
#3292 = SURFACE_STYLE_USAGE ( .BOTH. , #5760 ) ;
#3293 = MECHANICAL_DESIGN_GEOMETRIC_PRESENTATION_REPRESENTATION (  '', ( #3057 ), #2270 ) ;
#3294 = CARTESIAN_POINT ( 'NONE',  ( -0.4750000000000002000, 0.3300000000000000200, -0.3250000000000001800 ) ) ;
#3295 =( NAMED_UNIT ( * ) SI_UNIT ( $, .STERADIAN. ) SOLID_ANGLE_UNIT ( ) );
#3296 = SURFACE_STYLE_USAGE ( .BOTH. , #183 ) ;
#3297 = CARTESIAN_POINT ( 'NONE',  ( 0.0000000000000000000, 0.0000000000000000000, -0.9009999999999999100 ) ) ;
#3298 = CARTESIAN_POINT ( 'NONE',  ( 1.131678404338007500, 0.5999999999999999800, 0.9799999999999997600 ) ) ;
#3299 = SURFACE_STYLE_FILL_AREA ( #4393 ) ;
#3300 = MECHANICAL_DESIGN_GEOMETRIC_PRESENTATION_REPRESENTATION (  '', ( #851 ), #1522 ) ;
#3301 = ORIENTED_EDGE ( 'NONE', *, *, #2548, .T. ) ;
#3302 = VECTOR ( 'NONE', #4118, 1000.000000000000000 ) ;
#3303 = VECTOR ( 'NONE', #1464, 1000.000000000000000 ) ;
#3305 = ORIENTED_EDGE ( 'NONE', *, *, #6544, .T. ) ;
#3304 = CARTESIAN_POINT ( 'NONE',  ( 1.229999999999999800, 0.5999999999999999800, -0.8816784043380072600 ) ) ;
#3306 = VECTOR ( 'NONE', #5799, 1000.000000000000000 ) ;
#3307 = AXIS2_PLACEMENT_3D ( 'NONE', #2850, #3383, #3287 ) ;
#3308 = COLOUR_RGB ( '',1.000000000000000000, 0.8823529411764705600, 0.3764705882352941100 ) ;
#3309 = SURFACE_SIDE_STYLE ('',( #1411 ) ) ;
#3310 = CARTESIAN_POINT ( 'NONE',  ( 1.250000000000000200, 0.3300000000000000200, -1.000000000000000000 ) ) ;
#3311 = ORIENTED_EDGE ( 'NONE', *, *, #2611, .T. ) ;
#3312 = ORIENTED_EDGE ( 'NONE', *, *, #4946, .T. ) ;
#3313 = CARTESIAN_POINT ( 'NONE',  ( -1.219999999999999800, 0.5999999999999999800, 0.9600000000000000800 ) ) ;
#3314 = EDGE_CURVE ( 'NONE', #5609, #6086, #3648, .T. ) ;
#3315 = DIRECTION ( 'NONE',  ( 0.0000000000000000000, -1.000000000000000000, 0.0000000000000000000 ) ) ;
#3316 = VERTEX_POINT ( 'NONE', #3678 ) ;
#3317 = SURFACE_STYLE_USAGE ( .BOTH. , #2838 ) ;
#3318 = SURFACE_STYLE_USAGE ( .BOTH. , #5872 ) ;
#3319 = CARTESIAN_POINT ( 'NONE',  ( -0.4740000000000001400, 0.3310000000000000200, -0.3240000000000001800 ) ) ;
#3320 = LINE ( 'NONE', #2219, #5298 ) ;
#3321 = VERTEX_POINT ( 'NONE', #1138 ) ;
#3322 = CARTESIAN_POINT ( 'NONE',  ( 1.148843479894256200, 0.5869356331318318400, -0.9988378092117303800 ) ) ;
#3323 = CARTESIAN_POINT ( 'NONE',  ( -1.250000000000000200, 0.5999999999999999800, 0.9999999999999997800 ) ) ;
#3324 = ADVANCED_FACE ( 'NONE', ( #6367 ), #545, .T. ) ;
#3325 =( LENGTH_UNIT ( ) NAMED_UNIT ( * ) SI_UNIT ( .MILLI., .METRE. ) );
#3326 = EDGE_CURVE ( 'NONE', #95, #2781, #48, .T. ) ;
#3327 = UNCERTAINTY_MEASURE_WITH_UNIT (LENGTH_MEASURE( 1.000000000000000100E-005 ), #2068, 'distance_accuracy_value', 'NONE');
#3328 = MECHANICAL_DESIGN_GEOMETRIC_PRESENTATION_REPRESENTATION (  '', ( #6531 ), #797 ) ;
#3329 = PRESENTATION_LAYER_ASSIGNMENT (  '', '', ( #4771 ) ) ;
#3330 = COLOUR_RGB ( '',1.000000000000000000, 0.8823529411764705600, 0.3764705882352941100 ) ;
#3331 = DIRECTION ( 'NONE',  ( 0.0000000000000000000, 0.0000000000000000000, 1.000000000000000000 ) ) ;
#3332 = PLANE ( 'NONE',  #3450 ) ;
#3333 = DIRECTION ( 'NONE',  ( 1.000000000000000000, 0.0000000000000000000, 0.0000000000000000000 ) ) ;
#3334 = ORIENTED_EDGE ( 'NONE', *, *, #6394, .F. ) ;
#3335 = ORIENTED_EDGE ( 'NONE', *, *, #6335, .F. ) ;
#3336 = VECTOR ( 'NONE', #1227, 1000.000000000000000 ) ;
#3337 = DIRECTION ( 'NONE',  ( -1.000000000000000000, 0.0000000000000000000, -0.0000000000000000000 ) ) ;
#3338 = LINE ( 'NONE', #4150, #3148 ) ;
#3339 = CARTESIAN_POINT ( 'NONE',  ( -1.019999999999999800, 0.6500000000000000200, 0.7600000000000006800 ) ) ;
#3340 = CARTESIAN_POINT ( 'NONE',  ( 0.7745857864376272100, 0.3310000000000000200, -0.3240000000000002300 ) ) ;
#3341 = ORIENTED_EDGE ( 'NONE', *, *, #762, .F. ) ;
#3342 = EDGE_CURVE ( 'NONE', #4522, #2781, #3270, .T. ) ;
#3343 = CARTESIAN_POINT ( 'NONE',  ( -1.019999999999999800, 0.8010000000000000500, -0.7599999999999996800 ) ) ;
#3344 = CARTESIAN_POINT ( 'NONE',  ( -1.151000000000000200, -0.0000000000000000000, -0.8124480771102521300 ) ) ;
#3345 = SURFACE_SIDE_STYLE ('',( #3288 ) ) ;
#3346 = PRESENTATION_LAYER_ASSIGNMENT (  '', '', ( #2733 ) ) ;
#3347 = ORIENTED_EDGE ( 'NONE', *, *, #5408, .F. ) ;
#3348 = DIRECTION ( 'NONE',  ( 0.7540815958863071900, 0.0000000000000000000, 0.6567807448042002300 ) ) ;
#3349 = ORIENTED_EDGE ( 'NONE', *, *, #3734, .T. ) ;
#3350 = DIRECTION ( 'NONE',  ( 1.000000000000000000, 0.0000000000000000000, 0.0000000000000000000 ) ) ;
#3351 = MECHANICAL_DESIGN_GEOMETRIC_PRESENTATION_REPRESENTATION (  '', ( #4502 ), #273 ) ;
#3352 = CARTESIAN_POINT ( 'NONE',  ( 1.035185185185185400, 0.3300000000000000200, -0.9000000000000001300 ) ) ;
#3353 =( LENGTH_UNIT ( ) NAMED_UNIT ( * ) SI_UNIT ( .MILLI., .METRE. ) );
#3354 = ORIENTED_EDGE ( 'NONE', *, *, #5521, .F. ) ;
#3355 = ORIENTED_EDGE ( 'NONE', *, *, #162, .F. ) ;
#3356 = DIRECTION ( 'NONE',  ( 0.0000000000000000000, 0.0000000000000000000, 1.000000000000000000 ) ) ;
#3357 = EDGE_CURVE ( 'NONE', #989, #6280, #4475, .T. ) ;
#3358 = LINE ( 'NONE', #6243, #4903 ) ;
#3359 = VERTEX_POINT ( 'NONE', #1207 ) ;
#3360 = LINE ( 'NONE', #2528, #3982 ) ;
#3361 = EDGE_CURVE ( 'NONE', #6387, #2786, #4630, .T. ) ;
#3362 = CARTESIAN_POINT ( 'NONE',  ( 0.5492928932188135800, 0.3310000000000000200, -0.5492928932188136900 ) ) ;
#3363 = FILL_AREA_STYLE_COLOUR ( '', #2554 ) ;
#3364 = EDGE_CURVE ( 'NONE', #159, #4942, #3642, .T. ) ;
#3365 = PRESENTATION_LAYER_ASSIGNMENT (  '', '', ( #614 ) ) ;
#3366 = ORIENTED_EDGE ( 'NONE', *, *, #4729, .F. ) ;
#3367 = LINE ( 'NONE', #5399, #1345 ) ;
#3368 = PLANE ( 'NONE',  #2925 ) ;
#3369 = CIRCLE ( 'NONE', #3958, 0.1200000000000000900 ) ;
#3370 = VECTOR ( 'NONE', #5204, 1000.000000000000000 ) ;
#3371 = DIRECTION ( 'NONE',  ( 0.0000000000000000000, -0.0000000000000000000, 1.000000000000000000 ) ) ;
#3372 = SURFACE_STYLE_USAGE ( .BOTH. , #2078 ) ;
#3373 = CARTESIAN_POINT ( 'NONE',  ( 0.4750000000000002000, 0.0000000000000000000, 0.3250000000000001800 ) ) ;
#3374 = ORIENTED_EDGE ( 'NONE', *, *, #2304, .F. ) ;
#3375 = ORIENTED_EDGE ( 'NONE', *, *, #1242, .T. ) ;
#3376 = FACE_OUTER_BOUND ( 'NONE', #4140, .T. ) ;
#3377 = MECHANICAL_DESIGN_GEOMETRIC_PRESENTATION_REPRESENTATION (  '', ( #6429 ), #2077 ) ;
#3378 = EDGE_CURVE ( 'NONE', #1888, #3321, #6279, .T. ) ;
#3379 = ORIENTED_EDGE ( 'NONE', *, *, #6207, .F. ) ;
#3380 = COLOUR_RGB ( '',1.000000000000000000, 0.8823529411764705600, 0.3764705882352941100 ) ;
#3381 = VECTOR ( 'NONE', #6273, 1000.000000000000000 ) ;
#3382 = TOROIDAL_SURFACE ( 'NONE', #1098, 0.07900000000000007000, 0.02000000000000000000 ) ;
#3383 = DIRECTION ( 'NONE',  ( -0.0000000000000000000, -1.000000000000000000, -0.0000000000000000000 ) ) ;
#3384 = AXIS2_PLACEMENT_3D ( 'NONE', #2986, #5575, #3009 ) ;
#3385 = FACE_OUTER_BOUND ( 'NONE', #3557, .T. ) ;
#3386 = DIRECTION ( 'NONE',  ( 5.421010862427557700E-016, -0.0000000000000000000, 1.000000000000000000 ) ) ;
#3387 = CARTESIAN_POINT ( 'NONE',  ( -1.019999999999999800, 0.7299999999999999800, -0.7599999999999996800 ) ) ;
#3388 = DIRECTION ( 'NONE',  ( 0.0000000000000000000, -0.0000000000000000000, 1.000000000000000000 ) ) ;
#3389 = FACE_OUTER_BOUND ( 'NONE', #5605, .T. ) ;
#3390 =( GEOMETRIC_REPRESENTATION_CONTEXT ( 3 ) GLOBAL_UNCERTAINTY_ASSIGNED_CONTEXT ( ( #3667 ) ) GLOBAL_UNIT_ASSIGNED_CONTEXT ( ( #5572, #4549, #3007 ) ) REPRESENTATION_CONTEXT ( 'NONE', 'WORKASPACE' ) );
#3391 = ORIENTED_EDGE ( 'NONE', *, *, #4387, .F. ) ;
#3392 = DIRECTION ( 'NONE',  ( 1.000000000000000000, 0.0000000000000000000, 4.444332872337274000E-016 ) ) ;
#3393 = PLANE ( 'NONE',  #674 ) ;
#3394 = CARTESIAN_POINT ( 'NONE',  ( -1.125514458904363300, 0.0000000000000000000, 0.9799999999999997600 ) ) ;
#3395 = AXIS2_PLACEMENT_3D ( 'NONE', #2074, #1479, #2583 ) ;
#3396 = SURFACE_STYLE_FILL_AREA ( #4574 ) ;
#3397 = SURFACE_SIDE_STYLE ('',( #2818 ) ) ;
#3398 = CARTESIAN_POINT ( 'NONE',  ( -1.250000000000000200, 0.0000000000000000000, 0.9000000000000000200 ) ) ;
#3399 = ORIENTED_EDGE ( 'NONE', *, *, #1491, .T. ) ;
#3400 = MECHANICAL_DESIGN_GEOMETRIC_PRESENTATION_REPRESENTATION (  '', ( #3113 ), #3718 ) ;
#3401 =( LENGTH_UNIT ( ) NAMED_UNIT ( * ) SI_UNIT ( .MILLI., .METRE. ) );
#3402 = ADVANCED_FACE ( 'NONE', ( #3496 ), #4305, .T. ) ;
#3403 = CIRCLE ( 'NONE', #3931, 0.1000000000000001600 ) ;
#3404 = ORIENTED_EDGE ( 'NONE', *, *, #2621, .T. ) ;
#3405 = ORIENTED_EDGE ( 'NONE', *, *, #1853, .T. ) ;
#3406 = FACE_OUTER_BOUND ( 'NONE', #2434, .T. ) ;
#3407 = SURFACE_STYLE_FILL_AREA ( #584 ) ;
#3408 = CIRCLE ( 'NONE', #2779, 0.02000000000000005200 ) ;
#3409 = ORIENTED_EDGE ( 'NONE', *, *, #66, .T. ) ;
#3410 = DIRECTION ( 'NONE',  ( -1.426581805901980400E-016, 0.0000000000000000000, 1.000000000000000000 ) ) ;
#3411 = DIRECTION ( 'NONE',  ( 0.0000000000000000000, 0.0000000000000000000, -1.000000000000000000 ) ) ;
#3412 = SURFACE_SIDE_STYLE ('',( #475 ) ) ;
#3413 = UNCERTAINTY_MEASURE_WITH_UNIT (LENGTH_MEASURE( 1.000000000000000100E-005 ), #2279, 'distance_accuracy_value', 'NONE');
#3414 = FACE_OUTER_BOUND ( 'NONE', #5113, .T. ) ;
#3415 =( NAMED_UNIT ( * ) SI_UNIT ( $, .STERADIAN. ) SOLID_ANGLE_UNIT ( ) );
#3416 = EDGE_CURVE ( 'NONE', #1155, #4986, #1079, .T. ) ;
#3417 = EDGE_CURVE ( 'NONE', #4504, #6272, #5961, .T. ) ;
#3418 = DIRECTION ( 'NONE',  ( 0.0000000000000000000, 0.0000000000000000000, -1.000000000000000000 ) ) ;
#3419 = ORIENTED_EDGE ( 'NONE', *, *, #4103, .T. ) ;
#3420 = FACE_OUTER_BOUND ( 'NONE', #5414, .T. ) ;
#3421 = CARTESIAN_POINT ( 'NONE',  ( 1.150000000000000100, 0.3300000000000000200, 0.3250000000000001800 ) ) ;
#3422 = AXIS2_PLACEMENT_3D ( 'NONE', #207, #634, #685 ) ;
#3423 = ORIENTED_EDGE ( 'NONE', *, *, #2316, .F. ) ;
#3424 = CARTESIAN_POINT ( 'NONE',  ( 1.172470072984274100E-016, 0.7299999999999999800, 0.9000000000000003600 ) ) ;
#3425 = ORIENTED_EDGE ( 'NONE', *, *, #1580, .T. ) ;
#3426 = CARTESIAN_POINT ( 'NONE',  ( -0.1859399502220310000, 0.7371993992707537300, 0.9069403641335502800 ) ) ;
#3427 = ORIENTED_EDGE ( 'NONE', *, *, #1645, .T. ) ;
#3428 = CARTESIAN_POINT ( 'NONE',  ( -0.1937912798093057200, 0.6166310856862622400, 0.9223702780044182900 ) ) ;
#3429 = CARTESIAN_POINT ( 'NONE',  ( 0.4750000000000002600, 0.3300000000000000200, 4.478226364614045000E-017 ) ) ;
#3430 = ADVANCED_FACE ( 'NONE', ( #2392 ), #5857, .T. ) ;
#3431 = CARTESIAN_POINT ( 'NONE',  ( -1.245620643022572900, 0.5924898163141555400, -0.9000959398599622800 ) ) ;
#3432 = DIRECTION ( 'NONE',  ( -0.7540815958863055200, 0.0000000000000000000, 0.6567807448042021200 ) ) ;
#3433 = ORIENTED_EDGE ( 'NONE', *, *, #4729, .T. ) ;
#3434 = CARTESIAN_POINT ( 'NONE',  ( -0.4740000000000001400, 0.3310000000000000200, 0.9009999999999999100 ) ) ;
#3435 = MECHANICAL_DESIGN_GEOMETRIC_PRESENTATION_REPRESENTATION (  '', ( #3 ), #689 ) ;
#3436 = ORIENTED_EDGE ( 'NONE', *, *, #1073, .F. ) ;
#3437 =( NAMED_UNIT ( * ) PLANE_ANGLE_UNIT ( ) SI_UNIT ( $, .RADIAN. ) );
#3438 = CARTESIAN_POINT ( 'NONE',  ( -1.099000000000000000, 0.8010000000000000500, 0.7599999999999997900 ) ) ;
#3439 = COLOUR_RGB ( '',1.000000000000000000, 0.8823529411764705600, 0.3764705882352941100 ) ;
#3440 = EDGE_CURVE ( 'NONE', #6125, #2215, #932, .T. ) ;
#3441 = ORIENTED_EDGE ( 'NONE', *, *, #3734, .F. ) ;
#3442 =( LENGTH_UNIT ( ) NAMED_UNIT ( * ) SI_UNIT ( .MILLI., .METRE. ) );
#3443 = CARTESIAN_POINT ( 'NONE',  ( -0.1877553417177557400, 0.7299999999999999800, 0.9100000000000005900 ) ) ;
#3444 = FACE_OUTER_BOUND ( 'NONE', #1657, .T. ) ;
#3445 = EDGE_CURVE ( 'NONE', #1732, #4626, #5007, .T. ) ;
#3446 = ORIENTED_EDGE ( 'NONE', *, *, #2619, .F. ) ;
#3447 =( NAMED_UNIT ( * ) SI_UNIT ( $, .STERADIAN. ) SOLID_ANGLE_UNIT ( ) );
#3448 = SURFACE_STYLE_USAGE ( .BOTH. , #4544 ) ;
#3449 = PRESENTATION_STYLE_ASSIGNMENT (( #5873 ) ) ;
#3450 = AXIS2_PLACEMENT_3D ( 'NONE', #4396, #778, #5370 ) ;
#3451 = ORIENTED_EDGE ( 'NONE', *, *, #4076, .F. ) ;
#3452 = FACE_OUTER_BOUND ( 'NONE', #5371, .T. ) ;
#3453 = DIRECTION ( 'NONE',  ( -1.000000000000000000, 0.0000000000000000000, 1.084202172485504400E-016 ) ) ;
#3454 = CLOSED_SHELL ( 'NONE', ( #5581, #2879, #5791, #374, #6107, #1296, #2073, #3781, #4536 ) ) ;
#3455 = CIRCLE ( 'NONE', #2221, 0.1000000000000000500 ) ;
#3456 = VECTOR ( 'NONE', #4440, 1000.000000000000000 ) ;
#3457 = LINE ( 'NONE', #1177, #13 ) ;
#3458 = SURFACE_STYLE_FILL_AREA ( #1085 ) ;
#3459 =( GEOMETRIC_REPRESENTATION_CONTEXT ( 3 ) GLOBAL_UNCERTAINTY_ASSIGNED_CONTEXT ( ( #2658 ) ) GLOBAL_UNIT_ASSIGNED_CONTEXT ( ( #967, #2514, #3023 ) ) REPRESENTATION_CONTEXT ( 'NONE', 'WORKASPACE' ) );
#3460 = CIRCLE ( 'NONE', #1354, 0.02000000000000005200 ) ;
#3461 = VERTEX_POINT ( 'NONE', #4438 ) ;
#3462 = SURFACE_STYLE_FILL_AREA ( #956 ) ;
#3463 = EDGE_LOOP ( 'NONE', ( #5349, #3366, #5205, #2164 ) ) ;
#3464 = EDGE_CURVE ( 'NONE', #4975, #5485, #6110, .T. ) ;
#3465 = CARTESIAN_POINT ( 'NONE',  ( -0.1841172172697511700, 0.7391227989849370500, 0.9040956731657243700 ) ) ;
#3466 = COLOUR_RGB ( '',0.2509803921568627400, 0.2509803921568627400, 0.2509803921568627400 ) ;
#3467 = VERTEX_POINT ( 'NONE', #6379 ) ;
#3468 = CARTESIAN_POINT ( 'NONE',  ( -0.1980730139694721300, 0.6061042807669374500, 0.9353681003111734600 ) ) ;
#3469 = ORIENTED_EDGE ( 'NONE', *, *, #5501, .F. ) ;
#3470 = CARTESIAN_POINT ( 'NONE',  ( -0.4750000000000002600, 0.3300000000000000200, -4.478226364614045000E-017 ) ) ;
#3471 =( GEOMETRIC_REPRESENTATION_CONTEXT ( 3 ) GLOBAL_UNCERTAINTY_ASSIGNED_CONTEXT ( ( #3181 ) ) GLOBAL_UNIT_ASSIGNED_CONTEXT ( ( #6009, #2948, #4455 ) ) REPRESENTATION_CONTEXT ( 'NONE', 'WORKASPACE' ) );
#3472 = CARTESIAN_POINT ( 'NONE',  ( -0.1877553417177550100, 0.5999999999999999800, -0.9599999999999997400 ) ) ;
#3473 = ORIENTED_EDGE ( 'NONE', *, *, #6068, .F. ) ;
#3474 = FILL_AREA_STYLE_COLOUR ( '', #3954 ) ;
#3475 = DIRECTION ( 'NONE',  ( -0.0000000000000000000, -1.084202172485501800E-014, -1.000000000000000000 ) ) ;
#3476 = DIRECTION ( 'NONE',  ( 1.000000000000000000, -0.0000000000000000000, -0.0000000000000000000 ) ) ;
#3477 = VERTEX_POINT ( 'NONE', #5336 ) ;
#3478 = ORIENTED_EDGE ( 'NONE', *, *, #796, .F. ) ;
#3479 = CIRCLE ( 'NONE', #1659, 0.1000000000000001600 ) ;
#3480 = VERTEX_POINT ( 'NONE', #1865 ) ;
#3481 = EDGE_CURVE ( 'NONE', #4348, #1991, #71, .T. ) ;
#3482 = B_SPLINE_CURVE_WITH_KNOTS ( 'NONE', 3,
 ( #4345, #6420, #4391, #3806, #4324, #1272, #4860, #1250, #1801, #791, #5493, #5548, #1051, #4734, #6203, #6276, #3234, #124, #1216 ),
 .UNSPECIFIED., .F., .F.,
 ( 4, 3, 3, 3, 3, 3, 4 ),
 ( 0.0000000000000000000, 5.368245278561006700E-006, 1.068866317652898000E-005, 1.832296286797435300E-005, 2.855940547149997900E-005, 3.606341610772113200E-005, 3.696424283367318700E-005 ),
 .UNSPECIFIED. ) ;
#3483 = AXIS2_PLACEMENT_3D ( 'NONE', #4110, #1061, #2113 ) ;
#3484 = VECTOR ( 'NONE', #917, 1000.000000000000000 ) ;
#3485 = DIRECTION ( 'NONE',  ( -0.0000000000000000000, -1.000000000000000000, 0.0000000000000000000 ) ) ;
#3486 = CARTESIAN_POINT ( 'NONE',  ( 1.139339668631820000, 0.5981499770527650700, 0.9887954162122155600 ) ) ;
#3487 = FACE_OUTER_BOUND ( 'NONE', #2994, .T. ) ;
#3488 = EDGE_LOOP ( 'NONE', ( #5438, #1682, #283, #4453 ) ) ;
#3489 = EDGE_LOOP ( 'NONE', ( #4790, #2377, #3254, #2317 ) ) ;
#3490 = AXIS2_PLACEMENT_3D ( 'NONE', #3631, #5732, #155 ) ;
#3491 = DIRECTION ( 'NONE',  ( -0.0000000000000000000, -1.000000000000000000, -0.0000000000000000000 ) ) ;
#3492 = FILL_AREA_STYLE ('',( #2450 ) ) ;
#3493 = SURFACE_SIDE_STYLE ('',( #3189 ) ) ;
#3494 = EDGE_CURVE ( 'NONE', #1830, #2856, #1135, .T. ) ;
#3495 = ORIENTED_EDGE ( 'NONE', *, *, #2841, .T. ) ;
#3496 = FACE_OUTER_BOUND ( 'NONE', #6528, .T. ) ;
#3497 =( GEOMETRIC_REPRESENTATION_CONTEXT ( 3 ) GLOBAL_UNCERTAINTY_ASSIGNED_CONTEXT ( ( #2131 ) ) GLOBAL_UNIT_ASSIGNED_CONTEXT ( ( #6262, #678, #2237 ) ) REPRESENTATION_CONTEXT ( 'NONE', 'WORKASPACE' ) );
#3498 = ORIENTED_EDGE ( 'NONE', *, *, #3218, .T. ) ;
#3499 = CARTESIAN_POINT ( 'NONE',  ( -1.149999999999999900, 0.0000000000000000000, 1.000000000000000000 ) ) ;
#3500 = PRESENTATION_LAYER_ASSIGNMENT (  '', '', ( #222 ) ) ;
#3501 =( NAMED_UNIT ( * ) PLANE_ANGLE_UNIT ( ) SI_UNIT ( $, .RADIAN. ) );
#3502 = CARTESIAN_POINT ( 'NONE',  ( 1.148188001608059000, 0.5885003707310453300, 0.9981745748711347000 ) ) ;
#3503 = PLANE ( 'NONE',  #29 ) ;
#3504 = ORIENTED_EDGE ( 'NONE', *, *, #6416, .F. ) ;
#3505 = PRESENTATION_STYLE_ASSIGNMENT (( #4448 ) ) ;
#3506 = CARTESIAN_POINT ( 'NONE',  ( 0.09999999999999929800, 0.5999999999999999800, 0.8599999999999999900 ) ) ;
#3507 = MECHANICAL_DESIGN_GEOMETRIC_PRESENTATION_REPRESENTATION (  '', ( #4755 ), #5552 ) ;
#3508 = VECTOR ( 'NONE', #5054, 1000.000000000000000 ) ;
#3509 = FILL_AREA_STYLE ('',( #3474 ) ) ;
#3510 = CARTESIAN_POINT ( 'NONE',  ( 0.09999999999999929800, 0.0000000000000000000, -0.8599999999999999900 ) ) ;
#3511 = CARTESIAN_POINT ( 'NONE',  ( 0.0000000000000000000, 0.3300000000000000200, 0.0000000000000000000 ) ) ;
#3512 = ORIENTED_EDGE ( 'NONE', *, *, #5699, .F. ) ;
#3513 = UNCERTAINTY_MEASURE_WITH_UNIT (LENGTH_MEASURE( 1.000000000000000100E-005 ), #996, 'distance_accuracy_value', 'NONE');
#3514 = ADVANCED_FACE ( 'NONE', ( #1744 ), #6361, .F. ) ;
#3515 = ORIENTED_EDGE ( 'NONE', *, *, #2794, .T. ) ;
#3516 = CARTESIAN_POINT ( 'NONE',  ( -1.019999999999999800, 0.8010000000000000500, -0.7599999999999996800 ) ) ;
#3517 = ORIENTED_EDGE ( 'NONE', *, *, #2941, .F. ) ;
#3518 = LINE ( 'NONE', #1355, #5668 ) ;
#3519 = VERTEX_POINT ( 'NONE', #5411 ) ;
#3520 = CYLINDRICAL_SURFACE ( 'NONE', #2684, 0.02000000000000005200 ) ;
#3521 = LINE ( 'NONE', #140, #6459 ) ;
#3522 = DIRECTION ( 'NONE',  ( -0.0000000000000000000, -1.000000000000000000, -0.0000000000000000000 ) ) ;
#3523 = DIRECTION ( 'NONE',  ( -1.000000000000000000, 0.0000000000000000000, -1.084202172485501600E-014 ) ) ;
#3524 = FACE_OUTER_BOUND ( 'NONE', #6117, .T. ) ;
#3525 = EDGE_CURVE ( 'NONE', #5856, #2311, #5081, .T. ) ;
#3526 = AXIS2_PLACEMENT_3D ( 'NONE', #41, #2062, #565 ) ;
#3527 = AXIS2_PLACEMENT_3D ( 'NONE', #5690, #6174, #4107 ) ;
#3528 =( NAMED_UNIT ( * ) SI_UNIT ( $, .STERADIAN. ) SOLID_ANGLE_UNIT ( ) );
#3529 = SURFACE_STYLE_USAGE ( .BOTH. , #3030 ) ;
#3530 = VECTOR ( 'NONE', #2355, 1000.000000000000000 ) ;
#3531 = CARTESIAN_POINT ( 'NONE',  ( -1.250000000000000400, 0.02000000000000005200, -0.8986738835618647300 ) ) ;
#3532 = PRESENTATION_LAYER_ASSIGNMENT (  '', '', ( #992 ) ) ;
#3533 = ORIENTED_EDGE ( 'NONE', *, *, #2125, .T. ) ;
#3534 = COLOUR_RGB ( '',1.000000000000000000, 0.8823529411764705600, 0.3764705882352941100 ) ;
#3535 = CARTESIAN_POINT ( 'NONE',  ( 1.019999999999999100, 0.7299999999999999800, -0.9099999999999997000 ) ) ;
#3536 = EDGE_CURVE ( 'NONE', #1211, #4767, #4867, .T. ) ;
#3537 = ORIENTED_EDGE ( 'NONE', *, *, #1419, .F. ) ;
#3538 = CIRCLE ( 'NONE', #1978, 0.1499999999999999700 ) ;
#3539 = ORIENTED_EDGE ( 'NONE', *, *, #3946, .F. ) ;
#3540 = ORIENTED_EDGE ( 'NONE', *, *, #3494, .T. ) ;
#3541 = ADVANCED_FACE ( 'NONE', ( #2141 ), #309, .T. ) ;
#3542 = CARTESIAN_POINT ( 'NONE',  ( 0.4740000000000001400, 0.0000000000000000000, 0.0000000000000000000 ) ) ;
#3543 = DIRECTION ( 'NONE',  ( 0.0000000000000000000, 0.0000000000000000000, -1.000000000000000000 ) ) ;
#3544 = FILL_AREA_STYLE ('',( #1055 ) ) ;
#3545 = EDGE_CURVE ( 'NONE', #205, #2535, #5489, .T. ) ;
#3546 = CARTESIAN_POINT ( 'NONE',  ( -0.2000000000000000100, 0.5999999999999999800, -0.9600000000000006300 ) ) ;
#3547 = LINE ( 'NONE', #1374, #1380 ) ;
#3548 = LINE ( 'NONE', #1970, #220 ) ;
#3549 = DIRECTION ( 'NONE',  ( 1.000000000000000000, 0.0000000000000000000, 0.0000000000000000000 ) ) ;
#3550 = UNCERTAINTY_MEASURE_WITH_UNIT (LENGTH_MEASURE( 1.000000000000000100E-005 ), #2427, 'distance_accuracy_value', 'NONE');
#3551 = ORIENTED_EDGE ( 'NONE', *, *, #796, .T. ) ;
#3552 = EDGE_CURVE ( 'NONE', #2849, #4401, #855, .T. ) ;
#3553 = CARTESIAN_POINT ( 'NONE',  ( -0.1864225533919480500, 0.7364261303448219600, -0.9077260824713389000 ) ) ;
#3554 = STYLED_ITEM ( 'NONE', ( #2815 ), #5683 ) ;
#3555 = ORIENTED_EDGE ( 'NONE', *, *, #5945, .T. ) ;
#3556 = VERTEX_POINT ( 'NONE', #2821 ) ;
#3557 = EDGE_LOOP ( 'NONE', ( #6200, #6166, #4527, #142, #581, #1451 ) ) ;
#3558 = CARTESIAN_POINT ( 'NONE',  ( 1.020000000000000200, 0.7409999999999999900, -0.7599999999999995600 ) ) ;
#3559 = CLOSED_SHELL ( 'NONE', ( #4111, #1674, #3602, #6568, #4435, #3912, #1392, #1489, #1128, #4217, #4048, #6277, #5754, #3514, #2604, #2147, #430, #2909, #343, #6417, #4359, #1814, #4325, #3665, #3855, #1633, #3036, #249, #4, #2505, #1975, #1554, #3249, #2044, #5823, #6478, #1197, #2363, #2114, #4254, #5350, #147, #566, #6139, #2412, #4865, #4786, #3637, #5860, #6314, #3430, #742, #3705, #987, #3324, #3167, #933, #5428, #5314, #2712, #6244, #42, #4930, #601, #111, #1359, #1018, #5043, #3741, #672, #635, #4136, #2676, #2571, #1782, #528, #4179, #5949, #2744, #2246, #4720, #1050, #2024, #2777, #5490, #6535, #1707, #5716, #5242, #5207, #459, #5617, #1915, #2322, #3286, #5170, #3102, #184, #1087, #3402, #2288, #5652, #75 ) ) ;
#3560 =( GEOMETRIC_REPRESENTATION_CONTEXT ( 3 ) GLOBAL_UNCERTAINTY_ASSIGNED_CONTEXT ( ( #3934 ) ) GLOBAL_UNIT_ASSIGNED_CONTEXT ( ( #1924, #5526, #3990 ) ) REPRESENTATION_CONTEXT ( 'NONE', 'WORKASPACE' ) );
#3561 = CARTESIAN_POINT ( 'NONE',  ( 1.150000000000000100, 0.3310000000000000200, -1.000000000000000000 ) ) ;
#3562 = EDGE_CURVE ( 'NONE', #4275, #5319, #536, .T. ) ;
#3563 = CARTESIAN_POINT ( 'NONE',  ( -1.119000000000000000, 0.7810000000000000300, 0.7599999999999997900 ) ) ;
#3564 = EDGE_CURVE ( 'NONE', #2848, #6097, #3264, .T. ) ;
#3565 = EDGE_LOOP ( 'NONE', ( #1942, #1584, #2928, #2736, #5885, #5807 ) ) ;
#3566 = SURFACE_SIDE_STYLE ('',( #6372 ) ) ;
#3567 = SURFACE_SIDE_STYLE ('',( #3458 ) ) ;
#3568 = ADVANCED_FACE ( 'NONE', ( #240 ), #5894, .F. ) ;
#3569 =( GEOMETRIC_REPRESENTATION_CONTEXT ( 3 ) GLOBAL_UNCERTAINTY_ASSIGNED_CONTEXT ( ( #2310 ) ) GLOBAL_UNIT_ASSIGNED_CONTEXT ( ( #2259, #4773, #3281 ) ) REPRESENTATION_CONTEXT ( 'NONE', 'WORKASPACE' ) );
#3570 = ORIENTED_EDGE ( 'NONE', *, *, #1776, .T. ) ;
#3571 = CARTESIAN_POINT ( 'NONE',  ( 1.020000000000000200, 0.5999999999999999800, -0.7599999999999995600 ) ) ;
#3572 = ORIENTED_EDGE ( 'NONE', *, *, #2750, .T. ) ;
#3573 = CARTESIAN_POINT ( 'NONE',  ( 0.0000000000000000000, 0.7399999999999999900, 0.0000000000000000000 ) ) ;
#3574 = FILL_AREA_STYLE_COLOUR ( '', #5904 ) ;
#3575 = CARTESIAN_POINT ( 'NONE',  ( 0.4750000000000001400, 0.3300000000000000200, -0.8999999999999999100 ) ) ;
#3576 = CARTESIAN_POINT ( 'NONE',  ( 0.1924795979699461300, 0.6208199376168792600, 0.9193979808467960300 ) ) ;
#3577 = ORIENTED_EDGE ( 'NONE', *, *, #2987, .F. ) ;
#3578 = MECHANICAL_DESIGN_GEOMETRIC_PRESENTATION_REPRESENTATION (  '', ( #4422 ), #3940 ) ;
#3579 = DIRECTION ( 'NONE',  ( -1.000000000000000000, 0.0000000000000000000, 2.065146995210484200E-016 ) ) ;
#3580 = DIRECTION ( 'NONE',  ( 0.0000000000000000000, 0.0000000000000000000, -1.000000000000000000 ) ) ;
#3581 = CARTESIAN_POINT ( 'NONE',  ( -1.250000000000000200, 0.3300000000000000200, -1.000000000000000000 ) ) ;
#3582 = B_SPLINE_CURVE_WITH_KNOTS ( 'NONE', 3,
 ( #5057, #2560, #3605, #6165, #507, #553, #3027, #4119, #6119, #3576, #6580, #650, #1621, #6232, #1592, #4692 ),
 .UNSPECIFIED., .F., .F.,
 ( 4, 3, 3, 3, 3, 4 ),
 ( 0.0000000000000000000, 1.573734066392569000E-005, 3.141132411934489000E-005, 4.803079164233766000E-005, 6.594895660364034900E-005, 7.946349483573596700E-005 ),
 .UNSPECIFIED. ) ;
#3583 = CARTESIAN_POINT ( 'NONE',  ( 0.0000000000000000000, 0.3310000000000000200, -0.3240000000000001800 ) ) ;
#3584 = ORIENTED_EDGE ( 'NONE', *, *, #4443, .F. ) ;
#3585 = DIRECTION ( 'NONE',  ( 0.0000000000000000000, 0.0000000000000000000, 1.000000000000000000 ) ) ;
#3586 = ORIENTED_EDGE ( 'NONE', *, *, #1306, .T. ) ;
#3587 = DIRECTION ( 'NONE',  ( -0.0000000000000000000, -1.000000000000000000, 0.0000000000000000000 ) ) ;
#3588 = LINE ( 'NONE', #347, #813 ) ;
#3589 = DIRECTION ( 'NONE',  ( 0.0000000000000000000, 0.0000000000000000000, 1.000000000000000000 ) ) ;
#3590 = CARTESIAN_POINT ( 'NONE',  ( 0.1000000000000000100, 0.6500000000000000200, 0.9600000000000005200 ) ) ;
#3591 = EDGE_CURVE ( 'NONE', #4905, #3935, #2150, .T. ) ;
#3592 = CIRCLE ( 'NONE', #2920, 0.02000000000000005200 ) ;
#3593 = MECHANICAL_DESIGN_GEOMETRIC_PRESENTATION_REPRESENTATION (  '', ( #3681 ), #3947 ) ;
#3594 =( NAMED_UNIT ( * ) SI_UNIT ( $, .STERADIAN. ) SOLID_ANGLE_UNIT ( ) );
#3595 = FACE_OUTER_BOUND ( 'NONE', #508, .T. ) ;
#3596 = VECTOR ( 'NONE', #1384, 1000.000000000000000 ) ;
#3597 = SURFACE_SIDE_STYLE ('',( #1783 ) ) ;
#3598 = LINE ( 'NONE', #3010, #4822 ) ;
#3599 = VERTEX_POINT ( 'NONE', #1906 ) ;
#3600 = PLANE ( 'NONE',  #2342 ) ;
#3601 = CARTESIAN_POINT ( 'NONE',  ( 1.250000000000000000, 0.5799999999999998500, 0.8999999999999999100 ) ) ;
#3602 = ADVANCED_FACE ( 'NONE', ( #455 ), #441, .F. ) ;
#3603 = AXIS2_PLACEMENT_3D ( 'NONE', #6282, #1725, #3802 ) ;
#3604 = DIRECTION ( 'NONE',  ( 0.6567807448042022300, 0.0000000000000000000, -0.7540815958863056300 ) ) ;
#3605 = CARTESIAN_POINT ( 'NONE',  ( 0.2005700960118252700, 0.6008538457721067600, 0.9494365363228342000 ) ) ;
#3606 = VERTEX_POINT ( 'NONE', #6013 ) ;
#3607 = VERTEX_POINT ( 'NONE', #1371 ) ;
#3608 = DIRECTION ( 'NONE',  ( -8.673617379884030700E-015, 0.0000000000000000000, -1.000000000000000000 ) ) ;
#3609 = FACE_OUTER_BOUND ( 'NONE', #5388, .T. ) ;
#3610 = FILL_AREA_STYLE_COLOUR ( '', #3330 ) ;
#3611 = SURFACE_SIDE_STYLE ('',( #3202 ) ) ;
#3612 = STYLED_ITEM ( 'NONE', ( #5870 ), #4536 ) ;
#3613 =( LENGTH_UNIT ( ) NAMED_UNIT ( * ) SI_UNIT ( .MILLI., .METRE. ) );
#3614 = VERTEX_POINT ( 'NONE', #1394 ) ;
#3615 = CARTESIAN_POINT ( 'NONE',  ( 0.0000000000000000000, 0.0000000000000000000, -0.3240000000000001800 ) ) ;
#3616 = LINE ( 'NONE', #5707, #2905 ) ;
#3617 = AXIS2_PLACEMENT_3D ( 'NONE', #5531, #1987, #6014 ) ;
#3618 = EDGE_LOOP ( 'NONE', ( #5240, #1757, #3792, #2080 ) ) ;
#3619 = AXIS2_PLACEMENT_3D ( 'NONE', #6423, #3003, #2495 ) ;
#3620 = VECTOR ( 'NONE', #4573, 1000.000000000000000 ) ;
#3621 = CARTESIAN_POINT ( 'NONE',  ( -1.019999999999999800, 0.8010000000000000500, 0.7600000000000006800 ) ) ;
#3622 = CIRCLE ( 'NONE', #5770, 0.1000000000000000500 ) ;
#3623 = DIRECTION ( 'NONE',  ( 1.000000000000000000, 0.0000000000000000000, -2.065146995210484200E-016 ) ) ;
#3624 = STYLED_ITEM ( 'NONE', ( #3768 ), #1591 ) ;
#3625 =( NAMED_UNIT ( * ) PLANE_ANGLE_UNIT ( ) SI_UNIT ( $, .RADIAN. ) );
#3626 = FACE_OUTER_BOUND ( 'NONE', #1026, .T. ) ;
#3627 = SURFACE_SIDE_STYLE ('',( #6434 ) ) ;
#3628 = VERTEX_POINT ( 'NONE', #4546 ) ;
#3629 = DIRECTION ( 'NONE',  ( -0.0000000000000000000, -1.000000000000000000, 0.0000000000000000000 ) ) ;
#3630 = SURFACE_STYLE_USAGE ( .BOTH. , #32 ) ;
#3631 = CARTESIAN_POINT ( 'NONE',  ( -0.0001420358232436459300, 0.3310000000000000200, 0.0001630781674278896300 ) ) ;
#3632 = ADVANCED_BREP_SHAPE_REPRESENTATION ( 'ECS-327ATQ2520MV-BS-TR', ( #1305, #3969, #2783, #5771, #6036, #408, #487 ), #5058 ) ;
#3633 = ORIENTED_EDGE ( 'NONE', *, *, #6278, .F. ) ;
#3634 = CARTESIAN_POINT ( 'NONE',  ( -0.4740000000000001400, 0.3310000000000000200, 0.9009999999999999100 ) ) ;
#3635 = DIRECTION ( 'NONE',  ( 1.000000000000000000, -0.0000000000000000000, -1.302744525538081800E-016 ) ) ;
#3636 =( NAMED_UNIT ( * ) PLANE_ANGLE_UNIT ( ) SI_UNIT ( $, .RADIAN. ) );
#3637 = ADVANCED_FACE ( 'NONE', ( #5416 ), #6480, .T. ) ;
#3638 = EDGE_CURVE ( 'NONE', #4696, #848, #4382, .T. ) ;
#3639 = ORIENTED_EDGE ( 'NONE', *, *, #4683, .F. ) ;
#3640 = SURFACE_STYLE_USAGE ( .BOTH. , #4207 ) ;
#3641 = EDGE_CURVE ( 'NONE', #5040, #5317, #3170, .T. ) ;
#3642 = LINE ( 'NONE', #4784, #5648 ) ;
#3643 = DIRECTION ( 'NONE',  ( 0.0000000000000000000, -0.0000000000000000000, 1.000000000000000000 ) ) ;
#3644 = EDGE_CURVE ( 'NONE', #467, #4765, #449, .T. ) ;
#3645 = DIRECTION ( 'NONE',  ( 2.307955119647361800E-014, 0.0000000000000000000, 1.000000000000000000 ) ) ;
#3646 =( LENGTH_UNIT ( ) NAMED_UNIT ( * ) SI_UNIT ( .MILLI., .METRE. ) );
#3647 = EDGE_LOOP ( 'NONE', ( #23, #3374, #5833, #6352 ) ) ;
#3648 = LINE ( 'NONE', #5148, #5496 ) ;
#3649 = CARTESIAN_POINT ( 'NONE',  ( 0.0000000000000000000, 0.3300000000000000200, 0.3250000000000001800 ) ) ;
#3650 = FILL_AREA_STYLE ('',( #3610 ) ) ;
#3651 = CARTESIAN_POINT ( 'NONE',  ( -1.149999999999999900, 0.3300000000000000200, 1.000000000000000000 ) ) ;
#3652 = CARTESIAN_POINT ( 'NONE',  ( 1.151000000000000200, 0.3310000000000000200, 0.0000000000000000000 ) ) ;
#3653 = VERTEX_POINT ( 'NONE', #5036 ) ;
#3654 = FILL_AREA_STYLE ('',( #5005 ) ) ;
#3655 = EDGE_CURVE ( 'NONE', #88, #1655, #6368, .T. ) ;
#3656 = SURFACE_STYLE_USAGE ( .BOTH. , #1763 ) ;
#3657 = CARTESIAN_POINT ( 'NONE',  ( 1.241179047312412000, 0.5968159657641406400, 0.8915195137734995800 ) ) ;
#3658 = ORIENTED_EDGE ( 'NONE', *, *, #1336, .F. ) ;
#3659 = AXIS2_PLACEMENT_3D ( 'NONE', #5929, #3410, #3907 ) ;
#3660 = ORIENTED_EDGE ( 'NONE', *, *, #2664, .T. ) ;
#3661 =( NAMED_UNIT ( * ) SI_UNIT ( $, .STERADIAN. ) SOLID_ANGLE_UNIT ( ) );
#3662 = ORIENTED_EDGE ( 'NONE', *, *, #2409, .F. ) ;
#3663 = DIRECTION ( 'NONE',  ( -0.0000000000000000000, -1.000000000000000000, -0.0000000000000000000 ) ) ;
#3664 = COLOUR_RGB ( '',1.000000000000000000, 0.8823529411764705600, 0.3764705882352941100 ) ;
#3665 = ADVANCED_FACE ( 'NONE', ( #3013 ), #1985, .T. ) ;
#3666 = VECTOR ( 'NONE', #4677, 1000.000000000000000 ) ;
#3667 = UNCERTAINTY_MEASURE_WITH_UNIT (LENGTH_MEASURE( 1.000000000000000100E-005 ), #5572, 'distance_accuracy_value', 'NONE');
#3668 = EDGE_CURVE ( 'NONE', #87, #2018, #164, .T. ) ;
#3669 = ORIENTED_EDGE ( 'NONE', *, *, #2289, .T. ) ;
#3670 = COLOUR_RGB ( '',1.000000000000000000, 0.8823529411764705600, 0.3764705882352941100 ) ;
#3671 =( LENGTH_UNIT ( ) NAMED_UNIT ( * ) SI_UNIT ( .MILLI., .METRE. ) );
#3672 = DIRECTION ( 'NONE',  ( -0.0000000000000000000, -1.000000000000000000, 0.0000000000000000000 ) ) ;
#3673 = LINE ( 'NONE', #2154, #2346 ) ;
#3674 = VECTOR ( 'NONE', #587, 1000.000000000000000 ) ;
#3675 = EDGE_CURVE ( 'NONE', #2455, #2832, #624, .T. ) ;
#3676 = FILL_AREA_STYLE_COLOUR ( '', #4036 ) ;
#3677 = DIRECTION ( 'NONE',  ( 1.426581805901980600E-016, -0.0000000000000000000, -1.000000000000000000 ) ) ;
#3678 = CARTESIAN_POINT ( 'NONE',  ( 0.09999999999999929800, 0.7399999999999999900, 0.8589999999999999900 ) ) ;
#3679 = DIRECTION ( 'NONE',  ( 0.0000000000000000000, 0.0000000000000000000, -1.000000000000000000 ) ) ;
#3680 = EDGE_CURVE ( 'NONE', #262, #1271, #1979, .T. ) ;
#3681 = STYLED_ITEM ( 'NONE', ( #6245 ), #4756 ) ;
#3683 = ORIENTED_EDGE ( 'NONE', *, *, #5839, .T. ) ;
#3682 = PLANE ( 'NONE',  #3224 ) ;
#3684 = VECTOR ( 'NONE', #5637, 1000.000000000000000 ) ;
#3685 = CARTESIAN_POINT ( 'NONE',  ( 0.0000000000000000000, 0.3310000000000000200, -0.9009999999999999100 ) ) ;
#3686 = CARTESIAN_POINT ( 'NONE',  ( -0.1877553417177557400, 0.7399999999999999900, 0.9100000000000005900 ) ) ;
#3687 = CARTESIAN_POINT ( 'NONE',  ( -1.150001505762016800, 0.5846529247810335900, -0.9994512285211507600 ) ) ;
#3688 = DIRECTION ( 'NONE',  ( -0.0000000000000000000, -0.0000000000000000000, -1.000000000000000000 ) ) ;
#3689 = EDGE_LOOP ( 'NONE', ( #1967, #3540, #2932, #1705, #3840 ) ) ;
#3690 = AXIS2_PLACEMENT_3D ( 'NONE', #6349, #3765, #2260 ) ;
#3691 = LINE ( 'NONE', #2681, #4977 ) ;
#3692 = EDGE_CURVE ( 'NONE', #806, #5235, #2851, .T. ) ;
#3693 = FACE_OUTER_BOUND ( 'NONE', #2926, .T. ) ;
#3694 = CARTESIAN_POINT ( 'NONE',  ( 0.4740000000000001400, 0.3310000000000000200, 0.0000000000000000000 ) ) ;
#3695 = ORIENTED_EDGE ( 'NONE', *, *, #2523, .F. ) ;
#3696 = ORIENTED_EDGE ( 'NONE', *, *, #1727, .F. ) ;
#3697 = VERTEX_POINT ( 'NONE', #1052 ) ;
#3698 =( NAMED_UNIT ( * ) SI_UNIT ( $, .STERADIAN. ) SOLID_ANGLE_UNIT ( ) );
#3699 = CYLINDRICAL_SURFACE ( 'NONE', #1699, 0.1000000000000000500 ) ;
#3700 = AXIS2_PLACEMENT_3D ( 'NONE', #5249, #3736, #5227 ) ;
#3701 = PRESENTATION_STYLE_ASSIGNMENT (( #6190 ) ) ;
#3702 = SURFACE_SIDE_STYLE ('',( #5068 ) ) ;
#3703 = CARTESIAN_POINT ( 'NONE',  ( 0.1864692441929120500, 0.7363729546130399800, -0.9077976541764885000 ) ) ;
#3704 = PLANE ( 'NONE',  #1916 ) ;
#3705 = ADVANCED_FACE ( 'NONE', ( #4553 ), #1486, .F. ) ;
#3706 = PRESENTATION_LAYER_ASSIGNMENT (  '', '', ( #3968 ) ) ;
#3707 = VECTOR ( 'NONE', #704, 1000.000000000000000 ) ;
#3708 = FILL_AREA_STYLE ('',( #6222 ) ) ;
#3709 = CARTESIAN_POINT ( 'NONE',  ( 0.1899283124027932000, 0.6297737670247008900, -0.9139883469853507000 ) ) ;
#3710 = STYLED_ITEM ( 'NONE', ( #2703 ), #3781 ) ;
#3711 = UNCERTAINTY_MEASURE_WITH_UNIT (LENGTH_MEASURE( 1.000000000000000100E-005 ), #3980, 'distance_accuracy_value', 'NONE');
#3712 = CARTESIAN_POINT ( 'NONE',  ( -1.019999999999998700, 0.6500000000000000200, -0.9599999999999997400 ) ) ;
#3713 = DIRECTION ( 'NONE',  ( -4.444332872337274000E-016, 0.0000000000000000000, 1.000000000000000000 ) ) ;
#3714 = VERTEX_POINT ( 'NONE', #2009 ) ;
#3715 = COLOUR_RGB ( '',1.000000000000000000, 0.8823529411764705600, 0.3764705882352941100 ) ;
#3716 = CARTESIAN_POINT ( 'NONE',  ( 1.019999999999999600, 0.7409999999999999900, -0.8589999999999996500 ) ) ;
#3717 = SURFACE_SIDE_STYLE ('',( #4451 ) ) ;
#3718 =( GEOMETRIC_REPRESENTATION_CONTEXT ( 3 ) GLOBAL_UNCERTAINTY_ASSIGNED_CONTEXT ( ( #2573 ) ) GLOBAL_UNIT_ASSIGNED_CONTEXT ( ( #4802, #1720, #3155 ) ) REPRESENTATION_CONTEXT ( 'NONE', 'WORKASPACE' ) );
#3719 = ORIENTED_EDGE ( 'NONE', *, *, #5568, .T. ) ;
#3720 = VERTEX_POINT ( 'NONE', #4098 ) ;
#3721 = SURFACE_STYLE_USAGE ( .BOTH. , #5237 ) ;
#3722 = CARTESIAN_POINT ( 'NONE',  ( 0.4750000000000001400, 0.3300000000000000200, 0.8999999999999999100 ) ) ;
#3723 = CARTESIAN_POINT ( 'NONE',  ( -0.2000000000000000100, 0.0000000000000000000, -0.9800000000000002000 ) ) ;
#3724 = DIRECTION ( 'NONE',  ( -0.0000000000000000000, -1.000000000000000000, -0.0000000000000000000 ) ) ;
#3725 = ORIENTED_EDGE ( 'NONE', *, *, #5015, .F. ) ;
#3726 = DIRECTION ( 'NONE',  ( 0.7540815958863055200, 0.0000000000000000000, 0.6567807448042021200 ) ) ;
#3727 = DIRECTION ( 'NONE',  ( 0.0000000000000000000, -1.000000000000000000, 0.0000000000000000000 ) ) ;
#3728 = CARTESIAN_POINT ( 'NONE',  ( 1.236325031278025000, 0.5989735075434622400, 0.8871505702532724900 ) ) ;
#3729 = VECTOR ( 'NONE', #3432, 1000.000000000000100 ) ;
#3730 = VECTOR ( 'NONE', #4814, 1000.000000000000000 ) ;
#3731 = CARTESIAN_POINT ( 'NONE',  ( 1.034810755200659800, 0.0000000000000000000, 0.9009999999999999100 ) ) ;
#3732 =( NAMED_UNIT ( * ) SI_UNIT ( $, .STERADIAN. ) SOLID_ANGLE_UNIT ( ) );
#3733 = VERTEX_POINT ( 'NONE', #1544 ) ;
#3734 = EDGE_CURVE ( 'NONE', #5841, #5051, #5562, .T. ) ;
#3735 = EDGE_CURVE ( 'NONE', #372, #5774, #4047, .T. ) ;
#3736 = DIRECTION ( 'NONE',  ( -1.000000000000000000, 0.0000000000000000000, 1.302744525538081800E-016 ) ) ;
#3737 = ORIENTED_EDGE ( 'NONE', *, *, #2995, .F. ) ;
#3738 = CARTESIAN_POINT ( 'NONE',  ( -1.249291992484017300, 0.5852743744696423700, 0.8992944812673726600 ) ) ;
#3739 =( LENGTH_UNIT ( ) NAMED_UNIT ( * ) SI_UNIT ( .MILLI., .METRE. ) );
#3740 = FILL_AREA_STYLE_COLOUR ( '', #3237 ) ;
#3741 = ADVANCED_FACE ( 'NONE', ( #1334 ), #2530, .T. ) ;
#3742 =( GEOMETRIC_REPRESENTATION_CONTEXT ( 3 ) GLOBAL_UNCERTAINTY_ASSIGNED_CONTEXT ( ( #2825 ) ) GLOBAL_UNIT_ASSIGNED_CONTEXT ( ( #586, #1104, #3093 ) ) REPRESENTATION_CONTEXT ( 'NONE', 'WORKASPACE' ) );
#3743 = ORIENTED_EDGE ( 'NONE', *, *, #6408, .T. ) ;
#3744 = CARTESIAN_POINT ( 'NONE',  ( -0.09999999999999929800, 0.0000000000000000000, 0.8599999999999999900 ) ) ;
#3745 = SURFACE_SIDE_STYLE ('',( #2282 ) ) ;
#3746 = PRESENTATION_STYLE_ASSIGNMENT (( #6024 ) ) ;
#3747 = CARTESIAN_POINT ( 'NONE',  ( 1.230000000000000000, 0.5799999999999998500, 0.9599999999999999600 ) ) ;
#3748 =( GEOMETRIC_REPRESENTATION_CONTEXT ( 3 ) GLOBAL_UNCERTAINTY_ASSIGNED_CONTEXT ( ( #2865 ) ) GLOBAL_UNIT_ASSIGNED_CONTEXT ( ( #4251, #1704, #2686 ) ) REPRESENTATION_CONTEXT ( 'NONE', 'WORKASPACE' ) );
#3749 = DIRECTION ( 'NONE',  ( 0.0000000000000000000, 0.0000000000000000000, -1.000000000000000000 ) ) ;
#3750 = CIRCLE ( 'NONE', #3174, 0.1000000000000001600 ) ;
#3751 = ORIENTED_EDGE ( 'NONE', *, *, #4241, .T. ) ;
#3752 = DIRECTION ( 'NONE',  ( 0.0000000000000000000, 0.0000000000000000000, 1.000000000000000000 ) ) ;
#3753 = DIRECTION ( 'NONE',  ( 0.0000000000000000000, -1.000000000000000000, 0.0000000000000000000 ) ) ;
#3754 = VERTEX_POINT ( 'NONE', #4609 ) ;
#3755 = DIRECTION ( 'NONE',  ( -0.0000000000000000000, 0.0000000000000000000, 1.000000000000000000 ) ) ;
#3756 = LINE ( 'NONE', #5267, #337 ) ;
#3757 = ORIENTED_EDGE ( 'NONE', *, *, #5963, .T. ) ;
#3758 = CARTESIAN_POINT ( 'NONE',  ( -0.4740000000000001400, 0.3310000000000000200, -0.9009999999999999100 ) ) ;
#3759 = AXIS2_PLACEMENT_3D ( 'NONE', #2015, #1506, #2565 ) ;
#3760 = DIRECTION ( 'NONE',  ( -1.000000000000000000, -0.0000000000000000000, -0.0000000000000000000 ) ) ;
#3761 = CARTESIAN_POINT ( 'NONE',  ( 1.151000000000000500, 0.3310000000000000200, 0.8124480771102522400 ) ) ;
#3762 = SURFACE_STYLE_FILL_AREA ( #5762 ) ;
#3763 = UNCERTAINTY_MEASURE_WITH_UNIT (LENGTH_MEASURE( 1.000000000000000100E-005 ), #2100, 'distance_accuracy_value', 'NONE');
#3764 = CARTESIAN_POINT ( 'NONE',  ( -1.234501951434296100, 0.5995812516312388800, 0.8855350725732811200 ) ) ;
#3765 = DIRECTION ( 'NONE',  ( 2.065146995210484200E-016, -0.0000000000000000000, 1.000000000000000000 ) ) ;
#3766 = SURFACE_STYLE_FILL_AREA ( #3143 ) ;
#3767 = COLOUR_RGB ( '',0.8823529411764705600, 0.8823529411764705600, 0.8823529411764705600 ) ;
#3768 = PRESENTATION_STYLE_ASSIGNMENT (( #1761 ) ) ;
#3769 = EDGE_CURVE ( 'NONE', #6086, #1519, #3902, .T. ) ;
#3770 = SURFACE_STYLE_FILL_AREA ( #3110 ) ;
#3771 = VERTEX_POINT ( 'NONE', #2054 ) ;
#3772 = VECTOR ( 'NONE', #3108, 1000.000000000000000 ) ;
#3773 = DIRECTION ( 'NONE',  ( 0.0000000000000000000, 0.0000000000000000000, -1.000000000000000000 ) ) ;
#3774 = DIRECTION ( 'NONE',  ( -0.0000000000000000000, -1.000000000000000000, -0.0000000000000000000 ) ) ;
#3775 = EDGE_CURVE ( 'NONE', #5176, #3004, #6588, .T. ) ;
#3776 = CARTESIAN_POINT ( 'NONE',  ( -1.035185185185185400, 0.3300000000000000200, 0.9000000000000001300 ) ) ;
#3777 = ORIENTED_EDGE ( 'NONE', *, *, #3172, .F. ) ;
#3778 = DIRECTION ( 'NONE',  ( 0.0000000000000000000, 1.000000000000000000, 0.0000000000000000000 ) ) ;
#3779 = ORIENTED_EDGE ( 'NONE', *, *, #1935, .T. ) ;
#3780 = SURFACE_SIDE_STYLE ('',( #6180 ) ) ;
#3781 = ADVANCED_FACE ( 'NONE', ( #4054 ), #6075, .F. ) ;
#3782 = DIRECTION ( 'NONE',  ( 1.000000000000000000, 0.0000000000000000000, 0.0000000000000000000 ) ) ;
#3783 = PRESENTATION_LAYER_ASSIGNMENT (  '', '', ( #5950 ) ) ;
#3784 = FACE_OUTER_BOUND ( 'NONE', #5318, .T. ) ;
#3785 =( LENGTH_UNIT ( ) NAMED_UNIT ( * ) SI_UNIT ( .MILLI., .METRE. ) );
#3786 = DIRECTION ( 'NONE',  ( -0.0000000000000000000, -0.0000000000000000000, 1.000000000000000000 ) ) ;
#3787 = ORIENTED_EDGE ( 'NONE', *, *, #4006, .F. ) ;
#3788 = LINE ( 'NONE', #5784, #4746 ) ;
#3789 = SURFACE_SIDE_STYLE ('',( #5110 ) ) ;
#3790 = SURFACE_STYLE_FILL_AREA ( #5293 ) ;
#3791 = ORIENTED_EDGE ( 'NONE', *, *, #3638, .F. ) ;
#3792 = ORIENTED_EDGE ( 'NONE', *, *, #5281, .F. ) ;
#3793 = MECHANICAL_DESIGN_GEOMETRIC_PRESENTATION_REPRESENTATION (  '', ( #6298 ), #4610 ) ;
#3794 = DIRECTION ( 'NONE',  ( 0.0000000000000000000, -0.0000000000000000000, 1.000000000000000000 ) ) ;
#3795 = VECTOR ( 'NONE', #463, 1000.000000000000000 ) ;
#3796 = COLOUR_RGB ( '',1.000000000000000000, 0.8823529411764705600, 0.3764705882352941100 ) ;
#3797 = CARTESIAN_POINT ( 'NONE',  ( -0.1909997969994604600, 0.6255098315941163300, -0.9160274243651183000 ) ) ;
#3798 = CYLINDRICAL_SURFACE ( 'NONE', #4130, 0.04936395605478413600 ) ;
#3799 = EDGE_CURVE ( 'NONE', #2463, #127, #3582, .T. ) ;
#3800 = ORIENTED_EDGE ( 'NONE', *, *, #211, .F. ) ;
#3801 = CARTESIAN_POINT ( 'NONE',  ( 1.119000000000000400, 0.7810000000000000300, -0.7599999999999989000 ) ) ;
#3802 = DIRECTION ( 'NONE',  ( 0.0000000000000000000, 0.0000000000000000000, 1.000000000000000000 ) ) ;
#3803 =( GEOMETRIC_REPRESENTATION_CONTEXT ( 3 ) GLOBAL_UNCERTAINTY_ASSIGNED_CONTEXT ( ( #4789 ) ) GLOBAL_UNIT_ASSIGNED_CONTEXT ( ( #3401, #5905, #2782 ) ) REPRESENTATION_CONTEXT ( 'NONE', 'WORKASPACE' ) );
#3804 = VERTEX_POINT ( 'NONE', #4631 ) ;
#3805 = DIRECTION ( 'NONE',  ( 0.6567807448042003400, -0.0000000000000000000, 0.7540815958863073000 ) ) ;
#3806 = CARTESIAN_POINT ( 'NONE',  ( -1.149294481267372900, 0.5852743744696423700, 0.9992919924840169000 ) ) ;
#3807 = DIRECTION ( 'NONE',  ( -1.000000000000000000, 0.0000000000000000000, -1.935435283114619600E-016 ) ) ;
#3808 = SURFACE_STYLE_USAGE ( .BOTH. , #5836 ) ;
#3809 = CARTESIAN_POINT ( 'NONE',  ( 1.151000000000000200, 0.0000000000000000000, 0.0000000000000000000 ) ) ;
#3810 = MECHANICAL_DESIGN_GEOMETRIC_PRESENTATION_REPRESENTATION (  '', ( #1966 ), #4412 ) ;
#3811 = UNCERTAINTY_MEASURE_WITH_UNIT (LENGTH_MEASURE( 1.000000000000000100E-005 ), #4186, 'distance_accuracy_value', 'NONE');
#3812 = CARTESIAN_POINT ( 'NONE',  ( -0.1979277556190544300, 0.6064555959083133300, -0.9349057139268468500 ) ) ;
#3813 = ORIENTED_EDGE ( 'NONE', *, *, #2386, .F. ) ;
#3814 = PLANE ( 'NONE',  #1713 ) ;
#3815 = ORIENTED_EDGE ( 'NONE', *, *, #4929, .F. ) ;
#3816 = CARTESIAN_POINT ( 'NONE',  ( -1.169999999999999700, 0.7399999999999999900, -0.7599999999999986800 ) ) ;
#3817 = FILL_AREA_STYLE ('',( #3260 ) ) ;
#3818 = ORIENTED_EDGE ( 'NONE', *, *, #2746, .F. ) ;
#3819 = DIRECTION ( 'NONE',  ( -0.0000000000000000000, 1.000000000000000000, -0.0000000000000000000 ) ) ;
#3820 = ORIENTED_EDGE ( 'NONE', *, *, #825, .T. ) ;
#3821 = ADVANCED_FACE ( 'NONE', ( #816 ), #5847, .T. ) ;
#3822 = ORIENTED_EDGE ( 'NONE', *, *, #4167, .T. ) ;
#3823 = CARTESIAN_POINT ( 'NONE',  ( -0.2000000000000000900, 0.02000000000000005200, 0.9799999999999997600 ) ) ;
#3824 = DIRECTION ( 'NONE',  ( -0.0000000000000000000, -1.000000000000000000, -0.0000000000000000000 ) ) ;
#3825 = FILL_AREA_STYLE_COLOUR ( '', #955 ) ;
#3826 = EDGE_CURVE ( 'NONE', #4830, #159, #4501, .T. ) ;
#3827 = MECHANICAL_DESIGN_GEOMETRIC_PRESENTATION_REPRESENTATION (  '', ( #4858 ), #4639 ) ;
#3828 = CARTESIAN_POINT ( 'NONE',  ( 0.0001420358232436459300, 0.3310000000000000200, -0.0001630781674278896300 ) ) ;
#3829 = DIRECTION ( 'NONE',  ( 0.0000000000000000000, 1.000000000000000000, -0.0000000000000000000 ) ) ;
#3830 = PLANE ( 'NONE',  #3884 ) ;
#3831 = CARTESIAN_POINT ( 'NONE',  ( 0.2000000000000000100, 0.5799999999999998500, 0.9999999999999997800 ) ) ;
#3832 =( NAMED_UNIT ( * ) SI_UNIT ( $, .STERADIAN. ) SOLID_ANGLE_UNIT ( ) );
#3833 = ORIENTED_EDGE ( 'NONE', *, *, #6059, .T. ) ;
#3834 = DIRECTION ( 'NONE',  ( -0.0000000000000000000, -1.000000000000000000, -0.0000000000000000000 ) ) ;
#3835 = FILL_AREA_STYLE ('',( #5417 ) ) ;
#3836 = DIRECTION ( 'NONE',  ( 0.0000000000000000000, 0.0000000000000000000, -1.000000000000000000 ) ) ;
#3837 = VECTOR ( 'NONE', #1149, 1000.000000000000000 ) ;
#3838 = ORIENTED_EDGE ( 'NONE', *, *, #4351, .T. ) ;
#3839 = CARTESIAN_POINT ( 'NONE',  ( 0.0000000000000000000, 0.0000000000000000000, 0.3250000000000001800 ) ) ;
#3840 = ORIENTED_EDGE ( 'NONE', *, *, #3238, .T. ) ;
#3841 = EDGE_CURVE ( 'NONE', #1700, #3653, #6315, .T. ) ;
#3842 = ORIENTED_EDGE ( 'NONE', *, *, #1745, .F. ) ;
#3843 = VECTOR ( 'NONE', #2162, 999.9999999999998900 ) ;
#3844 = EDGE_LOOP ( 'NONE', ( #4260, #315, #2075, #3016 ) ) ;
#3845 = PRESENTATION_LAYER_ASSIGNMENT (  '', '', ( #2813 ) ) ;
#3846 = DIRECTION ( 'NONE',  ( 0.0000000000000000000, -1.000000000000000000, 0.0000000000000000000 ) ) ;
#3847 = CYLINDRICAL_SURFACE ( 'NONE', #2492, 0.1000000000000001600 ) ;
#3848 = ORIENTED_EDGE ( 'NONE', *, *, #1242, .F. ) ;
#3849 = VECTOR ( 'NONE', #6085, 1000.000000000000000 ) ;
#3850 = FILL_AREA_STYLE ('',( #770 ) ) ;
#3851 = FILL_AREA_STYLE ('',( #3825 ) ) ;
#3852 = AXIS2_PLACEMENT_3D ( 'NONE', #11, #6140, #3608 ) ;
#3853 = SURFACE_STYLE_USAGE ( .BOTH. , #793 ) ;
#3854 = DIRECTION ( 'NONE',  ( 0.6567807448042022300, 0.0000000000000000000, 0.7540815958863056300 ) ) ;
#3855 = ADVANCED_FACE ( 'NONE', ( #1860 ), #5703, .F. ) ;
#3856 = CARTESIAN_POINT ( 'NONE',  ( 1.249291992484017100, 0.5852743744696423700, 0.8992944812673726600 ) ) ;
#3857 = AXIS2_PLACEMENT_3D ( 'NONE', #1646, #126, #4218 ) ;
#3858 = VECTOR ( 'NONE', #4816, 1000.000000000000000 ) ;
#3859 = SURFACE_STYLE_USAGE ( .BOTH. , #1341 ) ;
#3860 = FACE_OUTER_BOUND ( 'NONE', #1325, .T. ) ;
#3861 = FILL_AREA_STYLE_COLOUR ( '', #878 ) ;
#3862 = AXIS2_PLACEMENT_3D ( 'NONE', #1542, #6096, #6 ) ;
#3863 = PRESENTATION_STYLE_ASSIGNMENT (( #6330 ) ) ;
#3864 = CARTESIAN_POINT ( 'NONE',  ( 0.2000000000000000100, 0.5799999999999998500, -1.000000000000000200 ) ) ;
#3865 = EDGE_LOOP ( 'NONE', ( #4743, #4941, #2458, #1012 ) ) ;
#3866 = PRESENTATION_STYLE_ASSIGNMENT (( #894 ) ) ;
#3867 = CIRCLE ( 'NONE', #5634, 0.01000000000000002600 ) ;
#3868 = ORIENTED_EDGE ( 'NONE', *, *, #5420, .F. ) ;
#3869 =( LENGTH_UNIT ( ) NAMED_UNIT ( * ) SI_UNIT ( .MILLI., .METRE. ) );
#3870 = FACE_OUTER_BOUND ( 'NONE', #6145, .T. ) ;
#3871 = VERTEX_POINT ( 'NONE', #149 ) ;
#3872 = ORIENTED_EDGE ( 'NONE', *, *, #3100, .F. ) ;
#3873 = DIRECTION ( 'NONE',  ( 1.000000000000000000, 0.0000000000000000000, -0.0000000000000000000 ) ) ;
#3874 = VERTEX_POINT ( 'NONE', #4139 ) ;
#3875 = CARTESIAN_POINT ( 'NONE',  ( 1.249999999999999800, 0.02000000000000005200, -0.8986738835618640600 ) ) ;
#3876 = EDGE_CURVE ( 'NONE', #5494, #2833, #6067, .T. ) ;
#3877 = STYLED_ITEM ( 'NONE', ( #3866 ), #5652 ) ;
#3878 =( GEOMETRIC_REPRESENTATION_CONTEXT ( 3 ) GLOBAL_UNCERTAINTY_ASSIGNED_CONTEXT ( ( #1680 ) ) GLOBAL_UNIT_ASSIGNED_CONTEXT ( ( #3163, #1058, #2109 ) ) REPRESENTATION_CONTEXT ( 'NONE', 'WORKASPACE' ) );
#3879 = VECTOR ( 'NONE', #4550, 1000.000000000000000 ) ;
#3880 =( NAMED_UNIT ( * ) SI_UNIT ( $, .STERADIAN. ) SOLID_ANGLE_UNIT ( ) );
#3881 = LINE ( 'NONE', #5759, #5304 ) ;
#3882 = CARTESIAN_POINT ( 'NONE',  ( -1.131678404338007500, 0.5999999999999999800, 0.9800000000000017600 ) ) ;
#3883 = FACE_OUTER_BOUND ( 'NONE', #6440, .T. ) ;
#3884 = AXIS2_PLACEMENT_3D ( 'NONE', #3323, #5413, #5897 ) ;
#3885 = VERTEX_POINT ( 'NONE', #6187 ) ;
#3886 = DIRECTION ( 'NONE',  ( -0.0000000000000000000, -1.000000000000000000, -0.0000000000000000000 ) ) ;
#3887 = FILL_AREA_STYLE ('',( #2379 ) ) ;
#3888 = PLANE ( 'NONE',  #3278 ) ;
#3889 = MECHANICAL_DESIGN_GEOMETRIC_PRESENTATION_REPRESENTATION (  '', ( #2733 ), #2858 ) ;
#3890 = ORIENTED_EDGE ( 'NONE', *, *, #1151, .F. ) ;
#3891 = CARTESIAN_POINT ( 'NONE',  ( -1.219999999999999800, 0.6500000000000000200, 0.7599999999999995600 ) ) ;
#3892 = ORIENTED_EDGE ( 'NONE', *, *, #1509, .T. ) ;
#3893 = FILL_AREA_STYLE ('',( #6425 ) ) ;
#3894 = STYLED_ITEM ( 'NONE', ( #1362 ), #1228 ) ;
#3895 = VECTOR ( 'NONE', #388, 1000.000000000000000 ) ;
#3896 =( NAMED_UNIT ( * ) PLANE_ANGLE_UNIT ( ) SI_UNIT ( $, .RADIAN. ) );
#3897 = CARTESIAN_POINT ( 'NONE',  ( -1.019999999999998700, 0.7409999999999999900, -0.8589999999999996500 ) ) ;
#3898 = ORIENTED_EDGE ( 'NONE', *, *, #148, .T. ) ;
#3899 = FILL_AREA_STYLE_COLOUR ( '', #4561 ) ;
#3900 = EDGE_CURVE ( 'NONE', #4975, #3068, #5767, .T. ) ;
#3901 = VECTOR ( 'NONE', #4940, 1000.000000000000000 ) ;
#3902 = LINE ( 'NONE', #484, #4219 ) ;
#3903 = VERTEX_POINT ( 'NONE', #1129 ) ;
#3904 = ORIENTED_EDGE ( 'NONE', *, *, #1722, .F. ) ;
#3905 = ORIENTED_EDGE ( 'NONE', *, *, #6151, .T. ) ;
#3906 = EDGE_CURVE ( 'NONE', #5317, #2856, #4728, .T. ) ;
#3907 = DIRECTION ( 'NONE',  ( 1.000000000000000000, 0.0000000000000000000, 0.0000000000000000000 ) ) ;
#3908 = CARTESIAN_POINT ( 'NONE',  ( -0.4750000000000002600, 0.3300000000000000200, 4.478226364614045000E-017 ) ) ;
#3909 = AXIS2_PLACEMENT_3D ( 'NONE', #4963, #2017, #6585 ) ;
#3910 = ORIENTED_EDGE ( 'NONE', *, *, #355, .T. ) ;
#3911 = PLANE ( 'NONE',  #5644 ) ;
#3912 = ADVANCED_FACE ( 'NONE', ( #3595 ), #5103, .F. ) ;
#3913 = SURFACE_STYLE_FILL_AREA ( #948 ) ;
#3914 = ORIENTED_EDGE ( 'NONE', *, *, #2057, .T. ) ;
#3915 = DIRECTION ( 'NONE',  ( 1.000000000000000000, 0.0000000000000000000, -0.0000000000000000000 ) ) ;
#3916 = DIRECTION ( 'NONE',  ( 0.0000000000000000000, 0.0000000000000000000, -1.000000000000000000 ) ) ;
#3917 = COLOUR_RGB ( '',1.000000000000000000, 0.8823529411764705600, 0.3764705882352941100 ) ;
#3918 = ORIENTED_EDGE ( 'NONE', *, *, #3100, .T. ) ;
#3919 = FILL_AREA_STYLE ('',( #3943 ) ) ;
#3920 = ORIENTED_EDGE ( 'NONE', *, *, #5603, .T. ) ;
#3921 = EDGE_CURVE ( 'NONE', #4730, #2380, #3114, .T. ) ;
#3922 = FACE_OUTER_BOUND ( 'NONE', #62, .T. ) ;
#3923 = EDGE_CURVE ( 'NONE', #4091, #3804, #2212, .T. ) ;
#3924 = VECTOR ( 'NONE', #3144, 1000.000000000000000 ) ;
#3925 = CARTESIAN_POINT ( 'NONE',  ( -0.1874917720914898200, 0.7331984757161298400, 0.9095374333439438800 ) ) ;
#3926 = AXIS2_PLACEMENT_3D ( 'NONE', #4311, #3231, #6323 ) ;
#3927 = LINE ( 'NONE', #5164, #2946 ) ;
#3928 = CARTESIAN_POINT ( 'NONE',  ( -1.250000000000000200, 0.5799999999999998500, -1.000000000000000000 ) ) ;
#3929 = PLANE ( 'NONE',  #1778 ) ;
#3930 = LINE ( 'NONE', #1960, #2951 ) ;
#3931 = AXIS2_PLACEMENT_3D ( 'NONE', #4509, #2466, #2482 ) ;
#3932 = LINE ( 'NONE', #5640, #2646 ) ;
#3933 = PRODUCT_DEFINITION_CONTEXT ( 'detailed design', #4268, 'design' ) ;
#3934 = UNCERTAINTY_MEASURE_WITH_UNIT (LENGTH_MEASURE( 1.000000000000000100E-005 ), #1924, 'distance_accuracy_value', 'NONE');
#3935 = VERTEX_POINT ( 'NONE', #4094 ) ;
#3936 = DIRECTION ( 'NONE',  ( 1.000000000000000000, 0.0000000000000000000, 0.0000000000000000000 ) ) ;
#3937 = DIRECTION ( 'NONE',  ( 0.0000000000000000000, 0.0000000000000000000, -1.000000000000000000 ) ) ;
#3938 = VECTOR ( 'NONE', #4314, 1000.000000000000000 ) ;
#3939 = ORIENTED_EDGE ( 'NONE', *, *, #1011, .T. ) ;
#3940 =( GEOMETRIC_REPRESENTATION_CONTEXT ( 3 ) GLOBAL_UNCERTAINTY_ASSIGNED_CONTEXT ( ( #3058 ) ) GLOBAL_UNIT_ASSIGNED_CONTEXT ( ( #3325, #1823, #1803 ) ) REPRESENTATION_CONTEXT ( 'NONE', 'WORKASPACE' ) );
#3941 = ORIENTED_EDGE ( 'NONE', *, *, #623, .F. ) ;
#3942 = PRESENTATION_STYLE_ASSIGNMENT (( #5383 ) ) ;
#3943 = FILL_AREA_STYLE_COLOUR ( '', #3439 ) ;
#3944 = CARTESIAN_POINT ( 'NONE',  ( 0.7750000000000001300, 0.3300000000000000200, -0.3250000000000001800 ) ) ;
#3945 = ORIENTED_EDGE ( 'NONE', *, *, #3481, .T. ) ;
#3946 = EDGE_CURVE ( 'NONE', #3607, #292, #1932, .T. ) ;
#3947 =( GEOMETRIC_REPRESENTATION_CONTEXT ( 3 ) GLOBAL_UNCERTAINTY_ASSIGNED_CONTEXT ( ( #5676 ) ) GLOBAL_UNIT_ASSIGNED_CONTEXT ( ( #2791, #4342, #2855 ) ) REPRESENTATION_CONTEXT ( 'NONE', 'WORKASPACE' ) );
#3948 = VECTOR ( 'NONE', #4760, 1000.000000000000000 ) ;
#3949 = ORIENTED_EDGE ( 'NONE', *, *, #3357, .T. ) ;
#3950 = CARTESIAN_POINT ( 'NONE',  ( 1.133885319477214500, 0.5999224192988729100, 0.9826001022519828000 ) ) ;
#3951 =( LENGTH_UNIT ( ) NAMED_UNIT ( * ) SI_UNIT ( .MILLI., .METRE. ) );
#3952 = ADVANCED_FACE ( 'NONE', ( #5991 ), #598, .F. ) ;
#3953 = VECTOR ( 'NONE', #129, 1000.000000000000000 ) ;
#3954 = COLOUR_RGB ( '',0.2509803921568627400, 0.2509803921568627400, 0.2509803921568627400 ) ;
#3955 = CARTESIAN_POINT ( 'NONE',  ( -1.242512078016134100, 0.5957609043084775000, -0.9002627387833194200 ) ) ;
#3956 = CARTESIAN_POINT ( 'NONE',  ( -0.4740000000000001400, 0.3310000000000000200, -0.3240000000000001800 ) ) ;
#3957 = ORIENTED_EDGE ( 'NONE', *, *, #4803, .F. ) ;
#3958 = AXIS2_PLACEMENT_3D ( 'NONE', #386, #1434, #1965 ) ;
#3959 = CARTESIAN_POINT ( 'NONE',  ( 0.2000000000000000100, 0.5999999999999999800, -0.9800000000000004300 ) ) ;
#3960 = FILL_AREA_STYLE_COLOUR ( '', #4568 ) ;
#3961 = ORIENTED_EDGE ( 'NONE', *, *, #3046, .T. ) ;
#3962 = VECTOR ( 'NONE', #1654, 1000.000000000000000 ) ;
#3963 = CARTESIAN_POINT ( 'NONE',  ( -1.741891754803157100E-016, 0.3300000000000000200, -0.8999999999999998000 ) ) ;
#3964 =( GEOMETRIC_REPRESENTATION_CONTEXT ( 3 ) GLOBAL_UNCERTAINTY_ASSIGNED_CONTEXT ( ( #5481 ) ) GLOBAL_UNIT_ASSIGNED_CONTEXT ( ( #1749, #4276, #2191 ) ) REPRESENTATION_CONTEXT ( 'NONE', 'WORKASPACE' ) );
#3965 = ORIENTED_EDGE ( 'NONE', *, *, #3799, .T. ) ;
#3966 = EDGE_LOOP ( 'NONE', ( #150, #5487, #3301, #1921 ) ) ;
#3967 = ORIENTED_EDGE ( 'NONE', *, *, #724, .T. ) ;
#3968 = STYLED_ITEM ( 'NONE', ( #1231 ), #408 ) ;
#3969 = MANIFOLD_SOLID_BREP ( 'Boss-Extrude2[2]', #2938 ) ;
#3970 = ORIENTED_EDGE ( 'NONE', *, *, #818, .F. ) ;
#3971 = DIRECTION ( 'NONE',  ( 0.0000000000000000000, 0.0000000000000000000, -1.000000000000000000 ) ) ;
#3972 = CARTESIAN_POINT ( 'NONE',  ( 1.019999999999999100, 0.7299999999999999800, 0.9100000000000003600 ) ) ;
#3973 = DIRECTION ( 'NONE',  ( 9.427844978134827600E-017, 0.0000000000000000000, -1.000000000000000000 ) ) ;
#3974 = AXIS2_PLACEMENT_3D ( 'NONE', #2647, #6199, #5722 ) ;
#3975 = DIRECTION ( 'NONE',  ( 1.084202172485504400E-016, 0.0000000000000000000, 1.000000000000000000 ) ) ;
#3976 = ORIENTED_EDGE ( 'NONE', *, *, #2340, .F. ) ;
#3977 = DIRECTION ( 'NONE',  ( -1.426581805901980600E-016, 0.0000000000000000000, 1.000000000000000000 ) ) ;
#3978 = DIRECTION ( 'NONE',  ( 1.000000000000000000, 0.0000000000000000000, 0.0000000000000000000 ) ) ;
#3979 = DIRECTION ( 'NONE',  ( -0.7540815958863055200, 0.0000000000000000000, -0.6567807448042022300 ) ) ;
#3980 =( LENGTH_UNIT ( ) NAMED_UNIT ( * ) SI_UNIT ( .MILLI., .METRE. ) );
#3981 = EDGE_LOOP ( 'NONE', ( #1648, #5213, #764, #6189, #2584, #2055, #3517, #5578, #4295 ) ) ;
#3982 = VECTOR ( 'NONE', #4618, 1000.000000000000000 ) ;
#3983 = CIRCLE ( 'NONE', #4492, 0.1400000000000000400 ) ;
#3984 = VERTEX_POINT ( 'NONE', #3085 ) ;
#3985 = ORIENTED_EDGE ( 'NONE', *, *, #3464, .T. ) ;
#3986 = EDGE_CURVE ( 'NONE', #1281, #2786, #660, .T. ) ;
#3987 = ORIENTED_EDGE ( 'NONE', *, *, #1383, .F. ) ;
#3988 = DIRECTION ( 'NONE',  ( 0.0000000000000000000, 0.0000000000000000000, -1.000000000000000000 ) ) ;
#3989 = CARTESIAN_POINT ( 'NONE',  ( 0.4740000000000001400, 0.3310000000000000200, 0.0000000000000000000 ) ) ;
#3990 =( NAMED_UNIT ( * ) SI_UNIT ( $, .STERADIAN. ) SOLID_ANGLE_UNIT ( ) );
#3991 = EDGE_CURVE ( 'NONE', #319, #2803, #195, .T. ) ;
#3992 =( GEOMETRIC_REPRESENTATION_CONTEXT ( 3 ) GLOBAL_UNCERTAINTY_ASSIGNED_CONTEXT ( ( #6447 ) ) GLOBAL_UNIT_ASSIGNED_CONTEXT ( ( #4489, #1397, #4984 ) ) REPRESENTATION_CONTEXT ( 'NONE', 'WORKASPACE' ) );
#3993 = EDGE_CURVE ( 'NONE', #3720, #3109, #2253, .T. ) ;
#3994 = SURFACE_STYLE_FILL_AREA ( #3284 ) ;
#3995 = FACE_OUTER_BOUND ( 'NONE', #1258, .T. ) ;
#3996 = EDGE_LOOP ( 'NONE', ( #3555, #879, #3537, #671, #4658 ) ) ;
#3997 = VECTOR ( 'NONE', #786, 1000.000000000000000 ) ;
#3998 =( NAMED_UNIT ( * ) SI_UNIT ( $, .STERADIAN. ) SOLID_ANGLE_UNIT ( ) );
#3999 = CARTESIAN_POINT ( 'NONE',  ( -0.09346153846153686100, 0.3300000000000000200, 0.1073076923076908100 ) ) ;
#4000 = DIRECTION ( 'NONE',  ( 0.0000000000000000000, 1.000000000000000000, 0.0000000000000000000 ) ) ;
#4001 = SURFACE_STYLE_USAGE ( .BOTH. , #3493 ) ;
#4002 = CYLINDRICAL_SURFACE ( 'NONE', #2001, 0.01000000000000002600 ) ;
#4003 = VECTOR ( 'NONE', #5842, 1000.000000000000000 ) ;
#4004 = DIRECTION ( 'NONE',  ( -0.0000000000000000000, -1.000000000000000000, -0.0000000000000000000 ) ) ;
#4005 = UNCERTAINTY_MEASURE_WITH_UNIT (LENGTH_MEASURE( 1.000000000000000100E-005 ), #1684, 'distance_accuracy_value', 'NONE');
#4006 = EDGE_CURVE ( 'NONE', #806, #1611, #6534, .T. ) ;
#4007 = VECTOR ( 'NONE', #4706, 1000.000000000000000 ) ;
#4008 = DIRECTION ( 'NONE',  ( 0.7540815958863068500, 0.0000000000000000000, 0.6567807448042006800 ) ) ;
#4009 = MECHANICAL_DESIGN_GEOMETRIC_PRESENTATION_REPRESENTATION (  '', ( #6477 ), #228 ) ;
#4010 = VERTEX_POINT ( 'NONE', #3248 ) ;
#4011 = PLANE ( 'NONE',  #5196 ) ;
#4012 = CARTESIAN_POINT ( 'NONE',  ( -0.1899283124027924800, 0.6297737670247007800, 0.9139883469853515900 ) ) ;
#4013 = FILL_AREA_STYLE ('',( #4457 ) ) ;
#4014 = AXIS2_PLACEMENT_3D ( 'NONE', #5939, #6444, #800 ) ;
#4015 = CARTESIAN_POINT ( 'NONE',  ( 1.119000000000000400, 0.8010000000000000500, -0.7599999999999989000 ) ) ;
#4016 = EDGE_LOOP ( 'NONE', ( #3436, #4560, #754, #5186 ) ) ;
#4017 = COLOUR_RGB ( '',1.000000000000000000, 0.8823529411764705600, 0.3764705882352941100 ) ;
#4018 = DIRECTION ( 'NONE',  ( 0.0000000000000000000, 0.0000000000000000000, -1.000000000000000000 ) ) ;
#4019 =( NAMED_UNIT ( * ) PLANE_ANGLE_UNIT ( ) SI_UNIT ( $, .RADIAN. ) );
#4020 = EDGE_CURVE ( 'NONE', #5814, #2182, #4129, .T. ) ;
#4021 =( NAMED_UNIT ( * ) PLANE_ANGLE_UNIT ( ) SI_UNIT ( $, .RADIAN. ) );
#4022 = CLOSED_SHELL ( 'NONE', ( #4293, #2007, #4831, #5461, #2809, #1591, #4691, #1160, #2538 ) ) ;
#4023 = EDGE_LOOP ( 'NONE', ( #4323, #2628, #2653, #4589 ) ) ;
#4024 = DIRECTION ( 'NONE',  ( -0.0000000000000000000, -1.000000000000000000, -0.0000000000000000000 ) ) ;
#4025 = EDGE_CURVE ( 'NONE', #237, #399, #4899, .T. ) ;
#4026 = SURFACE_STYLE_FILL_AREA ( #4836 ) ;
#4027 = ORIENTED_EDGE ( 'NONE', *, *, #5797, .F. ) ;
#4028 = DIRECTION ( 'NONE',  ( 0.0000000000000000000, 0.0000000000000000000, 1.000000000000000000 ) ) ;
#4029 = EDGE_CURVE ( 'NONE', #3885, #5522, #3358, .T. ) ;
#4030 = AXIS2_PLACEMENT_3D ( 'NONE', #4055, #3522, #456 ) ;
#4031 = LINE ( 'NONE', #3219, #1065 ) ;
#4032 = CARTESIAN_POINT ( 'NONE',  ( 0.0000000000000000000, 0.0000000000000000000, 0.0000000000000000000 ) ) ;
#4033 = FILL_AREA_STYLE ('',( #3574 ) ) ;
#4034 = ORIENTED_EDGE ( 'NONE', *, *, #1836, .T. ) ;
#4035 = CARTESIAN_POINT ( 'NONE',  ( -0.09411831920634057500, -0.0000000000000000000, -0.1080617739035766900 ) ) ;
#4036 = COLOUR_RGB ( '',1.000000000000000000, 0.8823529411764705600, 0.3764705882352941100 ) ;
#4037 = STYLED_ITEM ( 'NONE', ( #5737 ), #6350 ) ;
#4038 = CARTESIAN_POINT ( 'NONE',  ( -1.151000000000000200, 0.3310000000000000200, -0.8124480771102521300 ) ) ;
#4039 = CARTESIAN_POINT ( 'NONE',  ( -1.019999999999998700, 0.7299999999999999800, -0.8999999999999996900 ) ) ;
#4040 = CARTESIAN_POINT ( 'NONE',  ( 1.170000000000000200, 0.7299999999999999800, 0.7599999999999992300 ) ) ;
#4041 = DIRECTION ( 'NONE',  ( 0.7540815958863071900, 0.0000000000000000000, 0.6567807448042002300 ) ) ;
#4042 = DIRECTION ( 'NONE',  ( -0.0000000000000000000, -1.000000000000000000, -0.0000000000000000000 ) ) ;
#4043 = EDGE_CURVE ( 'NONE', #4896, #2215, #2739, .T. ) ;
#4044 = ORIENTED_EDGE ( 'NONE', *, *, #2202, .T. ) ;
#4045 = ORIENTED_EDGE ( 'NONE', *, *, #2767, .T. ) ;
#4046 = DIRECTION ( 'NONE',  ( 1.000000000000000000, -0.0000000000000000000, -0.0000000000000000000 ) ) ;
#4047 = LINE ( 'NONE', #2606, #1478 ) ;
#4048 = ADVANCED_FACE ( 'NONE', ( #578 ), #2200, .T. ) ;
#4049 = AXIS2_PLACEMENT_3D ( 'NONE', #3516, #4556, #1998 ) ;
#4050 = B_SPLINE_CURVE_WITH_KNOTS ( 'NONE', 3,
 ( #2696, #2280, #6292, #3255, #3709, #1734, #6344, #2758, #4330, #1808, #5372, #1282, #4848, #278, #5865, #2326 ),
 .UNSPECIFIED., .F., .F.,
 ( 4, 3, 3, 3, 3, 4 ),
 ( 0.0000000000000000000, 1.560373757604273500E-005, 3.111949745297076800E-005, 4.790600525262210000E-005, 6.583717542395196200E-005, 7.944835776314956600E-005 ),
 .UNSPECIFIED. ) ;
#4051 = EDGE_LOOP ( 'NONE', ( #451, #5174, #3335, #5046, #5089, #6108, #4490 ) ) ;
#4052 = AXIS2_PLACEMENT_3D ( 'NONE', #6056, #1950, #6501 ) ;
#4053 = VECTOR ( 'NONE', #4697, 1000.000000000000000 ) ;
#4054 = FACE_OUTER_BOUND ( 'NONE', #6555, .T. ) ;
#4055 = CARTESIAN_POINT ( 'NONE',  ( 1.020000000000000200, 0.7810000000000000300, -0.7599999999999995600 ) ) ;
#4056 = CARTESIAN_POINT ( 'NONE',  ( 1.150000000000000400, 0.3300000000000000200, -0.8129032258064519100 ) ) ;
#4057 = MECHANICAL_DESIGN_GEOMETRIC_PRESENTATION_REPRESENTATION (  '', ( #5933 ), #1189 ) ;
#4058 = ORIENTED_EDGE ( 'NONE', *, *, #211, .T. ) ;
#4059 = DIRECTION ( 'NONE',  ( -0.0000000000000000000, -1.000000000000000000, 0.0000000000000000000 ) ) ;
#4060 = DIRECTION ( 'NONE',  ( 0.0000000000000000000, 0.0000000000000000000, -1.000000000000000000 ) ) ;
#4061 = AXIS2_PLACEMENT_3D ( 'NONE', #1127, #3179, #1671 ) ;
#4062 = DIRECTION ( 'NONE',  ( 0.0000000000000000000, 0.0000000000000000000, -1.000000000000000000 ) ) ;
#4063 = CARTESIAN_POINT ( 'NONE',  ( 1.250000000000000200, 0.5799999999999998500, -1.000000000000000000 ) ) ;
#4064 = CARTESIAN_POINT ( 'NONE',  ( 1.249999999999999800, 0.02000000000000005200, -0.8986738835618640600 ) ) ;
#4065 = EDGE_LOOP ( 'NONE', ( #5070, #950, #4493, #5330, #1101 ) ) ;
#4066 = LINE ( 'NONE', #3816, #4230 ) ;
#4067 = CARTESIAN_POINT ( 'NONE',  ( -1.019999999999999100, 0.7409999999999999900, 0.8590000000000006500 ) ) ;
#4068 = LINE ( 'NONE', #4976, #2718 ) ;
#4069 = ORIENTED_EDGE ( 'NONE', *, *, #1790, .F. ) ;
#4070 = COLOUR_RGB ( '',1.000000000000000000, 0.8823529411764705600, 0.3764705882352941100 ) ;
#4071 = ORIENTED_EDGE ( 'NONE', *, *, #6335, .T. ) ;
#4072 = PRESENTATION_STYLE_ASSIGNMENT (( #758 ) ) ;
#4073 = DIRECTION ( 'NONE',  ( 0.0000000000000000000, 0.0000000000000000000, 1.000000000000000000 ) ) ;
#4074 = CIRCLE ( 'NONE', #2771, 0.01000000000000002600 ) ;
#4075 = LINE ( 'NONE', #706, #3924 ) ;
#4076 = EDGE_CURVE ( 'NONE', #2828, #5176, #1317, .T. ) ;
#4077 = ADVANCED_FACE ( 'NONE', ( #3626 ), #3704, .F. ) ;
#4078 = STYLED_ITEM ( 'NONE', ( #3449 ), #6074 ) ;
#4079 = EDGE_CURVE ( 'NONE', #4137, #664, #5221, .T. ) ;
#4080 = VECTOR ( 'NONE', #4321, 1000.000000000000000 ) ;
#4081 = CARTESIAN_POINT ( 'NONE',  ( -0.09999999999999924200, 0.7399999999999999900, -0.9599999999999991900 ) ) ;
#4082 = DIRECTION ( 'NONE',  ( 1.000000000000000000, 0.0000000000000000000, 0.0000000000000000000 ) ) ;
#4083 = CARTESIAN_POINT ( 'NONE',  ( 0.4740000000000001400, 0.3310000000000000200, 0.9009999999999999100 ) ) ;
#4084 = UNCERTAINTY_MEASURE_WITH_UNIT (LENGTH_MEASURE( 1.000000000000000100E-005 ), #305, 'distance_accuracy_value', 'NONE');
#4085 = ORIENTED_EDGE ( 'NONE', *, *, #6157, .T. ) ;
#4086 = SURFACE_STYLE_USAGE ( .BOTH. , #2525 ) ;
#4087 = COLOUR_RGB ( '',1.000000000000000000, 0.8823529411764705600, 0.3764705882352941100 ) ;
#4088 = APPLICATION_PROTOCOL_DEFINITION ( 'draft international standard', 'automotive_design', 1998, #5715 ) ;
#4089 = STYLED_ITEM ( 'NONE', ( #2205 ), #374 ) ;
#4090 = ORIENTED_EDGE ( 'NONE', *, *, #908, .F. ) ;
#4091 = VERTEX_POINT ( 'NONE', #136 ) ;
#4092 = CIRCLE ( 'NONE', #1898, 0.1000000000000000500 ) ;
#4093 = STYLED_ITEM ( 'NONE', ( #3505 ), #3102 ) ;
#4094 = CARTESIAN_POINT ( 'NONE',  ( 0.09999999999999929800, 0.5999999999999999800, 0.8599999999999999900 ) ) ;
#4095 = CARTESIAN_POINT ( 'NONE',  ( 1.250000000000000200, 0.0000000000000000000, -1.000000000000000000 ) ) ;
#4096 = EDGE_LOOP ( 'NONE', ( #1175, #3669, #4717, #4543 ) ) ;
#4097 = STYLED_ITEM ( 'NONE', ( #1595 ), #1523 ) ;
#4098 = CARTESIAN_POINT ( 'NONE',  ( 0.1812465383877997500, 0.7399999999999999900, -0.8999999999999996900 ) ) ;
#4099 = ORIENTED_EDGE ( 'NONE', *, *, #1493, .F. ) ;
#4100 = CARTESIAN_POINT ( 'NONE',  ( 1.150000000000000400, 0.0000000000000000000, -1.000000000000000200 ) ) ;
#4101 = DIRECTION ( 'NONE',  ( 0.7540815958863071900, 0.0000000000000000000, -0.6567807448042002300 ) ) ;
#4102 = CARTESIAN_POINT ( 'NONE',  ( 0.2000000000000000100, 0.5799999999999998500, 0.9999999999999997800 ) ) ;
#4103 = EDGE_CURVE ( 'NONE', #3714, #5436, #2989, .T. ) ;
#4104 = FILL_AREA_STYLE_COLOUR ( '', #5922 ) ;
#4105 = LINE ( 'NONE', #5532, #6411 ) ;
#4106 = FACE_OUTER_BOUND ( 'NONE', #310, .T. ) ;
#4107 = DIRECTION ( 'NONE',  ( 1.000000000000000000, 0.0000000000000000000, -1.302744525538081800E-016 ) ) ;
#4108 = FILL_AREA_STYLE ('',( #539 ) ) ;
#4109 = DIRECTION ( 'NONE',  ( -1.000000000000000000, 0.0000000000000000000, 0.0000000000000000000 ) ) ;
#4110 = CARTESIAN_POINT ( 'NONE',  ( -0.1000000000000001200, 0.5999999999999999800, 0.9600000000000000800 ) ) ;
#4111 = ADVANCED_FACE ( 'NONE', ( #4604, #6260 ), #5790, .F. ) ;
#4112 = ORIENTED_EDGE ( 'NONE', *, *, #2523, .T. ) ;
#4113 = EDGE_CURVE ( 'NONE', #896, #1917, #2204, .T. ) ;
#4114 = MECHANICAL_DESIGN_GEOMETRIC_PRESENTATION_REPRESENTATION (  '', ( #5950 ), #2620 ) ;
#4115 = ORIENTED_EDGE ( 'NONE', *, *, #6043, .F. ) ;
#4116 = ORIENTED_EDGE ( 'NONE', *, *, #1457, .T. ) ;
#4117 = PLANE ( 'NONE',  #3092 ) ;
#4118 = DIRECTION ( 'NONE',  ( -0.0000000000000000000, -1.000000000000000000, -0.0000000000000000000 ) ) ;
#4119 = CARTESIAN_POINT ( 'NONE',  ( 0.1953596204676258400, 0.6125750519130115400, 0.9264081951846011600 ) ) ;
#4120 = ORIENTED_EDGE ( 'NONE', *, *, #5482, .T. ) ;
#4121 = ORIENTED_EDGE ( 'NONE', *, *, #5183, .F. ) ;
#4122 = DIRECTION ( 'NONE',  ( 0.0000000000000000000, 0.0000000000000000000, -1.000000000000000000 ) ) ;
#4123 =( NAMED_UNIT ( * ) SI_UNIT ( $, .STERADIAN. ) SOLID_ANGLE_UNIT ( ) );
#4124 = EDGE_CURVE ( 'NONE', #5319, #6283, #2126, .T. ) ;
#4125 = VERTEX_POINT ( 'NONE', #2731 ) ;
#4126 = CARTESIAN_POINT ( 'NONE',  ( 0.1874917720914905400, 0.7331984757161296200, -0.9095374333439432100 ) ) ;
#4127 = CARTESIAN_POINT ( 'NONE',  ( -0.2000000000000000100, 0.0000000000000000000, -0.9600000000000006300 ) ) ;
#4128 = STYLED_ITEM ( 'NONE', ( #1022 ), #2809 ) ;
#4129 = LINE ( 'NONE', #1139, #3730 ) ;
#4130 = AXIS2_PLACEMENT_3D ( 'NONE', #4296, #652, #6414 ) ;
#4131 = CARTESIAN_POINT ( 'NONE',  ( 0.1000000000000000100, 0.0000000000000000000, 0.9600000000000000800 ) ) ;
#4132 = ORIENTED_EDGE ( 'NONE', *, *, #5045, .F. ) ;
#4133 = SURFACE_SIDE_STYLE ('',( #101 ) ) ;
#4134 = SURFACE_SIDE_STYLE ('',( #5659 ) ) ;
#4135 = VECTOR ( 'NONE', #6257, 1000.000000000000000 ) ;
#4136 = ADVANCED_FACE ( 'NONE', ( #3414 ), #6017, .T. ) ;
#4137 = VERTEX_POINT ( 'NONE', #5337 ) ;
#4138 = ORIENTED_EDGE ( 'NONE', *, *, #6115, .F. ) ;
#4139 = CARTESIAN_POINT ( 'NONE',  ( 1.249999999999999800, 0.0000000000000000000, -0.8999999999999996900 ) ) ;
#4140 = EDGE_LOOP ( 'NONE', ( #323, #6427, #5616, #2575 ) ) ;
#4141 = CYLINDRICAL_SURFACE ( 'NONE', #3700, 0.05000000000000002400 ) ;
#4142 = CARTESIAN_POINT ( 'NONE',  ( 1.250000000000000200, 0.02000000000000005200, 0.8986738835618647300 ) ) ;
#4143 = FILL_AREA_STYLE ('',( #79 ) ) ;
#4144 =( LENGTH_UNIT ( ) NAMED_UNIT ( * ) SI_UNIT ( .MILLI., .METRE. ) );
#4145 = ORIENTED_EDGE ( 'NONE', *, *, #2877, .T. ) ;
#4146 = VECTOR ( 'NONE', #2165, 1000.000000000000000 ) ;
#4147 = DIRECTION ( 'NONE',  ( -0.7540815958863068500, 0.0000000000000000000, 0.6567807448042006800 ) ) ;
#4148 = COLOUR_RGB ( '',1.000000000000000000, 0.8823529411764705600, 0.3764705882352941100 ) ;
#4149 = VERTEX_POINT ( 'NONE', #1842 ) ;
#4150 = CARTESIAN_POINT ( 'NONE',  ( 1.249999999999999800, 0.3300000000000000200, 0.8999999999999998000 ) ) ;
#4151 = LINE ( 'NONE', #471, #4807 ) ;
#4152 = CARTESIAN_POINT ( 'NONE',  ( 1.131872509846240800, 0.5999999999999999800, -0.9802291036289669800 ) ) ;
#4153 = CARTESIAN_POINT ( 'NONE',  ( 1.020000000000000200, 0.8010000000000000500, 0.7600000000000003400 ) ) ;
#4154 = EDGE_CURVE ( 'NONE', #4601, #978, #1636, .T. ) ;
#4155 = PRESENTATION_LAYER_ASSIGNMENT (  '', '', ( #750 ) ) ;
#4156 = CIRCLE ( 'NONE', #21, 0.01000000000000002600 ) ;
#4157 = VECTOR ( 'NONE', #4796, 1000.000000000000000 ) ;
#4158 = LINE ( 'NONE', #2618, #5363 ) ;
#4159 = SURFACE_STYLE_USAGE ( .BOTH. , #72 ) ;
#4160 = VECTOR ( 'NONE', #5557, 1000.000000000000000 ) ;
#4161 = ORIENTED_EDGE ( 'NONE', *, *, #5172, .T. ) ;
#4162 = CARTESIAN_POINT ( 'NONE',  ( -1.150290456170434600, 0.5957048431396048100, -0.9923837758247448000 ) ) ;
#4163 = CARTESIAN_POINT ( 'NONE',  ( 0.0000000000000000000, 0.7399999999999999900, 0.8589999999999999900 ) ) ;
#4164 = COLOUR_RGB ( '',0.8823529411764705600, 0.8823529411764705600, 0.8823529411764705600 ) ;
#4165 = PRESENTATION_STYLE_ASSIGNMENT (( #5117 ) ) ;
#4166 = UNCERTAINTY_MEASURE_WITH_UNIT (LENGTH_MEASURE( 1.000000000000000100E-005 ), #1847, 'distance_accuracy_value', 'NONE');
#4167 = EDGE_CURVE ( 'NONE', #1892, #4168, #2298, .T. ) ;
#4168 = VERTEX_POINT ( 'NONE', #5859 ) ;
#4169 = ORIENTED_EDGE ( 'NONE', *, *, #325, .T. ) ;
#4170 = CARTESIAN_POINT ( 'NONE',  ( -1.219999999999999800, 0.6500000000000000200, -0.7599999999999983400 ) ) ;
#4171 = LINE ( 'NONE', #2460, #1521 ) ;
#4172 = CARTESIAN_POINT ( 'NONE',  ( -0.09999999999999853500, 0.7399999999999999900, -0.8589999999999988800 ) ) ;
#4173 = FACE_OUTER_BOUND ( 'NONE', #4065, .T. ) ;
#4174 = MECHANICAL_DESIGN_GEOMETRIC_PRESENTATION_REPRESENTATION (  '', ( #2813 ), #2502 ) ;
#4175 = CARTESIAN_POINT ( 'NONE',  ( 1.185497518239655000E-016, 0.6500000000000000200, 0.9100000000000004800 ) ) ;
#4176 = VERTEX_POINT ( 'NONE', #6424 ) ;
#4177 = CARTESIAN_POINT ( 'NONE',  ( 0.1859399502220318000, 0.7371993992707537300, -0.9069403641335495000 ) ) ;
#4178 = CARTESIAN_POINT ( 'NONE',  ( -1.019999999999999100, 0.7810000000000000300, 0.8590000000000006500 ) ) ;
#4179 = ADVANCED_FACE ( 'NONE', ( #299 ), #1881, .T. ) ;
#4180 = DIRECTION ( 'NONE',  ( 0.0000000000000000000, -1.000000000000000000, 0.0000000000000000000 ) ) ;
#4181 =( GEOMETRIC_REPRESENTATION_CONTEXT ( 3 ) GLOBAL_UNCERTAINTY_ASSIGNED_CONTEXT ( ( #2488 ) ) GLOBAL_UNIT_ASSIGNED_CONTEXT ( ( #5217, #2297, #5334 ) ) REPRESENTATION_CONTEXT ( 'NONE', 'WORKASPACE' ) );
#4182 = EDGE_LOOP ( 'NONE', ( #4961, #675, #3777, #5211 ) ) ;
#4183 = PRESENTATION_LAYER_ASSIGNMENT (  '', '', ( #851 ) ) ;
#4184 = PRESENTATION_STYLE_ASSIGNMENT (( #1133 ) ) ;
#4185 = VECTOR ( 'NONE', #697, 1000.000000000000200 ) ;
#4186 =( LENGTH_UNIT ( ) NAMED_UNIT ( * ) SI_UNIT ( .MILLI., .METRE. ) );
#4187 = SURFACE_STYLE_USAGE ( .BOTH. , #2143 ) ;
#4188 = CYLINDRICAL_SURFACE ( 'NONE', #307, 0.02000000000000005200 ) ;
#4189 = CARTESIAN_POINT ( 'NONE',  ( 0.09999999999999929800, 0.5999999999999999800, 0.8599999999999999900 ) ) ;
#4190 = EDGE_LOOP ( 'NONE', ( #1321, #1144, #1622, #3751 ) ) ;
#4191 = AXIS2_PLACEMENT_3D ( 'NONE', #5670, #63, #2083 ) ;
#4192 = VECTOR ( 'NONE', #5361, 1000.000000000000000 ) ;
#4193 = DIRECTION ( 'NONE',  ( 0.0000000000000000000, 0.0000000000000000000, -1.000000000000000000 ) ) ;
#4194 = VECTOR ( 'NONE', #5311, 1000.000000000000000 ) ;
#4195 = CARTESIAN_POINT ( 'NONE',  ( -1.250000000000000200, 0.02000000000000005200, 0.9799999999999997600 ) ) ;
#4196 =( NAMED_UNIT ( * ) SI_UNIT ( $, .STERADIAN. ) SOLID_ANGLE_UNIT ( ) );
#4197 = CARTESIAN_POINT ( 'NONE',  ( 1.019999999999999100, 0.7399999999999999900, 0.9000000000000003600 ) ) ;
#4198 = PLANE ( 'NONE',  #5882 ) ;
#4199 = ORIENTED_EDGE ( 'NONE', *, *, #5919, .T. ) ;
#4200 =( NAMED_UNIT ( * ) SI_UNIT ( $, .STERADIAN. ) SOLID_ANGLE_UNIT ( ) );
#4201 = LINE ( 'NONE', #6146, #1969 ) ;
#4202 =( LENGTH_UNIT ( ) NAMED_UNIT ( * ) SI_UNIT ( .MILLI., .METRE. ) );
#4203 = CARTESIAN_POINT ( 'NONE',  ( 1.149999999999999900, 0.3300000000000000200, 1.000000000000000000 ) ) ;
#4204 = CARTESIAN_POINT ( 'NONE',  ( 1.119000000000000400, 0.7810000000000000300, 0.7600000000000003400 ) ) ;
#4205 = EDGE_LOOP ( 'NONE', ( #3399, #4116, #6269, #2788, #2999, #3005 ) ) ;
#4206 = ORIENTED_EDGE ( 'NONE', *, *, #2767, .F. ) ;
#4207 = SURFACE_SIDE_STYLE ('',( #4256 ) ) ;
#4208 = EDGE_CURVE ( 'NONE', #6575, #6385, #4449, .T. ) ;
#4209 = UNCERTAINTY_MEASURE_WITH_UNIT (LENGTH_MEASURE( 1.000000000000000100E-005 ), #3671, 'distance_accuracy_value', 'NONE');
#4210 = DIRECTION ( 'NONE',  ( -0.0000000000000000000, -1.000000000000000000, -0.0000000000000000000 ) ) ;
#4211 =( GEOMETRIC_REPRESENTATION_CONTEXT ( 3 ) GLOBAL_UNCERTAINTY_ASSIGNED_CONTEXT ( ( #574 ) ) GLOBAL_UNIT_ASSIGNED_CONTEXT ( ( #726, #1223, #2220 ) ) REPRESENTATION_CONTEXT ( 'NONE', 'WORKASPACE' ) );
#4212 =( GEOMETRIC_REPRESENTATION_CONTEXT ( 3 ) GLOBAL_UNCERTAINTY_ASSIGNED_CONTEXT ( ( #4885 ) ) GLOBAL_UNIT_ASSIGNED_CONTEXT ( ( #681, #5286, #5786 ) ) REPRESENTATION_CONTEXT ( 'NONE', 'WORKASPACE' ) );
#4213 = DIRECTION ( 'NONE',  ( 0.0000000000000000000, -1.000000000000000000, 0.0000000000000000000 ) ) ;
#4214 = CARTESIAN_POINT ( 'NONE',  ( -1.149999999999255200, 0.5815617248805419200, -1.000000000000217600 ) ) ;
#4215 = DIRECTION ( 'NONE',  ( -1.000000000000000000, 0.0000000000000000000, -0.0000000000000000000 ) ) ;
#4216 = ORIENTED_EDGE ( 'NONE', *, *, #1935, .F. ) ;
#4217 = ADVANCED_FACE ( 'NONE', ( #3883 ), #3830, .F. ) ;
#4218 = DIRECTION ( 'NONE',  ( -1.000000000000000000, 0.0000000000000000000, -0.0000000000000000000 ) ) ;
#4219 = VECTOR ( 'NONE', #5661, 1000.000000000000100 ) ;
#4220 = FILL_AREA_STYLE_COLOUR ( '', #6256 ) ;
#4221 =( NAMED_UNIT ( * ) SI_UNIT ( $, .STERADIAN. ) SOLID_ANGLE_UNIT ( ) );
#4222 = CARTESIAN_POINT ( 'NONE',  ( -1.148477421867326600, 0.008284271247461904400, 0.9999999999999997800 ) ) ;
#4223 = ORIENTED_EDGE ( 'NONE', *, *, #910, .T. ) ;
#4224 = LINE ( 'NONE', #3963, #1342 ) ;
#4225 = FILL_AREA_STYLE ('',( #658 ) ) ;
#4226 = SURFACE_STYLE_FILL_AREA ( #4033 ) ;
#4227 = CARTESIAN_POINT ( 'NONE',  ( -1.159999999999999700, 0.7299999999999999800, 0.7599999999999996800 ) ) ;
#4228 = AXIS2_PLACEMENT_3D ( 'NONE', #6001, #940, #4514 ) ;
#4229 = ORIENTED_EDGE ( 'NONE', *, *, #5492, .F. ) ;
#4230 = VECTOR ( 'NONE', #281, 1000.000000000000000 ) ;
#4231 = MECHANICAL_DESIGN_GEOMETRIC_PRESENTATION_REPRESENTATION (  '', ( #3894 ), #1844 ) ;
#4232 = DIRECTION ( 'NONE',  ( 0.0000000000000000000, 0.0000000000000000000, -1.000000000000000000 ) ) ;
#4233 = LINE ( 'NONE', #5801, #2632 ) ;
#4234 = DIRECTION ( 'NONE',  ( -1.000000000000000000, 0.0000000000000000000, 0.0000000000000000000 ) ) ;
#4235 = SURFACE_STYLE_FILL_AREA ( #3835 ) ;
#4236 = DIRECTION ( 'NONE',  ( 0.0000000000000000000, 1.000000000000000000, 0.0000000000000000000 ) ) ;
#4237 = ORIENTED_EDGE ( 'NONE', *, *, #1039, .T. ) ;
#4238 = DIRECTION ( 'NONE',  ( 0.0000000000000000000, -1.000000000000000000, 0.0000000000000000000 ) ) ;
#4239 = FACE_OUTER_BOUND ( 'NONE', #3060, .T. ) ;
#4240 = DIRECTION ( 'NONE',  ( -1.000000000000000000, 0.0000000000000000000, 2.065146995210484200E-016 ) ) ;
#4241 = EDGE_CURVE ( 'NONE', #205, #6086, #513, .T. ) ;
#4242 = VERTEX_POINT ( 'NONE', #2860 ) ;
#4243 = FACE_OUTER_BOUND ( 'NONE', #3996, .T. ) ;
#4244 = CARTESIAN_POINT ( 'NONE',  ( -1.230000000000000200, 0.02000000000000005200, -1.000000000000000000 ) ) ;
#4245 = LINE ( 'NONE', #6288, #1512 ) ;
#4246 = CARTESIAN_POINT ( 'NONE',  ( -1.019999999999999800, 0.7810000000000000300, -0.8389999999999995200 ) ) ;
#4247 = FILL_AREA_STYLE_COLOUR ( '', #2831 ) ;
#4248 = FILL_AREA_STYLE_COLOUR ( '', #5102 ) ;
#4249 = LINE ( 'NONE', #5689, #1931 ) ;
#4250 = EDGE_CURVE ( 'NONE', #4927, #4137, #4368, .T. ) ;
#4251 =( LENGTH_UNIT ( ) NAMED_UNIT ( * ) SI_UNIT ( .MILLI., .METRE. ) );
#4252 = CARTESIAN_POINT ( 'NONE',  ( 1.149294481267372900, 0.5852743744696423700, -0.9992919924840173400 ) ) ;
#4253 = DIRECTION ( 'NONE',  ( -1.000000000000000000, 0.0000000000000000000, 0.0000000000000000000 ) ) ;
#4254 = ADVANCED_FACE ( 'NONE', ( #919 ), #3393, .T. ) ;
#4255 = CARTESIAN_POINT ( 'NONE',  ( -1.250000000000000200, 0.5799999999999998500, 1.000000000000000000 ) ) ;
#4256 = SURFACE_STYLE_FILL_AREA ( #2971 ) ;
#4257 = MECHANICAL_DESIGN_GEOMETRIC_PRESENTATION_REPRESENTATION (  '', ( #3554 ), #5996 ) ;
#4258 = PRESENTATION_STYLE_ASSIGNMENT (( #5137 ) ) ;
#4260 = ORIENTED_EDGE ( 'NONE', *, *, #5281, .T. ) ;
#4259 = CARTESIAN_POINT ( 'NONE',  ( -1.151000000000000200, 0.0000000000000000000, 0.3240000000000001800 ) ) ;
#4261 =( LENGTH_UNIT ( ) NAMED_UNIT ( * ) SI_UNIT ( .MILLI., .METRE. ) );
#4262 = CARTESIAN_POINT ( 'NONE',  ( 1.148477421867326400, 0.008284271247462043200, -1.000000000000000000 ) ) ;
#4263 = CYLINDRICAL_SURFACE ( 'NONE', #458, 0.1000000000000000500 ) ;
#4264 = CARTESIAN_POINT ( 'NONE',  ( 0.2000000000000000100, 0.5999999999999999800, 0.9799999999999997600 ) ) ;
#4265 = UNCERTAINTY_MEASURE_WITH_UNIT (LENGTH_MEASURE( 1.000000000000000100E-005 ), #3262, 'distance_accuracy_value', 'NONE');
#4266 = DIRECTION ( 'NONE',  ( 0.0000000000000000000, 0.0000000000000000000, -1.000000000000000000 ) ) ;
#4267 = CARTESIAN_POINT ( 'NONE',  ( -1.249748501384304400, 0.5836046093962833400, 0.8997477919756971000 ) ) ;
#4268 = APPLICATION_CONTEXT ( 'automotive_design' ) ;
#4269 = ORIENTED_EDGE ( 'NONE', *, *, #818, .T. ) ;
#4270 = FILL_AREA_STYLE ('',( #3740 ) ) ;
#4271 = SURFACE_STYLE_FILL_AREA ( #3850 ) ;
#4272 = EDGE_CURVE ( 'NONE', #2634, #1398, #1152, .T. ) ;
#4273 = VECTOR ( 'NONE', #5900, 1000.000000000000000 ) ;
#4274 = EDGE_CURVE ( 'NONE', #2914, #5097, #2510, .T. ) ;
#4275 = VERTEX_POINT ( 'NONE', #773 ) ;
#4276 =( NAMED_UNIT ( * ) PLANE_ANGLE_UNIT ( ) SI_UNIT ( $, .RADIAN. ) );
#4277 = CARTESIAN_POINT ( 'NONE',  ( -1.019999999999999800, 0.7810000000000000300, 0.7600000000000006800 ) ) ;
#4278 = AXIS2_PLACEMENT_3D ( 'NONE', #4745, #5202, #4666 ) ;
#4279 = FILL_AREA_STYLE ('',( #2772 ) ) ;
#4280 = LINE ( 'NONE', #5238, #6088 ) ;
#4281 = VERTEX_POINT ( 'NONE', #1822 ) ;
#4282 = MECHANICAL_DESIGN_GEOMETRIC_PRESENTATION_REPRESENTATION (  '', ( #4701 ), #2979 ) ;
#4283 = CIRCLE ( 'NONE', #4322, 0.1200000000000000900 ) ;
#4284 = SURFACE_STYLE_USAGE ( .BOTH. , #639 ) ;
#4285 = CARTESIAN_POINT ( 'NONE',  ( 1.149999999999999900, 0.3300000000000000200, -5.110982803187865600E-016 ) ) ;
#4286 =( NAMED_UNIT ( * ) SI_UNIT ( $, .STERADIAN. ) SOLID_ANGLE_UNIT ( ) );
#4287 = EDGE_LOOP ( 'NONE', ( #4512, #4570, #1461, #3074 ) ) ;
#4288 = DIRECTION ( 'NONE',  ( -0.0000000000000000000, 1.000000000000000000, -0.0000000000000000000 ) ) ;
#4289 = CARTESIAN_POINT ( 'NONE',  ( -1.232600102251983200, 0.5999224192988729100, 0.8838853194772140500 ) ) ;
#4290 = SURFACE_STYLE_FILL_AREA ( #4279 ) ;
#4291 = SURFACE_STYLE_USAGE ( .BOTH. , #4313 ) ;
#4292 = SURFACE_SIDE_STYLE ('',( #6019 ) ) ;
#4293 = ADVANCED_FACE ( 'NONE', ( #5064 ), #1952, .T. ) ;
#4294 = ORIENTED_EDGE ( 'NONE', *, *, #359, .F. ) ;
#4295 = ORIENTED_EDGE ( 'NONE', *, *, #4685, .T. ) ;
#4296 = CARTESIAN_POINT ( 'NONE',  ( 0.9116385613682934700, 0.7910000000000000400, -0.6469271944712617900 ) ) ;
#4297 = CARTESIAN_POINT ( 'NONE',  ( 0.1000000000000000100, 0.5799999999999998500, 0.9799999999999997600 ) ) ;
#4298 = DIRECTION ( 'NONE',  ( 1.000000000000000000, 0.0000000000000000000, 0.0000000000000000000 ) ) ;
#4299 = EDGE_CURVE ( 'NONE', #2747, #3556, #1465, .T. ) ;
#4300 = PRESENTATION_LAYER_ASSIGNMENT (  '', '', ( #4858 ) ) ;
#4301 = ORIENTED_EDGE ( 'NONE', *, *, #1291, .T. ) ;
#4302 = CARTESIAN_POINT ( 'NONE',  ( 1.149747791975697300, 0.5836046093962833400, -0.9997485013843044900 ) ) ;
#4303 = DIRECTION ( 'NONE',  ( 0.0000000000000000000, -1.000000000000000000, 0.0000000000000000000 ) ) ;
#4304 = B_SPLINE_CURVE_WITH_KNOTS ( 'NONE', 3,
 ( #1365, #4542, #5969, #6511, #3950, #1923, #1407, #3486, #5524, #2475, #6023, #2977, #6532, #3502, #1454, #3064, #24, #985, #3022 ),
 .UNSPECIFIED., .F., .F.,
 ( 4, 3, 3, 3, 3, 3, 4 ),
 ( -9.008267259520497600E-007, 0.0000000000000000000, 7.531616806639282200E-006, 1.780571780281487100E-005, 2.546810297927912000E-005, 3.080809392562178400E-005, 3.619608820257718300E-005 ),
 .UNSPECIFIED. ) ;
#4305 = TOROIDAL_SURFACE ( 'NONE', #1141, 0.1399999999999999600, 0.01000000000000000000 ) ;
#4306 = DIRECTION ( 'NONE',  ( -1.000000000000000000, 0.0000000000000000000, -0.0000000000000000000 ) ) ;
#4307 = EDGE_LOOP ( 'NONE', ( #2532, #1137, #5656, #3158 ) ) ;
#4308 = STYLED_ITEM ( 'NONE', ( #1350 ), #6036 ) ;
#4309 = CARTESIAN_POINT ( 'NONE',  ( 1.119000000000000200, 0.7810000000000000300, 0.7600000000000003400 ) ) ;
#4310 = PRESENTATION_STYLE_ASSIGNMENT (( #2061 ) ) ;
#4311 = CARTESIAN_POINT ( 'NONE',  ( 0.0000000000000000000, 0.0000000000000000000, 0.0000000000000000000 ) ) ;
#4312 = FILL_AREA_STYLE_COLOUR ( '', #2175 ) ;
#4313 = SURFACE_SIDE_STYLE ('',( #4404 ) ) ;
#4314 = DIRECTION ( 'NONE',  ( -0.0000000000000000000, -1.000000000000000000, -0.0000000000000000000 ) ) ;
#4315 = PRESENTATION_LAYER_ASSIGNMENT (  '', '', ( #1220 ) ) ;
#4316 = ORIENTED_EDGE ( 'NONE', *, *, #2947, .T. ) ;
#4317 = CARTESIAN_POINT ( 'NONE',  ( -0.1887730558417736200, 0.6365964391489912200, -0.9118300450849978800 ) ) ;
#4318 = FILL_AREA_STYLE_COLOUR ( '', #4362 ) ;
#4319 = DIRECTION ( 'NONE',  ( 1.000000000000000000, 0.0000000000000000000, -1.935435283114619600E-016 ) ) ;
#4320 = PRESENTATION_STYLE_ASSIGNMENT (( #1097 ) ) ;
#4321 = DIRECTION ( 'NONE',  ( 0.0000000000000000000, -1.000000000000000000, 0.0000000000000000000 ) ) ;
#4322 = AXIS2_PLACEMENT_3D ( 'NONE', #3070, #3629, #4675 ) ;
#4323 = ORIENTED_EDGE ( 'NONE', *, *, #2891, .F. ) ;
#4324 = CARTESIAN_POINT ( 'NONE',  ( -1.148843479894256200, 0.5869356331318318400, 0.9988378092117300400 ) ) ;
#4325 = ADVANCED_FACE ( 'NONE', ( #4532 ), #3368, .F. ) ;
#4326 = AXIS2_PLACEMENT_3D ( 'NONE', #3072, #1487, #427 ) ;
#4327 = CARTESIAN_POINT ( 'NONE',  ( 0.09999999999999999200, 0.5999999999999999800, 0.9600000000000000800 ) ) ;
#4328 = VECTOR ( 'NONE', #5459, 1000.000000000000000 ) ;
#4329 = ORIENTED_EDGE ( 'NONE', *, *, #3191, .T. ) ;
#4330 = CARTESIAN_POINT ( 'NONE',  ( 0.1953119037893096500, 0.6126937398133561800, -0.9262678514956390600 ) ) ;
#4331 = FACE_OUTER_BOUND ( 'NONE', #4307, .T. ) ;
#4332 = STYLED_ITEM ( 'NONE', ( #1517 ), #1707 ) ;
#4333 = CARTESIAN_POINT ( 'NONE',  ( -1.250000000000000200, 0.5799999999999998500, 0.9999999999999997800 ) ) ;
#4334 = SURFACE_STYLE_FILL_AREA ( #656 ) ;
#4335 = LINE ( 'NONE', #4127, #6312 ) ;
#4336 = SURFACE_STYLE_FILL_AREA ( #5745 ) ;
#4337 = DIRECTION ( 'NONE',  ( 0.0000000000000000000, 0.0000000000000000000, 1.000000000000000000 ) ) ;
#4338 = VECTOR ( 'NONE', #1893, 1000.000000000000200 ) ;
#4339 = FILL_AREA_STYLE_COLOUR ( '', #3664 ) ;
#4340 = ORIENTED_EDGE ( 'NONE', *, *, #4029, .F. ) ;
#4341 = DIRECTION ( 'NONE',  ( 0.0000000000000000000, 0.0000000000000000000, 1.000000000000000000 ) ) ;
#4342 =( NAMED_UNIT ( * ) PLANE_ANGLE_UNIT ( ) SI_UNIT ( $, .RADIAN. ) );
#4343 = SURFACE_STYLE_FILL_AREA ( #2834 ) ;
#4344 = DIRECTION ( 'NONE',  ( -4.444332872337274000E-016, 0.0000000000000000000, -1.000000000000000000 ) ) ;
#4345 = CARTESIAN_POINT ( 'NONE',  ( -1.150000000000000100, 0.5799999999999998500, 0.9999999999999997800 ) ) ;
#4346 = ORIENTED_EDGE ( 'NONE', *, *, #4721, .T. ) ;
#4347 = CARTESIAN_POINT ( 'NONE',  ( 1.148477421867325900, 0.02000000000000005200, 0.9999999999999995600 ) ) ;
#4348 = VERTEX_POINT ( 'NONE', #1295 ) ;
#4349 = DIRECTION ( 'NONE',  ( -1.000000000000000000, 0.0000000000000000000, 0.0000000000000000000 ) ) ;
#4350 = LINE ( 'NONE', #6574, #1132 ) ;
#4351 = EDGE_CURVE ( 'NONE', #1630, #2517, #2588, .T. ) ;
#4352 = MECHANICAL_DESIGN_GEOMETRIC_PRESENTATION_REPRESENTATION (  '', ( #1731 ), #5014 ) ;
#4353 = STYLED_ITEM ( 'NONE', ( #4689 ), #111 ) ;
#4354 = CARTESIAN_POINT ( 'NONE',  ( 1.149999999999999900, 0.0000000000000000000, 5.110982803187865600E-016 ) ) ;
#4355 = FILL_AREA_STYLE ('',( #5743 ) ) ;
#4356 = ORIENTED_EDGE ( 'NONE', *, *, #590, .T. ) ;
#4357 = DIRECTION ( 'NONE',  ( 0.0000000000000000000, 0.0000000000000000000, 1.000000000000000000 ) ) ;
#4358 = VERTEX_POINT ( 'NONE', #3510 ) ;
#4359 = ADVANCED_FACE ( 'NONE', ( #6488 ), #3699, .F. ) ;
#4360 = DIRECTION ( 'NONE',  ( 0.0000000000000000000, -1.000000000000000000, 0.0000000000000000000 ) ) ;
#4361 = COLOUR_RGB ( '',0.8823529411764705600, 0.8823529411764705600, 0.8823529411764705600 ) ;
#4362 = COLOUR_RGB ( '',1.000000000000000000, 0.8823529411764705600, 0.3764705882352941100 ) ;
#4363 = EDGE_CURVE ( 'NONE', #1480, #3556, #1957, .T. ) ;
#4364 = DIRECTION ( 'NONE',  ( 0.0000000000000000000, 1.000000000000000000, 0.0000000000000000000 ) ) ;
#4365 = DIRECTION ( 'NONE',  ( 9.427844978134827600E-017, 0.0000000000000000000, 1.000000000000000000 ) ) ;
#4366 =( LENGTH_UNIT ( ) NAMED_UNIT ( * ) SI_UNIT ( .MILLI., .METRE. ) );
#4367 = MECHANICAL_DESIGN_GEOMETRIC_PRESENTATION_REPRESENTATION (  '', ( #1962 ), #926 ) ;
#4368 = LINE ( 'NONE', #5916, #4192 ) ;
#4369 = DIRECTION ( 'NONE',  ( 0.7071067811865474600, 0.0000000000000000000, 0.7071067811865474600 ) ) ;
#4370 = DIRECTION ( 'NONE',  ( 1.000000000000000000, -0.0000000000000000000, -2.065146995210484200E-016 ) ) ;
#4371 = DIRECTION ( 'NONE',  ( 0.0000000000000000000, 0.0000000000000000000, -1.000000000000000000 ) ) ;
#4372 = AXIS2_PLACEMENT_3D ( 'NONE', #4845, #2305, #709 ) ;
#4373 = SURFACE_SIDE_STYLE ('',( #2364 ) ) ;
#4374 =( NAMED_UNIT ( * ) PLANE_ANGLE_UNIT ( ) SI_UNIT ( $, .RADIAN. ) );
#4375 = ORIENTED_EDGE ( 'NONE', *, *, #436, .T. ) ;
#4376 = PLANE ( 'NONE',  #6214 ) ;
#4377 = EDGE_CURVE ( 'NONE', #4933, #4091, #6340, .T. ) ;
#4378 = ORIENTED_EDGE ( 'NONE', *, *, #4929, .T. ) ;
#4379 = EDGE_LOOP ( 'NONE', ( #1003, #4229, #3041, #3147 ) ) ;
#4380 = EDGE_LOOP ( 'NONE', ( #2982, #2773, #2334, #3220 ) ) ;
#4381 = CARTESIAN_POINT ( 'NONE',  ( 0.0007988165680478640000, 0.3300000000000000200, 0.0009171597633142134500 ) ) ;
#4382 = LINE ( 'NONE', #4015, #1825 ) ;
#4383 = EDGE_CURVE ( 'NONE', #4753, #1812, #766, .T. ) ;
#4384 = ORIENTED_EDGE ( 'NONE', *, *, #2302, .F. ) ;
#4385 = DIRECTION ( 'NONE',  ( -0.6567807448042006800, 0.0000000000000000000, 0.7540815958863068500 ) ) ;
#4386 =( NAMED_UNIT ( * ) PLANE_ANGLE_UNIT ( ) SI_UNIT ( $, .RADIAN. ) );
#4387 = EDGE_CURVE ( 'NONE', #2182, #4696, #597, .T. ) ;
#4388 = UNCERTAINTY_MEASURE_WITH_UNIT (LENGTH_MEASURE( 1.000000000000000100E-005 ), #4880, 'distance_accuracy_value', 'NONE');
#4389 = LINE ( 'NONE', #3615, #4053 ) ;
#4390 = VECTOR ( 'NONE', #4462, 1000.000000000000000 ) ;
#4391 = CARTESIAN_POINT ( 'NONE',  ( -1.149747791975697300, 0.5836046093962833400, 0.9997485013843040400 ) ) ;
#4392 = DIRECTION ( 'NONE',  ( 0.0000000000000000000, 0.0000000000000000000, -1.000000000000000000 ) ) ;
#4393 = FILL_AREA_STYLE ('',( #1257 ) ) ;
#4394 = ORIENTED_EDGE ( 'NONE', *, *, #4518, .F. ) ;
#4395 = FILL_AREA_STYLE_COLOUR ( '', #6082 ) ;
#4396 = CARTESIAN_POINT ( 'NONE',  ( 0.0000000000000000000, 0.3300000000000000200, 0.3250000000000001800 ) ) ;
#4397 = VECTOR ( 'NONE', #3204, 1000.000000000000000 ) ;
#4398 = AXIS2_PLACEMENT_3D ( 'NONE', #2785, #5324, #1718 ) ;
#4399 = DIRECTION ( 'NONE',  ( -1.000000000000000000, 0.0000000000000000000, 0.0000000000000000000 ) ) ;
#4400 = EDGE_CURVE ( 'NONE', #319, #6500, #5538, .T. ) ;
#4401 = VERTEX_POINT ( 'NONE', #5553 ) ;
#4402 = CARTESIAN_POINT ( 'NONE',  ( 0.9116385613682934700, 0.7910000000000000400, -0.6962911505260459500 ) ) ;
#4403 = SURFACE_STYLE_FILL_AREA ( #4479 ) ;
#4404 = SURFACE_STYLE_FILL_AREA ( #3817 ) ;
#4405 = STYLED_ITEM ( 'NONE', ( #5269 ), #2538 ) ;
#4406 = VECTOR ( 'NONE', #2405, 1000.000000000000000 ) ;
#4407 = ORIENTED_EDGE ( 'NONE', *, *, #6151, .F. ) ;
#4408 = LINE ( 'NONE', #16, #3849 ) ;
#4409 = CARTESIAN_POINT ( 'NONE',  ( -4.656648330825265200E-016, 0.7399999999999999900, -0.8589999999999988800 ) ) ;
#4410 = CARTESIAN_POINT ( 'NONE',  ( -0.09999999999999940900, 0.7399999999999999900, 0.8589999999999999900 ) ) ;
#4411 = SURFACE_SIDE_STYLE ('',( #5915 ) ) ;
#4412 =( GEOMETRIC_REPRESENTATION_CONTEXT ( 3 ) GLOBAL_UNCERTAINTY_ASSIGNED_CONTEXT ( ( #5228 ) ) GLOBAL_UNIT_ASSIGNED_CONTEXT ( ( #3785, #4821, #1758 ) ) REPRESENTATION_CONTEXT ( 'NONE', 'WORKASPACE' ) );
#4413 = CYLINDRICAL_SURFACE ( 'NONE', #529, 0.04936395605478413600 ) ;
#4414 = PRESENTATION_STYLE_ASSIGNMENT (( #4847 ) ) ;
#4415 = FILL_AREA_STYLE ('',( #324 ) ) ;
#4416 = DIRECTION ( 'NONE',  ( 0.0000000000000000000, 0.0000000000000000000, 1.000000000000000000 ) ) ;
#4417 = VECTOR ( 'NONE', #2883, 1000.000000000000000 ) ;
#4418 = MECHANICAL_DESIGN_GEOMETRIC_PRESENTATION_REPRESENTATION (  '', ( #3710 ), #4744 ) ;
#4419 = FILL_AREA_STYLE ('',( #4395 ) ) ;
#4420 = SURFACE_STYLE_FILL_AREA ( #34 ) ;
#4421 = CARTESIAN_POINT ( 'NONE',  ( -1.151000000000000200, 0.3310000000000000200, -0.8124480771102521300 ) ) ;
#4422 = STYLED_ITEM ( 'NONE', ( #4583 ), #1915 ) ;
#4423 = VECTOR ( 'NONE', #1046, 1000.000000000000000 ) ;
#4424 = LINE ( 'NONE', #688, #1032 ) ;
#4425 = DIRECTION ( 'NONE',  ( -1.000000000000000000, 0.0000000000000000000, 0.0000000000000000000 ) ) ;
#4426 = VECTOR ( 'NONE', #2301, 1000.000000000000000 ) ;
#4427 = ORIENTED_EDGE ( 'NONE', *, *, #4707, .T. ) ;
#4428 = ORIENTED_EDGE ( 'NONE', *, *, #2868, .T. ) ;
#4429 = CIRCLE ( 'NONE', #5741, 0.07900000000000007000 ) ;
#4430 = UNCERTAINTY_MEASURE_WITH_UNIT (LENGTH_MEASURE( 1.000000000000000100E-005 ), #4841, 'distance_accuracy_value', 'NONE');
#4431 = EDGE_LOOP ( 'NONE', ( #4378, #1530, #4640, #446, #493, #5994 ) ) ;
#4432 = DIRECTION ( 'NONE',  ( 0.0000000000000000000, 0.0000000000000000000, 1.000000000000000000 ) ) ;
#4433 = CARTESIAN_POINT ( 'NONE',  ( -0.1877553417177557400, 0.6500000000000000200, 0.9100000000000005900 ) ) ;
#4434 = CARTESIAN_POINT ( 'NONE',  ( 0.9116385613682934700, 0.7910000000000000400, -0.6469271944712617900 ) ) ;
#4435 = ADVANCED_FACE ( 'NONE', ( #5472 ), #2290, .F. ) ;
#4436 = VECTOR ( 'NONE', #2826, 1000.000000000000000 ) ;
#4437 = UNCERTAINTY_MEASURE_WITH_UNIT (LENGTH_MEASURE( 1.000000000000000100E-005 ), #3739, 'distance_accuracy_value', 'NONE');
#4438 = CARTESIAN_POINT ( 'NONE',  ( 1.249999999999999800, 0.3310000000000000200, -0.8986738835618640600 ) ) ;
#4439 = ORIENTED_EDGE ( 'NONE', *, *, #1580, .F. ) ;
#4440 = DIRECTION ( 'NONE',  ( -0.0000000000000000000, -1.000000000000000000, -0.0000000000000000000 ) ) ;
#4441 = EDGE_CURVE ( 'NONE', #4933, #107, #4105, .T. ) ;
#4442 = STYLED_ITEM ( 'NONE', ( #275 ), #5716 ) ;
#4443 = EDGE_CURVE ( 'NONE', #976, #505, #4678, .T. ) ;
#4444 = SURFACE_STYLE_FILL_AREA ( #698 ) ;
#4445 = DIRECTION ( 'NONE',  ( -9.427844978134826400E-017, 0.0000000000000000000, -1.000000000000000000 ) ) ;
#4446 = PRESENTATION_STYLE_ASSIGNMENT (( #1597 ) ) ;
#4447 = ORIENTED_EDGE ( 'NONE', *, *, #3080, .T. ) ;
#4448 = SURFACE_STYLE_USAGE ( .BOTH. , #898 ) ;
#4449 = CIRCLE ( 'NONE', #336, 0.1000000000000000500 ) ;
#4450 = AXIS2_PLACEMENT_3D ( 'NONE', #4039, #5601, #3543 ) ;
#4451 = SURFACE_STYLE_FILL_AREA ( #4270 ) ;
#4452 = MECHANICAL_DESIGN_GEOMETRIC_PRESENTATION_REPRESENTATION (  '', ( #4089 ), #3390 ) ;
#4453 = ORIENTED_EDGE ( 'NONE', *, *, #436, .F. ) ;
#4454 = LINE ( 'NONE', #2320, #5402 ) ;
#4455 =( NAMED_UNIT ( * ) SI_UNIT ( $, .STERADIAN. ) SOLID_ANGLE_UNIT ( ) );
#4456 = FILL_AREA_STYLE ('',( #1041 ) ) ;
#4457 = FILL_AREA_STYLE_COLOUR ( '', #2238 ) ;
#4458 = CARTESIAN_POINT ( 'NONE',  ( 1.232600102251982800, 0.5999224192988729100, -0.8838853194772144900 ) ) ;
#4459 = PRESENTATION_LAYER_ASSIGNMENT (  '', '', ( #1710 ) ) ;
#4460 = CARTESIAN_POINT ( 'NONE',  ( -1.230000000000000200, 0.5999999999999999800, -0.9020204102886727500 ) ) ;
#4461 = ORIENTED_EDGE ( 'NONE', *, *, #1419, .T. ) ;
#4462 = DIRECTION ( 'NONE',  ( 1.000000000000000000, -0.0000000000000000000, -0.0000000000000000000 ) ) ;
#4463 = VECTOR ( 'NONE', #2153, 1000.000000000000200 ) ;
#4464 = CARTESIAN_POINT ( 'NONE',  ( 1.220000000000000200, 0.5999999999999999800, 0.7599999999999992300 ) ) ;
#4465 = MECHANICAL_DESIGN_GEOMETRIC_PRESENTATION_REPRESENTATION (  '', ( #4097 ), #3200 ) ;
#4466 = SURFACE_STYLE_USAGE ( .BOTH. , #5019 ) ;
#4467 = FILL_AREA_STYLE ('',( #3960 ) ) ;
#4468 = ORIENTED_EDGE ( 'NONE', *, *, #3191, .F. ) ;
#4469 = ORIENTED_EDGE ( 'NONE', *, *, #2417, .F. ) ;
#4470 = EDGE_CURVE ( 'NONE', #319, #1618, #6011, .T. ) ;
#4471 = VECTOR ( 'NONE', #3726, 1000.000000000000100 ) ;
#4472 = EDGE_LOOP ( 'NONE', ( #2281, #924, #1601, #4346 ) ) ;
#4473 = ORIENTED_EDGE ( 'NONE', *, *, #5364, .T. ) ;
#4474 = B_SPLINE_CURVE_WITH_KNOTS ( 'NONE', 3,
 ( #5340, #1278, #4868, #1805, #5368, #3812, #757, #1244, #1770, #241, #3797, #747, #4317, #5329, #6353, #2291 ),
 .UNSPECIFIED., .F., .F.,
 ( 4, 3, 3, 3, 3, 4 ),
 ( 0.0000000000000000000, 1.573734066392568700E-005, 3.141132411934487600E-005, 4.803079164233764700E-005, 6.594895660364032200E-005, 7.946349483573592600E-005 ),
 .UNSPECIFIED. ) ;
#4475 = LINE ( 'NONE', #2299, #5654 ) ;
#4476 = EDGE_CURVE ( 'NONE', #4927, #5899, #6172, .T. ) ;
#4477 = ORIENTED_EDGE ( 'NONE', *, *, #4476, .F. ) ;
#4478 =( LENGTH_UNIT ( ) NAMED_UNIT ( * ) SI_UNIT ( .MILLI., .METRE. ) );
#4479 = FILL_AREA_STYLE ('',( #1389 ) ) ;
#4480 = CARTESIAN_POINT ( 'NONE',  ( 1.229999999999999800, 0.5999999999999999800, -0.8816784043380072600 ) ) ;
#4481 = PRESENTATION_LAYER_ASSIGNMENT (  '', '', ( #1583 ) ) ;
#4482 = EDGE_CURVE ( 'NONE', #3190, #3126, #4990, .T. ) ;
#4483 = ORIENTED_EDGE ( 'NONE', *, *, #665, .T. ) ;
#4484 = CARTESIAN_POINT ( 'NONE',  ( -1.247017589630776500, 0.5907426966016253700, -0.9000347038314449000 ) ) ;
#4485 = CIRCLE ( 'NONE', #5718, 0.1399999999999999300 ) ;
#4486 = DIRECTION ( 'NONE',  ( 0.0000000000000000000, 0.0000000000000000000, -1.000000000000000000 ) ) ;
#4487 = FACE_OUTER_BOUND ( 'NONE', #6364, .T. ) ;
#4488 = DIRECTION ( 'NONE',  ( 1.000000000000000000, 0.0000000000000000000, 0.0000000000000000000 ) ) ;
#4489 =( LENGTH_UNIT ( ) NAMED_UNIT ( * ) SI_UNIT ( .MILLI., .METRE. ) );
#4490 = ORIENTED_EDGE ( 'NONE', *, *, #6207, .T. ) ;
#4491 = SURFACE_STYLE_FILL_AREA ( #6430 ) ;
#4492 = AXIS2_PLACEMENT_3D ( 'NONE', #4690, #5751, #2209 ) ;
#4493 = ORIENTED_EDGE ( 'NONE', *, *, #4079, .F. ) ;
#4494 = LINE ( 'NONE', #1868, #181 ) ;
#4495 = ORIENTED_EDGE ( 'NONE', *, *, #5147, .F. ) ;
#4496 = EDGE_CURVE ( 'NONE', #1917, #896, #3139, .T. ) ;
#4497 = CARTESIAN_POINT ( 'NONE',  ( 1.172470072984274300E-016, 0.7399999999999999900, 0.9000000000000003600 ) ) ;
#4498 = STYLED_ITEM ( 'NONE', ( #403 ), #2638 ) ;
#4499 = CARTESIAN_POINT ( 'NONE',  ( -1.250000000000000200, 0.3300000000000000200, -1.000000000000000000 ) ) ;
#4500 = SURFACE_STYLE_USAGE ( .BOTH. , #433 ) ;
#4501 = LINE ( 'NONE', #1100, #4815 ) ;
#4502 = STYLED_ITEM ( 'NONE', ( #4446 ), #933 ) ;
#4503 = CARTESIAN_POINT ( 'NONE',  ( -1.240625626341753900, 0.5969439093731472300, -0.9004403640097273800 ) ) ;
#4504 = VERTEX_POINT ( 'NONE', #6583 ) ;
#4505 = DIRECTION ( 'NONE',  ( 0.0000000000000000000, 0.0000000000000000000, -1.000000000000000000 ) ) ;
#4506 = SURFACE_STYLE_FILL_AREA ( #5749 ) ;
#4507 = CARTESIAN_POINT ( 'NONE',  ( 0.2000000000000000100, 0.0000000000000000000, 0.9600000000000006300 ) ) ;
#4508 = CARTESIAN_POINT ( 'NONE',  ( -0.2000000000000000900, 0.0000000000000000000, -0.9800000000000002000 ) ) ;
#4509 = CARTESIAN_POINT ( 'NONE',  ( 1.250000000000000200, 0.3300000000000000200, 1.000000000000000000 ) ) ;
#4510 =( LENGTH_UNIT ( ) NAMED_UNIT ( * ) SI_UNIT ( .MILLI., .METRE. ) );
#4511 = ORIENTED_EDGE ( 'NONE', *, *, #1156, .T. ) ;
#4512 = ORIENTED_EDGE ( 'NONE', *, *, #1162, .T. ) ;
#4513 = LINE ( 'NONE', #3042, #3684 ) ;
#4514 = DIRECTION ( 'NONE',  ( -1.000000000000000000, 0.0000000000000000000, -0.0000000000000000000 ) ) ;
#4515 = UNCERTAINTY_MEASURE_WITH_UNIT (LENGTH_MEASURE( 1.000000000000000100E-005 ), #4202, 'distance_accuracy_value', 'NONE');
#4516 = SURFACE_STYLE_FILL_AREA ( #3492 ) ;
#4517 = ORIENTED_EDGE ( 'NONE', *, *, #4020, .T. ) ;
#4518 = EDGE_CURVE ( 'NONE', #3885, #1589, #5131, .T. ) ;
#4519 = VECTOR ( 'NONE', #1624, 1000.000000000000000 ) ;
#4520 = STYLED_ITEM ( 'NONE', ( #1440 ), #5100 ) ;
#4521 = LINE ( 'NONE', #3651, #2117 ) ;
#4522 = VERTEX_POINT ( 'NONE', #3561 ) ;
#4523 = FILL_AREA_STYLE_COLOUR ( '', #3213 ) ;
#4524 = LINE ( 'NONE', #1103, #5473 ) ;
#4525 = LINE ( 'NONE', #5783, #5134 ) ;
#4526 = FILL_AREA_STYLE ('',( #6498 ) ) ;
#4527 = ORIENTED_EDGE ( 'NONE', *, *, #5380, .T. ) ;
#4528 =( GEOMETRIC_REPRESENTATION_CONTEXT ( 3 ) GLOBAL_UNCERTAINTY_ASSIGNED_CONTEXT ( ( #1142 ) ) GLOBAL_UNIT_ASSIGNED_CONTEXT ( ( #4144, #1035, #3187 ) ) REPRESENTATION_CONTEXT ( 'NONE', 'WORKASPACE' ) );
#4529 =( LENGTH_UNIT ( ) NAMED_UNIT ( * ) SI_UNIT ( .MILLI., .METRE. ) );
#4530 = DIRECTION ( 'NONE',  ( 0.0000000000000000000, -1.000000000000000000, 0.0000000000000000000 ) ) ;
#4531 = EDGE_CURVE ( 'NONE', #971, #4601, #1146, .T. ) ;
#4532 = FACE_OUTER_BOUND ( 'NONE', #1667, .T. ) ;
#4533 = ORIENTED_EDGE ( 'NONE', *, *, #2240, .F. ) ;
#4534 = VECTOR ( 'NONE', #2059, 1000.000000000000000 ) ;
#4535 = SURFACE_STYLE_USAGE ( .BOTH. , #5480 ) ;
#4536 = ADVANCED_FACE ( 'NONE', ( #911 ), #6170, .T. ) ;
#4537 = AXIS2_PLACEMENT_3D ( 'NONE', #1323, #1259, #781 ) ;
#4538 = ORIENTED_EDGE ( 'NONE', *, *, #1255, .T. ) ;
#4539 = CARTESIAN_POINT ( 'NONE',  ( -0.1850416349347763500, 0.7384159153380888100, -0.9055036227724050400 ) ) ;
#4540 = AXIS2_PLACEMENT_3D ( 'NONE', #2608, #6100, #1623 ) ;
#4541 = ORIENTED_EDGE ( 'NONE', *, *, #1457, .F. ) ;
#4542 = CARTESIAN_POINT ( 'NONE',  ( 1.131872509846240800, 0.5999999999999999800, 0.9802291036289665400 ) ) ;
#4543 = ORIENTED_EDGE ( 'NONE', *, *, #5535, .F. ) ;
#4544 = SURFACE_SIDE_STYLE ('',( #3913 ) ) ;
#4545 = COLOUR_RGB ( '',1.000000000000000000, 0.8823529411764705600, 0.3764705882352941100 ) ;
#4546 = CARTESIAN_POINT ( 'NONE',  ( -1.151000000000000200, 0.0000000000000000000, -0.3240000000000001800 ) ) ;
#4547 = ORIENTED_EDGE ( 'NONE', *, *, #613, .T. ) ;
#4548 = MECHANICAL_DESIGN_GEOMETRIC_PRESENTATION_REPRESENTATION (  '', ( #2453 ), #2787 ) ;
#4549 =( NAMED_UNIT ( * ) PLANE_ANGLE_UNIT ( ) SI_UNIT ( $, .RADIAN. ) );
#4550 = DIRECTION ( 'NONE',  ( -1.000000000000000000, 0.0000000000000000000, 1.302744525538082600E-016 ) ) ;
#4551 = SURFACE_SIDE_STYLE ('',( #4420 ) ) ;
#4552 = VECTOR ( 'NONE', #1656, 1000.000000000000000 ) ;
#4553 = FACE_OUTER_BOUND ( 'NONE', #2406, .T. ) ;
#4554 = DIRECTION ( 'NONE',  ( 0.0000000000000000000, 1.000000000000000000, 0.0000000000000000000 ) ) ;
#4555 = ORIENTED_EDGE ( 'NONE', *, *, #5756, .T. ) ;
#4556 = DIRECTION ( 'NONE',  ( -0.0000000000000000000, -1.000000000000000000, -0.0000000000000000000 ) ) ;
#4557 = CIRCLE ( 'NONE', #4582, 0.07900000000000007000 ) ;
#4558 = CARTESIAN_POINT ( 'NONE',  ( -0.1876662303916250000, 0.7320254819593955400, -0.9098427700947115900 ) ) ;
#4559 = FACE_OUTER_BOUND ( 'NONE', #303, .T. ) ;
#4560 = ORIENTED_EDGE ( 'NONE', *, *, #6285, .F. ) ;
#4561 = COLOUR_RGB ( '',1.000000000000000000, 0.8823529411764705600, 0.3764705882352941100 ) ;
#4562 =( NAMED_UNIT ( * ) SI_UNIT ( $, .STERADIAN. ) SOLID_ANGLE_UNIT ( ) );
#4563 =( NAMED_UNIT ( * ) SI_UNIT ( $, .STERADIAN. ) SOLID_ANGLE_UNIT ( ) );
#4564 = EDGE_CURVE ( 'NONE', #2399, #372, #131, .T. ) ;
#4565 = ADVANCED_FACE ( 'NONE', ( #2835 ), #1230, .T. ) ;
#4566 = AXIS2_PLACEMENT_3D ( 'NONE', #2134, #84, #5096 ) ;
#4567 = ORIENTED_EDGE ( 'NONE', *, *, #6382, .F. ) ;
#4568 = COLOUR_RGB ( '',1.000000000000000000, 0.8823529411764705600, 0.3764705882352941100 ) ;
#4569 =( NAMED_UNIT ( * ) PLANE_ANGLE_UNIT ( ) SI_UNIT ( $, .RADIAN. ) );
#4570 = ORIENTED_EDGE ( 'NONE', *, *, #3012, .F. ) ;
#4571 = FACE_OUTER_BOUND ( 'NONE', #3865, .T. ) ;
#4572 = CARTESIAN_POINT ( 'NONE',  ( 0.2000000000000000400, 0.0000000000000000000, -0.9600000000000006300 ) ) ;
#4573 = DIRECTION ( 'NONE',  ( -1.000000000000000000, 0.0000000000000000000, 1.302744525538081800E-016 ) ) ;
#4574 = FILL_AREA_STYLE ('',( #1009 ) ) ;
#4575 = DIRECTION ( 'NONE',  ( 0.0000000000000000000, 0.0000000000000000000, 1.000000000000000000 ) ) ;
#4576 =( NAMED_UNIT ( * ) SI_UNIT ( $, .STERADIAN. ) SOLID_ANGLE_UNIT ( ) );
#4577 =( GEOMETRIC_REPRESENTATION_CONTEXT ( 3 ) GLOBAL_UNCERTAINTY_ASSIGNED_CONTEXT ( ( #4430 ) ) GLOBAL_UNIT_ASSIGNED_CONTEXT ( ( #4841, #4863, #1781 ) ) REPRESENTATION_CONTEXT ( 'NONE', 'WORKASPACE' ) );
#4578 = VECTOR ( 'NONE', #3760, 1000.000000000000000 ) ;
#4579 = COLOUR_RGB ( '',0.8823529411764705600, 0.8823529411764705600, 0.8823529411764705600 ) ;
#4580 = SURFACE_STYLE_USAGE ( .BOTH. , #5042 ) ;
#4581 = FACE_OUTER_BOUND ( 'NONE', #402, .T. ) ;
#4582 = AXIS2_PLACEMENT_3D ( 'NONE', #410, #1871, #5006 ) ;
#4583 = PRESENTATION_STYLE_ASSIGNMENT (( #4866 ) ) ;
#4584 = ORIENTED_EDGE ( 'NONE', *, *, #4949, .T. ) ;
#4585 = DIRECTION ( 'NONE',  ( 0.0000000000000000000, 0.0000000000000000000, -1.000000000000000000 ) ) ;
#4586 = SURFACE_STYLE_USAGE ( .BOTH. , #504 ) ;
#4587 =( GEOMETRIC_REPRESENTATION_CONTEXT ( 3 ) GLOBAL_UNCERTAINTY_ASSIGNED_CONTEXT ( ( #6336 ) ) GLOBAL_UNIT_ASSIGNED_CONTEXT ( ( #4261, #254, #3732 ) ) REPRESENTATION_CONTEXT ( 'NONE', 'WORKASPACE' ) );
#4588 = DIRECTION ( 'NONE',  ( 0.0000000000000000000, 0.0000000000000000000, 1.000000000000000000 ) ) ;
#4589 = ORIENTED_EDGE ( 'NONE', *, *, #6530, .T. ) ;
#4590 = VECTOR ( 'NONE', #2817, 1000.000000000000000 ) ;
#4591 = B_SPLINE_CURVE_WITH_KNOTS ( 'NONE', 3,
 ( #6451, #4934, #1875, #3465, #5444, #2893, #3426, #358, #5965, #2912, #3925, #859, #1896, #2415, #6470, #3443 ),
 .UNSPECIFIED., .F., .F.,
 ( 4, 3, 3, 3, 3, 4 ),
 ( 0.0000000000000000000, 5.077875298246734000E-006, 8.948410134194941500E-006, 1.285596325239089100E-005, 1.621807247209172300E-005, 1.717123864030742800E-005 ),
 .UNSPECIFIED. ) ;
#4592 = EDGE_CURVE ( 'NONE', #3771, #3461, #5302, .T. ) ;
#4593 = VECTOR ( 'NONE', #2906, 1000.000000000000000 ) ;
#4594 = CARTESIAN_POINT ( 'NONE',  ( 1.019999999999998700, 0.6500000000000000200, -0.9599999999999997400 ) ) ;
#4595 = ORIENTED_EDGE ( 'NONE', *, *, #4274, .F. ) ;
#4596 =( NAMED_UNIT ( * ) PLANE_ANGLE_UNIT ( ) SI_UNIT ( $, .RADIAN. ) );
#4597 = ADVANCED_FACE ( 'NONE', ( #2120 ), #2106, .F. ) ;
#4598 = VECTOR ( 'NONE', #1526, 1000.000000000000000 ) ;
#4599 = EDGE_CURVE ( 'NONE', #3233, #3614, #593, .T. ) ;
#4600 = SURFACE_STYLE_FILL_AREA ( #1940 ) ;
#4601 = VERTEX_POINT ( 'NONE', #2130 ) ;
#4602 = CARTESIAN_POINT ( 'NONE',  ( -0.1821459103930921400, 0.7400000000001820700, -0.9012178477019555700 ) ) ;
#4603 = STYLED_ITEM ( 'NONE', ( #261 ), #5581 ) ;
#4604 = FACE_OUTER_BOUND ( 'NONE', #5016, .T. ) ;
#4605 = SURFACE_STYLE_FILL_AREA ( #3509 ) ;
#4606 = SURFACE_STYLE_USAGE ( .BOTH. , #5566 ) ;
#4607 = LINE ( 'NONE', #2675, #687 ) ;
#4608 = ORIENTED_EDGE ( 'NONE', *, *, #3268, .F. ) ;
#4609 = CARTESIAN_POINT ( 'NONE',  ( 1.151000000000000200, 0.0000000000000000000, 0.3240000000000001800 ) ) ;
#4610 =( GEOMETRIC_REPRESENTATION_CONTEXT ( 3 ) GLOBAL_UNCERTAINTY_ASSIGNED_CONTEXT ( ( #1047 ) ) GLOBAL_UNIT_ASSIGNED_CONTEXT ( ( #3646, #647, #5232 ) ) REPRESENTATION_CONTEXT ( 'NONE', 'WORKASPACE' ) );
#4611 = DIRECTION ( 'NONE',  ( -1.000000000000000000, 0.0000000000000000000, 0.0000000000000000000 ) ) ;
#4612 =( NAMED_UNIT ( * ) PLANE_ANGLE_UNIT ( ) SI_UNIT ( $, .RADIAN. ) );
#4613 = EDGE_CURVE ( 'NONE', #5899, #1726, #1715, .T. ) ;
#4614 = VERTEX_POINT ( 'NONE', #3160 ) ;
#4615 =( LENGTH_UNIT ( ) NAMED_UNIT ( * ) SI_UNIT ( .MILLI., .METRE. ) );
#4616 = VERTEX_POINT ( 'NONE', #1546 ) ;
#4617 = EDGE_CURVE ( 'NONE', #664, #929, #3616, .T. ) ;
#4618 = DIRECTION ( 'NONE',  ( -1.000000000000000000, 0.0000000000000000000, 0.0000000000000000000 ) ) ;
#4619 = CARTESIAN_POINT ( 'NONE',  ( -1.019999999999999800, 0.6500000000000000200, 0.7600000000000006800 ) ) ;
#4620 = MECHANICAL_DESIGN_GEOMETRIC_PRESENTATION_REPRESENTATION (  '', ( #6435 ), #2441 ) ;
#4621 = ORIENTED_EDGE ( 'NONE', *, *, #1151, .T. ) ;
#4622 = VECTOR ( 'NONE', #3807, 1000.000000000000000 ) ;
#4623 = FILL_AREA_STYLE ('',( #22 ) ) ;
#4624 = CARTESIAN_POINT ( 'NONE',  ( 1.150000000000000100, 0.0000000000000000000, -0.3250000000000001800 ) ) ;
#4625 = CARTESIAN_POINT ( 'NONE',  ( 0.09411831920634057500, 0.3310000000000000200, 0.1080617739035766900 ) ) ;
#4626 = VERTEX_POINT ( 'NONE', #5623 ) ;
#4627 = ADVANCED_FACE ( 'NONE', ( #1951 ), #2705, .F. ) ;
#4628 = VERTEX_POINT ( 'NONE', #654 ) ;
#4629 = PLANE ( 'NONE',  #3862 ) ;
#4630 = LINE ( 'NONE', #5835, #1904 ) ;
#4631 = CARTESIAN_POINT ( 'NONE',  ( 0.1812465383877987200, 0.7399999999999999900, 0.9000000000000003600 ) ) ;
#4632 = MECHANICAL_DESIGN_GEOMETRIC_PRESENTATION_REPRESENTATION (  '', ( #6561 ), #4964 ) ;
#4633 =( NAMED_UNIT ( * ) PLANE_ANGLE_UNIT ( ) SI_UNIT ( $, .RADIAN. ) );
#4634 = ORIENTED_EDGE ( 'NONE', *, *, #2457, .F. ) ;
#4635 = CARTESIAN_POINT ( 'NONE',  ( 0.0001420358232436459300, 0.3310000000000000200, -0.0001630781674278896300 ) ) ;
#4636 = DIRECTION ( 'NONE',  ( -0.0000000000000000000, -1.000000000000000000, 0.0000000000000000000 ) ) ;
#4637 = EDGE_CURVE ( 'NONE', #846, #4614, #1619, .T. ) ;
#4638 = EDGE_LOOP ( 'NONE', ( #1420, #620, #5326, #4704 ) ) ;
#4639 =( GEOMETRIC_REPRESENTATION_CONTEXT ( 3 ) GLOBAL_UNCERTAINTY_ASSIGNED_CONTEXT ( ( #3015 ) ) GLOBAL_UNIT_ASSIGNED_CONTEXT ( ( #4478, #1964, #3447 ) ) REPRESENTATION_CONTEXT ( 'NONE', 'WORKASPACE' ) );
#4640 = ORIENTED_EDGE ( 'NONE', *, *, #1036, .F. ) ;
#4641 = LINE ( 'NONE', #4309, #3285 ) ;
#4642 = VECTOR ( 'NONE', #5948, 1000.000000000000000 ) ;
#4643 = CARTESIAN_POINT ( 'NONE',  ( 1.119000000000000200, 0.8010000000000000500, 0.7600000000000003400 ) ) ;
#4644 = DIRECTION ( 'NONE',  ( 0.0000000000000000000, 1.000000000000000000, 0.0000000000000000000 ) ) ;
#4645 = ORIENTED_EDGE ( 'NONE', *, *, #3923, .T. ) ;
#4646 = VECTOR ( 'NONE', #885, 1000.000000000000000 ) ;
#4647 = AXIS2_PLACEMENT_3D ( 'NONE', #3747, #201, #5258 ) ;
#4648 = DIRECTION ( 'NONE',  ( -0.7540815958863055200, 0.0000000000000000000, -0.6567807448042021200 ) ) ;
#4649 =( LENGTH_UNIT ( ) NAMED_UNIT ( * ) SI_UNIT ( .MILLI., .METRE. ) );
#4650 = PRESENTATION_STYLE_ASSIGNMENT (( #4159 ) ) ;
#4651 = CARTESIAN_POINT ( 'NONE',  ( -1.150000000000000400, 0.3300000000000000200, -1.000000000000000200 ) ) ;
#4652 = COLOUR_RGB ( '',1.000000000000000000, 0.8823529411764705600, 0.3764705882352941100 ) ;
#4653 = CARTESIAN_POINT ( 'NONE',  ( -1.098999999999999800, 0.7810000000000000300, -0.7599999999999991200 ) ) ;
#4654 = DIRECTION ( 'NONE',  ( 0.0000000000000000000, 0.0000000000000000000, 1.000000000000000000 ) ) ;
#4655 = DIRECTION ( 'NONE',  ( 0.0000000000000000000, 0.0000000000000000000, -1.000000000000000000 ) ) ;
#4656 = AXIS2_PLACEMENT_3D ( 'NONE', #936, #6057, #2056 ) ;
#4657 = LINE ( 'NONE', #428, #2264 ) ;
#4658 = ORIENTED_EDGE ( 'NONE', *, *, #5492, .T. ) ;
#4659 = CARTESIAN_POINT ( 'NONE',  ( 1.019999999999999100, 0.6500000000000000200, 0.9100000000000003600 ) ) ;
#4660 = ADVANCED_FACE ( 'NONE', ( #2972 ), #5125, .T. ) ;
#4661 = PRESENTATION_LAYER_ASSIGNMENT (  '', '', ( #4089 ) ) ;
#4662 = ORIENTED_EDGE ( 'NONE', *, *, #5408, .T. ) ;
#4663 = ORIENTED_EDGE ( 'NONE', *, *, #2808, .F. ) ;
#4664 = LINE ( 'NONE', #2443, #348 ) ;
#4665 = MECHANICAL_DESIGN_GEOMETRIC_PRESENTATION_REPRESENTATION (  '', ( #5675 ), #2930 ) ;
#4666 = DIRECTION ( 'NONE',  ( 0.0000000000000000000, 0.0000000000000000000, -1.000000000000000000 ) ) ;
#4667 = VECTOR ( 'NONE', #1444, 1000.000000000000000 ) ;
#4668 = CARTESIAN_POINT ( 'NONE',  ( 0.1874963486168649300, 0.7329720020746550700, 0.9095481518491398400 ) ) ;
#4669 = VERTEX_POINT ( 'NONE', #4759 ) ;
#4670 = STYLED_ITEM ( 'NONE', ( #6540 ), #1305 ) ;
#4671 = PLANE ( 'NONE',  #2829 ) ;
#4672 = UNCERTAINTY_MEASURE_WITH_UNIT (LENGTH_MEASURE( 1.000000000000000100E-005 ), #407, 'distance_accuracy_value', 'NONE');
#4673 = SURFACE_STYLE_USAGE ( .BOTH. , #5684 ) ;
#4674 = ORIENTED_EDGE ( 'NONE', *, *, #5086, .F. ) ;
#4675 = DIRECTION ( 'NONE',  ( 0.0000000000000000000, 0.0000000000000000000, -1.000000000000000000 ) ) ;
#4676 =( NAMED_UNIT ( * ) PLANE_ANGLE_UNIT ( ) SI_UNIT ( $, .RADIAN. ) );
#4677 = DIRECTION ( 'NONE',  ( -1.000000000000000000, 0.0000000000000000000, 0.0000000000000000000 ) ) ;
#4678 = LINE ( 'NONE', #2961, #49 ) ;
#4679 = FILL_AREA_STYLE ('',( #6127 ) ) ;
#4680 = ORIENTED_EDGE ( 'NONE', *, *, #3175, .T. ) ;
#4681 = CARTESIAN_POINT ( 'NONE',  ( -1.151000000000000200, -0.0000000000000000000, 0.8124480771102521300 ) ) ;
#4682 = ORIENTED_EDGE ( 'NONE', *, *, #870, .T. ) ;
#4683 = EDGE_CURVE ( 'NONE', #2389, #615, #830, .T. ) ;
#4684 = STYLED_ITEM ( 'NONE', ( #2419 ), #5242 ) ;
#4685 = EDGE_CURVE ( 'NONE', #6097, #3606, #3788, .T. ) ;
#4686 = CARTESIAN_POINT ( 'NONE',  ( 0.1877553417177555400, 0.7310057634198016100, 0.9100000000000004800 ) ) ;
#4687 = EDGE_LOOP ( 'NONE', ( #1675, #2765, #3096, #6443 ) ) ;
#4688 =( LENGTH_UNIT ( ) NAMED_UNIT ( * ) SI_UNIT ( .MILLI., .METRE. ) );
#4689 = PRESENTATION_STYLE_ASSIGNMENT (( #5806 ) ) ;
#4690 = CARTESIAN_POINT ( 'NONE',  ( 1.020000000000000200, 0.7399999999999999900, -0.7599999999999995600 ) ) ;
#4691 = ADVANCED_FACE ( 'NONE', ( #3406 ), #2276, .F. ) ;
#4692 = CARTESIAN_POINT ( 'NONE',  ( 0.1877553417177555400, 0.6500000000000000200, 0.9100000000000004800 ) ) ;
#4693 = ORIENTED_EDGE ( 'NONE', *, *, #450, .F. ) ;
#4694 = SURFACE_STYLE_FILL_AREA ( #4415 ) ;
#4695 = EDGE_CURVE ( 'NONE', #2292, #976, #3691, .T. ) ;
#4696 = VERTEX_POINT ( 'NONE', #3801 ) ;
#4697 = DIRECTION ( 'NONE',  ( 1.000000000000000000, 0.0000000000000000000, 0.0000000000000000000 ) ) ;
#4698 = SURFACE_STYLE_USAGE ( .BOTH. , #1114 ) ;
#4699 = STYLED_ITEM ( 'NONE', ( #5565 ), #3324 ) ;
#4700 = COLOUR_RGB ( '',1.000000000000000000, 0.8823529411764705600, 0.3764705882352941100 ) ;
#4701 = STYLED_ITEM ( 'NONE', ( #1298 ), #1160 ) ;
#4702 = UNCERTAINTY_MEASURE_WITH_UNIT (LENGTH_MEASURE( 1.000000000000000100E-005 ), #2043, 'distance_accuracy_value', 'NONE');
#4703 = CARTESIAN_POINT ( 'NONE',  ( 0.1877553417177555400, 0.7299999999999999800, 0.9100000000000004800 ) ) ;
#4704 = ORIENTED_EDGE ( 'NONE', *, *, #171, .T. ) ;
#4705 = PRESENTATION_STYLE_ASSIGNMENT (( #3014 ) ) ;
#4706 = DIRECTION ( 'NONE',  ( 0.0000000000000000000, -1.000000000000000000, 0.0000000000000000000 ) ) ;
#4707 = EDGE_CURVE ( 'NONE', #1577, #1899, #4739, .T. ) ;
#4708 = ORIENTED_EDGE ( 'NONE', *, *, #4695, .F. ) ;
#4709 = VECTOR ( 'NONE', #6390, 1000.000000000000000 ) ;
#4710 = CARTESIAN_POINT ( 'NONE',  ( 1.170000000000000200, 0.7399999999999999900, 0.0000000000000000000 ) ) ;
#4711 = DIRECTION ( 'NONE',  ( 0.0000000000000000000, -0.0000000000000000000, -1.000000000000000000 ) ) ;
#4712 = LINE ( 'NONE', #2444, #4890 ) ;
#4713 = SURFACE_STYLE_USAGE ( .BOTH. , #560 ) ;
#4714 = VERTEX_POINT ( 'NONE', #6237 ) ;
#4715 = LINE ( 'NONE', #2763, #5 ) ;
#4716 = ORIENTED_EDGE ( 'NONE', *, *, #3769, .F. ) ;
#4717 = ORIENTED_EDGE ( 'NONE', *, *, #3416, .T. ) ;
#4718 =( LENGTH_UNIT ( ) NAMED_UNIT ( * ) SI_UNIT ( .MILLI., .METRE. ) );
#4719 = CARTESIAN_POINT ( 'NONE',  ( 0.09999999999999929800, 0.5999999999999999800, -0.8599999999999999900 ) ) ;
#4720 = ADVANCED_FACE ( 'NONE', ( #6329 ), #2745, .T. ) ;
#4721 = EDGE_CURVE ( 'NONE', #6272, #3480, #1709, .T. ) ;
#4722 =( GEOMETRIC_REPRESENTATION_CONTEXT ( 3 ) GLOBAL_UNCERTAINTY_ASSIGNED_CONTEXT ( ( #2345 ) ) GLOBAL_UNIT_ASSIGNED_CONTEXT ( ( #1, #5030, #5614 ) ) REPRESENTATION_CONTEXT ( 'NONE', 'WORKASPACE' ) );
#4723 = CARTESIAN_POINT ( 'NONE',  ( -0.1812465383877989400, 0.7399999999999999900, 0.9000000000000004700 ) ) ;
#4724 =( NAMED_UNIT ( * ) SI_UNIT ( $, .STERADIAN. ) SOLID_ANGLE_UNIT ( ) );
#4725 = CARTESIAN_POINT ( 'NONE',  ( -1.150049929888932000, 0.5907890291358003400, -0.9968403340750134900 ) ) ;
#4726 = CARTESIAN_POINT ( 'NONE',  ( -1.019999999999998700, 0.7399999999999999900, -0.8999999999999996900 ) ) ;
#4727 = DIRECTION ( 'NONE',  ( 0.0000000000000000000, 0.0000000000000000000, 1.000000000000000000 ) ) ;
#4728 = LINE ( 'NONE', #2555, #4423 ) ;
#4729 = EDGE_CURVE ( 'NONE', #3733, #352, #5208, .T. ) ;
#4730 = VERTEX_POINT ( 'NONE', #5891 ) ;
#4731 = FILL_AREA_STYLE ('',( #4220 ) ) ;
#4732 = AXIS2_PLACEMENT_3D ( 'NONE', #2483, #1010, #4041 ) ;
#4733 = DIRECTION ( 'NONE',  ( -0.0000000000000000000, -1.000000000000000000, -0.0000000000000000000 ) ) ;
#4734 = CARTESIAN_POINT ( 'NONE',  ( -1.135535072573281300, 0.5995812516312389900, 0.9845019514342953100 ) ) ;
#4735 = ORIENTED_EDGE ( 'NONE', *, *, #957, .T. ) ;
#4736 = DIRECTION ( 'NONE',  ( 0.0000000000000000000, -1.000000000000000000, 0.0000000000000000000 ) ) ;
#4737 = DIRECTION ( 'NONE',  ( -0.0000000000000000000, -1.000000000000000000, -0.0000000000000000000 ) ) ;
#4738 = CARTESIAN_POINT ( 'NONE',  ( 1.234501951434295900, 0.5995812516312388800, 0.8855350725732813500 ) ) ;
#4739 = LINE ( 'NONE', #725, #897 ) ;
#4740 = AXIS2_PLACEMENT_3D ( 'NONE', #4892, #1828, #1320 ) ;
#4741 = CYLINDRICAL_SURFACE ( 'NONE', #4740, 0.01000000000000002600 ) ;
#4742 = CARTESIAN_POINT ( 'NONE',  ( -1.019999999999999100, 0.8010000000000000500, 0.8590000000000006500 ) ) ;
#4743 = ORIENTED_EDGE ( 'NONE', *, *, #3799, .F. ) ;
#4744 =( GEOMETRIC_REPRESENTATION_CONTEXT ( 3 ) GLOBAL_UNCERTAINTY_ASSIGNED_CONTEXT ( ( #2610 ) ) GLOBAL_UNIT_ASSIGNED_CONTEXT ( ( #970, #4569, #1524 ) ) REPRESENTATION_CONTEXT ( 'NONE', 'WORKASPACE' ) );
#4745 = CARTESIAN_POINT ( 'NONE',  ( -1.250000000000000200, 0.3310000000000000200, -1.000000000000000000 ) ) ;
#4746 = VECTOR ( 'NONE', #6307, 1000.000000000000000 ) ;
#4747 = LINE ( 'NONE', #6169, #5056 ) ;
#4748 = SURFACE_STYLE_USAGE ( .BOTH. , #3201 ) ;
#4749 = B_SPLINE_CURVE_WITH_KNOTS ( 'NONE', 3,
 ( #888, #1947, #913, #6028, #934, #4484, #3431, #5527, #3955, #4503, #5452, #2400, #845, #5511, #2462, #4460 ),
 .UNSPECIFIED., .F., .F.,
 ( 4, 3, 3, 3, 3, 4 ),
 ( 0.0000000000000000000, 6.713031034417680900E-006, 1.342662738297106800E-005, 2.012881869620873500E-005, 2.678356816323875100E-005, 3.137169901740299700E-005 ),
 .UNSPECIFIED. ) ;
#4750 = CARTESIAN_POINT ( 'NONE',  ( -1.236325031278025000, 0.5989735075434623500, 0.8871505702532722600 ) ) ;
#4751 = FACE_OUTER_BOUND ( 'NONE', #834, .T. ) ;
#4752 = CARTESIAN_POINT ( 'NONE',  ( -1.250000000000000200, 0.5799999999999998500, -1.000000000000000000 ) ) ;
#4753 = VERTEX_POINT ( 'NONE', #5852 ) ;
#4754 = DIRECTION ( 'NONE',  ( 0.0000000000000000000, -1.000000000000000000, 0.0000000000000000000 ) ) ;
#4755 = STYLED_ITEM ( 'NONE', ( #2991 ), #2288 ) ;
#4756 = ADVANCED_FACE ( 'NONE', ( #3609 ), #353, .T. ) ;
#4757 = COLOUR_RGB ( '',1.000000000000000000, 0.8823529411764705600, 0.3764705882352941100 ) ;
#4758 = VECTOR ( 'NONE', #488, 1000.000000000000000 ) ;
#4759 = CARTESIAN_POINT ( 'NONE',  ( -0.4740000000000001400, 0.0000000000000000000, -0.9009999999999999100 ) ) ;
#4760 = DIRECTION ( 'NONE',  ( 0.0000000000000000000, -1.000000000000000000, 0.0000000000000000000 ) ) ;
#4761 = FILL_AREA_STYLE_COLOUR ( '', #5445 ) ;
#4762 = ORIENTED_EDGE ( 'NONE', *, *, #749, .T. ) ;
#4763 = SURFACE_SIDE_STYLE ('',( #5312 ) ) ;
#4764 = DIRECTION ( 'NONE',  ( 0.0000000000000000000, 0.0000000000000000000, -1.000000000000000000 ) ) ;
#4765 = VERTEX_POINT ( 'NONE', #842 ) ;
#4766 = ORIENTED_EDGE ( 'NONE', *, *, #3445, .T. ) ;
#4767 = VERTEX_POINT ( 'NONE', #2294 ) ;
#4768 = EDGE_CURVE ( 'NONE', #6103, #1630, #3538, .T. ) ;
#4769 = DIRECTION ( 'NONE',  ( 0.0000000000000000000, 0.0000000000000000000, -1.000000000000000000 ) ) ;
#4770 = AXIS2_PLACEMENT_3D ( 'NONE', #6060, #1529, #5625 ) ;
#4771 = STYLED_ITEM ( 'NONE', ( #2687 ), #75 ) ;
#4772 = CARTESIAN_POINT ( 'NONE',  ( 0.5492928932188135800, 0.3310000000000000200, -0.5492928932188136900 ) ) ;
#4773 =( NAMED_UNIT ( * ) PLANE_ANGLE_UNIT ( ) SI_UNIT ( $, .RADIAN. ) );
#4774 = DIRECTION ( 'NONE',  ( 0.0000000000000000000, 1.000000000000000000, 0.0000000000000000000 ) ) ;
#4775 = SURFACE_SIDE_STYLE ('',( #3994 ) ) ;
#4776 = ORIENTED_EDGE ( 'NONE', *, *, #1253, .T. ) ;
#4777 = FILL_AREA_STYLE ('',( #5275 ) ) ;
#4778 = AXIS2_PLACEMENT_3D ( 'NONE', #510, #1008, #5091 ) ;
#4779 = VERTEX_POINT ( 'NONE', #1265 ) ;
#4780 = CARTESIAN_POINT ( 'NONE',  ( 1.160000000000000100, 0.7299999999999999800, -0.7599999999999987900 ) ) ;
#4781 = MECHANICAL_DESIGN_GEOMETRIC_PRESENTATION_REPRESENTATION (  '', ( #2594 ), #4181 ) ;
#4782 = ORIENTED_EDGE ( 'NONE', *, *, #1540, .F. ) ;
#4783 = FACE_OUTER_BOUND ( 'NONE', #5643, .T. ) ;
#4784 = CARTESIAN_POINT ( 'NONE',  ( 1.150000000000000100, 0.3300000000000000200, -0.3250000000000001800 ) ) ;
#4785 =( NAMED_UNIT ( * ) PLANE_ANGLE_UNIT ( ) SI_UNIT ( $, .RADIAN. ) );
#4786 = ADVANCED_FACE ( 'NONE', ( #1303 ), #4855, .T. ) ;
#4787 = CARTESIAN_POINT ( 'NONE',  ( 1.249999999999999800, 0.008284271247462060600, -0.8986738835618641700 ) ) ;
#4788 = AXIS2_PLACEMENT_3D ( 'NONE', #448, #4024, #610 ) ;
#4789 = UNCERTAINTY_MEASURE_WITH_UNIT (LENGTH_MEASURE( 1.000000000000000100E-005 ), #3401, 'distance_accuracy_value', 'NONE');
#4790 = ORIENTED_EDGE ( 'NONE', *, *, #3357, .F. ) ;
#4791 = DIRECTION ( 'NONE',  ( 0.0000000000000000000, 0.0000000000000000000, -1.000000000000000000 ) ) ;
#4792 = FACE_BOUND ( 'NONE', #5571, .T. ) ;
#4793 = CARTESIAN_POINT ( 'NONE',  ( -1.150000000000000400, 0.0000000000000000000, -0.8129032258064520200 ) ) ;
#4794 = PRESENTATION_LAYER_ASSIGNMENT (  '', '', ( #1563 ) ) ;
#4795 = LINE ( 'NONE', #3716, #4135 ) ;
#4796 = DIRECTION ( 'NONE',  ( -0.0000000000000000000, -1.000000000000000000, -0.0000000000000000000 ) ) ;
#4797 = FILL_AREA_STYLE_COLOUR ( '', #2407 ) ;
#4798 = DIRECTION ( 'NONE',  ( -0.0000000000000000000, -1.000000000000000000, -0.0000000000000000000 ) ) ;
#4799 = CARTESIAN_POINT ( 'NONE',  ( -1.243262510529349600, 0.5949701641728492000, 0.8934753648446198700 ) ) ;
#4800 = VERTEX_POINT ( 'NONE', #3344 ) ;
#4801 = DIRECTION ( 'NONE',  ( 0.0000000000000000000, 1.000000000000000000, -0.0000000000000000000 ) ) ;
#4802 =( LENGTH_UNIT ( ) NAMED_UNIT ( * ) SI_UNIT ( .MILLI., .METRE. ) );
#4803 = EDGE_CURVE ( 'NONE', #4522, #5412, #4092, .T. ) ;
#4804 = ORIENTED_EDGE ( 'NONE', *, *, #2254, .F. ) ;
#4805 = CIRCLE ( 'NONE', #3084, 0.02000000000000005200 ) ;
#4806 = ORIENTED_EDGE ( 'NONE', *, *, #3361, .T. ) ;
#4807 = VECTOR ( 'NONE', #2993, 1000.000000000000200 ) ;
#4808 = DIRECTION ( 'NONE',  ( 0.0000000000000000000, -1.000000000000000000, 0.0000000000000000000 ) ) ;
#4809 = CARTESIAN_POINT ( 'NONE',  ( -1.118999999999999800, 0.8010000000000000500, -0.7599999999999990100 ) ) ;
#4810 = EDGE_CURVE ( 'NONE', #2803, #3871, #290, .T. ) ;
#4811 = FILL_AREA_STYLE ('',( #751 ) ) ;
#4812 = CIRCLE ( 'NONE', #5175, 0.09999999999999993600 ) ;
#4813 = CARTESIAN_POINT ( 'NONE',  ( 1.132260670805645300, 0.5999881886362288300, -0.9806872518043193700 ) ) ;
#4814 = DIRECTION ( 'NONE',  ( 1.426581805901980400E-016, 0.0000000000000000000, -1.000000000000000000 ) ) ;
#4815 = VECTOR ( 'NONE', #2168, 1000.000000000000000 ) ;
#4816 = DIRECTION ( 'NONE',  ( -0.0000000000000000000, -1.000000000000000000, -0.0000000000000000000 ) ) ;
#4817 = FACE_OUTER_BOUND ( 'NONE', #3565, .T. ) ;
#4818 = PRESENTATION_LAYER_ASSIGNMENT (  '', '', ( #4603 ) ) ;
#4819 = VECTOR ( 'NONE', #2323, 1000.000000000000000 ) ;
#4820 = EDGE_CURVE ( 'NONE', #1271, #3628, #2899, .T. ) ;
#4821 =( NAMED_UNIT ( * ) PLANE_ANGLE_UNIT ( ) SI_UNIT ( $, .RADIAN. ) );
#4822 = VECTOR ( 'NONE', #512, 1000.000000000000000 ) ;
#4824 = ORIENTED_EDGE ( 'NONE', *, *, #246, .T. ) ;
#4823 = DIRECTION ( 'NONE',  ( -0.0000000000000000000, -1.000000000000000000, -0.0000000000000000000 ) ) ;
#4825 = CARTESIAN_POINT ( 'NONE',  ( -1.149999999999999900, 0.3300000000000000200, -5.110982803187865600E-016 ) ) ;
#4826 = LINE ( 'NONE', #2313, #280 ) ;
#4827 = DIRECTION ( 'NONE',  ( -1.426581805901980400E-016, -0.0000000000000000000, 1.000000000000000000 ) ) ;
#4828 = CARTESIAN_POINT ( 'NONE',  ( 0.1000000000000004100, 0.5999999999999999800, -0.9800000000000004300 ) ) ;
#4829 = EDGE_LOOP ( 'NONE', ( #4112, #473, #5691, #1386 ) ) ;
#4830 = VERTEX_POINT ( 'NONE', #6374 ) ;
#4831 = ADVANCED_FACE ( 'NONE', ( #5291 ), #789, .F. ) ;
#4832 = MECHANICAL_DESIGN_GEOMETRIC_PRESENTATION_REPRESENTATION (  '', ( #6206 ), #6168 ) ;
#4833 =( NAMED_UNIT ( * ) PLANE_ANGLE_UNIT ( ) SI_UNIT ( $, .RADIAN. ) );
#4834 = EDGE_CURVE ( 'NONE', #3984, #3190, #6155, .T. ) ;
#4835 = ORIENTED_EDGE ( 'NONE', *, *, #1971, .F. ) ;
#4836 = FILL_AREA_STYLE ('',( #748 ) ) ;
#4837 = DIRECTION ( 'NONE',  ( 0.0000000000000000000, 0.0000000000000000000, -1.000000000000000000 ) ) ;
#4838 = AXIS2_PLACEMENT_3D ( 'NONE', #4594, #494, #1467 ) ;
#4839 = COLOUR_RGB ( '',0.8823529411764705600, 0.8823529411764705600, 0.8823529411764705600 ) ;
#4840 = VERTEX_POINT ( 'NONE', #4410 ) ;
#4841 =( LENGTH_UNIT ( ) NAMED_UNIT ( * ) SI_UNIT ( .MILLI., .METRE. ) );
#4842 = CARTESIAN_POINT ( 'NONE',  ( 0.0000000000000000000, 0.6500000000000000200, -0.9599999999999997400 ) ) ;
#4843 = MECHANICAL_DESIGN_GEOMETRIC_PRESENTATION_REPRESENTATION (  '', ( #186 ), #733 ) ;
#4844 = LINE ( 'NONE', #2520, #4758 ) ;
#4845 = CARTESIAN_POINT ( 'NONE',  ( -1.250000000000000200, 0.5999999999999999800, -1.000000000000000000 ) ) ;
#4846 = UNCERTAINTY_MEASURE_WITH_UNIT (LENGTH_MEASURE( 1.000000000000000100E-005 ), #1838, 'distance_accuracy_value', 'NONE');
#4847 = SURFACE_STYLE_USAGE ( .BOTH. , #832 ) ;
#4848 = CARTESIAN_POINT ( 'NONE',  ( 0.2000922493854878600, 0.6018600125981890000, -0.9464892038371716100 ) ) ;
#4849 = VERTEX_POINT ( 'NONE', #6474 ) ;
#4850 = VECTOR ( 'NONE', #752, 1000.000000000000000 ) ;
#4851 = CARTESIAN_POINT ( 'NONE',  ( -1.250000000000000200, 0.3300000000000000200, -0.9000000000000000200 ) ) ;
#4852 = ORIENTED_EDGE ( 'NONE', *, *, #3900, .F. ) ;
#4853 = VECTOR ( 'NONE', #1681, 1000.000000000000000 ) ;
#4854 =( NAMED_UNIT ( * ) SI_UNIT ( $, .STERADIAN. ) SOLID_ANGLE_UNIT ( ) );
#4855 = PLANE ( 'NONE',  #2242 ) ;
#4856 = CARTESIAN_POINT ( 'NONE',  ( -1.035185185185185400, 0.0000000000000000000, 0.9000000000000001300 ) ) ;
#4857 = EDGE_CURVE ( 'NONE', #4840, #152, #5385, .T. ) ;
#4858 = STYLED_ITEM ( 'NONE', ( #5200 ), #4930 ) ;
#4859 = DIRECTION ( 'NONE',  ( 0.6567807448042022300, 0.0000000000000000000, -0.7540815958863055200 ) ) ;
#4860 = CARTESIAN_POINT ( 'NONE',  ( -1.147414702931667000, 0.5898939861650834800, 0.9973812841267170000 ) ) ;
#4861 = VERTEX_POINT ( 'NONE', #2897 ) ;
#4862 = CARTESIAN_POINT ( 'NONE',  ( 0.09411831920634057500, 0.3310000000000000200, -0.1080617739035766900 ) ) ;
#4863 =( NAMED_UNIT ( * ) PLANE_ANGLE_UNIT ( ) SI_UNIT ( $, .RADIAN. ) );
#4864 = ORIENTED_EDGE ( 'NONE', *, *, #5048, .F. ) ;
#4865 = ADVANCED_FACE ( 'NONE', ( #673 ), #3929, .T. ) ;
#4866 = SURFACE_STYLE_USAGE ( .BOTH. , #250 ) ;
#4867 = CIRCLE ( 'NONE', #999, 0.02000000000000005200 ) ;
#4868 = CARTESIAN_POINT ( 'NONE',  ( -0.2005700960118246800, 0.6008538457721067600, -0.9494365363228335400 ) ) ;
#4869 = CARTESIAN_POINT ( 'NONE',  ( 0.0000000000000000000, 0.7399999999999999900, -0.9099999999999997000 ) ) ;
#4870 = DIRECTION ( 'NONE',  ( 0.0000000000000000000, 0.0000000000000000000, -1.000000000000000000 ) ) ;
#4871 = CARTESIAN_POINT ( 'NONE',  ( -0.4740000000000001400, 0.3310000000000000200, 0.3240000000000001800 ) ) ;
#4872 = ORIENTED_EDGE ( 'NONE', *, *, #3668, .F. ) ;
#4873 = AXIS2_PLACEMENT_3D ( 'NONE', #1484, #466, #6566 ) ;
#4874 = COLOUR_RGB ( '',0.8823529411764705600, 0.8823529411764705600, 0.8823529411764705600 ) ;
#4875 = EDGE_CURVE ( 'NONE', #6258, #3606, #501, .T. ) ;
#4876 = CARTESIAN_POINT ( 'NONE',  ( -1.250000000000000400, 0.3310000000000000200, -0.8986738835618647300 ) ) ;
#4877 = STYLED_ITEM ( 'NONE', ( #83 ), #2931 ) ;
#4878 = ORIENTED_EDGE ( 'NONE', *, *, #2457, .T. ) ;
#4879 = DIRECTION ( 'NONE',  ( 0.0000000000000000000, 0.0000000000000000000, 1.000000000000000000 ) ) ;
#4880 =( LENGTH_UNIT ( ) NAMED_UNIT ( * ) SI_UNIT ( .MILLI., .METRE. ) );
#4881 = DIRECTION ( 'NONE',  ( -0.0000000000000000000, -1.000000000000000000, 0.0000000000000000000 ) ) ;
#4882 = LINE ( 'NONE', #5135, #1266 ) ;
#4883 =( NAMED_UNIT ( * ) PLANE_ANGLE_UNIT ( ) SI_UNIT ( $, .RADIAN. ) );
#4884 = AXIS2_PLACEMENT_3D ( 'NONE', #5730, #1131, #3184 ) ;
#4885 = UNCERTAINTY_MEASURE_WITH_UNIT (LENGTH_MEASURE( 1.000000000000000100E-005 ), #681, 'distance_accuracy_value', 'NONE');
#4886 = ORIENTED_EDGE ( 'NONE', *, *, #3209, .F. ) ;
#4887 = DIRECTION ( 'NONE',  ( -1.000000000000000000, 0.0000000000000000000, -0.0000000000000000000 ) ) ;
#4888 = CARTESIAN_POINT ( 'NONE',  ( 0.7745857864376272100, 0.3310000000000000200, -0.3240000000000002300 ) ) ;
#4889 = MECHANICAL_DESIGN_GEOMETRIC_PRESENTATION_REPRESENTATION (  '', ( #191 ), #3024 ) ;
#4890 = VECTOR ( 'NONE', #2929, 1000.000000000000000 ) ;
#4891 = VECTOR ( 'NONE', #6228, 1000.000000000000000 ) ;
#4892 = CARTESIAN_POINT ( 'NONE',  ( 1.172470072984275000E-016, 0.7299999999999999800, 0.9000000000000004700 ) ) ;
#4893 = CARTESIAN_POINT ( 'NONE',  ( 1.249999999999999800, 0.5799999999999998500, -0.8999999999999999100 ) ) ;
#4894 = ORIENTED_EDGE ( 'NONE', *, *, #4803, .T. ) ;
#4895 = LINE ( 'NONE', #5396, #6527 ) ;
#4896 = VERTEX_POINT ( 'NONE', #1433 ) ;
#4897 = COLOUR_RGB ( '',0.8823529411764705600, 0.8823529411764705600, 0.8823529411764705600 ) ;
#4898 = DIRECTION ( 'NONE',  ( 1.000000000000000000, 0.0000000000000000000, -0.0000000000000000000 ) ) ;
#4899 = CIRCLE ( 'NONE', #4997, 0.09999999999999993600 ) ;
#4900 =( NAMED_UNIT ( * ) SI_UNIT ( $, .STERADIAN. ) SOLID_ANGLE_UNIT ( ) );
#4901 = DIRECTION ( 'NONE',  ( -0.0000000000000000000, -1.000000000000000000, 0.0000000000000000000 ) ) ;
#4902 = FILL_AREA_STYLE ('',( #3363 ) ) ;
#4903 = VECTOR ( 'NONE', #5219, 1000.000000000000000 ) ;
#4904 = VECTOR ( 'NONE', #5908, 1000.000000000000000 ) ;
#4905 = VERTEX_POINT ( 'NONE', #2420 ) ;
#4906 = CARTESIAN_POINT ( 'NONE',  ( -0.0007988165680478640000, 0.3300000000000000200, -0.0009171597633142134500 ) ) ;
#4907 = SURFACE_STYLE_USAGE ( .BOTH. , #5936 ) ;
#4908 = EDGE_CURVE ( 'NONE', #4849, #6125, #1944, .T. ) ;
#4909 = STYLED_ITEM ( 'NONE', ( #4958 ), #6040 ) ;
#4910 = AXIS2_PLACEMENT_3D ( 'NONE', #1249, #3805, #5832 ) ;
#4911 = ORIENTED_EDGE ( 'NONE', *, *, #3775, .T. ) ;
#4912 = MECHANICAL_DESIGN_GEOMETRIC_PRESENTATION_REPRESENTATION (  '', ( #6124 ), #5094 ) ;
#4913 = ORIENTED_EDGE ( 'NONE', *, *, #5126, .T. ) ;
#4914 = EDGE_LOOP ( 'NONE', ( #4044, #753, #4913, #2863 ) ) ;
#4915 = UNCERTAINTY_MEASURE_WITH_UNIT (LENGTH_MEASURE( 1.000000000000000100E-005 ), #4718, 'distance_accuracy_value', 'NONE');
#4916 = VECTOR ( 'NONE', #4611, 1000.000000000000000 ) ;
#4917 = VECTOR ( 'NONE', #3266, 1000.000000000000000 ) ;
#4918 = SURFACE_SIDE_STYLE ('',( #6343 ) ) ;
#4919 = CARTESIAN_POINT ( 'NONE',  ( -1.035185185185185400, 0.3300000000000000200, -0.9000000000000000200 ) ) ;
#4920 = SURFACE_STYLE_USAGE ( .BOTH. , #3345 ) ;
#4921 = AXIS2_PLACEMENT_3D ( 'NONE', #2112, #2689, #5123 ) ;
#4922 = UNCERTAINTY_MEASURE_WITH_UNIT (LENGTH_MEASURE( 1.000000000000000100E-005 ), #5109, 'distance_accuracy_value', 'NONE');
#4923 = VECTOR ( 'NONE', #3635, 1000.000000000000000 ) ;
#4924 = CARTESIAN_POINT ( 'NONE',  ( 1.148477421867325900, 0.008284271247462003300, 0.9999999999999997800 ) ) ;
#4925 = STYLED_ITEM ( 'NONE', ( #3217 ), #1260 ) ;
#4926 =( LENGTH_UNIT ( ) NAMED_UNIT ( * ) SI_UNIT ( .MILLI., .METRE. ) );
#4927 = VERTEX_POINT ( 'NONE', #1879 ) ;
#4928 = DIRECTION ( 'NONE',  ( 0.0000000000000000000, 0.0000000000000000000, 1.000000000000000000 ) ) ;
#4929 = EDGE_CURVE ( 'NONE', #292, #3467, #4664, .T. ) ;
#4930 = ADVANCED_FACE ( 'NONE', ( #756 ), #6401, .T. ) ;
#4931 = ORIENTED_EDGE ( 'NONE', *, *, #1253, .F. ) ;
#4932 = CARTESIAN_POINT ( 'NONE',  ( 1.250000000000000200, 0.5799999999999998500, -1.000000000000000000 ) ) ;
#4933 = VERTEX_POINT ( 'NONE', #3972 ) ;
#4934 = CARTESIAN_POINT ( 'NONE',  ( -0.1822520582488378900, 0.7399999999999999900, 0.9013615834664937500 ) ) ;
#4935 = EDGE_CURVE ( 'NONE', #1973, #1562, #4304, .T. ) ;
#4936 = EDGE_LOOP ( 'NONE', ( #1802, #440, #3892, #2668 ) ) ;
#4937 = CARTESIAN_POINT ( 'NONE',  ( -0.1890890346922868800, 0.6346423926862478900, 0.9124169788937637200 ) ) ;
#4938 = DIRECTION ( 'NONE',  ( 1.000000000000000000, 0.0000000000000000000, 0.0000000000000000000 ) ) ;
#4939 = PRESENTATION_LAYER_ASSIGNMENT (  '', '', ( #3554 ) ) ;
#4940 = DIRECTION ( 'NONE',  ( 0.0000000000000000000, 0.0000000000000000000, -1.000000000000000000 ) ) ;
#4941 = ORIENTED_EDGE ( 'NONE', *, *, #694, .F. ) ;
#4942 = VERTEX_POINT ( 'NONE', #4624 ) ;
#4943 = SURFACE_STYLE_FILL_AREA ( #959 ) ;
#4944 = AXIS2_PLACEMENT_3D ( 'NONE', #6072, #5593, #6113 ) ;
#4945 = DIRECTION ( 'NONE',  ( 0.0000000000000000000, -1.000000000000000000, 0.0000000000000000000 ) ) ;
#4946 = EDGE_CURVE ( 'NONE', #3263, #399, #4171, .T. ) ;
#4947 = ORIENTED_EDGE ( 'NONE', *, *, #2652, .F. ) ;
#4948 = SURFACE_SIDE_STYLE ('',( #5918 ) ) ;
#4949 = EDGE_CURVE ( 'NONE', #561, #4010, #4350, .T. ) ;
#4950 = DIRECTION ( 'NONE',  ( 1.000000000000000000, -0.0000000000000000000, -1.302744525538081800E-016 ) ) ;
#4951 = PRESENTATION_LAYER_ASSIGNMENT (  '', '', ( #4128 ) ) ;
#4952 = UNCERTAINTY_MEASURE_WITH_UNIT (LENGTH_MEASURE( 1.000000000000000100E-005 ), #6441, 'distance_accuracy_value', 'NONE');
#4953 = ORIENTED_EDGE ( 'NONE', *, *, #4592, .T. ) ;
#4954 = CARTESIAN_POINT ( 'NONE',  ( -0.1911216573364772100, 0.6251547113115564200, 0.9163199942738309300 ) ) ;
#4955 = DIRECTION ( 'NONE',  ( -0.0000000000000000000, -1.000000000000000000, -0.0000000000000000000 ) ) ;
#4956 = CARTESIAN_POINT ( 'NONE',  ( 1.234501951434295600, 0.5995812516312388800, -0.8855350725732813500 ) ) ;
#4957 =( GEOMETRIC_REPRESENTATION_CONTEXT ( 3 ) GLOBAL_UNCERTAINTY_ASSIGNED_CONTEXT ( ( #1180 ) ) GLOBAL_UNIT_ASSIGNED_CONTEXT ( ( #5912, #6373, #2359 ) ) REPRESENTATION_CONTEXT ( 'NONE', 'WORKASPACE' ) );
#4958 = PRESENTATION_STYLE_ASSIGNMENT (( #5384 ) ) ;
#4959 = ADVANCED_FACE ( 'NONE', ( #2354 ), #3600, .T. ) ;
#4960 = CARTESIAN_POINT ( 'NONE',  ( 1.150000000000000400, 0.3300000000000000200, -1.000000000000000200 ) ) ;
#4961 = ORIENTED_EDGE ( 'NONE', *, *, #4820, .T. ) ;
#4962 = LINE ( 'NONE', #6267, #338 ) ;
#4963 = CARTESIAN_POINT ( 'NONE',  ( -1.019999999999999800, 0.7299999999999999800, -0.7599999999999996800 ) ) ;
#4964 =( GEOMETRIC_REPRESENTATION_CONTEXT ( 3 ) GLOBAL_UNCERTAINTY_ASSIGNED_CONTEXT ( ( #3550 ) ) GLOBAL_UNIT_ASSIGNED_CONTEXT ( ( #2427, #5973, #4979 ) ) REPRESENTATION_CONTEXT ( 'NONE', 'WORKASPACE' ) );
#4965 = FACE_OUTER_BOUND ( 'NONE', #5926, .T. ) ;
#4966 = PLANE ( 'NONE',  #4228 ) ;
#4967 = ORIENTED_EDGE ( 'NONE', *, *, #2029, .F. ) ;
#4968 = CIRCLE ( 'NONE', #5980, 0.1499999999999999700 ) ;
#4969 = ORIENTED_EDGE ( 'NONE', *, *, #6386, .T. ) ;
#4970 = CARTESIAN_POINT ( 'NONE',  ( 1.247381284126717100, 0.5898939861650834800, -0.8974147029316669200 ) ) ;
#4971 = PRESENTATION_STYLE_ASSIGNMENT (( #3656 ) ) ;
#4972 = EDGE_CURVE ( 'NONE', #5412, #3461, #4513, .T. ) ;
#4973 = AXIS2_PLACEMENT_3D ( 'NONE', #2949, #5012, #384 ) ;
#4974 = ORIENTED_EDGE ( 'NONE', *, *, #4949, .F. ) ;
#4975 = VERTEX_POINT ( 'NONE', #1474 ) ;
#4976 = CARTESIAN_POINT ( 'NONE',  ( -1.148477421867325900, 0.0000000000000000000, 0.9799999999999997600 ) ) ;
#4977 = VECTOR ( 'NONE', #4319, 1000.000000000000000 ) ;
#4978 = COLOUR_RGB ( '',1.000000000000000000, 0.8823529411764705600, 0.3764705882352941100 ) ;
#4979 =( NAMED_UNIT ( * ) SI_UNIT ( $, .STERADIAN. ) SOLID_ANGLE_UNIT ( ) );
#4980 = CARTESIAN_POINT ( 'NONE',  ( 0.1000000000000000100, 0.5999999999999999800, -0.9600000000000000800 ) ) ;
#4981 = ORIENTED_EDGE ( 'NONE', *, *, #5126, .F. ) ;
#4982 = PRESENTATION_LAYER_ASSIGNMENT (  '', '', ( #4308 ) ) ;
#4983 = CARTESIAN_POINT ( 'NONE',  ( 1.250000000000000200, 0.5999999999999999800, 1.000000000000000000 ) ) ;
#4984 =( NAMED_UNIT ( * ) SI_UNIT ( $, .STERADIAN. ) SOLID_ANGLE_UNIT ( ) );
#4985 = VECTOR ( 'NONE', #4432, 1000.000000000000000 ) ;
#4986 = VERTEX_POINT ( 'NONE', #5071 ) ;
#4987 = ORIENTED_EDGE ( 'NONE', *, *, #2889, .F. ) ;
#4988 = FILL_AREA_STYLE_COLOUR ( '', #6284 ) ;
#4989 = UNCERTAINTY_MEASURE_WITH_UNIT (LENGTH_MEASURE( 1.000000000000000100E-005 ), #189, 'distance_accuracy_value', 'NONE');
#4990 = LINE ( 'NONE', #6078, #3879 ) ;
#4991 = STYLED_ITEM ( 'NONE', ( #43 ), #4660 ) ;
#4992 = FACE_OUTER_BOUND ( 'NONE', #460, .T. ) ;
#4993 = AXIS2_PLACEMENT_3D ( 'NONE', #6377, #771, #4344 ) ;
#4994 = DIRECTION ( 'NONE',  ( 0.0000000000000000000, -1.000000000000000000, 0.0000000000000000000 ) ) ;
#4995 = CARTESIAN_POINT ( 'NONE',  ( -0.1924045565283705200, 0.6210586443440404600, 0.9192274855718315400 ) ) ;
#4996 = CARTESIAN_POINT ( 'NONE',  ( -1.099000000000000000, 0.7810000000000000300, 0.7600000000000000100 ) ) ;
#4997 = AXIS2_PLACEMENT_3D ( 'NONE', #3166, #1755, #2690 ) ;
#4998 = EDGE_LOOP ( 'NONE', ( #6590, #2063, #3815, #3539, #6089, #3639, #2433, #6188, #5782, #702, #330, #6241, #3290, #4911, #6022, #3083, #4447, #2411, #2919, #1995, #5984, #5468, #2939, #1581, #4027, #4121, #2244, #3570, #2923, #447, #1910, #5978, #823, #3970, #6197, #253, #4384, #166, #3633, #4634, #5348 ) ) ;
#4999 = DIRECTION ( 'NONE',  ( -1.000000000000000000, 0.0000000000000000000, 0.0000000000000000000 ) ) ;
#5000 = ORIENTED_EDGE ( 'NONE', *, *, #397, .F. ) ;
#5001 = AXIS2_PLACEMENT_3D ( 'NONE', #737, #190, #3276 ) ;
#5002 = CARTESIAN_POINT ( 'NONE',  ( 1.151000000000000200, 0.3310000000000000200, 0.3240000000000001800 ) ) ;
#5003 =( NAMED_UNIT ( * ) SI_UNIT ( $, .STERADIAN. ) SOLID_ANGLE_UNIT ( ) );
#5004 = ORIENTED_EDGE ( 'NONE', *, *, #5727, .T. ) ;
#5005 = FILL_AREA_STYLE_COLOUR ( '', #920 ) ;
#5006 = DIRECTION ( 'NONE',  ( 0.0000000000000000000, 0.0000000000000000000, 1.000000000000000000 ) ) ;
#5007 = CIRCLE ( 'NONE', #5244, 0.1999999999999999800 ) ;
#5008 = ORIENTED_EDGE ( 'NONE', *, *, #472, .T. ) ;
#5009 = DIRECTION ( 'NONE',  ( -1.000000000000000000, 0.0000000000000000000, -0.0000000000000000000 ) ) ;
#5010 = DIRECTION ( 'NONE',  ( 0.0000000000000000000, 0.0000000000000000000, -1.000000000000000000 ) ) ;
#5011 = ORIENTED_EDGE ( 'NONE', *, *, #5063, .F. ) ;
#5012 = DIRECTION ( 'NONE',  ( -0.0000000000000000000, -1.000000000000000000, -0.0000000000000000000 ) ) ;
#5013 = EDGE_CURVE ( 'NONE', #2060, #4696, #1793, .T. ) ;
#5014 =( GEOMETRIC_REPRESENTATION_CONTEXT ( 3 ) GLOBAL_UNCERTAINTY_ASSIGNED_CONTEXT ( ( #177 ) ) GLOBAL_UNIT_ASSIGNED_CONTEXT ( ( #1094, #2142, #3832 ) ) REPRESENTATION_CONTEXT ( 'NONE', 'WORKASPACE' ) );
#5015 = EDGE_CURVE ( 'NONE', #5719, #6433, #6236, .T. ) ;
#5016 = EDGE_LOOP ( 'NONE', ( #6545, #5008, #1864, #3311, #3820, #5620, #3945, #3188, #3104, #3967, #4806, #2383, #4375, #3419, #2956, #5680, #3719, #82, #676, #6270 ) ) ;
#5017 = DIRECTION ( 'NONE',  ( -0.0000000000000000000, -1.000000000000000000, -0.0000000000000000000 ) ) ;
#5018 = DIRECTION ( 'NONE',  ( 0.0000000000000000000, 0.0000000000000000000, -1.000000000000000000 ) ) ;
#5019 = SURFACE_SIDE_STYLE ('',( #4516 ) ) ;
#5020 = PLANE ( 'NONE',  #4873 ) ;
#5021 = ORIENTED_EDGE ( 'NONE', *, *, #2746, .T. ) ;
#5022 = CARTESIAN_POINT ( 'NONE',  ( 0.4740000000000001400, 0.0000000000000000000, 0.3240000000000001800 ) ) ;
#5023 = FACE_OUTER_BOUND ( 'NONE', #1019, .T. ) ;
#5024 =( BOUNDED_CURVE ( )  B_SPLINE_CURVE ( 3, ( #1972, #5062, #974, #3531 ),
 .UNSPECIFIED., .F., .F. ) 
 B_SPLINE_CURVE_WITH_KNOTS ( ( 4, 4 ),
 ( 4.712388980384701200, 6.283185307179586200 ),
 .UNSPECIFIED. ) 
 CURVE ( )  GEOMETRIC_REPRESENTATION_ITEM ( )  RATIONAL_B_SPLINE_CURVE ( ( 1.000000000000000000, 0.8047378541243677100, 0.8047378541243677100, 1.000000000000000000 ) ) 
 REPRESENTATION_ITEM ( '' )  );
#5025 = ORIENTED_EDGE ( 'NONE', *, *, #5013, .T. ) ;
#5026 = EDGE_CURVE ( 'NONE', #505, #3874, #2020, .T. ) ;
#5027 =( GEOMETRIC_REPRESENTATION_CONTEXT ( 3 ) GLOBAL_UNCERTAINTY_ASSIGNED_CONTEXT ( ( #4915 ) ) GLOBAL_UNIT_ASSIGNED_CONTEXT ( ( #4718, #3636, #5671 ) ) REPRESENTATION_CONTEXT ( 'NONE', 'WORKASPACE' ) );
#5028 = LINE ( 'NONE', #5647, #3111 ) ;
#5029 = DIRECTION ( 'NONE',  ( -0.6567807448042022300, 0.0000000000000000000, 0.7540815958863056300 ) ) ;
#5030 =( NAMED_UNIT ( * ) PLANE_ANGLE_UNIT ( ) SI_UNIT ( $, .RADIAN. ) );
#5031 =( NAMED_UNIT ( * ) PLANE_ANGLE_UNIT ( ) SI_UNIT ( $, .RADIAN. ) );
#5032 = LINE ( 'NONE', #1614, #3033 ) ;
#5033 = AXIS2_PLACEMENT_3D ( 'NONE', #2790, #243, #1330 ) ;
#5034 = FACE_OUTER_BOUND ( 'NONE', #1874, .T. ) ;
#5035 = LINE ( 'NONE', #6212, #3674 ) ;
#5036 = CARTESIAN_POINT ( 'NONE',  ( 0.4740000000000001400, 0.3310000000000000200, 0.3240000000000001800 ) ) ;
#5037 = DIRECTION ( 'NONE',  ( 0.6567807448042003400, 0.0000000000000000000, -0.7540815958863073000 ) ) ;
#5038 = DIRECTION ( 'NONE',  ( -1.000000000000000000, 0.0000000000000000000, 0.0000000000000000000 ) ) ;
#5039 = EDGE_CURVE ( 'NONE', #5850, #1562, #495, .T. ) ;
#5040 = VERTEX_POINT ( 'NONE', #2050 ) ;
#5041 = SURFACE_STYLE_USAGE ( .BOTH. , #3032 ) ;
#5042 = SURFACE_SIDE_STYLE ('',( #4943 ) ) ;
#5043 = ADVANCED_FACE ( 'NONE', ( #2966 ), #6112, .T. ) ;
#5044 = VECTOR ( 'NONE', #6079, 1000.000000000000000 ) ;
#5045 = EDGE_CURVE ( 'NONE', #2395, #6410, #5960, .T. ) ;
#5046 = ORIENTED_EDGE ( 'NONE', *, *, #6043, .T. ) ;
#5047 = CARTESIAN_POINT ( 'NONE',  ( -0.1873267506885046600, 0.7339169406999146400, -0.9092540258654863200 ) ) ;
#5048 = EDGE_CURVE ( 'NONE', #5522, #1892, #4429, .T. ) ;
#5049 = AXIS2_PLACEMENT_3D ( 'NONE', #265, #3824, #6354 ) ;
#5050 = ORIENTED_EDGE ( 'NONE', *, *, #156, .T. ) ;
#5051 = VERTEX_POINT ( 'NONE', #6049 ) ;
#5052 = CARTESIAN_POINT ( 'NONE',  ( -1.148477421867326600, 0.3310000000000000200, -1.000000000000000000 ) ) ;
#5053 = VERTEX_POINT ( 'NONE', #599 ) ;
#5054 = DIRECTION ( 'NONE',  ( -1.000000000000000000, 0.0000000000000000000, -1.935435283114619600E-016 ) ) ;
#5055 = ORIENTED_EDGE ( 'NONE', *, *, #2491, .T. ) ;
#5056 = VECTOR ( 'NONE', #3579, 1000.000000000000000 ) ;
#5057 = CARTESIAN_POINT ( 'NONE',  ( 0.2010000000000000700, 0.5999999999999999800, 0.9600000000000004100 ) ) ;
#5058 =( GEOMETRIC_REPRESENTATION_CONTEXT ( 3 ) GLOBAL_UNCERTAINTY_ASSIGNED_CONTEXT ( ( #4437 ) ) GLOBAL_UNIT_ASSIGNED_CONTEXT ( ( #3739, #2741, #216 ) ) REPRESENTATION_CONTEXT ( 'NONE', 'WORKASPACE' ) );
#5059 = PLANE ( 'NONE',  #4052 ) ;
#5060 = CARTESIAN_POINT ( 'NONE',  ( -1.034810755200659800, 0.3310000000000000200, 0.9009999999999999100 ) ) ;
#5061 = UNCERTAINTY_MEASURE_WITH_UNIT (LENGTH_MEASURE( 1.000000000000000100E-005 ), #3094, 'distance_accuracy_value', 'NONE');
#5062 = CARTESIAN_POINT ( 'NONE',  ( -1.241715728752538400, 1.805552474266083900E-016, -0.8914585505398816600 ) ) ;
#5063 = EDGE_CURVE ( 'NONE', #2307, #4779, #891, .T. ) ;
#5064 = FACE_OUTER_BOUND ( 'NONE', #1639, .T. ) ;
#5065 = CIRCLE ( 'NONE', #6230, 0.02000000000000005200 ) ;
#5066 = AXIS2_PLACEMENT_3D ( 'NONE', #2566, #5555, #4654 ) ;
#5067 = ORIENTED_EDGE ( 'NONE', *, *, #6068, .T. ) ;
#5068 = SURFACE_STYLE_FILL_AREA ( #2729 ) ;
#5069 = MECHANICAL_DESIGN_GEOMETRIC_PRESENTATION_REPRESENTATION (  '', ( #2445 ), #1880 ) ;
#5070 = ORIENTED_EDGE ( 'NONE', *, *, #4613, .T. ) ;
#5071 = CARTESIAN_POINT ( 'NONE',  ( 0.9116385613682934700, 0.8010000000000000500, -0.5975632384164777400 ) ) ;
#5072 = ORIENTED_EDGE ( 'NONE', *, *, #3641, .T. ) ;
#5073 = DIRECTION ( 'NONE',  ( 0.7540815958863068500, 0.0000000000000000000, -0.6567807448042006800 ) ) ;
#5074 = ADVANCED_FACE ( 'NONE', ( #6537 ), #415, .T. ) ;
#5075 = CARTESIAN_POINT ( 'NONE',  ( 0.2000000000000000100, 0.02000000000000005200, 0.9799999999999997600 ) ) ;
#5076 = ORIENTED_EDGE ( 'NONE', *, *, #5699, .T. ) ;
#5077 = AXIS2_PLACEMENT_3D ( 'NONE', #1195, #5300, #5233 ) ;
#5078 = DIRECTION ( 'NONE',  ( 0.0000000000000000000, 0.0000000000000000000, -1.000000000000000000 ) ) ;
#5079 = CARTESIAN_POINT ( 'NONE',  ( 0.5492928932188135800, 0.0000000000000000000, -0.5492928932188136900 ) ) ;
#5080 = SURFACE_STYLE_USAGE ( .BOTH. , #2988 ) ;
#5081 = LINE ( 'NONE', #6439, #1401 ) ;
#5082 = ORIENTED_EDGE ( 'NONE', *, *, #4518, .T. ) ;
#5083 = VERTEX_POINT ( 'NONE', #670 ) ;
#5084 = ORIENTED_EDGE ( 'NONE', *, *, #465, .T. ) ;
#5085 = PLANE ( 'NONE',  #5140 ) ;
#5086 = EDGE_CURVE ( 'NONE', #145, #3519, #1788, .T. ) ;
#5087 = FACE_OUTER_BOUND ( 'NONE', #6134, .T. ) ;
#5088 = EDGE_CURVE ( 'NONE', #3480, #6575, #2430, .T. ) ;
#5089 = ORIENTED_EDGE ( 'NONE', *, *, #5734, .T. ) ;
#5090 = CARTESIAN_POINT ( 'NONE',  ( 1.241715728752538400, 3.158287942644446600E-016, 0.8914585505398815400 ) ) ;
#5091 = DIRECTION ( 'NONE',  ( 0.0000000000000000000, 0.0000000000000000000, 1.000000000000000000 ) ) ;
#5092 = FACE_OUTER_BOUND ( 'NONE', #2251, .T. ) ;
#5093 = DIRECTION ( 'NONE',  ( -1.000000000000000000, 0.0000000000000000000, 0.0000000000000000000 ) ) ;
#5094 =( GEOMETRIC_REPRESENTATION_CONTEXT ( 3 ) GLOBAL_UNCERTAINTY_ASSIGNED_CONTEXT ( ( #4209 ) ) GLOBAL_UNIT_ASSIGNED_CONTEXT ( ( #3671, #4676, #4196 ) ) REPRESENTATION_CONTEXT ( 'NONE', 'WORKASPACE' ) );
#5095 = UNCERTAINTY_MEASURE_WITH_UNIT (LENGTH_MEASURE( 1.000000000000000100E-005 ), #3869, 'distance_accuracy_value', 'NONE');
#5096 = DIRECTION ( 'NONE',  ( 0.0000000000000000000, 0.0000000000000000000, -1.000000000000000000 ) ) ;
#5097 = VERTEX_POINT ( 'NONE', #576 ) ;
#5098 = FACE_OUTER_BOUND ( 'NONE', #787, .T. ) ;
#5099 = FILL_AREA_STYLE ('',( #6546 ) ) ;
#5100 = ADVANCED_FACE ( 'NONE', ( #5282 ), #618, .F. ) ;
#5101 = AXIS2_PLACEMENT_3D ( 'NONE', #3828, #4859, #1800 ) ;
#5102 = COLOUR_RGB ( '',0.2509803921568627400, 0.2509803921568627400, 0.2509803921568627400 ) ;
#5103 = CYLINDRICAL_SURFACE ( 'NONE', #506, 0.1000000000000001600 ) ;
#5104 = LINE ( 'NONE', #5268, #2423 ) ;
#5105 = AXIS2_PLACEMENT_3D ( 'NONE', #1605, #5736, #64 ) ;
#5106 = FACE_OUTER_BOUND ( 'NONE', #5410, .T. ) ;
#5107 = DIRECTION ( 'NONE',  ( -0.0000000000000000000, -1.000000000000000000, -0.0000000000000000000 ) ) ;
#5108 = ORIENTED_EDGE ( 'NONE', *, *, #1872, .T. ) ;
#5109 =( LENGTH_UNIT ( ) NAMED_UNIT ( * ) SI_UNIT ( .MILLI., .METRE. ) );
#5110 = SURFACE_STYLE_FILL_AREA ( #1192 ) ;
#5111 = PRESENTATION_LAYER_ASSIGNMENT (  '', '', ( #4925 ) ) ;
#5112 = FILL_AREA_STYLE_COLOUR ( '', #1090 ) ;
#5113 = EDGE_LOOP ( 'NONE', ( #6492, #3269, #5138, #5917 ) ) ;
#5114 = ORIENTED_EDGE ( 'NONE', *, *, #439, .T. ) ;
#5115 = COLOUR_RGB ( '',1.000000000000000000, 0.8823529411764705600, 0.3764705882352941100 ) ;
#5116 = DIRECTION ( 'NONE',  ( -0.0000000000000000000, 1.000000000000000000, -0.0000000000000000000 ) ) ;
#5117 = SURFACE_STYLE_USAGE ( .BOTH. , #1034 ) ;
#5118 = FILL_AREA_STYLE_COLOUR ( '', #1352 ) ;
#5119 = EDGE_CURVE ( 'NONE', #1764, #561, #1289, .T. ) ;
#5120 = CIRCLE ( 'NONE', #5971, 0.01000000000000002600 ) ;
#5121 = SURFACE_STYLE_USAGE ( .BOTH. , #1038 ) ;
#5122 = VERTEX_POINT ( 'NONE', #2121 ) ;
#5123 = DIRECTION ( 'NONE',  ( 0.0000000000000000000, 0.0000000000000000000, -1.000000000000000000 ) ) ;
#5124 =( NAMED_UNIT ( * ) SI_UNIT ( $, .STERADIAN. ) SOLID_ANGLE_UNIT ( ) );
#5125 = CYLINDRICAL_SURFACE ( 'NONE', #3140, 0.02000000000000005200 ) ;
#5126 = EDGE_CURVE ( 'NONE', #5638, #3477, #2901, .T. ) ;
#5127 = VECTOR ( 'NONE', #1387, 1000.000000000000000 ) ;
#5128 = EDGE_LOOP ( 'NONE', ( #1312, #2674, #1470, #6509 ) ) ;
#5129 = PRESENTATION_LAYER_ASSIGNMENT (  '', '', ( #1731 ) ) ;
#5130 = EDGE_CURVE ( 'NONE', #6046, #1888, #2267, .T. ) ;
#5131 = CIRCLE ( 'NONE', #2040, 0.02000000000000005200 ) ;
#5132 = DIRECTION ( 'NONE',  ( -0.0000000000000000000, -1.000000000000000000, 0.0000000000000000000 ) ) ;
#5133 = DIRECTION ( 'NONE',  ( -0.0000000000000000000, -1.000000000000000000, 0.0000000000000000000 ) ) ;
#5134 = VECTOR ( 'NONE', #1202, 1000.000000000000000 ) ;
#5135 = CARTESIAN_POINT ( 'NONE',  ( 0.09346153846153686100, 0.3300000000000000200, 0.1073076923076908100 ) ) ;
#5136 = ADVANCED_FACE ( 'NONE', ( #2098 ), #6321, .T. ) ;
#5137 = SURFACE_STYLE_USAGE ( .BOTH. , #76 ) ;
#5138 = ORIENTED_EDGE ( 'NONE', *, *, #1020, .F. ) ;
#5139 = LINE ( 'NONE', #6357, #3146 ) ;
#5140 = AXIS2_PLACEMENT_3D ( 'NONE', #3130, #4238, #122 ) ;
#5141 = SURFACE_STYLE_USAGE ( .BOTH. , #78 ) ;
#5142 = CARTESIAN_POINT ( 'NONE',  ( -1.019999999999998700, 0.7299999999999999800, 0.9000000000000005800 ) ) ;
#5143 = CARTESIAN_POINT ( 'NONE',  ( 0.09999999999999929800, 0.0000000000000000000, -0.8599999999999999900 ) ) ;
#5144 = VERTEX_POINT ( 'NONE', #5252 ) ;
#5145 = CARTESIAN_POINT ( 'NONE',  ( -1.019999999999998700, 0.5999999999999999800, -0.9599999999999997400 ) ) ;
#5146 = CARTESIAN_POINT ( 'NONE',  ( -1.019999999999999800, 0.5999999999999999800, -0.7599999999999996800 ) ) ;
#5147 = EDGE_CURVE ( 'NONE', #95, #1211, #279, .T. ) ;
#5148 = CARTESIAN_POINT ( 'NONE',  ( 1.741891754803157100E-016, 0.0000000000000000000, 0.8999999999999998000 ) ) ;
#5149 = SURFACE_STYLE_USAGE ( .BOTH. , #3567 ) ;
#5150 =( GEOMETRIC_REPRESENTATION_CONTEXT ( 3 ) GLOBAL_UNCERTAINTY_ASSIGNED_CONTEXT ( ( #1373 ) ) GLOBAL_UNIT_ASSIGNED_CONTEXT ( ( #4615, #6589, #1993 ) ) REPRESENTATION_CONTEXT ( 'NONE', 'WORKASPACE' ) );
#5151 = ORIENTED_EDGE ( 'NONE', *, *, #5713, .F. ) ;
#5152 = ORIENTED_EDGE ( 'NONE', *, *, #2531, .T. ) ;
#5153 = PRESENTATION_LAYER_ASSIGNMENT (  '', '', ( #2445 ) ) ;
#5154 = SURFACE_STYLE_FILL_AREA ( #3247 ) ;
#5155 = CARTESIAN_POINT ( 'NONE',  ( -1.250000000000000200, 0.5999999999999999800, 1.000000000000000000 ) ) ;
#5156 = SURFACE_STYLE_USAGE ( .BOTH. , #5180 ) ;
#5157 = ORIENTED_EDGE ( 'NONE', *, *, #3314, .T. ) ;
#5158 = ORIENTED_EDGE ( 'NONE', *, *, #527, .F. ) ;
#5159 =( NAMED_UNIT ( * ) SI_UNIT ( $, .STERADIAN. ) SOLID_ANGLE_UNIT ( ) );
#5160 = ORIENTED_EDGE ( 'NONE', *, *, #822, .F. ) ;
#5161 = CARTESIAN_POINT ( 'NONE',  ( 0.1000000000000000100, 0.5999999999999999800, 0.9799999999999997600 ) ) ;
#5162 = DIRECTION ( 'NONE',  ( 0.0000000000000000000, -1.000000000000000000, 0.0000000000000000000 ) ) ;
#5163 =( NAMED_UNIT ( * ) PLANE_ANGLE_UNIT ( ) SI_UNIT ( $, .RADIAN. ) );
#5164 = CARTESIAN_POINT ( 'NONE',  ( 1.170000000000000200, 0.6500000000000000200, -0.7599999999999986800 ) ) ;
#5165 = ORIENTED_EDGE ( 'NONE', *, *, #2202, .F. ) ;
#5166 = CARTESIAN_POINT ( 'NONE',  ( 1.019999999999999100, 0.7299999999999999800, -0.9099999999999997000 ) ) ;
#5167 = DIRECTION ( 'NONE',  ( 1.000000000000000000, -0.0000000000000000000, -0.0000000000000000000 ) ) ;
#5168 = CARTESIAN_POINT ( 'NONE',  ( 0.1847890769442331000, 0.7386689459571504900, -0.9051065961016289100 ) ) ;
#5169 =( NAMED_UNIT ( * ) PLANE_ANGLE_UNIT ( ) SI_UNIT ( $, .RADIAN. ) );
#5170 = ADVANCED_FACE ( 'NONE', ( #5455 ), #2091, .T. ) ;
#5171 = CARTESIAN_POINT ( 'NONE',  ( 1.244820582908949800, 0.5935898218398358800, 0.8949380052731871200 ) ) ;
#5172 = EDGE_CURVE ( 'NONE', #152, #3190, #2010, .T. ) ;
#5173 = ORIENTED_EDGE ( 'NONE', *, *, #2843, .T. ) ;
#5174 = ORIENTED_EDGE ( 'NONE', *, *, #5088, .F. ) ;
#5175 = AXIS2_PLACEMENT_3D ( 'NONE', #1575, #3055, #2616 ) ;
#5176 = VERTEX_POINT ( 'NONE', #4681 ) ;
#5177 = UNCERTAINTY_MEASURE_WITH_UNIT (LENGTH_MEASURE( 1.000000000000000100E-005 ), #2206, 'distance_accuracy_value', 'NONE');
#5178 = FACE_OUTER_BOUND ( 'NONE', #61, .T. ) ;
#5179 = DIRECTION ( 'NONE',  ( -1.426581805901980400E-016, 0.0000000000000000000, 1.000000000000000000 ) ) ;
#5180 = SURFACE_SIDE_STYLE ('',( #2349 ) ) ;
#5181 = ORIENTED_EDGE ( 'NONE', *, *, #5130, .T. ) ;
#5182 = CARTESIAN_POINT ( 'NONE',  ( -1.150000000000000400, 0.0000000000000000000, -1.000000000000000200 ) ) ;
#5183 = EDGE_CURVE ( 'NONE', #311, #4358, #4812, .T. ) ;
#5184 = DIRECTION ( 'NONE',  ( 1.426581805901980600E-016, 0.0000000000000000000, -1.000000000000000000 ) ) ;
#5185 = PRESENTATION_STYLE_ASSIGNMENT (( #4284 ) ) ;
#5186 = ORIENTED_EDGE ( 'NONE', *, *, #3364, .T. ) ;
#5187 = LINE ( 'NONE', #5534, #1593 ) ;
#5188 = PLANE ( 'NONE',  #4884 ) ;
#5189 =( LENGTH_UNIT ( ) NAMED_UNIT ( * ) SI_UNIT ( .MILLI., .METRE. ) );
#5190 =( NAMED_UNIT ( * ) PLANE_ANGLE_UNIT ( ) SI_UNIT ( $, .RADIAN. ) );
#5191 = PRESENTATION_STYLE_ASSIGNMENT (( #6239 ) ) ;
#5192 = CARTESIAN_POINT ( 'NONE',  ( -0.09411831920634057500, 0.3310000000000000200, -0.1080617739035766900 ) ) ;
#5193 = FILL_AREA_STYLE ('',( #1553 ) ) ;
#5194 =( LENGTH_UNIT ( ) NAMED_UNIT ( * ) SI_UNIT ( .MILLI., .METRE. ) );
#5195 = CARTESIAN_POINT ( 'NONE',  ( 1.150000000000000400, 0.3300000000000000200, -1.000000000000000200 ) ) ;
#5196 = AXIS2_PLACEMENT_3D ( 'NONE', #947, #5029, #5544 ) ;
#5198 = ORIENTED_EDGE ( 'NONE', *, *, #1291, .F. ) ;
#5197 = CARTESIAN_POINT ( 'NONE',  ( -1.151000000000000200, 0.3310000000000000200, 0.3240000000000001800 ) ) ;
#5199 = DIRECTION ( 'NONE',  ( 1.000000000000000000, 0.0000000000000000000, 0.0000000000000000000 ) ) ;
#5200 = PRESENTATION_STYLE_ASSIGNMENT (( #4500 ) ) ;
#5201 = STYLED_ITEM ( 'NONE', ( #20 ), #3821 ) ;
#5202 = DIRECTION ( 'NONE',  ( 0.0000000000000000000, -1.000000000000000000, 0.0000000000000000000 ) ) ;
#5203 = CARTESIAN_POINT ( 'NONE',  ( -1.150000000000000100, 0.5799999999999998500, -1.000000000000000000 ) ) ;
#5204 = DIRECTION ( 'NONE',  ( -1.000000000000000000, 0.0000000000000000000, 0.0000000000000000000 ) ) ;
#5205 = ORIENTED_EDGE ( 'NONE', *, *, #1162, .F. ) ;
#5206 = AXIS2_PLACEMENT_3D ( 'NONE', #621, #217, #4727 ) ;
#5207 = ADVANCED_FACE ( 'NONE', ( #3037 ), #409, .F. ) ;
#5208 = LINE ( 'NONE', #1247, #5610 ) ;
#5209 = CIRCLE ( 'NONE', #2645, 0.02000000000000005200 ) ;
#5210 =( NAMED_UNIT ( * ) PLANE_ANGLE_UNIT ( ) SI_UNIT ( $, .RADIAN. ) );
#5211 = ORIENTED_EDGE ( 'NONE', *, *, #3680, .T. ) ;
#5212 = EDGE_LOOP ( 'NONE', ( #5733, #5650, #2527, #5582 ) ) ;
#5213 = ORIENTED_EDGE ( 'NONE', *, *, #559, .T. ) ;
#5214 = FILL_AREA_STYLE_COLOUR ( '', #1798 ) ;
#5215 = CARTESIAN_POINT ( 'NONE',  ( 1.099000000000000400, 0.8010000000000000500, 0.7600000000000003400 ) ) ;
#5216 = VECTOR ( 'NONE', #6563, 1000.000000000000100 ) ;
#5217 =( LENGTH_UNIT ( ) NAMED_UNIT ( * ) SI_UNIT ( .MILLI., .METRE. ) );
#5218 = CARTESIAN_POINT ( 'NONE',  ( 0.1869149746737561500, 0.7353394772266733700, -0.9085493988235946400 ) ) ;
#5219 = DIRECTION ( 'NONE',  ( -1.426581805901980600E-016, 0.0000000000000000000, 1.000000000000000000 ) ) ;
#5220 = DIRECTION ( 'NONE',  ( 0.0000000000000000000, 0.0000000000000000000, -1.000000000000000000 ) ) ;
#5221 = LINE ( 'NONE', #5263, #3236 ) ;
#5222 = CARTESIAN_POINT ( 'NONE',  ( 0.4740000000000001400, 0.3310000000000000200, 0.0000000000000000000 ) ) ;
#5223 = EDGE_CURVE ( 'NONE', #399, #978, #4335, .T. ) ;
#5224 = DIRECTION ( 'NONE',  ( 1.000000000000000000, 0.0000000000000000000, -0.0000000000000000000 ) ) ;
#5225 =( GEOMETRIC_REPRESENTATION_CONTEXT ( 3 ) GLOBAL_UNCERTAINTY_ASSIGNED_CONTEXT ( ( #856 ) ) GLOBAL_UNIT_ASSIGNED_CONTEXT ( ( #4366, #5931, #2339 ) ) REPRESENTATION_CONTEXT ( 'NONE', 'WORKASPACE' ) );
#5226 = EDGE_CURVE ( 'NONE', #4168, #5814, #1696, .T. ) ;
#5227 = DIRECTION ( 'NONE',  ( 0.0000000000000000000, 0.0000000000000000000, 1.000000000000000000 ) ) ;
#5228 = UNCERTAINTY_MEASURE_WITH_UNIT (LENGTH_MEASURE( 1.000000000000000100E-005 ), #3785, 'distance_accuracy_value', 'NONE');
#5229 = ORIENTED_EDGE ( 'NONE', *, *, #3235, .F. ) ;
#5230 = CARTESIAN_POINT ( 'NONE',  ( -0.4750000000000002000, 0.3300000000000000200, -0.3250000000000001800 ) ) ;
#5231 = VECTOR ( 'NONE', #6265, 1000.000000000000100 ) ;
#5232 =( NAMED_UNIT ( * ) SI_UNIT ( $, .STERADIAN. ) SOLID_ANGLE_UNIT ( ) );
#5233 = DIRECTION ( 'NONE',  ( -1.000000000000000000, 0.0000000000000000000, 0.0000000000000000000 ) ) ;
#5234 = STYLED_ITEM ( 'NONE', ( #3056 ), #4627 ) ;
#5235 = VERTEX_POINT ( 'NONE', #4178 ) ;
#5236 = VERTEX_POINT ( 'NONE', #6106 ) ;
#5237 = SURFACE_SIDE_STYLE ('',( #1629 ) ) ;
#5238 = CARTESIAN_POINT ( 'NONE',  ( 0.1877553417177565100, 0.7399999999999999900, -0.8999999999999996900 ) ) ;
#5239 = DIRECTION ( 'NONE',  ( -0.0000000000000000000, -1.000000000000000000, -0.0000000000000000000 ) ) ;
#5240 = ORIENTED_EDGE ( 'NONE', *, *, #762, .T. ) ;
#5241 = DIRECTION ( 'NONE',  ( 0.0000000000000000000, -1.000000000000000000, 0.0000000000000000000 ) ) ;
#5242 = ADVANCED_FACE ( 'NONE', ( #1857 ), #5598, .F. ) ;
#5243 = DIRECTION ( 'NONE',  ( 0.0000000000000000000, -1.000000000000000000, 0.0000000000000000000 ) ) ;
#5244 = AXIS2_PLACEMENT_3D ( 'NONE', #5454, #1274, #847 ) ;
#5245 = SURFACE_STYLE_USAGE ( .BOTH. , #6319 ) ;
#5246 = DIRECTION ( 'NONE',  ( -1.000000000000000000, 5.877471754111407300E-029, -1.084202172485501800E-014 ) ) ;
#5247 = ORIENTED_EDGE ( 'NONE', *, *, #3826, .F. ) ;
#5248 = DIRECTION ( 'NONE',  ( -1.000000000000000000, 0.0000000000000000000, 0.0000000000000000000 ) ) ;
#5249 = CARTESIAN_POINT ( 'NONE',  ( 0.1000000000000000100, 0.6500000000000000200, 0.9600000000000004100 ) ) ;
#5250 = ORIENTED_EDGE ( 'NONE', *, *, #2717, .F. ) ;
#5251 = FACE_OUTER_BOUND ( 'NONE', #308, .T. ) ;
#5252 = CARTESIAN_POINT ( 'NONE',  ( -1.250000000000000200, 0.3300000000000000200, 0.9000000000000000200 ) ) ;
#5253 = CARTESIAN_POINT ( 'NONE',  ( 0.4740000000000001400, 0.3310000000000000200, -0.9009999999999999100 ) ) ;
#5254 =( NAMED_UNIT ( * ) PLANE_ANGLE_UNIT ( ) SI_UNIT ( $, .RADIAN. ) );
#5255 = EDGE_CURVE ( 'NONE', #1519, #5470, #1432, .T. ) ;
#5256 = VERTEX_POINT ( 'NONE', #611 ) ;
#5257 = LINE ( 'NONE', #6050, #326 ) ;
#5258 = DIRECTION ( 'NONE',  ( -1.000000000000000000, 0.0000000000000000000, 0.0000000000000000000 ) ) ;
#5259 = EDGE_CURVE ( 'NONE', #3321, #352, #4156, .T. ) ;
#5260 = DIRECTION ( 'NONE',  ( 1.000000000000000000, 0.0000000000000000000, 0.0000000000000000000 ) ) ;
#5261 = LINE ( 'NONE', #5342, #401 ) ;
#5262 = EDGE_LOOP ( 'NONE', ( #5084, #197, #2051, #74, #6131, #6399, #1086, #2714, #54 ) ) ;
#5263 = CARTESIAN_POINT ( 'NONE',  ( -1.148477421867325900, 0.3310000000000000200, 0.9999999999999995600 ) ) ;
#5264 = UNCERTAINTY_MEASURE_WITH_UNIT (LENGTH_MEASURE( 1.000000000000000100E-005 ), #2468, 'distance_accuracy_value', 'NONE');
#5265 = PRESENTATION_LAYER_ASSIGNMENT (  '', '', ( #5838 ) ) ;
#5266 = ORIENTED_EDGE ( 'NONE', *, *, #2750, .F. ) ;
#5267 = CARTESIAN_POINT ( 'NONE',  ( 0.1877553417177565400, 0.6500000000000000200, -0.9099999999999997000 ) ) ;
#5268 = CARTESIAN_POINT ( 'NONE',  ( 0.5500000000000000400, 0.0000000000000000000, -0.5500000000000000400 ) ) ;
#5269 = PRESENTATION_STYLE_ASSIGNMENT (( #3372 ) ) ;
#5270 = SURFACE_STYLE_FILL_AREA ( #1784 ) ;
#5271 = FACE_OUTER_BOUND ( 'NONE', #6573, .T. ) ;
#5272 =( NAMED_UNIT ( * ) SI_UNIT ( $, .STERADIAN. ) SOLID_ANGLE_UNIT ( ) );
#5273 =( NAMED_UNIT ( * ) PLANE_ANGLE_UNIT ( ) SI_UNIT ( $, .RADIAN. ) );
#5274 = COLOUR_RGB ( '',1.000000000000000000, 0.8823529411764705600, 0.3764705882352941100 ) ;
#5275 = FILL_AREA_STYLE_COLOUR ( '', #1813 ) ;
#5276 = ADVANCED_FACE ( 'NONE', ( #2561 ), #2249, .F. ) ;
#5277 = VECTOR ( 'NONE', #5728, 1000.000000000000000 ) ;
#5278 = PRESENTATION_LAYER_ASSIGNMENT (  '', '', ( #6298 ) ) ;
#5279 = EDGE_CURVE ( 'NONE', #2082, #6280, #3756, .T. ) ;
#5280 = ORIENTED_EDGE ( 'NONE', *, *, #1690, .F. ) ;
#5281 = EDGE_CURVE ( 'NONE', #282, #2380, #735, .T. ) ;
#5282 = FACE_OUTER_BOUND ( 'NONE', #540, .T. ) ;
#5283 = SURFACE_SIDE_STYLE ('',( #4444 ) ) ;
#5284 = LINE ( 'NONE', #4876, #3938 ) ;
#5285 = AXIS2_PLACEMENT_3D ( 'NONE', #117, #3643, #5224 ) ;
#5286 =( NAMED_UNIT ( * ) PLANE_ANGLE_UNIT ( ) SI_UNIT ( $, .RADIAN. ) );
#5287 = EDGE_LOOP ( 'NONE', ( #3355, #6020, #2368, #6550 ) ) ;
#5288 = VERTEX_POINT ( 'NONE', #5197 ) ;
#5289 = CARTESIAN_POINT ( 'NONE',  ( 0.1000000000000000100, 0.5999999999999999800, 0.9600000000000000800 ) ) ;
#5290 = CARTESIAN_POINT ( 'NONE',  ( 1.230000000000000000, 0.0000000000000000000, -0.8812545287231548000 ) ) ;
#5291 = FACE_OUTER_BOUND ( 'NONE', #941, .T. ) ;
#5292 = AXIS2_PLACEMENT_3D ( 'NONE', #130, #3672, #627 ) ;
#5293 = FILL_AREA_STYLE ('',( #4247 ) ) ;
#5294 = PLANE ( 'NONE',  #6384 ) ;
#5295 = ORIENTED_EDGE ( 'NONE', *, *, #2952, .T. ) ;
#5296 = CARTESIAN_POINT ( 'NONE',  ( 1.125514458904363700, 0.0000000000000000000, -0.9800000000000002000 ) ) ;
#5297 = CARTESIAN_POINT ( 'NONE',  ( -1.246247665173373200, 0.5918854740033264700, 0.8963096528068260600 ) ) ;
#5298 = VECTOR ( 'NONE', #6238, 1000.000000000000000 ) ;
#5299 = ORIENTED_EDGE ( 'NONE', *, *, #3993, .F. ) ;
#5300 = DIRECTION ( 'NONE',  ( 0.0000000000000000000, 0.0000000000000000000, -1.000000000000000000 ) ) ;
#5301 = AXIS2_PLACEMENT_3D ( 'NONE', #6053, #4059, #2032 ) ;
#5302 = LINE ( 'NONE', #1596, #6557 ) ;
#5303 = CARTESIAN_POINT ( 'NONE',  ( -1.250000000000000200, 0.5799999999999998500, -0.8999999999999999100 ) ) ;
#5304 = VECTOR ( 'NONE', #2171, 1000.000000000000000 ) ;
#5305 = CARTESIAN_POINT ( 'NONE',  ( 1.150000000000000400, 0.3300000000000000200, 0.8129032258064520200 ) ) ;
#5306 = DIRECTION ( 'NONE',  ( 1.000000000000000000, 0.0000000000000000000, -0.0000000000000000000 ) ) ;
#5307 = DIRECTION ( 'NONE',  ( 1.426581805901980600E-016, 0.0000000000000000000, -1.000000000000000000 ) ) ;
#5308 = EDGE_CURVE ( 'NONE', #1719, #5144, #6223, .T. ) ;
#5309 = ORIENTED_EDGE ( 'NONE', *, *, #4564, .F. ) ;
#5310 = AXIS2_PLACEMENT_3D ( 'NONE', #5723, #1669, #2649 ) ;
#5311 = DIRECTION ( 'NONE',  ( -1.084202172485504400E-016, 0.0000000000000000000, -1.000000000000000000 ) ) ;
#5312 = SURFACE_STYLE_FILL_AREA ( #4811 ) ;
#5313 = DIRECTION ( 'NONE',  ( -0.0000000000000000000, -1.000000000000000000, -0.0000000000000000000 ) ) ;
#5314 = ADVANCED_FACE ( 'NONE', ( #1116 ), #15, .F. ) ;
#5315 = FILL_AREA_STYLE_COLOUR ( '', #5844 ) ;
#5316 =( NAMED_UNIT ( * ) PLANE_ANGLE_UNIT ( ) SI_UNIT ( $, .RADIAN. ) );
#5317 = VERTEX_POINT ( 'NONE', #3731 ) ;
#5318 = EDGE_LOOP ( 'NONE', ( #224, #4085, #2970, #5398 ) ) ;
#5319 = VERTEX_POINT ( 'NONE', #663 ) ;
#5320 = CARTESIAN_POINT ( 'NONE',  ( 1.249999999999999800, 0.5799999999999998500, -0.8999999999999999100 ) ) ;
#5321 = PRESENTATION_LAYER_ASSIGNMENT (  '', '', ( #4909 ) ) ;
#5322 = SURFACE_STYLE_USAGE ( .BOTH. , #5868 ) ;
#5323 = DIRECTION ( 'NONE',  ( 0.0000000000000000000, 0.0000000000000000000, -1.000000000000000000 ) ) ;
#5324 = DIRECTION ( 'NONE',  ( 0.0000000000000000000, 0.0000000000000000000, 1.000000000000000000 ) ) ;
#5325 = EDGE_LOOP ( 'NONE', ( #1976, #736, #6432, #1364, #4766, #6104, #6193, #2156, #4161, #1747, #172, #607, #2428, #5537, #3848, #4974 ) ) ;
#5326 = ORIENTED_EDGE ( 'NONE', *, *, #6508, .F. ) ;
#5327 =( NAMED_UNIT ( * ) SI_UNIT ( $, .STERADIAN. ) SOLID_ANGLE_UNIT ( ) );
#5328 = AXIS2_PLACEMENT_3D ( 'NONE', #5805, #3214, #174 ) ;
#5329 = CARTESIAN_POINT ( 'NONE',  ( -0.1881221266141733500, 0.6409076052124820200, -0.9106304388829001800 ) ) ;
#5330 = ORIENTED_EDGE ( 'NONE', *, *, #4250, .F. ) ;
#5331 = PLANE ( 'NONE',  #930 ) ;
#5332 = DIRECTION ( 'NONE',  ( 0.0000000000000000000, 0.0000000000000000000, 1.000000000000000000 ) ) ;
#5333 = PRESENTATION_LAYER_ASSIGNMENT (  '', '', ( #3057 ) ) ;
#5334 =( NAMED_UNIT ( * ) SI_UNIT ( $, .STERADIAN. ) SOLID_ANGLE_UNIT ( ) );
#5335 = EDGE_LOOP ( 'NONE', ( #2145, #4886, #4394, #385 ) ) ;
#5336 = CARTESIAN_POINT ( 'NONE',  ( -1.250000000000000200, 0.5799999999999998500, 0.8999999999999999100 ) ) ;
#5337 = CARTESIAN_POINT ( 'NONE',  ( -1.148477421867325900, 0.3310000000000000200, 0.9999999999999995600 ) ) ;
#5338 = DIRECTION ( 'NONE',  ( -0.0000000000000000000, -1.000000000000000000, -0.0000000000000000000 ) ) ;
#5339 = AXIS2_PLACEMENT_3D ( 'NONE', #2429, #4999, #5550 ) ;
#5340 = CARTESIAN_POINT ( 'NONE',  ( -0.2009999999999994600, 0.5999999999999999800, -0.9599999999999997400 ) ) ;
#5341 = ORIENTED_EDGE ( 'NONE', *, *, #3378, .T. ) ;
#5342 = CARTESIAN_POINT ( 'NONE',  ( 0.09999999999999929800, 0.5999999999999999800, -0.8599999999999999900 ) ) ;
#5343 = VECTOR ( 'NONE', #4303, 1000.000000000000000 ) ;
#5344 = PLANE ( 'NONE',  #727 ) ;
#5345 = MECHANICAL_DESIGN_GEOMETRIC_PRESENTATION_REPRESENTATION (  '', ( #4332 ), #1441 ) ;
#5346 = LINE ( 'NONE', #2537, #6044 ) ;
#5347 = ORIENTED_EDGE ( 'NONE', *, *, #5400, .T. ) ;
#5348 = ORIENTED_EDGE ( 'NONE', *, *, #2467, .T. ) ;
#5349 = ORIENTED_EDGE ( 'NONE', *, *, #5259, .T. ) ;
#5350 = ADVANCED_FACE ( 'NONE', ( #3922 ), #3682, .F. ) ;
#5351 = PLANE ( 'NONE',  #5966 ) ;
#5352 = VECTOR ( 'NONE', #4823, 1000.000000000000000 ) ;
#5353 = ORIENTED_EDGE ( 'NONE', *, *, #5535, .T. ) ;
#5354 = VECTOR ( 'NONE', #3846, 1000.000000000000000 ) ;
#5355 = DIRECTION ( 'NONE',  ( 0.0000000000000000000, -1.000000000000000000, 0.0000000000000000000 ) ) ;
#5356 =( NAMED_UNIT ( * ) PLANE_ANGLE_UNIT ( ) SI_UNIT ( $, .RADIAN. ) );
#5357 = UNCERTAINTY_MEASURE_WITH_UNIT (LENGTH_MEASURE( 1.000000000000000100E-005 ), #1963, 'distance_accuracy_value', 'NONE');
#5358 = CARTESIAN_POINT ( 'NONE',  ( -1.250000000000000200, 0.3300000000000000200, 0.9000000000000000200 ) ) ;
#5359 = PRESENTATION_STYLE_ASSIGNMENT (( #5513 ) ) ;
#5360 = CARTESIAN_POINT ( 'NONE',  ( 1.125514458904363300, 0.0000000000000000000, 0.9799999999999997600 ) ) ;
#5361 = DIRECTION ( 'NONE',  ( -0.7540815958863055200, 0.0000000000000000000, 0.6567807448042022300 ) ) ;
#5362 = CARTESIAN_POINT ( 'NONE',  ( -1.119000000000000000, 0.8010000000000000500, 0.7599999999999997900 ) ) ;
#5363 = VECTOR ( 'NONE', #5199, 1000.000000000000000 ) ;
#5364 = EDGE_CURVE ( 'NONE', #286, #4861, #5983, .T. ) ;
#5365 = AXIS2_PLACEMENT_3D ( 'NONE', #4619, #4636, #110 ) ;
#5366 = PRESENTATION_STYLE_ASSIGNMENT (( #5474 ) ) ;
#5367 = MECHANICAL_DESIGN_GEOMETRIC_PRESENTATION_REPRESENTATION (  '', ( #252 ), #3878 ) ;
#5368 = CARTESIAN_POINT ( 'NONE',  ( -0.1990395703728505300, 0.6040671401149962900, -0.9395799000279732000 ) ) ;
#5369 = CARTESIAN_POINT ( 'NONE',  ( -0.09999999999999928400, 0.5999999999999999800, -0.8599999999999999900 ) ) ;
#5371 = EDGE_LOOP ( 'NONE', ( #3275, #5559, #1053, #3586 ) ) ;
#5370 = DIRECTION ( 'NONE',  ( 1.000000000000000000, 0.0000000000000000000, -0.0000000000000000000 ) ) ;
#5372 = CARTESIAN_POINT ( 'NONE',  ( 0.1980730139694728600, 0.6061042807669374500, -0.9353681003111725700 ) ) ;
#5373 = VECTOR ( 'NONE', #6201, 1000.000000000000100 ) ;
#5374 = LINE ( 'NONE', #1834, #4904 ) ;
#5375 = CARTESIAN_POINT ( 'NONE',  ( 1.151000000000000200, 0.3310000000000000200, 0.0000000000000000000 ) ) ;
#5376 = ORIENTED_EDGE ( 'NONE', *, *, #5962, .F. ) ;
#5377 = SURFACE_STYLE_FILL_AREA ( #2917 ) ;
#5378 = DIRECTION ( 'NONE',  ( 0.0000000000000000000, 1.000000000000000000, -0.0000000000000000000 ) ) ;
#5379 = CARTESIAN_POINT ( 'NONE',  ( -1.019999999999999800, 0.7399999999999999900, 0.7600000000000006800 ) ) ;
#5380 = EDGE_CURVE ( 'NONE', #5726, #311, #1199, .T. ) ;
#5381 = VERTEX_POINT ( 'NONE', #4259 ) ;
#5382 = DIRECTION ( 'NONE',  ( 1.000000000000000000, 0.0000000000000000000, -5.421010862427557700E-016 ) ) ;
#5383 = SURFACE_STYLE_USAGE ( .BOTH. , #808 ) ;
#5384 = SURFACE_STYLE_USAGE ( .BOTH. , #4411 ) ;
#5385 = LINE ( 'NONE', #340, #3223 ) ;
#5386 = AXIS2_PLACEMENT_3D ( 'NONE', #2327, #3356, #4898 ) ;
#5387 = LINE ( 'NONE', #1885, #5612 ) ;
#5388 = EDGE_LOOP ( 'NONE', ( #5160, #5025, #1376, #1662 ) ) ;
#5389 = ORIENTED_EDGE ( 'NONE', *, *, #5795, .T. ) ;
#5390 = DIRECTION ( 'NONE',  ( 0.0000000000000000000, -1.000000000000000000, 0.0000000000000000000 ) ) ;
#5391 = DIRECTION ( 'NONE',  ( -0.0000000000000000000, -1.000000000000000000, -0.0000000000000000000 ) ) ;
#5392 = CARTESIAN_POINT ( 'NONE',  ( 0.9116385613682934700, 0.7910000000000000400, -0.6962911505260459500 ) ) ;
#5393 = AXIS2_PLACEMENT_3D ( 'NONE', #4409, #3386, #5382 ) ;
#5394 = COLOUR_RGB ( '',0.8823529411764705600, 0.8823529411764705600, 0.8823529411764705600 ) ;
#5395 =( NAMED_UNIT ( * ) PLANE_ANGLE_UNIT ( ) SI_UNIT ( $, .RADIAN. ) );
#5396 = CARTESIAN_POINT ( 'NONE',  ( -1.151000000000000200, -0.0000000000000000000, 0.0000000000000000000 ) ) ;
#5397 = COLOUR_RGB ( '',1.000000000000000000, 0.8823529411764705600, 0.3764705882352941100 ) ;
#5398 = ORIENTED_EDGE ( 'NONE', *, *, #5626, .T. ) ;
#5399 = CARTESIAN_POINT ( 'NONE',  ( 1.034810755200659800, 0.3310000000000000200, -0.9009999999999999100 ) ) ;
#5400 = EDGE_CURVE ( 'NONE', #806, #4168, #478, .T. ) ;
#5401 = VECTOR ( 'NONE', #1252, 1000.000000000000000 ) ;
#5402 = VECTOR ( 'NONE', #5876, 1000.000000000000000 ) ;
#5403 = UNCERTAINTY_MEASURE_WITH_UNIT (LENGTH_MEASURE( 1.000000000000000100E-005 ), #1811, 'distance_accuracy_value', 'NONE');
#5404 = VERTEX_POINT ( 'NONE', #3195 ) ;
#5405 = EDGE_CURVE ( 'NONE', #629, #4401, #3521, .T. ) ;
#5406 = PRESENTATION_STYLE_ASSIGNMENT (( #108 ) ) ;
#5407 = DIRECTION ( 'NONE',  ( 0.0000000000000000000, 0.0000000000000000000, 1.000000000000000000 ) ) ;
#5408 = EDGE_CURVE ( 'NONE', #5821, #3874, #2250, .T. ) ;
#5409 = AXIS2_PLACEMENT_3D ( 'NONE', #3573, #6133, #548 ) ;
#5410 = EDGE_LOOP ( 'NONE', ( #3987, #5000, #4427, #1438 ) ) ;
#5411 = CARTESIAN_POINT ( 'NONE',  ( -0.4750000000000002000, -0.0000000000000000000, -0.3250000000000001800 ) ) ;
#5412 = VERTEX_POINT ( 'NONE', #229 ) ;
#5413 = DIRECTION ( 'NONE',  ( 0.0000000000000000000, 0.0000000000000000000, -1.000000000000000000 ) ) ;
#5414 = EDGE_LOOP ( 'NONE', ( #1877, #1572, #4045, #1393 ) ) ;
#5415 = DIRECTION ( 'NONE',  ( 0.0000000000000000000, 1.000000000000000000, 0.0000000000000000000 ) ) ;
#5416 = FACE_OUTER_BOUND ( 'NONE', #3280, .T. ) ;
#5417 = FILL_AREA_STYLE_COLOUR ( '', #3917 ) ;
#5418 = VERTEX_POINT ( 'NONE', #4723 ) ;
#5419 = MECHANICAL_DESIGN_GEOMETRIC_PRESENTATION_REPRESENTATION (  '', ( #1171 ), #5755 ) ;
#5420 = EDGE_CURVE ( 'NONE', #2463, #4616, #2169, .T. ) ;
#5421 = ORIENTED_EDGE ( 'NONE', *, *, #1746, .F. ) ;
#5422 =( NAMED_UNIT ( * ) SI_UNIT ( $, .STERADIAN. ) SOLID_ANGLE_UNIT ( ) );
#5423 = PRESENTATION_LAYER_ASSIGNMENT (  '', '', ( #2357 ) ) ;
#5424 = VERTEX_POINT ( 'NONE', #4204 ) ;
#5425 = VECTOR ( 'NONE', #4737, 1000.000000000000000 ) ;
#5426 = CARTESIAN_POINT ( 'NONE',  ( -0.1882470157454449700, 0.6395269201802925600, 0.9108404784231592900 ) ) ;
#5427 = CARTESIAN_POINT ( 'NONE',  ( 0.9116385613682934700, 0.7910000000000000400, -0.6469271944712617900 ) ) ;
#5428 = ADVANCED_FACE ( 'NONE', ( #2642 ), #5294, .T. ) ;
#5429 = EDGE_LOOP ( 'NONE', ( #3787, #1366, #3920, #4329 ) ) ;
#5430 = CARTESIAN_POINT ( 'NONE',  ( 0.4750000000000002000, 0.3300000000000000200, 0.3250000000000001800 ) ) ;
#5431 = CARTESIAN_POINT ( 'NONE',  ( 1.249999999999999800, 0.5799999999999998500, -1.000000000000000000 ) ) ;
#5432 = AXIS2_PLACEMENT_3D ( 'NONE', #5952, #346, #2882 ) ;
#5433 = FACE_OUTER_BOUND ( 'NONE', #1414, .T. ) ;
#5434 = PRESENTATION_STYLE_ASSIGNMENT (( #236 ) ) ;
#5435 =( LENGTH_UNIT ( ) NAMED_UNIT ( * ) SI_UNIT ( .MILLI., .METRE. ) );
#5436 = VERTEX_POINT ( 'NONE', #3304 ) ;
#5437 = VECTOR ( 'NONE', #6466, 1000.000000000000000 ) ;
#5438 = ORIENTED_EDGE ( 'NONE', *, *, #4935, .T. ) ;
#5439 = COLOUR_RGB ( '',1.000000000000000000, 0.8823529411764705600, 0.3764705882352941100 ) ;
#5440 = AXIS2_PLACEMENT_3D ( 'NONE', #1157, #2198, #2688 ) ;
#5441 = CARTESIAN_POINT ( 'NONE',  ( -1.019999999999998200, 0.5999999999999999800, 0.9600000000000006300 ) ) ;
#5442 = ORIENTED_EDGE ( 'NONE', *, *, #2304, .T. ) ;
#5443 = DIRECTION ( 'NONE',  ( 0.0000000000000000000, 0.0000000000000000000, -1.000000000000000000 ) ) ;
#5444 = CARTESIAN_POINT ( 'NONE',  ( -0.1847890769442322700, 0.7386689459571506000, 0.9051065961016296900 ) ) ;
#5445 = COLOUR_RGB ( '',0.8823529411764705600, 0.8823529411764705600, 0.8823529411764705600 ) ;
#5446 = UNCERTAINTY_MEASURE_WITH_UNIT (LENGTH_MEASURE( 1.000000000000000100E-005 ), #175, 'distance_accuracy_value', 'NONE');
#5447 = FILL_AREA_STYLE_COLOUR ( '', #4839 ) ;
#5448 = CARTESIAN_POINT ( 'NONE',  ( -0.2006794358023571400, 0.6006391396307211300, 0.9508392664511596800 ) ) ;
#5449 = DIRECTION ( 'NONE',  ( -0.0000000000000000000, -1.000000000000000000, -0.0000000000000000000 ) ) ;
#5450 = COLOUR_RGB ( '',0.8823529411764705600, 0.8823529411764705600, 0.8823529411764705600 ) ;
#5451 = LINE ( 'NONE', #3831, #4819 ) ;
#5452 = CARTESIAN_POINT ( 'NONE',  ( -1.238752187992246500, 0.5981187537043926000, -0.9006167639225964900 ) ) ;
#5453 = ORIENTED_EDGE ( 'NONE', *, *, #1358, .T. ) ;
#5454 = CARTESIAN_POINT ( 'NONE',  ( 1.020000000000000200, 0.5999999999999999800, 0.7600000000000003400 ) ) ;
#5455 = FACE_OUTER_BOUND ( 'NONE', #1490, .T. ) ;
#5456 = EDGE_CURVE ( 'NONE', #4348, #1347, #4805, .T. ) ;
#5457 = PRESENTATION_LAYER_ASSIGNMENT (  '', '', ( #4078 ) ) ;
#5458 = PRESENTATION_LAYER_ASSIGNMENT (  '', '', ( #1339 ) ) ;
#5459 = DIRECTION ( 'NONE',  ( -0.0000000000000000000, -1.000000000000000000, -0.0000000000000000000 ) ) ;
#5460 = ORIENTED_EDGE ( 'NONE', *, *, #5884, .F. ) ;
#5461 = ADVANCED_FACE ( 'NONE', ( #3452 ), #3332, .F. ) ;
#5462 = AXIS2_PLACEMENT_3D ( 'NONE', #105, #5162, #4711 ) ;
#5463 = SURFACE_STYLE_USAGE ( .BOTH. , #4948 ) ;
#5464 = ORIENTED_EDGE ( 'NONE', *, *, #5063, .T. ) ;
#5465 = CARTESIAN_POINT ( 'NONE',  ( 1.150000000000000100, 0.3300000000000000200, 0.3250000000000001800 ) ) ;
#5466 = COLOUR_RGB ( '',1.000000000000000000, 0.8823529411764705600, 0.3764705882352941100 ) ;
#5467 = VECTOR ( 'NONE', #1431, 1000.000000000000000 ) ;
#5468 = ORIENTED_EDGE ( 'NONE', *, *, #4154, .T. ) ;
#5469 = CARTESIAN_POINT ( 'NONE',  ( -0.4740000000000001400, -0.0000000000000000000, 0.0000000000000000000 ) ) ;
#5470 = VERTEX_POINT ( 'NONE', #3398 ) ;
#5471 = SURFACE_SIDE_STYLE ('',( #1499 ) ) ;
#5472 = FACE_OUTER_BOUND ( 'NONE', #1308, .T. ) ;
#5473 = VECTOR ( 'NONE', #5664, 1000.000000000000000 ) ;
#5474 = SURFACE_STYLE_USAGE ( .BOTH. , #2447 ) ;
#5475 = SURFACE_STYLE_USAGE ( .BOTH. , #6029 ) ;
#5476 = PRESENTATION_LAYER_ASSIGNMENT (  '', '', ( #3 ) ) ;
#5477 = FILL_AREA_STYLE ('',( #5516 ) ) ;
#5478 = DIRECTION ( 'NONE',  ( -0.0000000000000000000, -1.000000000000000000, -0.0000000000000000000 ) ) ;
#5479 = VERTEX_POINT ( 'NONE', #4893 ) ;
#5480 = SURFACE_SIDE_STYLE ('',( #5907 ) ) ;
#5481 = UNCERTAINTY_MEASURE_WITH_UNIT (LENGTH_MEASURE( 1.000000000000000100E-005 ), #1749, 'distance_accuracy_value', 'NONE');
#5482 = EDGE_CURVE ( 'NONE', #5176, #5381, #4895, .T. ) ;
#5483 = VERTEX_POINT ( 'NONE', #1280 ) ;
#5484 = DIRECTION ( 'NONE',  ( 0.7540815958863055200, 0.0000000000000000000, 0.6567807448042021200 ) ) ;
#5485 = VERTEX_POINT ( 'NONE', #3373 ) ;
#5486 = EDGE_CURVE ( 'NONE', #5319, #4358, #5261, .T. ) ;
#5487 = ORIENTED_EDGE ( 'NONE', *, *, #1861, .F. ) ;
#5488 = CARTESIAN_POINT ( 'NONE',  ( 1.244820582908949600, 0.5935898218398358800, -0.8949380052731871200 ) ) ;
#5489 = LINE ( 'NONE', #4906, #3729 ) ;
#5490 = ADVANCED_FACE ( 'NONE', ( #3026 ), #331, .F. ) ;
#5491 = MECHANICAL_DESIGN_GEOMETRIC_PRESENTATION_REPRESENTATION (  '', ( #1583 ), #6496 ) ;
#5492 = EDGE_CURVE ( 'NONE', #423, #4800, #2633, .T. ) ;
#5493 = CARTESIAN_POINT ( 'NONE',  ( -1.141519513773499300, 0.5968159657641408700, 0.9911790473124115800 ) ) ;
#5494 = VERTEX_POINT ( 'NONE', #3897 ) ;
#5495 = CARTESIAN_POINT ( 'NONE',  ( 0.9116385613682934700, 0.7910000000000000400, -0.5975632384164777400 ) ) ;
#5496 = VECTOR ( 'NONE', #1084, 1000.000000000000000 ) ;
#5497 = AXIS2_PLACEMENT_3D ( 'NONE', #4996, #6010, #3523 ) ;
#5498 = CARTESIAN_POINT ( 'NONE',  ( -1.150000000000000400, 0.3300000000000000200, 0.8129032258064519100 ) ) ;
#5499 = EDGE_LOOP ( 'NONE', ( #2574, #2133, #3409, #3515 ) ) ;
#5500 = LINE ( 'NONE', #1304, #1013 ) ;
#5501 = EDGE_CURVE ( 'NONE', #2592, #3614, #5584, .T. ) ;
#5502 = VERTEX_POINT ( 'NONE', #1759 ) ;
#5503 = ORIENTED_EDGE ( 'NONE', *, *, #1455, .F. ) ;
#5504 = PRESENTATION_STYLE_ASSIGNMENT (( #4748 ) ) ;
#5505 = CARTESIAN_POINT ( 'NONE',  ( 1.119000000000000400, 0.7409999999999999900, -0.7599999999999989000 ) ) ;
#5506 = CARTESIAN_POINT ( 'NONE',  ( -0.2010000000069259400, 0.5999999999860115000, 0.9554438652914782900 ) ) ;
#5507 = STYLED_ITEM ( 'NONE', ( #125 ), #1087 ) ;
#5508 = PRESENTATION_STYLE_ASSIGNMENT (( #1539 ) ) ;
#5509 = ORIENTED_EDGE ( 'NONE', *, *, #903, .T. ) ;
#5510 = CYLINDRICAL_SURFACE ( 'NONE', #4398, 0.04999999999999991300 ) ;
#5511 = CARTESIAN_POINT ( 'NONE',  ( -1.233037314921028300, 0.5998266406585224300, -0.9014377165261688900 ) ) ;
#5512 = LINE ( 'NONE', #5495, #4406 ) ;
#5513 = SURFACE_STYLE_USAGE ( .BOTH. , #4133 ) ;
#5514 = EDGE_LOOP ( 'NONE', ( #3743, #4735, #1496, #3305, #3349, #1262, #1712, #3433, #1399, #5108, #6215, #2526, #1269, #5747, #1772, #6264 ) ) ;
#5515 = DIRECTION ( 'NONE',  ( 0.0000000000000000000, -1.000000000000000000, 0.0000000000000000000 ) ) ;
#5516 = FILL_AREA_STYLE_COLOUR ( '', #588 ) ;
#5517 = CARTESIAN_POINT ( 'NONE',  ( -1.230000000000000200, 0.5999999999999999800, 0.8816784043380072600 ) ) ;
#5518 = COLOUR_RGB ( '',0.8823529411764705600, 0.8823529411764705600, 0.8823529411764705600 ) ;
#5519 = SURFACE_STYLE_FILL_AREA ( #1569 ) ;
#5520 = EDGE_LOOP ( 'NONE', ( #2139, #3737, #600, #3197 ) ) ;
#5521 = EDGE_CURVE ( 'NONE', #1764, #4730, #3518, .T. ) ;
#5522 = VERTEX_POINT ( 'NONE', #3438 ) ;
#5523 =( NAMED_UNIT ( * ) SI_UNIT ( $, .STERADIAN. ) SOLID_ANGLE_UNIT ( ) );
#5524 = CARTESIAN_POINT ( 'NONE',  ( 1.141519513773499300, 0.5968159657641408700, 0.9911790473124115800 ) ) ;
#5525 = ORIENTED_EDGE ( 'NONE', *, *, #5653, .F. ) ;
#5526 =( NAMED_UNIT ( * ) PLANE_ANGLE_UNIT ( ) SI_UNIT ( $, .RADIAN. ) );
#5527 = CARTESIAN_POINT ( 'NONE',  ( -1.244226193322489600, 0.5942338132177166200, -0.9001570664349500800 ) ) ;
#5528 = DIRECTION ( 'NONE',  ( -1.000000000000000000, 0.0000000000000000000, -1.084202172485495800E-014 ) ) ;
#5529 = ORIENTED_EDGE ( 'NONE', *, *, #2572, .F. ) ;
#5530 =( GEOMETRIC_REPRESENTATION_CONTEXT ( 3 ) GLOBAL_UNCERTAINTY_ASSIGNED_CONTEXT ( ( #3141 ) ) GLOBAL_UNIT_ASSIGNED_CONTEXT ( ( #2058, #4021, #4576 ) ) REPRESENTATION_CONTEXT ( 'NONE', 'WORKASPACE' ) );
#5531 = CARTESIAN_POINT ( 'NONE',  ( 1.019999999999999100, 0.6500000000000000200, 0.9600000000000003000 ) ) ;
#5532 = CARTESIAN_POINT ( 'NONE',  ( 1.019999999999999100, 0.7399999999999999900, 0.9100000000000003600 ) ) ;
#5533 = CARTESIAN_POINT ( 'NONE',  ( 0.9116385613682934700, 0.8010000000000000500, -0.6962911505260459500 ) ) ;
#5534 = CARTESIAN_POINT ( 'NONE',  ( 0.0000000000000000000, -0.0000000000000000000, 0.9009999999999999100 ) ) ;
#5535 = EDGE_CURVE ( 'NONE', #896, #4986, #5512, .T. ) ;
#5536 = ORIENTED_EDGE ( 'NONE', *, *, #2316, .T. ) ;
#5537 = ORIENTED_EDGE ( 'NONE', *, *, #3668, .T. ) ;
#5538 = LINE ( 'NONE', #3999, #5216 ) ;
#5539 =( GEOMETRIC_REPRESENTATION_CONTEXT ( 3 ) GLOBAL_UNCERTAINTY_ASSIGNED_CONTEXT ( ( #5888 ) ) GLOBAL_UNIT_ASSIGNED_CONTEXT ( ( #234, #1168, #4286 ) ) REPRESENTATION_CONTEXT ( 'NONE', 'WORKASPACE' ) );
#5540 = CYLINDRICAL_SURFACE ( 'NONE', #6549, 0.02000000000000005200 ) ;
#5541 = ORIENTED_EDGE ( 'NONE', *, *, #6544, .F. ) ;
#5542 = MECHANICAL_DESIGN_GEOMETRIC_PRESENTATION_REPRESENTATION (  '', ( #543 ), #1555 ) ;
#5543 = FACE_OUTER_BOUND ( 'NONE', #4829, .T. ) ;
#5544 = DIRECTION ( 'NONE',  ( 0.7540815958863055200, 0.0000000000000000000, 0.6567807448042021200 ) ) ;
#5545 = DIRECTION ( 'NONE',  ( -0.0000000000000000000, -1.000000000000000000, -0.0000000000000000000 ) ) ;
#5546 = DIRECTION ( 'NONE',  ( -1.000000000000000000, 0.0000000000000000000, 0.0000000000000000000 ) ) ;
#5547 = PRESENTATION_LAYER_ASSIGNMENT (  '', '', ( #2558 ) ) ;
#5548 = CARTESIAN_POINT ( 'NONE',  ( -1.139339668631820000, 0.5981499770527650700, 0.9887954162122155600 ) ) ;
#5549 = EDGE_LOOP ( 'NONE', ( #4567, #357, #2324, #1307 ) ) ;
#5550 = DIRECTION ( 'NONE',  ( 0.0000000000000000000, 0.0000000000000000000, 1.000000000000000000 ) ) ;
#5551 = LINE ( 'NONE', #5735, #5800 ) ;
#5552 =( GEOMETRIC_REPRESENTATION_CONTEXT ( 3 ) GLOBAL_UNCERTAINTY_ASSIGNED_CONTEXT ( ( #4265 ) ) GLOBAL_UNIT_ASSIGNED_CONTEXT ( ( #3262, #5254, #1741 ) ) REPRESENTATION_CONTEXT ( 'NONE', 'WORKASPACE' ) );
#5553 = CARTESIAN_POINT ( 'NONE',  ( -1.169999999999999700, 0.6500000000000000200, 0.7599999999999995600 ) ) ;
#5554 = DIRECTION ( 'NONE',  ( 0.0000000000000000000, 0.0000000000000000000, -1.000000000000000000 ) ) ;
#5555 = DIRECTION ( 'NONE',  ( 0.0000000000000000000, 1.000000000000000000, -0.0000000000000000000 ) ) ;
#5556 =( BOUNDED_CURVE ( )  B_SPLINE_CURVE ( 3, ( #1299, #852, #1806, #314 ),
 .UNSPECIFIED., .F., .F. ) 
 B_SPLINE_CURVE_WITH_KNOTS ( ( 4, 4 ),
 ( 3.141592653589793100, 4.712388980384679000 ),
 .UNSPECIFIED. ) 
 CURVE ( )  GEOMETRIC_REPRESENTATION_ITEM ( )  RATIONAL_B_SPLINE_CURVE ( ( 1.000000000000000000, 0.8047378541243674900, 0.8047378541243674900, 1.000000000000000000 ) ) 
 REPRESENTATION_ITEM ( '' )  );
#5557 = DIRECTION ( 'NONE',  ( 0.0000000000000000000, 0.0000000000000000000, -1.000000000000000000 ) ) ;
#5558 = ORIENTED_EDGE ( 'NONE', *, *, #2328, .F. ) ;
#5559 = ORIENTED_EDGE ( 'NONE', *, *, #925, .F. ) ;
#5560 = ORIENTED_EDGE ( 'NONE', *, *, #1062, .F. ) ;
#5561 = CARTESIAN_POINT ( 'NONE',  ( 1.020000000000000200, 0.6500000000000000200, -0.7599999999999995600 ) ) ;
#5562 = CIRCLE ( 'NONE', #5898, 0.1010000000000002800 ) ;
#5563 = ORIENTED_EDGE ( 'NONE', *, *, #3525, .F. ) ;
#5564 = CARTESIAN_POINT ( 'NONE',  ( -0.1855554773730387400, 0.7377475401500606100, -0.9063226277508152900 ) ) ;
#5565 = PRESENTATION_STYLE_ASSIGNMENT (( #2661 ) ) ;
#5566 = SURFACE_SIDE_STYLE ('',( #2654 ) ) ;
#5567 = CARTESIAN_POINT ( 'NONE',  ( -0.2000000000000000100, 0.0000000000000000000, 0.9799999999999997600 ) ) ;
#5568 = EDGE_CURVE ( 'NONE', #1211, #4275, #644, .T. ) ;
#5569 = STYLED_ITEM ( 'NONE', ( #99 ), #5887 ) ;
#5570 = EDGE_CURVE ( 'NONE', #1899, #5719, #4494, .T. ) ;
#5571 = EDGE_LOOP ( 'NONE', ( #3261, #6345 ) ) ;
#5572 =( LENGTH_UNIT ( ) NAMED_UNIT ( * ) SI_UNIT ( .MILLI., .METRE. ) );
#5573 = CARTESIAN_POINT ( 'NONE',  ( 0.1000000000000000100, 0.5999999999999999800, 0.9600000000000000800 ) ) ;
#5574 = DIRECTION ( 'NONE',  ( -0.0000000000000000000, -1.000000000000000000, 0.0000000000000000000 ) ) ;
#5575 = DIRECTION ( 'NONE',  ( -0.0000000000000000000, 1.000000000000000000, -0.0000000000000000000 ) ) ;
#5576 = CARTESIAN_POINT ( 'NONE',  ( 1.151000000000000200, 0.3310000000000000200, 0.3240000000000001800 ) ) ;
#5577 = AXIS2_PLACEMENT_3D ( 'NONE', #3274, #1159, #4764 ) ;
#5578 = ORIENTED_EDGE ( 'NONE', *, *, #3564, .T. ) ;
#5579 = VECTOR ( 'NONE', #802, 1000.000000000000000 ) ;
#5580 = SURFACE_SIDE_STYLE ('',( #1404 ) ) ;
#5581 = ADVANCED_FACE ( 'NONE', ( #1771 ), #3847, .F. ) ;
#5582 = ORIENTED_EDGE ( 'NONE', *, *, #1455, .T. ) ;
#5583 = ORIENTED_EDGE ( 'NONE', *, *, #5255, .F. ) ;
#5584 = LINE ( 'NONE', #2866, #5437 ) ;
#5585 = EDGE_LOOP ( 'NONE', ( #874, #1565, #2568, #2695, #1982, #2382, #805 ) ) ;
#5586 = LINE ( 'NONE', #3352, #1503 ) ;
#5587 = CARTESIAN_POINT ( 'NONE',  ( -0.1870725774717102400, 0.7348142061859529500, -0.9088164852306751500 ) ) ;
#5588 = AXIS2_PLACEMENT_3D ( 'NONE', #772, #4736, #1158 ) ;
#5589 = FACE_OUTER_BOUND ( 'NONE', #5951, .T. ) ;
#5590 = ORIENTED_EDGE ( 'NONE', *, *, #1604, .F. ) ;
#5591 = VECTOR ( 'NONE', #2157, 1000.000000000000000 ) ;
#5592 = FILL_AREA_STYLE ('',( #1498 ) ) ;
#5593 = DIRECTION ( 'NONE',  ( -2.065146995210484900E-016, 0.0000000000000000000, 1.000000000000000000 ) ) ;
#5594 = LINE ( 'NONE', #192, #3381 ) ;
#5595 = UNCERTAINTY_MEASURE_WITH_UNIT (LENGTH_MEASURE( 1.000000000000000100E-005 ), #2275, 'distance_accuracy_value', 'NONE');
#5596 = LINE ( 'NONE', #1678, #1515 ) ;
#5597 =( NAMED_UNIT ( * ) PLANE_ANGLE_UNIT ( ) SI_UNIT ( $, .RADIAN. ) );
#5598 = CYLINDRICAL_SURFACE ( 'NONE', #2880, 0.04999999999999991300 ) ;
#5599 = PRESENTATION_STYLE_ASSIGNMENT (( #1536 ) ) ;
#5600 = CARTESIAN_POINT ( 'NONE',  ( 1.148477421867325900, 0.02000000000000005200, 0.9999999999999997800 ) ) ;
#5601 = DIRECTION ( 'NONE',  ( 1.000000000000000000, -0.0000000000000000000, 0.0000000000000000000 ) ) ;
#5602 = DIRECTION ( 'NONE',  ( -0.0000000000000000000, -1.000000000000000000, -0.0000000000000000000 ) ) ;
#5603 = EDGE_CURVE ( 'NONE', #5235, #2188, #1109, .T. ) ;
#5604 = DIRECTION ( 'NONE',  ( 0.0000000000000000000, 0.0000000000000000000, -1.000000000000000000 ) ) ;
#5605 = EDGE_LOOP ( 'NONE', ( #113, #638, #10, #5975, #3469, #5911 ) ) ;
#5606 = PRESENTATION_STYLE_ASSIGNMENT (( #6552 ) ) ;
#5607 =( NAMED_UNIT ( * ) PLANE_ANGLE_UNIT ( ) SI_UNIT ( $, .RADIAN. ) );
#5608 = EDGE_CURVE ( 'NONE', #6097, #5483, #1587, .T. ) ;
#5609 = VERTEX_POINT ( 'NONE', #1954 ) ;
#5610 = VECTOR ( 'NONE', #3185, 1000.000000000000000 ) ;
#5611 = AXIS2_PLACEMENT_3D ( 'NONE', #6445, #2432, #3418 ) ;
#5612 = VECTOR ( 'NONE', #3834, 1000.000000000000000 ) ;
#5613 = CARTESIAN_POINT ( 'NONE',  ( -1.149999999999999900, 0.3300000000000000200, 5.110982803187865600E-016 ) ) ;
#5614 =( NAMED_UNIT ( * ) SI_UNIT ( $, .STERADIAN. ) SOLID_ANGLE_UNIT ( ) );
#5615 = DIRECTION ( 'NONE',  ( -0.0000000000000000000, -1.000000000000000000, -0.0000000000000000000 ) ) ;
#5616 = ORIENTED_EDGE ( 'NONE', *, *, #6493, .T. ) ;
#5617 = ADVANCED_FACE ( 'NONE', ( #3995 ), #6454, .F. ) ;
#5618 = DIRECTION ( 'NONE',  ( 1.000000000000000000, 0.0000000000000000000, -1.935435283114619600E-016 ) ) ;
#5619 = DIRECTION ( 'NONE',  ( 0.0000000000000000000, -0.0000000000000000000, -1.000000000000000000 ) ) ;
#5620 = ORIENTED_EDGE ( 'NONE', *, *, #450, .T. ) ;
#5621 = PRESENTATION_LAYER_ASSIGNMENT (  '', '', ( #1302 ) ) ;
#5622 = FILL_AREA_STYLE_COLOUR ( '', #5394 ) ;
#5623 = CARTESIAN_POINT ( 'NONE',  ( 1.019999999999998700, 0.5999999999999999800, 0.9600000000000003000 ) ) ;
#5624 = CARTESIAN_POINT ( 'NONE',  ( -0.4740000000000001400, -0.0000000000000000000, -0.3240000000000001800 ) ) ;
#5625 = DIRECTION ( 'NONE',  ( 0.0000000000000000000, 0.0000000000000000000, -1.000000000000000000 ) ) ;
#5626 = EDGE_CURVE ( 'NONE', #5850, #3606, #3750, .T. ) ;
#5627 = SURFACE_STYLE_FILL_AREA ( #58 ) ;
#5628 = COLOUR_RGB ( '',0.8823529411764705600, 0.8823529411764705600, 0.8823529411764705600 ) ;
#5629 = EDGE_CURVE ( 'NONE', #1899, #971, #3547, .T. ) ;
#5630 = DIRECTION ( 'NONE',  ( 0.7071067811865475700, 0.0000000000000000000, -0.7071067811865475700 ) ) ;
#5631 = AXIS2_PLACEMENT_3D ( 'NONE', #4063, #5646, #274 ) ;
#5632 = EDGE_LOOP ( 'NONE', ( #4621, #2504, #151, #2623 ) ) ;
#5633 = FACE_OUTER_BOUND ( 'NONE', #3689, .T. ) ;
#5634 = AXIS2_PLACEMENT_3D ( 'NONE', #918, #3475, #426 ) ;
#5635 =( NAMED_UNIT ( * ) PLANE_ANGLE_UNIT ( ) SI_UNIT ( $, .RADIAN. ) );
#5636 = ORIENTED_EDGE ( 'NONE', *, *, #3440, .F. ) ;
#5637 = DIRECTION ( 'NONE',  ( 1.084202172485504400E-016, 0.0000000000000000000, 1.000000000000000000 ) ) ;
#5638 = VERTEX_POINT ( 'NONE', #5517 ) ;
#5639 = DIRECTION ( 'NONE',  ( -0.6567807448042022300, 0.0000000000000000000, -0.7540815958863056300 ) ) ;
#5640 = CARTESIAN_POINT ( 'NONE',  ( 1.151000000000000200, 0.3310000000000000200, -0.8124480771102521300 ) ) ;
#5641 = UNCERTAINTY_MEASURE_WITH_UNIT (LENGTH_MEASURE( 1.000000000000000100E-005 ), #1261, 'distance_accuracy_value', 'NONE');
#5642 = SURFACE_SIDE_STYLE ('',( #6038 ) ) ;
#5643 = EDGE_LOOP ( 'NONE', ( #1215, #1447, #5563, #5858 ) ) ;
#5644 = AXIS2_PLACEMENT_3D ( 'NONE', #1983, #2516, #5618 ) ;
#5645 = DIRECTION ( 'NONE',  ( 1.084202172485504400E-016, -0.0000000000000000000, 1.000000000000000000 ) ) ;
#5646 = DIRECTION ( 'NONE',  ( -0.0000000000000000000, -1.000000000000000000, 0.0000000000000000000 ) ) ;
#5647 = CARTESIAN_POINT ( 'NONE',  ( 0.0000000000000000000, 0.0000000000000000000, 0.9009999999999999100 ) ) ;
#5648 = VECTOR ( 'NONE', #5241, 1000.000000000000000 ) ;
#5649 = SURFACE_SIDE_STYLE ('',( #2513 ) ) ;
#5650 = ORIENTED_EDGE ( 'NONE', *, *, #3464, .F. ) ;
#5651 = ORIENTED_EDGE ( 'NONE', *, *, #6065, .F. ) ;
#5652 = ADVANCED_FACE ( 'NONE', ( #6406 ), #413, .T. ) ;
#5653 = EDGE_CURVE ( 'NONE', #1577, #262, #3598, .T. ) ;
#5654 = VECTOR ( 'NONE', #5313, 1000.000000000000000 ) ;
#5655 =( GEOMETRIC_REPRESENTATION_CONTEXT ( 3 ) GLOBAL_UNCERTAINTY_ASSIGNED_CONTEXT ( ( #2529 ) ) GLOBAL_UNIT_ASSIGNED_CONTEXT ( ( #2672, #121, #2699 ) ) REPRESENTATION_CONTEXT ( 'NONE', 'WORKASPACE' ) );
#5656 = ORIENTED_EDGE ( 'NONE', *, *, #2409, .T. ) ;
#5657 = VECTOR ( 'NONE', #4004, 1000.000000000000000 ) ;
#5658 = DIRECTION ( 'NONE',  ( -0.6567807448042003400, 0.0000000000000000000, -0.7540815958863073000 ) ) ;
#5659 = SURFACE_STYLE_FILL_AREA ( #5702 ) ;
#5660 = CARTESIAN_POINT ( 'NONE',  ( 1.020000000000000200, 0.7299999999999999800, -0.7599999999999995600 ) ) ;
#5661 = DIRECTION ( 'NONE',  ( -0.7540815958863055200, 0.0000000000000000000, 0.6567807448042021200 ) ) ;
#5662 = ORIENTED_EDGE ( 'NONE', *, *, #1745, .T. ) ;
#5663 = LINE ( 'NONE', #2721, #6524 ) ;
#5664 = DIRECTION ( 'NONE',  ( 0.7540815958863055200, 0.0000000000000000000, -0.6567807448042022300 ) ) ;
#5665 = DIRECTION ( 'NONE',  ( -1.000000000000000000, 0.0000000000000000000, 0.0000000000000000000 ) ) ;
#5666 = CARTESIAN_POINT ( 'NONE',  ( 1.149999999999999900, 0.3310000000000000200, 1.000000000000000000 ) ) ;
#5667 = VERTEX_POINT ( 'NONE', #5576 ) ;
#5668 = VECTOR ( 'NONE', #3476, 1000.000000000000000 ) ;
#5669 = ORIENTED_EDGE ( 'NONE', *, *, #1173, .T. ) ;
#5670 = CARTESIAN_POINT ( 'NONE',  ( -0.4740000000000001400, 0.3310000000000000200, 0.0000000000000000000 ) ) ;
#5671 =( NAMED_UNIT ( * ) SI_UNIT ( $, .STERADIAN. ) SOLID_ANGLE_UNIT ( ) );
#5672 =( NAMED_UNIT ( * ) SI_UNIT ( $, .STERADIAN. ) SOLID_ANGLE_UNIT ( ) );
#5673 = PRESENTATION_LAYER_ASSIGNMENT (  '', '', ( #6221 ) ) ;
#5674 = VECTOR ( 'NONE', #452, 1000.000000000000100 ) ;
#5675 = STYLED_ITEM ( 'NONE', ( #5599 ), #3969 ) ;
#5676 = UNCERTAINTY_MEASURE_WITH_UNIT (LENGTH_MEASURE( 1.000000000000000100E-005 ), #2791, 'distance_accuracy_value', 'NONE');
#5677 = VECTOR ( 'NONE', #5338, 1000.000000000000000 ) ;
#5678 = DIRECTION ( 'NONE',  ( 0.0000000000000000000, 0.0000000000000000000, -1.000000000000000000 ) ) ;
#5679 = FACE_OUTER_BOUND ( 'NONE', #5585, .T. ) ;
#5680 = ORIENTED_EDGE ( 'NONE', *, *, #5147, .T. ) ;
#5681 = PLANE ( 'NONE',  #1644 ) ;
#5682 = PRESENTATION_LAYER_ASSIGNMENT (  '', '', ( #2403 ) ) ;
#5683 = ADVANCED_FACE ( 'NONE', ( #5679 ), #5020, .F. ) ;
#5684 = SURFACE_SIDE_STYLE ('',( #569 ) ) ;
#5685 = ORIENTED_EDGE ( 'NONE', *, *, #1248, .F. ) ;
#5686 = ORIENTED_EDGE ( 'NONE', *, *, #1945, .F. ) ;
#5687 = DIRECTION ( 'NONE',  ( -1.000000000000000000, 0.0000000000000000000, 0.0000000000000000000 ) ) ;
#5688 = DIRECTION ( 'NONE',  ( 0.0000000000000000000, 0.0000000000000000000, -1.000000000000000000 ) ) ;
#5689 = CARTESIAN_POINT ( 'NONE',  ( 1.151000000000000200, 0.3310000000000000200, 0.0000000000000000000 ) ) ;
#5690 = CARTESIAN_POINT ( 'NONE',  ( 1.185497518239655000E-016, 0.7399999999999999900, 0.9100000000000004800 ) ) ;
#5691 = ORIENTED_EDGE ( 'NONE', *, *, #3218, .F. ) ;
#5692 = CARTESIAN_POINT ( 'NONE',  ( -0.2000000000000000100, 0.5999999999999999800, -0.9600000000000006300 ) ) ;
#5693 =( NAMED_UNIT ( * ) SI_UNIT ( $, .STERADIAN. ) SOLID_ANGLE_UNIT ( ) );
#5694 = DIRECTION ( 'NONE',  ( -0.0000000000000000000, -1.000000000000000000, -0.0000000000000000000 ) ) ;
#5695 = CIRCLE ( 'NONE', #1518, 0.07899999999999997300 ) ;
#5696 = ORIENTED_EDGE ( 'NONE', *, *, #5486, .F. ) ;
#5697 = EDGE_CURVE ( 'NONE', #6448, #467, #4657, .T. ) ;
#5698 = STYLED_ITEM ( 'NONE', ( #4414 ), #5428 ) ;
#5699 = EDGE_CURVE ( 'NONE', #5288, #5381, #815, .T. ) ;
#5700 = VECTOR ( 'NONE', #6032, 1000.000000000000000 ) ;
#5701 = FACE_OUTER_BOUND ( 'NONE', #1217, .T. ) ;
#5702 = FILL_AREA_STYLE ('',( #526 ) ) ;
#5703 = PLANE ( 'NONE',  #3857 ) ;
#5704 = LINE ( 'NONE', #157, #3962 ) ;
#5705 = FACE_OUTER_BOUND ( 'NONE', #3463, .T. ) ;
#5706 = DIRECTION ( 'NONE',  ( -1.000000000000000000, 0.0000000000000000000, -1.084202172485501600E-014 ) ) ;
#5707 = CARTESIAN_POINT ( 'NONE',  ( -0.2000000000000000900, 0.02000000000000005200, 0.9999999999999997800 ) ) ;
#5708 = DIRECTION ( 'NONE',  ( -0.0000000000000000000, -1.000000000000000000, -0.0000000000000000000 ) ) ;
#5709 = EDGE_LOOP ( 'NONE', ( #1049, #6519, #6008, #5669 ) ) ;
#5710 = CARTESIAN_POINT ( 'NONE',  ( -1.151000000000000200, 0.3310000000000000200, 0.0000000000000000000 ) ) ;
#5711 = FACE_OUTER_BOUND ( 'NONE', #2816, .T. ) ;
#5712 = DIRECTION ( 'NONE',  ( 0.0000000000000000000, 0.0000000000000000000, -1.000000000000000000 ) ) ;
#5713 = EDGE_CURVE ( 'NONE', #2975, #286, #5024, .T. ) ;
#5714 = CARTESIAN_POINT ( 'NONE',  ( 0.1854135890085068500, 0.7380212646931426600, -0.9060878242366871000 ) ) ;
#5715 = APPLICATION_CONTEXT ( 'automotive_design' ) ;
#5716 = ADVANCED_FACE ( 'NONE', ( #1600 ), #573, .F. ) ;
#5717 = CARTESIAN_POINT ( 'NONE',  ( -1.019999999999998700, 0.7299999999999999800, 0.9100000000000007000 ) ) ;
#5718 = AXIS2_PLACEMENT_3D ( 'NONE', #2436, #875, #1378 ) ;
#5719 = VERTEX_POINT ( 'NONE', #1507 ) ;
#5720 = ORIENTED_EDGE ( 'NONE', *, *, #4043, .T. ) ;
#5721 = EDGE_LOOP ( 'NONE', ( #4835, #3914, #935, #554 ) ) ;
#5722 = DIRECTION ( 'NONE',  ( 0.0000000000000000000, 0.0000000000000000000, -1.000000000000000000 ) ) ;
#5723 = CARTESIAN_POINT ( 'NONE',  ( 1.020000000000000200, 0.7810000000000000300, 0.7600000000000003400 ) ) ;
#5724 = VERTEX_POINT ( 'NONE', #4064 ) ;
#5725 = PLANE ( 'NONE',  #4061 ) ;
#5726 = VERTEX_POINT ( 'NONE', #991 ) ;
#5727 = EDGE_CURVE ( 'NONE', #2747, #4714, #2648, .T. ) ;
#5728 = DIRECTION ( 'NONE',  ( 1.000000000000000000, 0.0000000000000000000, 0.0000000000000000000 ) ) ;
#5729 = VECTOR ( 'NONE', #1439, 1000.000000000000000 ) ;
#5730 = CARTESIAN_POINT ( 'NONE',  ( 0.0000000000000000000, 0.3310000000000000200, 0.0000000000000000000 ) ) ;
#5731 = CARTESIAN_POINT ( 'NONE',  ( -0.1000000000000000100, 0.0000000000000000000, 0.9600000000000000800 ) ) ;
#5732 = DIRECTION ( 'NONE',  ( -0.6567807448042022300, 0.0000000000000000000, 0.7540815958863055200 ) ) ;
#5733 = ORIENTED_EDGE ( 'NONE', *, *, #2843, .F. ) ;
#5734 = EDGE_CURVE ( 'NONE', #3519, #3871, #2008, .T. ) ;
#5735 = CARTESIAN_POINT ( 'NONE',  ( 1.220000000000000200, 0.5999999999999999800, 0.7599999999999992300 ) ) ;
#5736 = DIRECTION ( 'NONE',  ( -0.0000000000000000000, -1.000000000000000000, -0.0000000000000000000 ) ) ;
#5737 = PRESENTATION_STYLE_ASSIGNMENT (( #4586 ) ) ;
#5738 = DIRECTION ( 'NONE',  ( -0.0000000000000000000, -1.000000000000000000, -0.0000000000000000000 ) ) ;
#5739 = CARTESIAN_POINT ( 'NONE',  ( 1.148477421867325900, 0.02000000000000005200, 0.9999999999999995600 ) ) ;
#5740 = EDGE_CURVE ( 'NONE', #3263, #722, #1936, .T. ) ;
#5741 = AXIS2_PLACEMENT_3D ( 'NONE', #3621, #2624, #645 ) ;
#5742 = ORIENTED_EDGE ( 'NONE', *, *, #4935, .F. ) ;
#5743 = FILL_AREA_STYLE_COLOUR ( '', #5757 ) ;
#5744 = LINE ( 'NONE', #1357, #5657 ) ;
#5745 = FILL_AREA_STYLE ('',( #2716 ) ) ;
#5746 = VECTOR ( 'NONE', #3663, 1000.000000000000000 ) ;
#5747 = ORIENTED_EDGE ( 'NONE', *, *, #1403, .T. ) ;
#5748 = CARTESIAN_POINT ( 'NONE',  ( -1.230000000000000200, 0.5999999999999999800, -0.9020204102886727500 ) ) ;
#5749 = FILL_AREA_STYLE ('',( #2511 ) ) ;
#5750 = ORIENTED_EDGE ( 'NONE', *, *, #3073, .T. ) ;
#5751 = DIRECTION ( 'NONE',  ( 0.0000000000000000000, 1.000000000000000000, -0.0000000000000000000 ) ) ;
#5752 = CIRCLE ( 'NONE', #1385, 0.1399999999999999300 ) ;
#5753 = DIRECTION ( 'NONE',  ( 0.0000000000000000000, 1.000000000000000000, -0.0000000000000000000 ) ) ;
#5754 = ADVANCED_FACE ( 'NONE', ( #3385 ), #491, .F. ) ;
#5755 =( GEOMETRIC_REPRESENTATION_CONTEXT ( 3 ) GLOBAL_UNCERTAINTY_ASSIGNED_CONTEXT ( ( #6083 ) ) GLOBAL_UNIT_ASSIGNED_CONTEXT ( ( #2181, #5190, #3267 ) ) REPRESENTATION_CONTEXT ( 'NONE', 'WORKASPACE' ) );
#5756 = EDGE_CURVE ( 'NONE', #5609, #6366, #5035, .T. ) ;
#5757 = COLOUR_RGB ( '',1.000000000000000000, 0.8823529411764705600, 0.3764705882352941100 ) ;
#5758 = VECTOR ( 'NONE', #4769, 1000.000000000000000 ) ;
#5759 = CARTESIAN_POINT ( 'NONE',  ( 0.1000000000000000100, 0.5999999999999999800, 0.9600000000000004100 ) ) ;
#5760 = SURFACE_SIDE_STYLE ('',( #2749 ) ) ;
#5761 = CARTESIAN_POINT ( 'NONE',  ( -0.2000000000000000100, 0.02000000000000005200, 0.9999999999999997800 ) ) ;
#5762 = FILL_AREA_STYLE ('',( #4248 ) ) ;
#5763 = MECHANICAL_DESIGN_GEOMETRIC_PRESENTATION_REPRESENTATION (  '', ( #2357 ), #302 ) ;
#5764 = DIRECTION ( 'NONE',  ( -0.0000000000000000000, -1.000000000000000000, -0.0000000000000000000 ) ) ;
#5765 = CARTESIAN_POINT ( 'NONE',  ( 1.150000000000000100, 0.5999999999999999800, -1.000000000000000000 ) ) ;
#5766 = SURFACE_STYLE_USAGE ( .BOTH. , #3780 ) ;
#5767 = LINE ( 'NONE', #3649, #5277 ) ;
#5768 = CARTESIAN_POINT ( 'NONE',  ( 0.2000000000000000100, 0.5999999999999999800, 0.9999999999999997800 ) ) ;
#5769 = LINE ( 'NONE', #4825, #1285 ) ;
#5770 = AXIS2_PLACEMENT_3D ( 'NONE', #1313, #4901, #6395 ) ;
#5771 = MANIFOLD_SOLID_BREP ( 'Boss-Extrude2[4]', #3454 ) ;
#5772 = VECTOR ( 'NONE', #2247, 1000.000000000000000 ) ;
#5774 = VERTEX_POINT ( 'NONE', #3118 ) ;
#5773 = CARTESIAN_POINT ( 'NONE',  ( -0.09346153846153686100, 0.3300000000000000200, -0.1073076923076908100 ) ) ;
#5775 = PLANE ( 'NONE',  #5815 ) ;
#5776 = VECTOR ( 'NONE', #4644, 1000.000000000000000 ) ;
#5777 = CARTESIAN_POINT ( 'NONE',  ( -0.1877553417177550100, 0.7299999999999999800, -0.9099999999999997000 ) ) ;
#5778 = CARTESIAN_POINT ( 'NONE',  ( -1.219999999999999800, 0.5999999999999999800, 0.7599999999999995600 ) ) ;
#5779 = CARTESIAN_POINT ( 'NONE',  ( -1.230229103628967000, 0.5999999999999999800, 0.8818725098462406600 ) ) ;
#5780 = ORIENTED_EDGE ( 'NONE', *, *, #1509, .F. ) ;
#5781 =( GEOMETRIC_REPRESENTATION_CONTEXT ( 3 ) GLOBAL_UNCERTAINTY_ASSIGNED_CONTEXT ( ( #1886 ) ) GLOBAL_UNIT_ASSIGNED_CONTEXT ( ( #3442, #2438, #5422 ) ) REPRESENTATION_CONTEXT ( 'NONE', 'WORKASPACE' ) );
#5782 = ORIENTED_EDGE ( 'NONE', *, *, #4613, .F. ) ;
#5783 = CARTESIAN_POINT ( 'NONE',  ( 0.2000000000000000100, 0.02000000000000005200, -1.000000000000000200 ) ) ;
#5784 = CARTESIAN_POINT ( 'NONE',  ( 1.249999999999999800, 0.3310000000000000200, -1.355252715606880300E-016 ) ) ;
#5785 = CARTESIAN_POINT ( 'NONE',  ( 1.099000000000000200, 0.7810000000000000300, 0.7600000000000003400 ) ) ;
#5786 =( NAMED_UNIT ( * ) SI_UNIT ( $, .STERADIAN. ) SOLID_ANGLE_UNIT ( ) );
#5787 = VECTOR ( 'NONE', #5946, 1000.000000000000000 ) ;
#5788 = ORIENTED_EDGE ( 'NONE', *, *, #5608, .F. ) ;
#5789 = CARTESIAN_POINT ( 'NONE',  ( 1.135535072573281300, 0.5995812516312389900, -0.9845019514342957500 ) ) ;
#5790 = PLANE ( 'NONE',  #1080 ) ;
#5791 = ADVANCED_FACE ( 'NONE', ( #3860 ), #4198, .F. ) ;
#5792 = CARTESIAN_POINT ( 'NONE',  ( 1.230229103628966800, 0.5999999999999999800, 0.8818725098462406600 ) ) ;
#5793 = CIRCLE ( 'NONE', #3617, 0.05000000000000002400 ) ;
#5794 = VECTOR ( 'NONE', #2186, 1000.000000000000000 ) ;
#5795 = EDGE_CURVE ( 'NONE', #4861, #3004, #6490, .T. ) ;
#5796 =( GEOMETRIC_REPRESENTATION_CONTEXT ( 3 ) GLOBAL_UNCERTAINTY_ASSIGNED_CONTEXT ( ( #1769 ) ) GLOBAL_UNIT_ASSIGNED_CONTEXT ( ( #2079, #1548, #3698 ) ) REPRESENTATION_CONTEXT ( 'NONE', 'WORKASPACE' ) );
#5797 = EDGE_CURVE ( 'NONE', #4358, #237, #2559, .T. ) ;
#5798 = ORIENTED_EDGE ( 'NONE', *, *, #2057, .F. ) ;
#5799 = DIRECTION ( 'NONE',  ( -1.000000000000000000, 0.0000000000000000000, -2.065146995210484900E-016 ) ) ;
#5800 = VECTOR ( 'NONE', #180, 1000.000000000000000 ) ;
#5801 = CARTESIAN_POINT ( 'NONE',  ( 0.0000000000000000000, 0.0000000000000000000, 0.3240000000000001800 ) ) ;
#5802 = ORIENTED_EDGE ( 'NONE', *, *, #1776, .F. ) ;
#5803 = EDGE_LOOP ( 'NONE', ( #6436, #5341, #1821, #5453 ) ) ;
#5804 = CARTESIAN_POINT ( 'NONE',  ( -1.148477421867325900, 0.02000000000000005200, 0.9999999999999995600 ) ) ;
#5805 = CARTESIAN_POINT ( 'NONE',  ( 0.0000000000000000000, 0.3300000000000000200, 0.0000000000000000000 ) ) ;
#5806 = SURFACE_STYLE_USAGE ( .BOTH. , #3702 ) ;
#5807 = ORIENTED_EDGE ( 'NONE', *, *, #1959, .T. ) ;
#5808 = FILL_AREA_STYLE_COLOUR ( '', #983 ) ;
#5809 = EDGE_LOOP ( 'NONE', ( #3379, #1251, #1525, #2766 ) ) ;
#5810 = PRESENTATION_LAYER_ASSIGNMENT (  '', '', ( #453 ) ) ;
#5811 = PRESENTATION_STYLE_ASSIGNMENT (( #5475 ) ) ;
#5812 = UNCERTAINTY_MEASURE_WITH_UNIT (LENGTH_MEASURE( 1.000000000000000100E-005 ), #3951, 'distance_accuracy_value', 'NONE');
#5813 = CARTESIAN_POINT ( 'NONE',  ( -1.019999999999999800, 0.6500000000000000200, -0.9099999999999997000 ) ) ;
#5814 = VERTEX_POINT ( 'NONE', #5215 ) ;
#5815 = AXIS2_PLACEMENT_3D ( 'NONE', #6271, #2252, #2227 ) ;
#5816 = CARTESIAN_POINT ( 'NONE',  ( 0.0000000000000000000, -0.0000000000000000000, 0.3250000000000001800 ) ) ;
#5817 = ORIENTED_EDGE ( 'NONE', *, *, #1020, .T. ) ;
#5818 = VECTOR ( 'NONE', #3778, 1000.000000000000000 ) ;
#5819 = CARTESIAN_POINT ( 'NONE',  ( -1.247381284126717600, 0.5898939861650834800, 0.8974147029316669200 ) ) ;
#5820 = PLANE ( 'NONE',  #3690 ) ;
#5821 = VERTEX_POINT ( 'NONE', #1056 ) ;
#5822 = CARTESIAN_POINT ( 'NONE',  ( 0.09411831920634057500, 0.0000000000000000000, -0.1080617739035766900 ) ) ;
#5823 = ADVANCED_FACE ( 'NONE', ( #5988 ), #60, .T. ) ;
#5824 = EDGE_CURVE ( 'NONE', #2235, #3628, #2416, .T. ) ;
#5825 = ORIENTED_EDGE ( 'NONE', *, *, #2195, .T. ) ;
#5826 = FACE_OUTER_BOUND ( 'NONE', #1907, .T. ) ;
#5827 = CARTESIAN_POINT ( 'NONE',  ( -1.019999999999998700, 0.7399999999999999900, 0.9100000000000007000 ) ) ;
#5828 = CARTESIAN_POINT ( 'NONE',  ( -1.250000000000000200, 0.3300000000000000200, 1.000000000000000000 ) ) ;
#5829 = CYLINDRICAL_SURFACE ( 'NONE', #1986, 0.1010000000000000800 ) ;
#5830 = DIRECTION ( 'NONE',  ( 0.0000000000000000000, 0.0000000000000000000, 1.000000000000000000 ) ) ;
#5831 = EDGE_CURVE ( 'NONE', #3771, #4714, #4249, .T. ) ;
#5832 = DIRECTION ( 'NONE',  ( 0.7540815958863071900, 0.0000000000000000000, -0.6567807448042002300 ) ) ;
#5833 = ORIENTED_EDGE ( 'NONE', *, *, #3326, .F. ) ;
#5834 = COLOUR_RGB ( '',1.000000000000000000, 0.8823529411764705600, 0.3764705882352941100 ) ;
#5835 = CARTESIAN_POINT ( 'NONE',  ( 0.2000000000000000100, 0.5999999999999999800, 0.9999999999999997800 ) ) ;
#5836 = SURFACE_SIDE_STYLE ('',( #602 ) ) ;
#5837 = CARTESIAN_POINT ( 'NONE',  ( 1.019999999999999100, 0.7399999999999999900, -0.9099999999999997000 ) ) ;
#5838 = STYLED_ITEM ( 'NONE', ( #5185 ), #5314 ) ;
#5839 = EDGE_CURVE ( 'NONE', #2477, #5899, #5028, .T. ) ;
#5840 = CARTESIAN_POINT ( 'NONE',  ( 1.020000000000000200, 0.6500000000000000200, 0.7600000000000003400 ) ) ;
#5841 = VERTEX_POINT ( 'NONE', #4172 ) ;
#5842 = DIRECTION ( 'NONE',  ( -1.000000000000000000, 0.0000000000000000000, 0.0000000000000000000 ) ) ;
#5843 = LINE ( 'NONE', #4851, #5354 ) ;
#5844 = COLOUR_RGB ( '',1.000000000000000000, 0.8823529411764705600, 0.3764705882352941100 ) ;
#5845 = DIRECTION ( 'NONE',  ( 0.0000000000000000000, 0.0000000000000000000, -1.000000000000000000 ) ) ;
#5846 = COLOUR_RGB ( '',1.000000000000000000, 0.8823529411764705600, 0.3764705882352941100 ) ;
#5847 = CYLINDRICAL_SURFACE ( 'NONE', #6360, 0.02000000000000005200 ) ;
#5848 = MECHANICAL_DESIGN_GEOMETRIC_PRESENTATION_REPRESENTATION (  '', ( #4037 ), #3459 ) ;
#5849 = VECTOR ( 'NONE', #3196, 1000.000000000000000 ) ;
#5850 = VERTEX_POINT ( 'NONE', #5666 ) ;
#5851 = EDGE_CURVE ( 'NONE', #1939, #282, #3927, .T. ) ;
#5852 = CARTESIAN_POINT ( 'NONE',  ( -0.1877553417177550100, 0.7299999999999999800, -0.9099999999999997000 ) ) ;
#5853 = CARTESIAN_POINT ( 'NONE',  ( -0.4750000000000001400, 0.3300000000000000200, -0.8999999999999999100 ) ) ;
#5854 = UNCERTAINTY_MEASURE_WITH_UNIT (LENGTH_MEASURE( 1.000000000000000100E-005 ), #4529, 'distance_accuracy_value', 'NONE');
#5855 = DIRECTION ( 'NONE',  ( 1.000000000000000000, 0.0000000000000000000, 1.935435283114619600E-016 ) ) ;
#5856 = VERTEX_POINT ( 'NONE', #2612 ) ;
#5857 = PLANE ( 'NONE',  #5588 ) ;
#5858 = ORIENTED_EDGE ( 'NONE', *, *, #2254, .T. ) ;
#5859 = CARTESIAN_POINT ( 'NONE',  ( 1.019999999999999400, 0.8010000000000000500, 0.8390000000000005200 ) ) ;
#5860 = ADVANCED_FACE ( 'NONE', ( #267 ), #1571, .F. ) ;
#5861 = PRESENTATION_LAYER_ASSIGNMENT (  '', '', ( #5507 ) ) ;
#5862 = SURFACE_STYLE_FILL_AREA ( #5477 ) ;
#5863 = CARTESIAN_POINT ( 'NONE',  ( 0.1877553417177565100, 0.7299999999999999800, -0.9099999999999997000 ) ) ;
#5864 = CARTESIAN_POINT ( 'NONE',  ( 1.185497518239656000E-016, 0.7399999999999999900, 0.9100000000000005900 ) ) ;
#5865 = CARTESIAN_POINT ( 'NONE',  ( 0.2010000000069265800, 0.5999999999860115000, -0.9554438652914774000 ) ) ;
#5866 = ORIENTED_EDGE ( 'NONE', *, *, #807, .T. ) ;
#5867 = CARTESIAN_POINT ( 'NONE',  ( 1.249999999999999800, 0.5817894150928535300, -0.8999999999999999100 ) ) ;
#5868 = SURFACE_SIDE_STYLE ('',( #4491 ) ) ;
#5869 = ORIENTED_EDGE ( 'NONE', *, *, #5456, .F. ) ;
#5870 = PRESENTATION_STYLE_ASSIGNMENT (( #5141 ) ) ;
#5871 =( NAMED_UNIT ( * ) PLANE_ANGLE_UNIT ( ) SI_UNIT ( $, .RADIAN. ) );
#5872 = SURFACE_SIDE_STYLE ('',( #4271 ) ) ;
#5873 = SURFACE_STYLE_USAGE ( .BOTH. , #3412 ) ;
#5874 = EDGE_CURVE ( 'NONE', #5235, #2627, #2641, .T. ) ;
#5875 = MECHANICAL_DESIGN_GEOMETRIC_PRESENTATION_REPRESENTATION (  '', ( #4520 ), #5655 ) ;
#5876 = DIRECTION ( 'NONE',  ( 0.0000000000000000000, 0.0000000000000000000, 1.000000000000000000 ) ) ;
#5877 = DIRECTION ( 'NONE',  ( 0.0000000000000000000, -0.0000000000000000000, 1.000000000000000000 ) ) ;
#5878 = CARTESIAN_POINT ( 'NONE',  ( 0.2000000000000000100, 0.5999999999999999800, -1.000000000000000200 ) ) ;
#5879 = FILL_AREA_STYLE ('',( #1279 ) ) ;
#5880 = ORIENTED_EDGE ( 'NONE', *, *, #3525, .T. ) ;
#5881 = CARTESIAN_POINT ( 'NONE',  ( 0.0000000000000000000, 0.7399999999999999900, 0.8589999999999999900 ) ) ;
#5882 = AXIS2_PLACEMENT_3D ( 'NONE', #2683, #3161, #1652 ) ;
#5883 = CARTESIAN_POINT ( 'NONE',  ( 0.09999999999999929800, 0.7399999999999999900, 0.8589999999999999900 ) ) ;
#5884 = EDGE_CURVE ( 'NONE', #5053, #2188, #1430, .T. ) ;
#5885 = ORIENTED_EDGE ( 'NONE', *, *, #5039, .T. ) ;
#5886 = VECTOR ( 'NONE', #3585, 1000.000000000000000 ) ;
#5887 = ADVANCED_FACE ( 'NONE', ( #2807 ), #679, .F. ) ;
#5888 = UNCERTAINTY_MEASURE_WITH_UNIT (LENGTH_MEASURE( 1.000000000000000100E-005 ), #234, 'distance_accuracy_value', 'NONE');
#5889 = PRESENTATION_LAYER_ASSIGNMENT (  '', '', ( #4498 ) ) ;
#5890 = ORIENTED_EDGE ( 'NONE', *, *, #1136, .T. ) ;
#5891 = CARTESIAN_POINT ( 'NONE',  ( 1.019999999999999100, 0.5999999999999999800, -0.9599999999999996300 ) ) ;
#5892 =( NAMED_UNIT ( * ) SI_UNIT ( $, .STERADIAN. ) SOLID_ANGLE_UNIT ( ) );
#5893 = AXIS2_PLACEMENT_3D ( 'NONE', #4780, #1222, #5706 ) ;
#5894 = CYLINDRICAL_SURFACE ( 'NONE', #3619, 0.1000000000000000500 ) ;
#5895 = ORIENTED_EDGE ( 'NONE', *, *, #6065, .T. ) ;
#5896 =( LENGTH_UNIT ( ) NAMED_UNIT ( * ) SI_UNIT ( .MILLI., .METRE. ) );
#5897 = DIRECTION ( 'NONE',  ( -1.000000000000000000, 0.0000000000000000000, -0.0000000000000000000 ) ) ;
#5898 = AXIS2_PLACEMENT_3D ( 'NONE', #4081, #2101, #1006 ) ;
#5899 = VERTEX_POINT ( 'NONE', #1154 ) ;
#5900 = DIRECTION ( 'NONE',  ( -4.444332872337274000E-016, 0.0000000000000000000, 1.000000000000000000 ) ) ;
#5901 = SURFACE_SIDE_STYLE ('',( #1510 ) ) ;
#5902 = CIRCLE ( 'NONE', #1349, 0.1499999999999999700 ) ;
#5903 = AXIS2_PLACEMENT_3D ( 'NONE', #5768, #185, #5220 ) ;
#5904 = COLOUR_RGB ( '',1.000000000000000000, 0.8823529411764705600, 0.3764705882352941100 ) ;
#5905 =( NAMED_UNIT ( * ) PLANE_ANGLE_UNIT ( ) SI_UNIT ( $, .RADIAN. ) );
#5906 = EDGE_LOOP ( 'NONE', ( #2365, #3253, #5158, #1340 ) ) ;
#5907 = SURFACE_STYLE_FILL_AREA ( #6446 ) ;
#5908 = DIRECTION ( 'NONE',  ( -1.000000000000000000, 0.0000000000000000000, 0.0000000000000000000 ) ) ;
#5909 = FACE_OUTER_BOUND ( 'NONE', #3618, .T. ) ;
#5910 = ORIENTED_EDGE ( 'NONE', *, *, #2081, .F. ) ;
#5911 = ORIENTED_EDGE ( 'NONE', *, *, #1990, .T. ) ;
#5912 =( LENGTH_UNIT ( ) NAMED_UNIT ( * ) SI_UNIT ( .MILLI., .METRE. ) );
#5913 = CARTESIAN_POINT ( 'NONE',  ( 0.0000000000000000000, -0.0000000000000000000, -0.3240000000000001800 ) ) ;
#5914 = DIRECTION ( 'NONE',  ( 0.0000000000000000000, -1.000000000000000000, 0.0000000000000000000 ) ) ;
#5915 = SURFACE_STYLE_FILL_AREA ( #3851 ) ;
#5916 = CARTESIAN_POINT ( 'NONE',  ( -0.0001420358232436459300, 0.3310000000000000200, -0.0001630781674278896300 ) ) ;
#5917 = ORIENTED_EDGE ( 'NONE', *, *, #2216, .F. ) ;
#5918 = SURFACE_STYLE_FILL_AREA ( #1361 ) ;
#5919 = EDGE_CURVE ( 'NONE', #5424, #5814, #3592, .T. ) ;
#5920 = AXIS2_PLACEMENT_3D ( 'NONE', #2173, #4733, #728 ) ;
#5921 = CARTESIAN_POINT ( 'NONE',  ( 1.019999999999999600, 0.8010000000000000500, -0.8389999999999996300 ) ) ;
#5922 = COLOUR_RGB ( '',0.2509803921568627400, 0.2509803921568627400, 0.2509803921568627400 ) ;
#5923 = SURFACE_STYLE_USAGE ( .BOTH. , #2370 ) ;
#5924 = CYLINDRICAL_SURFACE ( 'NONE', #3307, 0.1000000000000000500 ) ;
#5925 = AXIS2_PLACEMENT_3D ( 'NONE', #5828, #200, #3773 ) ;
#5926 = EDGE_LOOP ( 'NONE', ( #4708, #4069, #5750, #5021 ) ) ;
#5927 =( BOUNDED_CURVE ( )  B_SPLINE_CURVE ( 3, ( #3875, #4787, #775, #5290 ),
 .UNSPECIFIED., .F., .F. ) 
 B_SPLINE_CURVE_WITH_KNOTS ( ( 4, 4 ),
 ( 3.141592653589793100, 4.712388980384678100 ),
 .UNSPECIFIED. ) 
 CURVE ( )  GEOMETRIC_REPRESENTATION_ITEM ( )  RATIONAL_B_SPLINE_CURVE ( ( 1.000000000000000000, 0.8047378541243677100, 0.8047378541243677100, 1.000000000000000000 ) ) 
 REPRESENTATION_ITEM ( '' )  );
#5928 = VERTEX_POINT ( 'NONE', #2770 ) ;
#5929 = CARTESIAN_POINT ( 'NONE',  ( 1.099000000000000400, 0.7810000000000000300, 0.7600000000000010100 ) ) ;
#5930 = CARTESIAN_POINT ( 'NONE',  ( -0.1877553417177557400, 0.6447987541414834700, 0.9100000000000005900 ) ) ;
#5931 =( NAMED_UNIT ( * ) PLANE_ANGLE_UNIT ( ) SI_UNIT ( $, .RADIAN. ) );
#5932 = SURFACE_STYLE_FILL_AREA ( #2922 ) ;
#5933 = STYLED_ITEM ( 'NONE', ( #2613 ), #3541 ) ;
#5934 = CARTESIAN_POINT ( 'NONE',  ( -0.2000000000000000100, 0.5999999999999999800, 0.9999999999999997800 ) ) ;
#5935 = ORIENTED_EDGE ( 'NONE', *, *, #2987, .T. ) ;
#5936 = SURFACE_SIDE_STYLE ('',( #3299 ) ) ;
#5937 =( GEOMETRIC_REPRESENTATION_CONTEXT ( 3 ) GLOBAL_UNCERTAINTY_ASSIGNED_CONTEXT ( ( #6246 ) ) GLOBAL_UNIT_ASSIGNED_CONTEXT ( ( #464, #4612, #4123 ) ) REPRESENTATION_CONTEXT ( 'NONE', 'WORKASPACE' ) );
#5938 = FACE_OUTER_BOUND ( 'NONE', #2630, .T. ) ;
#5939 = CARTESIAN_POINT ( 'NONE',  ( 0.1000000000000008500, 0.7399999999999999900, -0.9599999999999989700 ) ) ;
#5940 = SURFACE_SIDE_STYLE ('',( #2942 ) ) ;
#5941 = EDGE_CURVE ( 'NONE', #2848, #4628, #339, .T. ) ;
#5942 = CYLINDRICAL_SURFACE ( 'NONE', #2927, 0.1000000000000000500 ) ;
#5943 = CARTESIAN_POINT ( 'NONE',  ( 0.0007988165680478640000, 0.3300000000000000200, -0.0009171597633142134500 ) ) ;
#5944 = ORIENTED_EDGE ( 'NONE', *, *, #1532, .T. ) ;
#5945 = EDGE_CURVE ( 'NONE', #4800, #2975, #5596, .T. ) ;
#5946 = DIRECTION ( 'NONE',  ( 1.000000000000000000, -0.0000000000000000000, -2.065146995210484200E-016 ) ) ;
#5947 = DIRECTION ( 'NONE',  ( -0.0000000000000000000, -1.000000000000000000, -0.0000000000000000000 ) ) ;
#5948 = DIRECTION ( 'NONE',  ( 1.000000000000000000, 0.0000000000000000000, 2.065146995210485200E-016 ) ) ;
#5949 = ADVANCED_FACE ( 'NONE', ( #5271 ), #2258, .T. ) ;
#5950 = STYLED_ITEM ( 'NONE', ( #1850 ), #5490 ) ;
#5951 = EDGE_LOOP ( 'NONE', ( #3283, #1795 ) ) ;
#5952 = CARTESIAN_POINT ( 'NONE',  ( 0.1000000000000000100, 0.5999999999999999800, -0.9600000000000000800 ) ) ;
#5953 = EDGE_LOOP ( 'NONE', ( #2547, #2822, #4132, #6328 ) ) ;
#5954 = CARTESIAN_POINT ( 'NONE',  ( 1.020000000000000200, 0.7810000000000000300, -0.7599999999999995600 ) ) ;
#5955 = CARTESIAN_POINT ( 'NONE',  ( -1.230000000000000200, 0.5799999999999998500, 0.9600000000000000800 ) ) ;
#5956 = CARTESIAN_POINT ( 'NONE',  ( 0.2000000000000000100, 0.5999999999999999800, -0.9600000000000006300 ) ) ;
#5957 = ORIENTED_EDGE ( 'NONE', *, *, #2997, .F. ) ;
#5958 = VERTEX_POINT ( 'NONE', #2239 ) ;
#5959 = CARTESIAN_POINT ( 'NONE',  ( -1.151000000000000200, -0.0000000000000000000, 0.0000000000000000000 ) ) ;
#5960 = B_SPLINE_CURVE_WITH_KNOTS ( 'NONE', 3,
 ( #966, #6071, #479, #3178, #6227, #143, #4162, #6185, #1147, #4725, #73, #94, #3687, #3203, #4214, #5203 ),
 .UNSPECIFIED., .F., .F.,
 ( 4, 3, 3, 3, 3, 4 ),
 ( 0.0000000000000000000, 6.704755209310364100E-006, 1.341532794595497600E-005, 2.005420953689222300E-005, 2.672224724878933300E-005, 3.137336707022504500E-005 ),
 .UNSPECIFIED. ) ;
#5961 = LINE ( 'NONE', #1226, #4622 ) ;
#5962 = EDGE_CURVE ( 'NONE', #1991, #4905, #6465, .T. ) ;
#5963 = EDGE_CURVE ( 'NONE', #4504, #1816, #1693, .T. ) ;
#5964 = ORIENTED_EDGE ( 'NONE', *, *, #4637, .F. ) ;
#5965 = CARTESIAN_POINT ( 'NONE',  ( -0.1869149746737553400, 0.7353394772266734800, 0.9085493988235954200 ) ) ;
#5966 = AXIS2_PLACEMENT_3D ( 'NONE', #1794, #2315, #1287 ) ;
#5967 = ORIENTED_EDGE ( 'NONE', *, *, #6195, .F. ) ;
#5968 = CARTESIAN_POINT ( 'NONE',  ( 1.241179047312411800, 0.5968159657641406400, -0.8915195137734995800 ) ) ;
#5969 = CARTESIAN_POINT ( 'NONE',  ( 1.132066353040787700, 0.5999960550450437200, 0.9804584633714708000 ) ) ;
#5970 = DIRECTION ( 'NONE',  ( -2.168404344971005300E-015, 0.0000000000000000000, -1.000000000000000000 ) ) ;
#5971 = AXIS2_PLACEMENT_3D ( 'NONE', #2962, #4488, #4018 ) ;
#5972 = EDGE_LOOP ( 'NONE', ( #4483, #3159, #3135, #5720 ) ) ;
#5973 =( NAMED_UNIT ( * ) PLANE_ANGLE_UNIT ( ) SI_UNIT ( $, .RADIAN. ) );
#5974 = DIRECTION ( 'NONE',  ( 0.0000000000000000000, 0.0000000000000000000, -1.000000000000000000 ) ) ;
#5975 = ORIENTED_EDGE ( 'NONE', *, *, #2385, .T. ) ;
#5976 = CARTESIAN_POINT ( 'NONE',  ( 1.019999999999999600, 0.7810000000000000300, -0.8389999999999996300 ) ) ;
#5977 = FILL_AREA_STYLE_COLOUR ( '', #4017 ) ;
#5978 = ORIENTED_EDGE ( 'NONE', *, *, #4363, .T. ) ;
#5979 = LINE ( 'NONE', #4772, #3843 ) ;
#5980 = AXIS2_PLACEMENT_3D ( 'NONE', #5660, #1564, #6163 ) ;
#5981 =( NAMED_UNIT ( * ) PLANE_ANGLE_UNIT ( ) SI_UNIT ( $, .RADIAN. ) );
#5982 = LINE ( 'NONE', #6458, #1852 ) ;
#5983 = LINE ( 'NONE', #1637, #2881 ) ;
#5984 = ORIENTED_EDGE ( 'NONE', *, *, #4531, .T. ) ;
#5985 = LINE ( 'NONE', #6569, #4646 ) ;
#5986 = LINE ( 'NONE', #5195, #653 ) ;
#5987 = EDGE_CURVE ( 'NONE', #6455, #2634, #6310, .T. ) ;
#5988 = FACE_OUTER_BOUND ( 'NONE', #1937, .T. ) ;
#5989 =( GEOMETRIC_REPRESENTATION_CONTEXT ( 3 ) GLOBAL_UNCERTAINTY_ASSIGNED_CONTEXT ( ( #1337 ) ) GLOBAL_UNIT_ASSIGNED_CONTEXT ( ( #739, #1240, #5272 ) ) REPRESENTATION_CONTEXT ( 'NONE', 'WORKASPACE' ) );
#5990 = PRESENTATION_STYLE_ASSIGNMENT (( #5149 ) ) ;
#5991 = FACE_OUTER_BOUND ( 'NONE', #429, .T. ) ;
#5992 = LINE ( 'NONE', #5813, #4003 ) ;
#5993 = LINE ( 'NONE', #552, #3302 ) ;
#5994 = ORIENTED_EDGE ( 'NONE', *, *, #6081, .T. ) ;
#5995 = CARTESIAN_POINT ( 'NONE',  ( 1.249999999999999800, 0.5999999999999999800, -1.000000000000000000 ) ) ;
#5996 =( GEOMETRIC_REPRESENTATION_CONTEXT ( 3 ) GLOBAL_UNCERTAINTY_ASSIGNED_CONTEXT ( ( #521 ) ) GLOBAL_UNIT_ASSIGNED_CONTEXT ( ( #1446, #2038, #6080 ) ) REPRESENTATION_CONTEXT ( 'NONE', 'WORKASPACE' ) );
#5997 = FILL_AREA_STYLE_COLOUR ( '', #3796 ) ;
#5998 = VECTOR ( 'NONE', #820, 1000.000000000000000 ) ;
#5999 = EDGE_LOOP ( 'NONE', ( #2489, #4864, #993, #256 ) ) ;
#6000 = ORIENTED_EDGE ( 'NONE', *, *, #5364, .F. ) ;
#6001 = CARTESIAN_POINT ( 'NONE',  ( 0.0000000000000000000, 0.3310000000000000200, 0.9009999999999999100 ) ) ;
#6002 = CYLINDRICAL_SURFACE ( 'NONE', #5077, 0.01000000000000002600 ) ;
#6003 = PRESENTATION_LAYER_ASSIGNMENT (  '', '', ( #4991 ) ) ;
#6004 =( BOUNDED_CURVE ( )  B_SPLINE_CURVE ( 3, ( #6263, #3241, #4222, #2706 ),
 .UNSPECIFIED., .F., .F. ) 
 B_SPLINE_CURVE_WITH_KNOTS ( ( 4, 4 ),
 ( 4.712388980384684300, 6.283185307179586200 ),
 .UNSPECIFIED. ) 
 CURVE ( )  GEOMETRIC_REPRESENTATION_ITEM ( )  RATIONAL_B_SPLINE_CURVE ( ( 1.000000000000000000, 0.8047378541243637200, 0.8047378541243637200, 1.000000000000000000 ) ) 
 REPRESENTATION_ITEM ( '' )  );
#6005 = ORIENTED_EDGE ( 'NONE', *, *, #6081, .F. ) ;
#6006 = AXIS2_PLACEMENT_3D ( 'NONE', #6120, #533, #5687 ) ;
#6007 = LINE ( 'NONE', #3928, #5787 ) ;
#6008 = ORIENTED_EDGE ( 'NONE', *, *, #2941, .T. ) ;
#6009 =( LENGTH_UNIT ( ) NAMED_UNIT ( * ) SI_UNIT ( .MILLI., .METRE. ) );
#6010 = DIRECTION ( 'NONE',  ( 1.084202172485501800E-014, -1.084202172485501800E-014, -1.000000000000000000 ) ) ;
#6011 = LINE ( 'NONE', #443, #3795 ) ;
#6012 = CIRCLE ( 'NONE', #5033, 0.04999999999999991300 ) ;
#6013 = CARTESIAN_POINT ( 'NONE',  ( 1.250000000000000000, 0.3310000000000000200, 0.8999999999999999100 ) ) ;
#6014 = DIRECTION ( 'NONE',  ( -8.673617379884030700E-015, -1.000000000000000000, 0.0000000000000000000 ) ) ;
#6015 = DIRECTION ( 'NONE',  ( -0.0000000000000000000, -1.000000000000000000, -0.0000000000000000000 ) ) ;
#6016 = SURFACE_SIDE_STYLE ('',( #5862 ) ) ;
#6017 = CYLINDRICAL_SURFACE ( 'NONE', #5577, 0.02000000000000005200 ) ;
#6018 = PRESENTATION_STYLE_ASSIGNMENT (( #2751 ) ) ;
#6019 = SURFACE_STYLE_FILL_AREA ( #4777 ) ;
#6020 = ORIENTED_EDGE ( 'NONE', *, *, #298, .T. ) ;
#6021 = EDGE_LOOP ( 'NONE', ( #3171, #477, #1792, #332 ) ) ;
#6022 = ORIENTED_EDGE ( 'NONE', *, *, #6463, .T. ) ;
#6023 = CARTESIAN_POINT ( 'NONE',  ( 1.144938005273187500, 0.5935898218398361100, 0.9948205829089493700 ) ) ;
#6024 = SURFACE_STYLE_USAGE ( .BOTH. , #2461 ) ;
#6025 = EDGE_CURVE ( 'NONE', #4616, #152, #3457, .T. ) ;
#6026 = PRESENTATION_LAYER_ASSIGNMENT (  '', '', ( #5698 ) ) ;
#6027 = EDGE_CURVE ( 'NONE', #1726, #664, #6004, .T. ) ;
#6028 = CARTESIAN_POINT ( 'NONE',  ( -1.248873381365241500, 0.5866178150353547100, -0.9000063465491342500 ) ) ;
#6029 = SURFACE_SIDE_STYLE ('',( #1001 ) ) ;
#6030 = ORIENTED_EDGE ( 'NONE', *, *, #3342, .T. ) ;
#6031 = CARTESIAN_POINT ( 'NONE',  ( 1.246247665173372700, 0.5918854740033264700, -0.8963096528068260600 ) ) ;
#6032 = DIRECTION ( 'NONE',  ( -0.0000000000000000000, -1.000000000000000000, -0.0000000000000000000 ) ) ;
#6033 = PLANE ( 'NONE',  #550 ) ;
#6034 = DIRECTION ( 'NONE',  ( 0.0000000000000000000, 0.0000000000000000000, 1.000000000000000000 ) ) ;
#6035 = CARTESIAN_POINT ( 'NONE',  ( 1.229999999999999800, 0.02000000000000005200, -1.000000000000000000 ) ) ;
#6036 = MANIFOLD_SOLID_BREP ( 'Fillet4', #3559 ) ;
#6037 = CARTESIAN_POINT ( 'NONE',  ( 0.0000000000000000000, 0.6500000000000000200, -0.9599999999999997400 ) ) ;
#6038 = SURFACE_STYLE_FILL_AREA ( #1501 ) ;
#6039 = CARTESIAN_POINT ( 'NONE',  ( 0.1822520582488387200, 0.7399999999999999900, -0.9013615834664929800 ) ) ;
#6040 = ADVANCED_FACE ( 'NONE', ( #876 ), #4413, .F. ) ;
#6041 = ORIENTED_EDGE ( 'NONE', *, *, #14, .T. ) ;
#6042 = CARTESIAN_POINT ( 'NONE',  ( -1.150000000000000100, 0.5799999999999998500, 0.9999999999999997800 ) ) ;
#6043 = EDGE_CURVE ( 'NONE', #1816, #3519, #1198, .T. ) ;
#6044 = VECTOR ( 'NONE', #1561, 1000.000000000000000 ) ;
#6045 = AXIS2_PLACEMENT_3D ( 'NONE', #2730, #206, #3752 ) ;
#6046 = VERTEX_POINT ( 'NONE', #288 ) ;
#6047 = VECTOR ( 'NONE', #5845, 1000.000000000000000 ) ;
#6048 = CARTESIAN_POINT ( 'NONE',  ( -1.250000000000000400, 0.02000000000000005200, -0.8986738835618647300 ) ) ;
#6049 = CARTESIAN_POINT ( 'NONE',  ( -0.1812465383877983100, 0.7399999999999999900, -0.8999999999999996900 ) ) ;
#6050 = CARTESIAN_POINT ( 'NONE',  ( -0.2000000000000000100, 0.5999999999999999800, -1.000000000000000200 ) ) ;
#6051 = MECHANICAL_DESIGN_GEOMETRIC_PRESENTATION_REPRESENTATION (  '', ( #5507 ), #6182 ) ;
#6052 = ORIENTED_EDGE ( 'NONE', *, *, #3326, .T. ) ;
#6053 = CARTESIAN_POINT ( 'NONE',  ( -1.250000000000000200, 0.5799999999999998500, 1.000000000000000000 ) ) ;
#6054 = DIRECTION ( 'NONE',  ( -1.000000000000000000, 0.0000000000000000000, -0.0000000000000000000 ) ) ;
#6055 = ORIENTED_EDGE ( 'NONE', *, *, #4076, .T. ) ;
#6056 = CARTESIAN_POINT ( 'NONE',  ( 0.0000000000000000000, 0.3300000000000000200, 0.3250000000000001800 ) ) ;
#6057 = DIRECTION ( 'NONE',  ( 5.421010862427567100E-015, 0.0000000000000000000, -1.000000000000000000 ) ) ;
#6058 = CARTESIAN_POINT ( 'NONE',  ( -1.149999999999999900, -0.0000000000000000000, -5.110982803187865600E-016 ) ) ;
#6059 = EDGE_CURVE ( 'NONE', #544, #995, #2878, .T. ) ;
#6060 = CARTESIAN_POINT ( 'NONE',  ( 0.2000000000000000100, 0.5999999999999999800, -0.9600000000000006300 ) ) ;
#6061 = FILL_AREA_STYLE ('',( #514 ) ) ;
#6062 = VECTOR ( 'NONE', #1638, 1000.000000000000000 ) ;
#6063 = CARTESIAN_POINT ( 'NONE',  ( 0.5500000000000000400, 0.3300000000000000200, -0.5500000000000000400 ) ) ;
#6064 = VECTOR ( 'NONE', #4042, 1000.000000000000000 ) ;
#6065 = EDGE_CURVE ( 'NONE', #2311, #159, #5982, .T. ) ;
#6066 = CARTESIAN_POINT ( 'NONE',  ( -0.1874963486168644600, 0.7329720020746550700, -0.9095481518491390600 ) ) ;
#6067 = CIRCLE ( 'NONE', #6095, 0.09899999999999990800 ) ;
#6068 = EDGE_CURVE ( 'NONE', #2307, #4522, #1685, .T. ) ;
#6069 = MECHANICAL_DESIGN_GEOMETRIC_PRESENTATION_REPRESENTATION (  '', ( #67 ), #163 ) ;
#6070 = ORIENTED_EDGE ( 'NONE', *, *, #66, .F. ) ;
#6071 = CARTESIAN_POINT ( 'NONE',  ( -1.151573426608052600, 0.5999999999999999800, -0.9821897638817416200 ) ) ;
#6072 = CARTESIAN_POINT ( 'NONE',  ( 0.2000000000000000100, 0.5999999999999999800, -1.000000000000000200 ) ) ;
#6073 = B_SPLINE_CURVE_WITH_KNOTS ( 'NONE', 3,
 ( #1040, #6039, #2615, #1631, #5168, #5714, #4177, #3703, #5218, #6219, #4126, #160, #1060, #1113, #6148, #3101 ),
 .UNSPECIFIED., .F., .F.,
 ( 4, 3, 3, 3, 3, 4 ),
 ( 0.0000000000000000000, 5.077875298246851700E-006, 8.948410134195017800E-006, 1.285596325239113500E-005, 1.621807247209172300E-005, 1.717123864030742800E-005 ),
 .UNSPECIFIED. ) ;
#6074 = ADVANCED_FACE ( 'NONE', ( #5589 ), #1332, .T. ) ;
#6075 = PLANE ( 'NONE',  #6442 ) ;
#6076 = VERTEX_POINT ( 'NONE', #1315 ) ;
#6077 = COLOUR_RGB ( '',0.8823529411764705600, 0.8823529411764705600, 0.8823529411764705600 ) ;
#6078 = CARTESIAN_POINT ( 'NONE',  ( 0.1000000000000000100, 0.5999999999999999800, 0.9600000000000005200 ) ) ;
#6079 = DIRECTION ( 'NONE',  ( -0.0000000000000000000, -1.000000000000000000, -0.0000000000000000000 ) ) ;
#6080 =( NAMED_UNIT ( * ) SI_UNIT ( $, .STERADIAN. ) SOLID_ANGLE_UNIT ( ) );
#6081 = EDGE_CURVE ( 'NONE', #6387, #292, #2248, .T. ) ;
#6082 = COLOUR_RGB ( '',1.000000000000000000, 0.8823529411764705600, 0.3764705882352941100 ) ;
#6083 = UNCERTAINTY_MEASURE_WITH_UNIT (LENGTH_MEASURE( 1.000000000000000100E-005 ), #2181, 'distance_accuracy_value', 'NONE');
#6084 = EDGE_LOOP ( 'NONE', ( #2274, #4872, #6152, #5590 ) ) ;
#6085 = DIRECTION ( 'NONE',  ( -0.0000000000000000000, -1.000000000000000000, -0.0000000000000000000 ) ) ;
#6086 = VERTEX_POINT ( 'NONE', #4856 ) ;
#6087 = CIRCLE ( 'NONE', #3852, 0.05000000000000002400 ) ;
#6088 = VECTOR ( 'NONE', #1134, 1000.000000000000000 ) ;
#6089 = ORIENTED_EDGE ( 'NONE', *, *, #1255, .F. ) ;
#6090 = PRESENTATION_LAYER_ASSIGNMENT (  '', '', ( #502 ) ) ;
#6091 = VECTOR ( 'NONE', #4253, 1000.000000000000000 ) ;
#6092 =( NAMED_UNIT ( * ) PLANE_ANGLE_UNIT ( ) SI_UNIT ( $, .RADIAN. ) );
#6093 = LINE ( 'NONE', #4175, #4923 ) ;
#6094 = CARTESIAN_POINT ( 'NONE',  ( -0.09999999999999928400, 0.5999999999999999800, -0.8599999999999999900 ) ) ;
#6095 = AXIS2_PLACEMENT_3D ( 'NONE', #3182, #580, #2127 ) ;
#6096 = DIRECTION ( 'NONE',  ( 0.0000000000000000000, -0.0000000000000000000, 1.000000000000000000 ) ) ;
#6097 = VERTEX_POINT ( 'NONE', #364 ) ;
#6098 = DIRECTION ( 'NONE',  ( 0.0000000000000000000, -1.000000000000000000, 0.0000000000000000000 ) ) ;
#6099 = MECHANICAL_DESIGN_GEOMETRIC_PRESENTATION_REPRESENTATION (  '', ( #1767 ), #393 ) ;
#6100 = DIRECTION ( 'NONE',  ( -0.0000000000000000000, -1.000000000000000000, -0.0000000000000000000 ) ) ;
#6101 = DIRECTION ( 'NONE',  ( -0.0000000000000000000, -1.000000000000000000, -0.0000000000000000000 ) ) ;
#6102 = CARTESIAN_POINT ( 'NONE',  ( -0.4740000000000001400, 0.0000000000000000000, 0.9009999999999999100 ) ) ;
#6103 = VERTEX_POINT ( 'NONE', #6397 ) ;
#6104 = ORIENTED_EDGE ( 'NONE', *, *, #694, .T. ) ;
#6105 =( NAMED_UNIT ( * ) SI_UNIT ( $, .STERADIAN. ) SOLID_ANGLE_UNIT ( ) );
#6106 = CARTESIAN_POINT ( 'NONE',  ( -1.019999999999998700, 0.7399999999999999900, 0.9000000000000005800 ) ) ;
#6107 = ADVANCED_FACE ( 'NONE', ( #5092 ), #3888, .T. ) ;
#6108 = ORIENTED_EDGE ( 'NONE', *, *, #3175, .F. ) ;
#6109 = FILL_AREA_STYLE_COLOUR ( '', #1698 ) ;
#6110 = LINE ( 'NONE', #5430, #2314 ) ;
#6111 = CARTESIAN_POINT ( 'NONE',  ( 0.1830293163714110100, 0.7397737267829838100, 0.9024743288176442200 ) ) ;
#6112 = PLANE ( 'NONE',  #5409 ) ;
#6113 = DIRECTION ( 'NONE',  ( 1.000000000000000000, 0.0000000000000000000, 2.065146995210484900E-016 ) ) ;
#6114 = EDGE_LOOP ( 'NONE', ( #997, #6005, #6570, #4034 ) ) ;
#6115 = EDGE_CURVE ( 'NONE', #6249, #1726, #4068, .T. ) ;
#6116 = AXIS2_PLACEMENT_3D ( 'NONE', #3652, #606, #1106 ) ;
#6117 = EDGE_LOOP ( 'NONE', ( #532, #6469, #2214, #5055, #4987, #779, #5157 ) ) ;
#6118 =( BOUNDED_CURVE ( )  B_SPLINE_CURVE ( 3, ( #30, #5090, #3115, #4142 ),
 .UNSPECIFIED., .F., .F. ) 
 B_SPLINE_CURVE_WITH_KNOTS ( ( 4, 4 ),
 ( 4.712388980384712800, 6.283185307179586200 ),
 .UNSPECIFIED. ) 
 CURVE ( )  GEOMETRIC_REPRESENTATION_ITEM ( )  RATIONAL_B_SPLINE_CURVE ( ( 1.000000000000000000, 0.8047378541243703800, 0.8047378541243703800, 1.000000000000000000 ) ) 
 REPRESENTATION_ITEM ( '' )  );
#6119 = CARTESIAN_POINT ( 'NONE',  ( 0.1938566883231578100, 0.6164555616754837700, 0.9225345923968957300 ) ) ;
#6120 = CARTESIAN_POINT ( 'NONE',  ( -1.219999999999999800, 0.6500000000000000200, 0.9600000000000000800 ) ) ;
#6121 = DIRECTION ( 'NONE',  ( 1.084202172485501800E-014, -1.084202172485501800E-014, -1.000000000000000000 ) ) ;
#6122 = CARTESIAN_POINT ( 'NONE',  ( 0.09999999999999929800, 0.0000000000000000000, 0.8599999999999999900 ) ) ;
#6123 = CARTESIAN_POINT ( 'NONE',  ( -1.151000000000000200, 0.3310000000000000200, 0.3240000000000001800 ) ) ;
#6124 = STYLED_ITEM ( 'NONE', ( #4184 ), #4565 ) ;
#6125 = VERTEX_POINT ( 'NONE', #306 ) ;
#6126 = VECTOR ( 'NONE', #2374, 1000.000000000000000 ) ;
#6127 = FILL_AREA_STYLE_COLOUR ( '', #3715 ) ;
#6128 = LINE ( 'NONE', #4752, #2072 ) ;
#6129 =( LENGTH_UNIT ( ) NAMED_UNIT ( * ) SI_UNIT ( .MILLI., .METRE. ) );
#6130 = MECHANICAL_DESIGN_GEOMETRIC_PRESENTATION_REPRESENTATION (  '', ( #222 ), #6472 ) ;
#6131 = ORIENTED_EDGE ( 'NONE', *, *, #3045, .T. ) ;
#6132 =( GEOMETRIC_REPRESENTATION_CONTEXT ( 3 ) GLOBAL_UNCERTAINTY_ASSIGNED_CONTEXT ( ( #4702 ) ) GLOBAL_UNIT_ASSIGNED_CONTEXT ( ( #2043, #3035, #6105 ) ) REPRESENTATION_CONTEXT ( 'NONE', 'WORKASPACE' ) );
#6133 = DIRECTION ( 'NONE',  ( 0.0000000000000000000, 1.000000000000000000, -0.0000000000000000000 ) ) ;
#6134 = EDGE_LOOP ( 'NONE', ( #901, #1235, #5011, #3091, #2539 ) ) ;
#6135 = CARTESIAN_POINT ( 'NONE',  ( 0.2000000000000000100, 0.02000000000000005200, -1.000000000000000200 ) ) ;
#6136 = LINE ( 'NONE', #2487, #3291 ) ;
#6137 = CIRCLE ( 'NONE', #1890, 0.1000000000000001600 ) ;
#6138 = PRESENTATION_LAYER_ASSIGNMENT (  '', '', ( #3894 ) ) ;
#6139 = ADVANCED_FACE ( 'NONE', ( #5087 ), #6512, .F. ) ;
#6140 = DIRECTION ( 'NONE',  ( 1.000000000000000000, 0.0000000000000000000, -8.673617379884032300E-015 ) ) ;
#6141 = DIRECTION ( 'NONE',  ( 0.0000000000000000000, 0.0000000000000000000, -1.000000000000000000 ) ) ;
#6142 = FILL_AREA_STYLE_COLOUR ( '', #3466 ) ;
#6143 = EDGE_CURVE ( 'NONE', #5436, #95, #3369, .T. ) ;
#6144 = CARTESIAN_POINT ( 'NONE',  ( -1.230000000000000400, 0.0000000000000000000, 0.8812545287231550200 ) ) ;
#6145 = EDGE_LOOP ( 'NONE', ( #5299, #3498, #3949, #3427, #1110, #4931 ) ) ;
#6146 = CARTESIAN_POINT ( 'NONE',  ( -0.09346153846153686100, -0.0000000000000000000, -0.1073076923076908100 ) ) ;
#6147 = DIRECTION ( 'NONE',  ( 0.0000000000000000000, -1.000000000000000000, 0.0000000000000000000 ) ) ;
#6148 = CARTESIAN_POINT ( 'NONE',  ( 0.1877553417177571500, 0.7303242011890384000, -0.9099999999999997000 ) ) ;
#6149 = DIRECTION ( 'NONE',  ( -1.000000000000000000, 0.0000000000000000000, 1.302744525538082600E-016 ) ) ;
#6150 = LINE ( 'NONE', #4040, #2960 ) ;
#6151 = EDGE_CURVE ( 'NONE', #1324, #3359, #5257, .T. ) ;
#6152 = ORIENTED_EDGE ( 'NONE', *, *, #2328, .T. ) ;
#6153 = ORIENTED_EDGE ( 'NONE', *, *, #4810, .T. ) ;
#6154 = DIRECTION ( 'NONE',  ( -1.000000000000000000, 0.0000000000000000000, 1.935435283114619600E-016 ) ) ;
#6155 = B_SPLINE_CURVE_WITH_KNOTS ( 'NONE', 3,
 ( #4433, #5930, #5426, #4937, #4012, #4954, #4995, #3428, #363, #2397, #3468, #1941, #6495, #5448, #5506, #1901 ),
 .UNSPECIFIED., .F., .F.,
 ( 4, 3, 3, 3, 3, 4 ),
 ( 0.0000000000000000000, 1.560373757604273900E-005, 3.111949745297082900E-005, 4.790600525262210700E-005, 6.583717542395196200E-005, 7.944835776314959300E-005 ),
 .UNSPECIFIED. ) ;
#6156 = MECHANICAL_DESIGN_GEOMETRIC_PRESENTATION_REPRESENTATION (  '', ( #5698 ), #909 ) ;
#6157 = EDGE_CURVE ( 'NONE', #6258, #1562, #6293, .T. ) ;
#6158 = LINE ( 'NONE', #6404, #4436 ) ;
#6159 = CARTESIAN_POINT ( 'NONE',  ( 0.1855554773730391800, 0.7377475401500607200, 0.9063226277508159600 ) ) ;
#6160 = FILL_AREA_STYLE_COLOUR ( '', #4164 ) ;
#6161 = ORIENTED_EDGE ( 'NONE', *, *, #5734, .F. ) ;
#6162 = PRESENTATION_STYLE_ASSIGNMENT (( #3630 ) ) ;
#6163 = DIRECTION ( 'NONE',  ( 0.0000000000000000000, 0.0000000000000000000, 1.000000000000000000 ) ) ;
#6164 = LINE ( 'NONE', #1900, #5467 ) ;
#6165 = CARTESIAN_POINT ( 'NONE',  ( 0.1998039564164503800, 0.6024623337091868900, 0.9445025717093678000 ) ) ;
#6166 = ORIENTED_EDGE ( 'NONE', *, *, #2296, .T. ) ;
#6167 = ORIENTED_EDGE ( 'NONE', *, *, #2533, .F. ) ;
#6168 =( GEOMETRIC_REPRESENTATION_CONTEXT ( 3 ) GLOBAL_UNCERTAINTY_ASSIGNED_CONTEXT ( ( #4922 ) ) GLOBAL_UNIT_ASSIGNED_CONTEXT ( ( #5109, #2097, #4563 ) ) REPRESENTATION_CONTEXT ( 'NONE', 'WORKASPACE' ) );
#6169 = CARTESIAN_POINT ( 'NONE',  ( 0.09999999999999960300, 0.5999999999999999800, -0.9799999999999999800 ) ) ;
#6170 = PLANE ( 'NONE',  #5462 ) ;
#6171 = FILL_AREA_STYLE ('',( #4104 ) ) ;
#6172 = LINE ( 'NONE', #5060, #1458 ) ;
#6173 = FACE_OUTER_BOUND ( 'NONE', #5212, .T. ) ;
#6174 = DIRECTION ( 'NONE',  ( 1.302744525538081800E-016, -0.0000000000000000000, 1.000000000000000000 ) ) ;
#6175 = LINE ( 'NONE', #5827, #6559 ) ;
#6176 = EDGE_CURVE ( 'NONE', #2627, #5522, #1994, .T. ) ;
#6177 = DIRECTION ( 'NONE',  ( 0.0000000000000000000, 0.0000000000000000000, 1.000000000000000000 ) ) ;
#6178 = ADVANCED_FACE ( 'NONE', ( #1423 ), #3186, .T. ) ;
#6179 = STYLED_ITEM ( 'NONE', ( #1766 ), #2879 ) ;
#6180 = SURFACE_STYLE_FILL_AREA ( #1730 ) ;
#6181 = PRESENTATION_STYLE_ASSIGNMENT (( #6551 ) ) ;
#6182 =( GEOMETRIC_REPRESENTATION_CONTEXT ( 3 ) GLOBAL_UNCERTAINTY_ASSIGNED_CONTEXT ( ( #4166 ) ) GLOBAL_UNIT_ASSIGNED_CONTEXT ( ( #1847, #5395, #2844 ) ) REPRESENTATION_CONTEXT ( 'NONE', 'WORKASPACE' ) );
#6183 = CARTESIAN_POINT ( 'NONE',  ( -1.152020410288672900, 0.5999999999999999800, -0.9799999999999997600 ) ) ;
#6184 = ORIENTED_EDGE ( 'NONE', *, *, #2302, .T. ) ;
#6185 = CARTESIAN_POINT ( 'NONE',  ( -1.150157946983557000, 0.5943369175356417700, -0.9941185502054278300 ) ) ;
#6186 = DIRECTION ( 'NONE',  ( 0.0000000000000000000, -0.0000000000000000000, -1.000000000000000000 ) ) ;
#6187 = CARTESIAN_POINT ( 'NONE',  ( -1.098999999999999800, 0.8010000000000000500, -0.7599999999999991200 ) ) ;
#6188 = ORIENTED_EDGE ( 'NONE', *, *, #6115, .T. ) ;
#6189 = ORIENTED_EDGE ( 'NONE', *, *, #2352, .F. ) ;
#6190 = SURFACE_STYLE_USAGE ( .BOTH. , #1075 ) ;
#6191 = CARTESIAN_POINT ( 'NONE',  ( -1.250000000000000200, 0.3310000000000000200, 0.0000000000000000000 ) ) ;
#6192 =( NAMED_UNIT ( * ) PLANE_ANGLE_UNIT ( ) SI_UNIT ( $, .RADIAN. ) );
#6193 = ORIENTED_EDGE ( 'NONE', *, *, #5420, .T. ) ;
#6194 = DIRECTION ( 'NONE',  ( 0.0000000000000000000, 1.000000000000000000, -0.0000000000000000000 ) ) ;
#6195 = EDGE_CURVE ( 'NONE', #2477, #4125, #4712, .T. ) ;
#6196 = AXIS2_PLACEMENT_3D ( 'NONE', #2208, #1717, #1606 ) ;
#6197 = ORIENTED_EDGE ( 'NONE', *, *, #2652, .T. ) ;
#6198 = PLANE ( 'NONE',  #2934 ) ;
#6199 = DIRECTION ( 'NONE',  ( -1.000000000000000000, 0.0000000000000000000, -0.0000000000000000000 ) ) ;
#6200 = ORIENTED_EDGE ( 'NONE', *, *, #1946, .T. ) ;
#6201 = DIRECTION ( 'NONE',  ( -0.7540815958863055200, 0.0000000000000000000, -0.6567807448042021200 ) ) ;
#6202 = CARTESIAN_POINT ( 'NONE',  ( -0.4750000000000001400, 0.3300000000000000200, 0.8999999999999999100 ) ) ;
#6203 = CARTESIAN_POINT ( 'NONE',  ( -1.133885319477214500, 0.5999224192988729100, 0.9826001022519828000 ) ) ;
#6204 = LINE ( 'NONE', #2, #2792 ) ;
#6205 = ADVANCED_FACE ( 'NONE', ( #5433 ), #3503, .T. ) ;
#6206 = STYLED_ITEM ( 'NONE', ( #5508 ), #6244 ) ;
#6207 = EDGE_CURVE ( 'NONE', #1618, #6385, #176, .T. ) ;
#6208 = EDGE_LOOP ( 'NONE', ( #395, #3779, #4947, #4967, #4953 ) ) ;
#6209 = CARTESIAN_POINT ( 'NONE',  ( 1.741891754803157100E-016, 0.3300000000000000200, 0.8999999999999998000 ) ) ;
#6210 = DIRECTION ( 'NONE',  ( 1.000000000000000000, 0.0000000000000000000, 0.0000000000000000000 ) ) ;
#6211 = COLOUR_RGB ( '',0.8823529411764705600, 0.8823529411764705600, 0.8823529411764705600 ) ;
#6212 = CARTESIAN_POINT ( 'NONE',  ( -0.4750000000000002600, 0.0000000000000000000, 4.478226364614045000E-017 ) ) ;
#6213 = ORIENTED_EDGE ( 'NONE', *, *, #4299, .F. ) ;
#6214 = AXIS2_PLACEMENT_3D ( 'NONE', #334, #2309, #4357 ) ;
#6215 = ORIENTED_EDGE ( 'NONE', *, *, #1491, .F. ) ;
#6216 = ORIENTED_EDGE ( 'NONE', *, *, #4387, .T. ) ;
#6217 = CARTESIAN_POINT ( 'NONE',  ( 1.099000000000000600, 0.8010000000000000500, -0.7599999999999990100 ) ) ;
#6218 = VECTOR ( 'NONE', #4798, 1000.000000000000000 ) ;
#6219 = CARTESIAN_POINT ( 'NONE',  ( 0.1872246063881283200, 0.7341901621503559300, -0.9090797875059781800 ) ) ;
#6220 = CARTESIAN_POINT ( 'NONE',  ( -0.1877553417177550100, 0.6500000000000000200, -0.9099999999999997000 ) ) ;
#6221 = STYLED_ITEM ( 'NONE', ( #1148 ), #705 ) ;
#6222 = FILL_AREA_STYLE_COLOUR ( '', #3380 ) ;
#6223 = LINE ( 'NONE', #5773, #2410 ) ;
#6224 = VECTOR ( 'NONE', #3222, 1000.000000000000000 ) ;
#6225 = MECHANICAL_DESIGN_GEOMETRIC_PRESENTATION_REPRESENTATION (  '', ( #2558 ), #968 ) ;
#6226 = CARTESIAN_POINT ( 'NONE',  ( -1.150000000000000100, 0.3300000000000000200, -0.3250000000000001800 ) ) ;
#6227 = CARTESIAN_POINT ( 'NONE',  ( -1.150627295506996900, 0.5981836216953944100, -0.9886183002444785000 ) ) ;
#6228 = DIRECTION ( 'NONE',  ( -0.0000000000000000000, -0.0000000000000000000, -1.000000000000000000 ) ) ;
#6229 = CARTESIAN_POINT ( 'NONE',  ( 1.020000000000000200, 0.7399999999999999900, 0.7600000000000003400 ) ) ;
#6230 = AXIS2_PLACEMENT_3D ( 'NONE', #2312, #3337, #2331 ) ;
#6231 = LINE ( 'NONE', #743, #3530 ) ;
#6232 = CARTESIAN_POINT ( 'NONE',  ( 0.1881221266141738200, 0.6409076052124819100, 0.9106304388829009600 ) ) ;
#6233 = ORIENTED_EDGE ( 'NONE', *, *, #2385, .F. ) ;
#6234 = ORIENTED_EDGE ( 'NONE', *, *, #3342, .F. ) ;
#6235 = DIRECTION ( 'NONE',  ( 6.505213034913038400E-015, 0.0000000000000000000, 1.000000000000000000 ) ) ;
#6236 = LINE ( 'NONE', #5052, #420 ) ;
#6237 = CARTESIAN_POINT ( 'NONE',  ( 1.151000000000000200, 0.3310000000000000200, -0.3240000000000001800 ) ) ;
#6238 = DIRECTION ( 'NONE',  ( -0.0000000000000000000, -1.000000000000000000, -0.0000000000000000000 ) ) ;
#6239 = SURFACE_STYLE_USAGE ( .BOTH. , #3611 ) ;
#6240 = PLANE ( 'NONE',  #4910 ) ;
#6241 = ORIENTED_EDGE ( 'NONE', *, *, #6576, .T. ) ;
#6242 = DIRECTION ( 'NONE',  ( 1.000000000000000000, 0.0000000000000000000, 0.0000000000000000000 ) ) ;
#6243 = CARTESIAN_POINT ( 'NONE',  ( -1.099000000000000000, 0.8010000000000000500, 0.7599999999999997900 ) ) ;
#6244 = ADVANCED_FACE ( 'NONE', ( #6452 ), #5829, .F. ) ;
#6245 = PRESENTATION_STYLE_ASSIGNMENT (( #3318 ) ) ;
#6246 = UNCERTAINTY_MEASURE_WITH_UNIT (LENGTH_MEASURE( 1.000000000000000100E-005 ), #464, 'distance_accuracy_value', 'NONE');
#6247 = CYLINDRICAL_SURFACE ( 'NONE', #6513, 0.1000000000000001600 ) ;
#6248 = DIRECTION ( 'NONE',  ( 0.0000000000000000000, 0.0000000000000000000, 1.000000000000000000 ) ) ;
#6249 = VERTEX_POINT ( 'NONE', #5567 ) ;
#6250 = ORIENTED_EDGE ( 'NONE', *, *, #2611, .F. ) ;
#6251 = EDGE_CURVE ( 'NONE', #2914, #1344, #6204, .T. ) ;
#6252 = STYLED_ITEM ( 'NONE', ( #558 ), #6107 ) ;
#6253 = EDGE_CURVE ( 'NONE', #848, #1552, #1099, .T. ) ;
#6254 = VECTOR ( 'NONE', #625, 1000.000000000000000 ) ;
#6255 = FILL_AREA_STYLE ('',( #4797 ) ) ;
#6256 = COLOUR_RGB ( '',0.8823529411764705600, 0.8823529411764705600, 0.8823529411764705600 ) ;
#6257 = DIRECTION ( 'NONE',  ( -1.000000000000000000, 0.0000000000000000000, 0.0000000000000000000 ) ) ;
#6258 = VERTEX_POINT ( 'NONE', #3601 ) ;
#6259 = CARTESIAN_POINT ( 'NONE',  ( 1.149999999999999900, 0.0000000000000000000, 1.000000000000000000 ) ) ;
#6260 = FACE_BOUND ( 'NONE', #5325, .T. ) ;
#6261 = SURFACE_STYLE_USAGE ( .BOTH. , #2190 ) ;
#6262 =( LENGTH_UNIT ( ) NAMED_UNIT ( * ) SI_UNIT ( .MILLI., .METRE. ) );
#6263 = CARTESIAN_POINT ( 'NONE',  ( -1.125514458904363300, 0.0000000000000000000, 0.9799999999999997600 ) ) ;
#6264 = ORIENTED_EDGE ( 'NONE', *, *, #6251, .T. ) ;
#6265 = DIRECTION ( 'NONE',  ( -0.7540815958863055200, 0.0000000000000000000, -0.6567807448042021200 ) ) ;
#6266 = CARTESIAN_POINT ( 'NONE',  ( 1.150000000000000100, 0.5799999999999998500, -1.000000000000000000 ) ) ;
#6267 = CARTESIAN_POINT ( 'NONE',  ( 0.4750000000000001400, 0.3300000000000000200, -0.8999999999999999100 ) ) ;
#6268 = DIRECTION ( 'NONE',  ( 0.0000000000000000000, -1.000000000000000000, 6.505213034913023400E-015 ) ) ;
#6269 = ORIENTED_EDGE ( 'NONE', *, *, #2872, .T. ) ;
#6270 = ORIENTED_EDGE ( 'NONE', *, *, #1908, .T. ) ;
#6271 = CARTESIAN_POINT ( 'NONE',  ( -0.09346153846153686100, 0.3300000000000000200, -0.1073076923076908100 ) ) ;
#6272 = VERTEX_POINT ( 'NONE', #1048 ) ;
#6273 = DIRECTION ( 'NONE',  ( 1.000000000000000000, 0.0000000000000000000, 0.0000000000000000000 ) ) ;
#6274 = CARTESIAN_POINT ( 'NONE',  ( 0.2000000000000000100, 0.5999999999999999800, 0.9600000000000006300 ) ) ;
#6275 = ORIENTED_EDGE ( 'NONE', *, *, #3046, .F. ) ;
#6276 = CARTESIAN_POINT ( 'NONE',  ( -1.132260670805645500, 0.5999881886362288300, 0.9806872518043190400 ) ) ;
#6277 = ADVANCED_FACE ( 'NONE', ( #4559 ), #549, .F. ) ;
#6278 = EDGE_CURVE ( 'NONE', #3164, #3754, #5346, .T. ) ;
#6279 = CIRCLE ( 'NONE', #6045, 0.1499999999999999700 ) ;
#6280 = VERTEX_POINT ( 'NONE', #2577 ) ;
#6281 = FILL_AREA_STYLE_COLOUR ( '', #2193 ) ;
#6282 = CARTESIAN_POINT ( 'NONE',  ( -1.019999999999999800, 0.7409999999999999900, 0.7600000000000006800 ) ) ;
#6283 = VERTEX_POINT ( 'NONE', #6094 ) ;
#6284 = COLOUR_RGB ( '',1.000000000000000000, 0.8823529411764705600, 0.3764705882352941100 ) ;
#6285 = EDGE_CURVE ( 'NONE', #4830, #5821, #6375, .T. ) ;
#6286 = DIRECTION ( 'NONE',  ( -0.0000000000000000000, -0.0000000000000000000, 1.000000000000000000 ) ) ;
#6287 = DIRECTION ( 'NONE',  ( 0.0000000000000000000, -0.0000000000000000000, -1.000000000000000000 ) ) ;
#6288 = CARTESIAN_POINT ( 'NONE',  ( -1.150000000000000100, 0.5999999999999999800, -1.000000000000000000 ) ) ;
#6289 = MECHANICAL_DESIGN_GEOMETRIC_PRESENTATION_REPRESENTATION (  '', ( #4684 ), #1369 ) ;
#6290 = ORIENTED_EDGE ( 'NONE', *, *, #2852, .F. ) ;
#6291 = LINE ( 'NONE', #6507, #2870 ) ;
#6292 = CARTESIAN_POINT ( 'NONE',  ( 0.1882470157454456900, 0.6395269201802925600, -0.9108404784231583000 ) ) ;
#6293 = CIRCLE ( 'NONE', #583, 0.1000000000000001600 ) ;
#6294 = CARTESIAN_POINT ( 'NONE',  ( 1.150000000000000100, 0.5799999999999998500, -1.000000000000000000 ) ) ;
#6295 = PLANE ( 'NONE',  #3926 ) ;
#6296 = FILL_AREA_STYLE ('',( #2233 ) ) ;
#6297 = VERTEX_POINT ( 'NONE', #6135 ) ;
#6298 = STYLED_ITEM ( 'NONE', ( #4320 ), #6380 ) ;
#6299 = ORIENTED_EDGE ( 'NONE', *, *, #2720, .F. ) ;
#6300 = EDGE_CURVE ( 'NONE', #5424, #5404, #633, .T. ) ;
#6301 = SURFACE_STYLE_FILL_AREA ( #4355 ) ;
#6302 = ORIENTED_EDGE ( 'NONE', *, *, #3536, .F. ) ;
#6303 = EDGE_CURVE ( 'NONE', #4830, #858, #4882, .T. ) ;
#6304 = FACE_OUTER_BOUND ( 'NONE', #3177, .T. ) ;
#6305 = DIRECTION ( 'NONE',  ( -1.000000000000000000, 0.0000000000000000000, 0.0000000000000000000 ) ) ;
#6306 = PRESENTATION_STYLE_ASSIGNMENT (( #2402 ) ) ;
#6307 = DIRECTION ( 'NONE',  ( 1.084202172485504400E-016, 0.0000000000000000000, 1.000000000000000000 ) ) ;
#6308 = DIRECTION ( 'NONE',  ( -0.7540815958863071900, 0.0000000000000000000, -0.6567807448042002300 ) ) ;
#6309 = AXIS2_PLACEMENT_3D ( 'NONE', #1239, #1737, #5323 ) ;
#6310 = LINE ( 'NONE', #6355, #882 ) ;
#6311 = SURFACE_SIDE_STYLE ('',( #4290 ) ) ;
#6312 = VECTOR ( 'NONE', #65, 1000.000000000000000 ) ;
#6313 =( NAMED_UNIT ( * ) PLANE_ANGLE_UNIT ( ) SI_UNIT ( $, .RADIAN. ) );
#6314 = ADVANCED_FACE ( 'NONE', ( #551 ), #4117, .T. ) ;
#6315 = LINE ( 'NONE', #3694, #3207 ) ;
#6316 = VECTOR ( 'NONE', #711, 1000.000000000000000 ) ;
#6317 = AXIS2_PLACEMENT_3D ( 'NONE', #3511, #4530, #6483 ) ;
#6318 = LINE ( 'NONE', #3809, #4426 ) ;
#6319 = SURFACE_SIDE_STYLE ('',( #3790 ) ) ;
#6320 = ORIENTED_EDGE ( 'NONE', *, *, #3923, .F. ) ;
#6321 = TOROIDAL_SURFACE ( 'NONE', #398, 0.07900000000000002900, 0.02000000000000000000 ) ;
#6322 = CARTESIAN_POINT ( 'NONE',  ( -1.149999999999999900, 0.3300000000000000200, -5.110982803187865600E-016 ) ) ;
#6323 = DIRECTION ( 'NONE',  ( 0.0000000000000000000, -0.0000000000000000000, -1.000000000000000000 ) ) ;
#6324 = CARTESIAN_POINT ( 'NONE',  ( -1.248174574871135300, 0.5885003707310453300, 0.8981880016080588900 ) ) ;
#6325 = FILL_AREA_STYLE_COLOUR ( '', #1679 ) ;
#6326 = ORIENTED_EDGE ( 'NONE', *, *, #2158, .T. ) ;
#6327 = PRESENTATION_LAYER_ASSIGNMENT (  '', '', ( #1767 ) ) ;
#6328 = ORIENTED_EDGE ( 'NONE', *, *, #472, .F. ) ;
#6329 = FACE_OUTER_BOUND ( 'NONE', #377, .T. ) ;
#6330 = SURFACE_STYLE_USAGE ( .BOTH. , #2764 ) ;
#6331 = EDGE_LOOP ( 'NONE', ( #1238, #792, #2102, #2507 ) ) ;
#6332 =( NAMED_UNIT ( * ) SI_UNIT ( $, .STERADIAN. ) SOLID_ANGLE_UNIT ( ) );
#6333 = SURFACE_STYLE_USAGE ( .BOTH. , #5283 ) ;
#6334 = CARTESIAN_POINT ( 'NONE',  ( 1.151000000000000500, 0.3310000000000000200, 0.8124480771102522400 ) ) ;
#6335 = EDGE_CURVE ( 'NONE', #1816, #3480, #3180, .T. ) ;
#6336 = UNCERTAINTY_MEASURE_WITH_UNIT (LENGTH_MEASURE( 1.000000000000000100E-005 ), #4261, 'distance_accuracy_value', 'NONE');
#6337 =( GEOMETRIC_REPRESENTATION_CONTEXT ( 3 ) GLOBAL_UNCERTAINTY_ASSIGNED_CONTEXT ( ( #4084 ) ) GLOBAL_UNIT_ASSIGNED_CONTEXT ( ( #305, #4386, #1837 ) ) REPRESENTATION_CONTEXT ( 'NONE', 'WORKASPACE' ) );
#6338 = CARTESIAN_POINT ( 'NONE',  ( -0.09999999999999940900, 0.5999999999999999800, 0.8589999999999999900 ) ) ;
#6339 = ORIENTED_EDGE ( 'NONE', *, *, #2947, .F. ) ;
#6340 = LINE ( 'NONE', #2544, #3620 ) ;
#6341 = LINE ( 'NONE', #3542, #838 ) ;
#6342 =( LENGTH_UNIT ( ) NAMED_UNIT ( * ) SI_UNIT ( .MILLI., .METRE. ) );
#6343 = SURFACE_STYLE_FILL_AREA ( #304 ) ;
#6344 = CARTESIAN_POINT ( 'NONE',  ( 0.1924045565283712700, 0.6210586443440404600, -0.9192274855718305400 ) ) ;
#6345 = ORIENTED_EDGE ( 'NONE', *, *, #3416, .F. ) ;
#6346 = STYLED_ITEM ( 'NONE', ( #1777 ), #5791 ) ;
#6347 = PLANE ( 'NONE',  #5386 ) ;
#6348 = FACE_OUTER_BOUND ( 'NONE', #2478, .T. ) ;
#6349 = CARTESIAN_POINT ( 'NONE',  ( -1.250000000000000200, 0.5999999999999999800, -1.000000000000000000 ) ) ;
#6350 = ADVANCED_FACE ( 'NONE', ( #4487 ), #2556, .T. ) ;
#6351 = AXIS2_PLACEMENT_3D ( 'NONE', #1567, #534, #3580 ) ;
#6352 = ORIENTED_EDGE ( 'NONE', *, *, #6143, .F. ) ;
#6353 = CARTESIAN_POINT ( 'NONE',  ( -0.1877553417177551000, 0.6454779521534541600, -0.9099999999999997000 ) ) ;
#6354 = DIRECTION ( 'NONE',  ( 0.0000000000000000000, 0.0000000000000000000, -1.000000000000000000 ) ) ;
#6355 = CARTESIAN_POINT ( 'NONE',  ( 0.4740000000000001400, 0.3310000000000000200, -0.9009999999999999100 ) ) ;
#6356 = AXIS2_PLACEMENT_3D ( 'NONE', #4244, #2726, #2236 ) ;
#6357 = CARTESIAN_POINT ( 'NONE',  ( -1.741891754803157100E-016, 0.3300000000000000200, 0.8999999999999998000 ) ) ;
#6358 = ORIENTED_EDGE ( 'NONE', *, *, #5831, .F. ) ;
#6359 = DIRECTION ( 'NONE',  ( 0.0000000000000000000, 1.000000000000000000, 0.0000000000000000000 ) ) ;
#6360 = AXIS2_PLACEMENT_3D ( 'NONE', #9, #5184, #2679 ) ;
#6361 = CYLINDRICAL_SURFACE ( 'NONE', #5432, 0.09999999999999993600 ) ;
#6362 = DIRECTION ( 'NONE',  ( 1.000000000000000000, -0.0000000000000000000, -0.0000000000000000000 ) ) ;
#6363 = CARTESIAN_POINT ( 'NONE',  ( -1.250000000000000200, 0.5999999999999999800, -1.000000000000000000 ) ) ;
#6364 = EDGE_LOOP ( 'NONE', ( #3584, #3818, #123, #6593 ) ) ;
#6365 = MECHANICAL_DESIGN_GEOMETRIC_PRESENTATION_REPRESENTATION (  '', ( #2403 ), #98 ) ;
#6366 = VERTEX_POINT ( 'NONE', #2052 ) ;
#6367 = FACE_OUTER_BOUND ( 'NONE', #4023, .T. ) ;
#6368 = LINE ( 'NONE', #6560, #938 ) ;
#6369 = UNCERTAINTY_MEASURE_WITH_UNIT (LENGTH_MEASURE( 1.000000000000000100E-005 ), #3353, 'distance_accuracy_value', 'NONE');
#6370 = ORIENTED_EDGE ( 'NONE', *, *, #4683, .T. ) ;
#6371 = CARTESIAN_POINT ( 'NONE',  ( -1.230000000000000200, 0.5999999999999999800, 0.9600000000000000800 ) ) ;
#6372 = SURFACE_STYLE_FILL_AREA ( #2549 ) ;
#6373 =( NAMED_UNIT ( * ) PLANE_ANGLE_UNIT ( ) SI_UNIT ( $, .RADIAN. ) );
#6374 = CARTESIAN_POINT ( 'NONE',  ( 1.150000000000000400, 0.3300000000000000200, -0.8129032258064519100 ) ) ;
#6375 = LINE ( 'NONE', #4056, #3019 ) ;
#6376 =( NAMED_UNIT ( * ) PLANE_ANGLE_UNIT ( ) SI_UNIT ( $, .RADIAN. ) );
#6377 = CARTESIAN_POINT ( 'NONE',  ( -1.149999999999999900, 0.3300000000000000200, 5.110982803187865600E-016 ) ) ;
#6378 = ORIENTED_EDGE ( 'NONE', *, *, #2546, .F. ) ;
#6379 = CARTESIAN_POINT ( 'NONE',  ( 0.2000000000000000100, 0.0000000000000000000, 0.9799999999999997600 ) ) ;
#6380 = ADVANCED_FACE ( 'NONE', ( #3277 ), #5085, .T. ) ;
#6381 = CARTESIAN_POINT ( 'NONE',  ( 1.250000000000000000, 0.5799999999999998500, 0.8999999999999999100 ) ) ;
#6382 = EDGE_CURVE ( 'NONE', #5097, #1939, #1673, .T. ) ;
#6383 = VECTOR ( 'NONE', #863, 1000.000000000000100 ) ;
#6384 = AXIS2_PLACEMENT_3D ( 'NONE', #5864, #2801, #1829 ) ;
#6385 = VERTEX_POINT ( 'NONE', #1695 ) ;
#6386 = EDGE_CURVE ( 'NONE', #2163, #3984, #462, .T. ) ;
#6387 = VERTEX_POINT ( 'NONE', #6274 ) ;
#6388 = ORIENTED_EDGE ( 'NONE', *, *, #4592, .F. ) ;
#6389 = CYLINDRICAL_SURFACE ( 'NONE', #6309, 0.02000000000000005200 ) ;
#6390 = DIRECTION ( 'NONE',  ( -0.0000000000000000000, -1.000000000000000000, -0.0000000000000000000 ) ) ;
#6391 = VECTOR ( 'NONE', #5484, 1000.000000000000100 ) ;
#6392 = SURFACE_STYLE_FILL_AREA ( #3893 ) ;
#6393 = LINE ( 'NONE', #109, #4534 ) ;
#6394 = EDGE_CURVE ( 'NONE', #1552, #5494, #4795, .T. ) ;
#6395 = DIRECTION ( 'NONE',  ( 0.0000000000000000000, 0.0000000000000000000, -1.000000000000000000 ) ) ;
#6396 = DIRECTION ( 'NONE',  ( -1.000000000000000000, 0.0000000000000000000, 0.0000000000000000000 ) ) ;
#6397 = CARTESIAN_POINT ( 'NONE',  ( -1.169999999999999700, 0.7299999999999999800, -0.7599999999999986800 ) ) ;
#6398 = MECHANICAL_DESIGN_GEOMETRIC_PRESENTATION_REPRESENTATION (  '', ( #453 ), #1472 ) ;
#6399 = ORIENTED_EDGE ( 'NONE', *, *, #2877, .F. ) ;
#6400 = ORIENTED_EDGE ( 'NONE', *, *, #5919, .F. ) ;
#6401 = CYLINDRICAL_SURFACE ( 'NONE', #4973, 0.1499999999999999700 ) ;
#6402 = MECHANICAL_DESIGN_GEOMETRIC_PRESENTATION_REPRESENTATION (  '', ( #3624 ), #4587 ) ;
#6403 = COLOUR_RGB ( '',1.000000000000000000, 0.8823529411764705600, 0.3764705882352941100 ) ;
#6404 = CARTESIAN_POINT ( 'NONE',  ( -0.09999999999999929800, 0.5999999999999999800, 0.8599999999999999900 ) ) ;
#6405 = EDGE_LOOP ( 'NONE', ( #4461, #4473, #6275, #1895, #6378, #2104, #2503, #713 ) ) ;
#6406 = FACE_OUTER_BOUND ( 'NONE', #4287, .T. ) ;
#6407 = CARTESIAN_POINT ( 'NONE',  ( 1.170000000000000200, 0.7399999999999999900, -0.7599999999999986800 ) ) ;
#6408 = EDGE_CURVE ( 'NONE', #1344, #5122, #3983, .T. ) ;
#6409 = ORIENTED_EDGE ( 'NONE', *, *, #4599, .T. ) ;
#6410 = VERTEX_POINT ( 'NONE', #1125 ) ;
#6411 = VECTOR ( 'NONE', #6015, 1000.000000000000000 ) ;
#6412 = UNCERTAINTY_MEASURE_WITH_UNIT (LENGTH_MEASURE( 1.000000000000000100E-005 ), #47, 'distance_accuracy_value', 'NONE');
#6413 = EDGE_CURVE ( 'NONE', #3697, #5719, #85, .T. ) ;
#6414 = DIRECTION ( 'NONE',  ( 0.0000000000000000000, 0.0000000000000000000, 1.000000000000000000 ) ) ;
#6415 = SURFACE_SIDE_STYLE ('',( #3762 ) ) ;
#6416 = EDGE_CURVE ( 'NONE', #5051, #2517, #871, .T. ) ;
#6417 = ADVANCED_FACE ( 'NONE', ( #3444 ), #619, .F. ) ;
#6418 = MECHANICAL_DESIGN_GEOMETRIC_PRESENTATION_REPRESENTATION (  '', ( #2665 ), #4722 ) ;
#6419 = VECTOR ( 'NONE', #1779, 1000.000000000000000 ) ;
#6420 = CARTESIAN_POINT ( 'NONE',  ( -1.150000000000000100, 0.5817894150928535300, 0.9999999999999997800 ) ) ;
#6421 = ORIENTED_EDGE ( 'NONE', *, *, #1855, .T. ) ;
#6422 = LINE ( 'NONE', #4402, #26 ) ;
#6423 = CARTESIAN_POINT ( 'NONE',  ( 1.250000000000000200, 0.3300000000000000200, -1.000000000000000000 ) ) ;
#6424 = CARTESIAN_POINT ( 'NONE',  ( 0.4740000000000001400, 0.3310000000000000200, -0.6245857864376270800 ) ) ;
#6425 = FILL_AREA_STYLE_COLOUR ( '', #4579 ) ;
#6426 = FILL_AREA_STYLE ('',( #6142 ) ) ;
#6427 = ORIENTED_EDGE ( 'NONE', *, *, #2952, .F. ) ;
#6428 = FACE_OUTER_BOUND ( 'NONE', #5721, .T. ) ;
#6429 = STYLED_ITEM ( 'NONE', ( #2404 ), #6205 ) ;
#6430 = FILL_AREA_STYLE ('',( #2847 ) ) ;
#6431 = EDGE_CURVE ( 'NONE', #3477, #2592, #6128, .T. ) ;
#6432 = ORIENTED_EDGE ( 'NONE', *, *, #3921, .T. ) ;
#6433 = VERTEX_POINT ( 'NONE', #577 ) ;
#6434 = SURFACE_STYLE_FILL_AREA ( #55 ) ;
#6435 = STYLED_ITEM ( 'NONE', ( #5504 ), #2783 ) ;
#6436 = ORIENTED_EDGE ( 'NONE', *, *, #721, .F. ) ;
#6437 = CARTESIAN_POINT ( 'NONE',  ( 1.249999999999999800, 0.3300000000000000200, -0.8999999999999996900 ) ) ;
#6438 = AXIS2_PLACEMENT_3D ( 'NONE', #4170, #6235, #3138 ) ;
#6439 = CARTESIAN_POINT ( 'NONE',  ( 0.5500000000000000400, 0.3300000000000000200, -0.5500000000000000400 ) ) ;
#6440 = EDGE_LOOP ( 'NONE', ( #2964, #895, #1502, #5935, #841, #3049 ) ) ;
#6441 =( LENGTH_UNIT ( ) NAMED_UNIT ( * ) SI_UNIT ( .MILLI., .METRE. ) );
#6442 = AXIS2_PLACEMENT_3D ( 'NONE', #2034, #6098, #5619 ) ;
#6443 = ORIENTED_EDGE ( 'NONE', *, *, #5884, .T. ) ;
#6444 = DIRECTION ( 'NONE',  ( -0.0000000000000000000, -1.000000000000000000, -0.0000000000000000000 ) ) ;
#6445 = CARTESIAN_POINT ( 'NONE',  ( -1.019999999999999800, 0.6500000000000000200, -0.7599999999999996800 ) ) ;
#6446 = FILL_AREA_STYLE ('',( #2454 ) ) ;
#6447 = UNCERTAINTY_MEASURE_WITH_UNIT (LENGTH_MEASURE( 1.000000000000000100E-005 ), #4489, 'distance_accuracy_value', 'NONE');
#6448 = VERTEX_POINT ( 'NONE', #6202 ) ;
#6449 = LINE ( 'NONE', #3839, #6594 ) ;
#6450 = CARTESIAN_POINT ( 'NONE',  ( 1.248174574871134800, 0.5885003707310453300, -0.8981880016080588900 ) ) ;
#6451 = CARTESIAN_POINT ( 'NONE',  ( -0.1812465383877989400, 0.7399999999999999900, 0.9000000000000004700 ) ) ;
#6452 = FACE_OUTER_BOUND ( 'NONE', #2890, .T. ) ;
#6453 = ORIENTED_EDGE ( 'NONE', *, *, #2289, .F. ) ;
#6454 = TOROIDAL_SURFACE ( 'NONE', #5611, 0.1999999999999999600, 0.05000000000000000300 ) ;
#6455 = VERTEX_POINT ( 'NONE', #5253 ) ;
#6456 = SURFACE_STYLE_FILL_AREA ( #3230 ) ;
#6457 = CARTESIAN_POINT ( 'NONE',  ( 1.035185185185185400, 0.3300000000000000200, 0.9000000000000000200 ) ) ;
#6458 = CARTESIAN_POINT ( 'NONE',  ( 0.0000000000000000000, 0.3300000000000000200, -0.3250000000000001800 ) ) ;
#6459 = VECTOR ( 'NONE', #3786, 1000.000000000000000 ) ;
#6460 = EDGE_LOOP ( 'NONE', ( #3910, #2472, #3341, #2585 ) ) ;
#6461 = CIRCLE ( 'NONE', #6547, 0.09900000000000001900 ) ;
#6462 = CARTESIAN_POINT ( 'NONE',  ( -1.150000000000000400, 0.3300000000000000200, 0.8129032258064519100 ) ) ;
#6463 = EDGE_CURVE ( 'NONE', #3004, #2975, #943, .T. ) ;
#6464 = MECHANICAL_DESIGN_GEOMETRIC_PRESENTATION_REPRESENTATION (  '', ( #4078 ), #3133 ) ;
#6465 = CIRCLE ( 'NONE', #1691, 0.1000000000000000500 ) ;
#6466 = DIRECTION ( 'NONE',  ( -0.0000000000000000000, -1.000000000000000000, -0.0000000000000000000 ) ) ;
#6467 = DIRECTION ( 'NONE',  ( 0.0000000000000000000, 1.000000000000000000, 0.0000000000000000000 ) ) ;
#6468 = PRESENTATION_LAYER_ASSIGNMENT (  '', '', ( #5234 ) ) ;
#6469 = ORIENTED_EDGE ( 'NONE', *, *, #5255, .T. ) ;
#6470 = CARTESIAN_POINT ( 'NONE',  ( -0.1877553417177564000, 0.7303242011890384000, 0.9100000000000007000 ) ) ;
#6471 = SURFACE_STYLE_FILL_AREA ( #3544 ) ;
#6472 =( GEOMETRIC_REPRESENTATION_CONTEXT ( 3 ) GLOBAL_UNCERTAINTY_ASSIGNED_CONTEXT ( ( #1494 ) ) GLOBAL_UNIT_ASSIGNED_CONTEXT ( ( #3136, #604, #2105 ) ) REPRESENTATION_CONTEXT ( 'NONE', 'WORKASPACE' ) );
#6473 = ORIENTED_EDGE ( 'NONE', *, *, #4810, .F. ) ;
#6474 = CARTESIAN_POINT ( 'NONE',  ( 1.035185185185185400, 0.3300000000000000200, 0.9000000000000000200 ) ) ;
#6475 = ORIENTED_EDGE ( 'NONE', *, *, #4443, .T. ) ;
#6476 = DIRECTION ( 'NONE',  ( -1.000000000000000000, -0.0000000000000000000, -0.0000000000000000000 ) ) ;
#6477 = STYLED_ITEM ( 'NONE', ( #173 ), #3067 ) ;
#6478 = ADVANCED_FACE ( 'NONE', ( #5178 ), #5681, .T. ) ;
#6479 = CYLINDRICAL_SURFACE ( 'NONE', #1277, 0.02000000000000005200 ) ;
#6480 = PLANE ( 'NONE',  #1664 ) ;
#6481 = ORIENTED_EDGE ( 'NONE', *, *, #3494, .F. ) ;
#6482 =( GEOMETRIC_REPRESENTATION_CONTEXT ( 3 ) GLOBAL_UNCERTAINTY_ASSIGNED_CONTEXT ( ( #5641 ) ) GLOBAL_UNIT_ASSIGNED_CONTEXT ( ( #1261, #4833, #5327 ) ) REPRESENTATION_CONTEXT ( 'NONE', 'WORKASPACE' ) );
#6483 = DIRECTION ( 'NONE',  ( 0.0000000000000000000, -0.0000000000000000000, -1.000000000000000000 ) ) ;
#6484 = DIRECTION ( 'NONE',  ( 0.0000000000000000000, -1.000000000000000000, 0.0000000000000000000 ) ) ;
#6485 = ORIENTED_EDGE ( 'NONE', *, *, #6431, .F. ) ;
#6486 = EDGE_LOOP ( 'NONE', ( #1130, #4138, #3478, #70 ) ) ;
#6487 = EDGE_CURVE ( 'NONE', #4275, #311, #178, .T. ) ;
#6488 = FACE_OUTER_BOUND ( 'NONE', #6114, .T. ) ;
#6489 = COLOUR_RGB ( '',1.000000000000000000, 0.8823529411764705600, 0.3764705882352941100 ) ;
#6490 =( BOUNDED_CURVE ( )  B_SPLINE_CURVE ( 3, ( #80, #2132, #628, #6144 ),
 .UNSPECIFIED., .F., .F. ) 
 B_SPLINE_CURVE_WITH_KNOTS ( ( 4, 4 ),
 ( 3.141592653589793100, 4.712388980384683500 ),
 .UNSPECIFIED. ) 
 CURVE ( )  GEOMETRIC_REPRESENTATION_ITEM ( )  RATIONAL_B_SPLINE_CURVE ( ( 1.000000000000000000, 0.8047378541243663800, 0.8047378541243663800, 1.000000000000000000 ) ) 
 REPRESENTATION_ITEM ( '' )  );
#6491 = CYLINDRICAL_SURFACE ( 'NONE', #6356, 0.02000000000000005200 ) ;
#6492 = ORIENTED_EDGE ( 'NONE', *, *, #2187, .F. ) ;
#6493 = EDGE_CURVE ( 'NONE', #3316, #4840, #2241, .T. ) ;
#6494 = LINE ( 'NONE', #700, #4194 ) ;
#6495 = CARTESIAN_POINT ( 'NONE',  ( -0.2000922493854872000, 0.6018600125981890000, 0.9464892038371725000 ) ) ;
#6496 =( GEOMETRIC_REPRESENTATION_CONTEXT ( 3 ) GLOBAL_UNCERTAINTY_ASSIGNED_CONTEXT ( ( #1721 ) ) GLOBAL_UNIT_ASSIGNED_CONTEXT ( ( #4510, #1417, #5003 ) ) REPRESENTATION_CONTEXT ( 'NONE', 'WORKASPACE' ) );
#6497 = ORIENTED_EDGE ( 'NONE', *, *, #2619, .T. ) ;
#6498 = FILL_AREA_STYLE_COLOUR ( '', #4545 ) ;
#6499 = ORIENTED_EDGE ( 'NONE', *, *, #2081, .T. ) ;
#6500 = VERTEX_POINT ( 'NONE', #2673 ) ;
#6501 = DIRECTION ( 'NONE',  ( -1.000000000000000000, 0.0000000000000000000, -0.0000000000000000000 ) ) ;
#6502 = CARTESIAN_POINT ( 'NONE',  ( 0.0000000000000000000, 0.3310000000000000200, -0.9009999999999999100 ) ) ;
#6503 = SURFACE_STYLE_USAGE ( .BOTH. , #5940 ) ;
#6504 = ORIENTED_EDGE ( 'NONE', *, *, #5279, .F. ) ;
#6505 = ORIENTED_EDGE ( 'NONE', *, *, #5226, .F. ) ;
#6506 = PRESENTATION_LAYER_ASSIGNMENT (  '', '', ( #6206 ) ) ;
#6507 = CARTESIAN_POINT ( 'NONE',  ( -1.151000000000000200, 0.3310000000000000200, 0.0000000000000000000 ) ) ;
#6508 = EDGE_CURVE ( 'NONE', #3653, #5667, #470, .T. ) ;
#6509 = ORIENTED_EDGE ( 'NONE', *, *, #2997, .T. ) ;
#6510 = MECHANICAL_DESIGN_GEOMETRIC_PRESENTATION_REPRESENTATION (  '', ( #4699 ), #5027 ) ;
#6511 = CARTESIAN_POINT ( 'NONE',  ( 1.132260670805645500, 0.5999881886362288300, 0.9806872518043190400 ) ) ;
#6512 = PLANE ( 'NONE',  #1377 ) ;
#6513 = AXIS2_PLACEMENT_3D ( 'NONE', #4983, #369, #5554 ) ;
#6514 = ORIENTED_EDGE ( 'NONE', *, *, #2352, .T. ) ;
#6515 = FILL_AREA_STYLE_COLOUR ( '', #2734 ) ;
#6516 = LINE ( 'NONE', #4067, #1485 ) ;
#6517 = DIRECTION ( 'NONE',  ( 1.000000000000000000, 0.0000000000000000000, 0.0000000000000000000 ) ) ;
#6519 = ORIENTED_EDGE ( 'NONE', *, *, #5941, .F. ) ;
#6518 = CARTESIAN_POINT ( 'NONE',  ( -0.0001420358232436459300, 0.0000000000000000000, 0.0001630781674278896300 ) ) ;
#6520 = SURFACE_STYLE_USAGE ( .BOTH. , #6016 ) ;
#6521 =( BOUNDED_CURVE ( )  B_SPLINE_CURVE ( 3, ( #5296, #1714, #4262, #692 ),
 .UNSPECIFIED., .F., .F. ) 
 B_SPLINE_CURVE_WITH_KNOTS ( ( 4, 4 ),
 ( 4.712388980384699400, 6.283185307179586200 ),
 .UNSPECIFIED. ) 
 CURVE ( )  GEOMETRIC_REPRESENTATION_ITEM ( )  RATIONAL_B_SPLINE_CURVE ( ( 1.000000000000000000, 0.8047378541243672700, 0.8047378541243672700, 1.000000000000000000 ) ) 
 REPRESENTATION_ITEM ( '' )  );
#6522 = ORIENTED_EDGE ( 'NONE', *, *, #3591, .F. ) ;
#6523 = EDGE_LOOP ( 'NONE', ( #4511, #5421, #4595, #4533 ) ) ;
#6524 = VECTOR ( 'NONE', #4234, 1000.000000000000000 ) ;
#6525 = DIRECTION ( 'NONE',  ( 0.0000000000000000000, 0.0000000000000000000, 1.000000000000000000 ) ) ;
#6526 = ORIENTED_EDGE ( 'NONE', *, *, #613, .F. ) ;
#6527 = VECTOR ( 'NONE', #2306, 1000.000000000000000 ) ;
#6528 = EDGE_LOOP ( 'NONE', ( #1508, #6299, #2366, #3021 ) ) ;
#6529 = CARTESIAN_POINT ( 'NONE',  ( -1.019999999999998700, 0.7399999999999999900, -0.9099999999999997000 ) ) ;
#6530 = EDGE_CURVE ( 'NONE', #4149, #629, #2871, .T. ) ;
#6531 = STYLED_ITEM ( 'NONE', ( #5990 ), #5207 ) ;
#6532 = CARTESIAN_POINT ( 'NONE',  ( 1.147414702931667000, 0.5898939861650834800, 0.9973812841267170000 ) ) ;
#6533 = ORIENTED_EDGE ( 'NONE', *, *, #4875, .T. ) ;
#6534 = LINE ( 'NONE', #1184, #5425 ) ;
#6535 = ADVANCED_FACE ( 'NONE', ( #5909 ), #5510, .F. ) ;
#6536 = FACE_OUTER_BOUND ( 'NONE', #4190, .T. ) ;
#6537 = FACE_OUTER_BOUND ( 'NONE', #1005, .T. ) ;
#6538 = PRESENTATION_LAYER_ASSIGNMENT (  '', '', ( #6429 ) ) ;
#6539 = DIRECTION ( 'NONE',  ( 0.0000000000000000000, 0.0000000000000000000, 1.000000000000000000 ) ) ;
#6540 = PRESENTATION_STYLE_ASSIGNMENT (( #1416 ) ) ;
#6541 = DIRECTION ( 'NONE',  ( -0.7540815958863071900, 0.0000000000000000000, -0.6567807448042002300 ) ) ;
#6542 =( NAMED_UNIT ( * ) PLANE_ANGLE_UNIT ( ) SI_UNIT ( $, .RADIAN. ) );
#6543 = SURFACE_STYLE_USAGE ( .BOTH. , #4551 ) ;
#6544 = EDGE_CURVE ( 'NONE', #3109, #5841, #4715, .T. ) ;
#6545 = ORIENTED_EDGE ( 'NONE', *, *, #5740, .T. ) ;
#6546 = FILL_AREA_STYLE_COLOUR ( '', #4874 ) ;
#6547 = AXIS2_PLACEMENT_3D ( 'NONE', #2016, #33, #6034 ) ;
#6548 = ORIENTED_EDGE ( 'NONE', *, *, #2506, .F. ) ;
#6549 = AXIS2_PLACEMENT_3D ( 'NONE', #2543, #57, #556 ) ;
#6550 = ORIENTED_EDGE ( 'NONE', *, *, #5405, .T. ) ;
#6551 = SURFACE_STYLE_USAGE ( .BOTH. , #1753 ) ;
#6552 = SURFACE_STYLE_USAGE ( .BOTH. , #2026 ) ;
#6553 = ORIENTED_EDGE ( 'NONE', *, *, #5456, .T. ) ;
#6554 = DIRECTION ( 'NONE',  ( -0.7540815958863055200, 0.0000000000000000000, 0.6567807448042022300 ) ) ;
#6555 = EDGE_LOOP ( 'NONE', ( #257, #5780, #3425, #4852, #1245, #4824, #5536 ) ) ;
#6556 = UNCERTAINTY_MEASURE_WITH_UNIT (LENGTH_MEASURE( 1.000000000000000100E-005 ), #2149, 'distance_accuracy_value', 'NONE');
#6557 = VECTOR ( 'NONE', #4101, 1000.000000000000200 ) ;
#6558 = FILL_AREA_STYLE_COLOUR ( '', #2567 ) ;
#6559 = VECTOR ( 'NONE', #3886, 1000.000000000000000 ) ;
#6560 = CARTESIAN_POINT ( 'NONE',  ( -0.4740000000000001400, 0.3310000000000000200, 0.0000000000000000000 ) ) ;
#6561 = STYLED_ITEM ( 'NONE', ( #5366 ), #2007 ) ;
#6562 = FILL_AREA_STYLE ('',( #5997 ) ) ;
#6563 = DIRECTION ( 'NONE',  ( -0.7540815958863068500, 0.0000000000000000000, -0.6567807448042006800 ) ) ;
#6564 = PLANE ( 'NONE',  #3759 ) ;
#6565 = CARTESIAN_POINT ( 'NONE',  ( -1.019999999999998700, 0.7399999999999999900, -0.8999999999999996900 ) ) ;
#6566 = DIRECTION ( 'NONE',  ( 0.0000000000000000000, -0.0000000000000000000, -1.000000000000000000 ) ) ;
#6567 = VECTOR ( 'NONE', #4370, 1000.000000000000000 ) ;
#6568 = ADVANCED_FACE ( 'NONE', ( #5023 ), #5820, .F. ) ;
#6569 = CARTESIAN_POINT ( 'NONE',  ( -1.741891754803157100E-016, -0.0000000000000000000, 0.8999999999999998000 ) ) ;
#6570 = ORIENTED_EDGE ( 'NONE', *, *, #724, .F. ) ;
#6571 = LINE ( 'NONE', #247, #2519 ) ;
#6572 = PLANE ( 'NONE',  #424 ) ;
#6573 = EDGE_LOOP ( 'NONE', ( #1179, #3696, #27, #2118 ) ) ;
#6574 = CARTESIAN_POINT ( 'NONE',  ( -4.656648330825265200E-016, 0.5999999999999999800, -0.8589999999999988800 ) ) ;
#6575 = VERTEX_POINT ( 'NONE', #5182 ) ;
#6576 = EDGE_CURVE ( 'NONE', #4125, #5381, #4233, .T. ) ;
#6577 = COLOUR_RGB ( '',1.000000000000000000, 0.8823529411764705600, 0.3764705882352941100 ) ;
#6578 = PRESENTATION_LAYER_ASSIGNMENT (  '', '', ( #4442 ) ) ;
#6579 =( GEOMETRIC_REPRESENTATION_CONTEXT ( 3 ) GLOBAL_UNCERTAINTY_ASSIGNED_CONTEXT ( ( #2702 ) ) GLOBAL_UNIT_ASSIGNED_CONTEXT ( ( #3613, #6192, #4200 ) ) REPRESENTATION_CONTEXT ( 'NONE', 'WORKASPACE' ) );
#6580 = CARTESIAN_POINT ( 'NONE',  ( 0.1909997969994609600, 0.6255098315941163300, 0.9160274243651190800 ) ) ;
#6581 = ORIENTED_EDGE ( 'NONE', *, *, #4274, .T. ) ;
#6582 = DIRECTION ( 'NONE',  ( -1.000000000000000000, 0.0000000000000000000, -0.0000000000000000000 ) ) ;
#6583 = CARTESIAN_POINT ( 'NONE',  ( -0.4750000000000001400, 0.3300000000000000200, -0.8999999999999999100 ) ) ;
#6584 = CARTESIAN_POINT ( 'NONE',  ( -0.09999999999999924200, 0.5999999999999999800, -0.9599999999999991900 ) ) ;
#6585 = DIRECTION ( 'NONE',  ( 0.0000000000000000000, 0.0000000000000000000, 1.000000000000000000 ) ) ;
#6586 = CIRCLE ( 'NONE', #4788, 0.09899999999999990800 ) ;
#6587 = AXIS2_PLACEMENT_3D ( 'NONE', #2367, #2839, #4392 ) ;
#6588 = LINE ( 'NONE', #4035, #1328 ) ;
#6589 =( NAMED_UNIT ( * ) PLANE_ANGLE_UNIT ( ) SI_UNIT ( $, .RADIAN. ) );
#6590 = ORIENTED_EDGE ( 'NONE', *, *, #3906, .T. ) ;
#6591 = LINE ( 'NONE', #5959, #2540 ) ;
#6592 = CARTESIAN_POINT ( 'NONE',  ( 0.09346153846153686100, 0.0000000000000000000, -0.1073076923076908100 ) ) ;
#6593 = ORIENTED_EDGE ( 'NONE', *, *, #1861, .T. ) ;
#6594 = VECTOR ( 'NONE', #4425, 1000.000000000000000 ) ;
ENDSEC;
END-ISO-10303-21;
