ISO-10303-21;
HEADER;
FILE_DESCRIPTION(('FreeCAD Model'),'2;1');
FILE_NAME('Open CASCADE Shape Model','2024-07-06T19:43:34',('FreeCAD'),(
    'FreeCAD'),'Open CASCADE STEP processor 7.6','FreeCAD','Unknown');
FILE_SCHEMA(('AUTOMOTIVE_DESIGN { 1 0 10303 214 1 1 1 1 }'));
ENDSEC;
DATA;
#1 = APPLICATION_PROTOCOL_DEFINITION('international standard',
  'automotive_design',2000,#2);
#2 = APPLICATION_CONTEXT(
  'core data for automotive mechanical design processes');
#3 = SHAPE_DEFINITION_REPRESENTATION(#4,#10);
#4 = PRODUCT_DEFINITION_SHAPE('','',#5);
#5 = PRODUCT_DEFINITION('design','',#6,#9);
#6 = PRODUCT_DEFINITION_FORMATION('','',#7);
#7 = PRODUCT('Open CASCADE STEP translator 7.6 1',
  'Open CASCADE STEP translator 7.6 1','',(#8));
#8 = PRODUCT_CONTEXT('',#2,'mechanical');
#9 = PRODUCT_DEFINITION_CONTEXT('part definition',#2,'design');
#10 = ADVANCED_BREP_SHAPE_REPRESENTATION('',(#11,#15),#10964);
#11 = AXIS2_PLACEMENT_3D('',#12,#13,#14);
#12 = CARTESIAN_POINT('',(0.,0.,0.));
#13 = DIRECTION('',(0.,0.,1.));
#14 = DIRECTION('',(1.,0.,-0.));
#15 = MANIFOLD_SOLID_BREP('',#16);
#16 = CLOSED_SHELL('',(#17,#1281,#2518,#2540,#2589,#2622,#2667,#2684,
    #2701,#2718,#2751,#2782,#2811,#2833,#2866,#2897,#2926,#2943,#2955,
    #3170,#3210,#3425,#3472,#3503,#3527,#3551,#3568,#3580,#3598,#3610,
    #3634,#3659,#3683,#3704,#3735,#3759,#3783,#3800,#3812,#3843,#3867,
    #3891,#3908,#3920,#3951,#3975,#3999,#4016,#4028,#4059,#4083,#4107,
    #4124,#4136,#4167,#4191,#4215,#4232,#4244,#4275,#4299,#4323,#4340,
    #4352,#4383,#4407,#4431,#4448,#4460,#4491,#4515,#4539,#4556,#4568,
    #4599,#4623,#4647,#4664,#4676,#4707,#4731,#4755,#4772,#4784,#4815,
    #4839,#4863,#4880,#4892,#4923,#4947,#4971,#4988,#5000,#5031,#5055,
    #5079,#5096,#5108,#5139,#5163,#5187,#5204,#5216,#5247,#5271,#5295,
    #5312,#5324,#5355,#5379,#5403,#5420,#5432,#5463,#5487,#5511,#5528,
    #5540,#5571,#5595,#5619,#5636,#5648,#5679,#5703,#5727,#5744,#5756,
    #5787,#5811,#5835,#5852,#5864,#5895,#5919,#5943,#5960,#5972,#6003,
    #6027,#6051,#6068,#6080,#6111,#6135,#6159,#6176,#6188,#6219,#6243,
    #6267,#6284,#6296,#6327,#6351,#6375,#6392,#6404,#6435,#6459,#6483,
    #6500,#6512,#6543,#6567,#6591,#6608,#6620,#6651,#6675,#6699,#6716,
    #6728,#6759,#6783,#6807,#6824,#6836,#6867,#6891,#6915,#6932,#6944,
    #6975,#6999,#7023,#7040,#7052,#7083,#7107,#7131,#7148,#7160,#7191,
    #7215,#7239,#7256,#7268,#7299,#7323,#7347,#7364,#7376,#7407,#7431,
    #7455,#7472,#7484,#7515,#7539,#7563,#7580,#7592,#7623,#7647,#7671,
    #7688,#7700,#7731,#7755,#7779,#7796,#7808,#7839,#7863,#7887,#7904,
    #7916,#7947,#7971,#7995,#8012,#8024,#8055,#8079,#8103,#8120,#8132,
    #8163,#8187,#8211,#8228,#8240,#8271,#8295,#8319,#8336,#8348,#8379,
    #8403,#8427,#8444,#8456,#8487,#8511,#8535,#8552,#8564,#8595,#8619,
    #8643,#8660,#8672,#8703,#8727,#8751,#8768,#8780,#8811,#8835,#8859,
    #8876,#8888,#8919,#8943,#8967,#8984,#8996,#9027,#9051,#9075,#9092,
    #9104,#9135,#9159,#9183,#9200,#9212,#9243,#9267,#9291,#9308,#9320,
    #9351,#9375,#9399,#9416,#9428,#9459,#9483,#9507,#9524,#9536,#9567,
    #9591,#9615,#9632,#9644,#9675,#9699,#9723,#9740,#9752,#9783,#9807,
    #9831,#9848,#9860,#9891,#9915,#9939,#9956,#9968,#9999,#10023,#10047,
    #10064,#10076,#10107,#10131,#10155,#10172,#10184,#10215,#10239,
    #10263,#10280,#10292,#10323,#10347,#10371,#10388,#10400,#10431,
    #10455,#10479,#10496,#10508,#10539,#10563,#10587,#10604,#10616,
    #10647,#10671,#10695,#10712,#10724,#10755,#10779,#10803,#10820,
    #10832,#10863,#10887,#10911,#10928,#10940,#10952));
#17 = ADVANCED_FACE('',(#18,#52),#1276,.T.);
#18 = FACE_BOUND('',#19,.F.);
#19 = EDGE_LOOP('',(#20,#30,#38,#46));
#20 = ORIENTED_EDGE('',*,*,#21,.F.);
#21 = EDGE_CURVE('',#22,#24,#26,.T.);
#22 = VERTEX_POINT('',#23);
#23 = CARTESIAN_POINT('',(-10.,0.,30.));
#24 = VERTEX_POINT('',#25);
#25 = CARTESIAN_POINT('',(10.,0.,30.));
#26 = LINE('',#27,#28);
#27 = CARTESIAN_POINT('',(-10.,0.,30.));
#28 = VECTOR('',#29,1.);
#29 = DIRECTION('',(1.,0.,0.));
#30 = ORIENTED_EDGE('',*,*,#31,.F.);
#31 = EDGE_CURVE('',#32,#22,#34,.T.);
#32 = VERTEX_POINT('',#33);
#33 = CARTESIAN_POINT('',(-10.,0.,-30.));
#34 = LINE('',#35,#36);
#35 = CARTESIAN_POINT('',(-10.,0.,-30.));
#36 = VECTOR('',#37,1.);
#37 = DIRECTION('',(0.,0.,1.));
#38 = ORIENTED_EDGE('',*,*,#39,.F.);
#39 = EDGE_CURVE('',#40,#32,#42,.T.);
#40 = VERTEX_POINT('',#41);
#41 = CARTESIAN_POINT('',(10.,0.,-30.));
#42 = LINE('',#43,#44);
#43 = CARTESIAN_POINT('',(10.,0.,-30.));
#44 = VECTOR('',#45,1.);
#45 = DIRECTION('',(-1.,-0.,-0.));
#46 = ORIENTED_EDGE('',*,*,#47,.F.);
#47 = EDGE_CURVE('',#24,#40,#48,.T.);
#48 = LINE('',#49,#50);
#49 = CARTESIAN_POINT('',(10.,0.,30.));
#50 = VECTOR('',#51,1.);
#51 = DIRECTION('',(-0.,-0.,-1.));
#52 = FACE_BOUND('',#53,.F.);
#53 = EDGE_LOOP('',(#54,#64,#72,#80,#88,#96,#104,#113,#121,#129,#137,
    #145,#154,#163,#171,#179,#187,#195,#204,#212,#220,#228,#236,#244,
    #252,#260,#268,#276,#284,#292,#300,#308,#316,#324,#332,#340,#348,
    #356,#364,#372,#380,#388,#396,#404,#412,#420,#428,#436,#444,#452,
    #460,#468,#476,#484,#492,#500,#508,#516,#524,#532,#540,#548,#556,
    #564,#572,#580,#588,#596,#604,#612,#620,#628,#636,#644,#652,#660,
    #668,#676,#684,#692,#700,#708,#716,#724,#732,#740,#748,#756,#764,
    #772,#780,#788,#796,#804,#812,#820,#828,#836,#844,#852,#860,#868,
    #876,#884,#892,#900,#908,#916,#924,#932,#940,#948,#956,#964,#972,
    #980,#988,#996,#1004,#1012,#1020,#1028,#1036,#1044,#1052,#1060,#1068
    ,#1076,#1084,#1092,#1100,#1108,#1116,#1124,#1132,#1140,#1148,#1156,
    #1165,#1174,#1182,#1190,#1198,#1206,#1214,#1222,#1230,#1238,#1246,
    #1254,#1262,#1270));
#54 = ORIENTED_EDGE('',*,*,#55,.F.);
#55 = EDGE_CURVE('',#56,#58,#60,.T.);
#56 = VERTEX_POINT('',#57);
#57 = CARTESIAN_POINT('',(-8.822222403,0.,-39.7));
#58 = VERTEX_POINT('',#59);
#59 = CARTESIAN_POINT('',(-8.672222403,0.,-39.7));
#60 = LINE('',#61,#62);
#61 = CARTESIAN_POINT('',(-8.822222403,0.,-39.7));
#62 = VECTOR('',#63,1.);
#63 = DIRECTION('',(1.,0.,0.));
#64 = ORIENTED_EDGE('',*,*,#65,.F.);
#65 = EDGE_CURVE('',#66,#56,#68,.T.);
#66 = VERTEX_POINT('',#67);
#67 = CARTESIAN_POINT('',(-8.822222403,0.,-37.5));
#68 = LINE('',#69,#70);
#69 = CARTESIAN_POINT('',(-8.822222403,0.,-37.5));
#70 = VECTOR('',#71,1.);
#71 = DIRECTION('',(-0.,-0.,-1.));
#72 = ORIENTED_EDGE('',*,*,#73,.F.);
#73 = EDGE_CURVE('',#74,#66,#76,.T.);
#74 = VERTEX_POINT('',#75);
#75 = CARTESIAN_POINT('',(-9.172222403,0.,-37.5));
#76 = LINE('',#77,#78);
#77 = CARTESIAN_POINT('',(-9.172222403,0.,-37.5));
#78 = VECTOR('',#79,1.);
#79 = DIRECTION('',(1.,0.,0.));
#80 = ORIENTED_EDGE('',*,*,#81,.F.);
#81 = EDGE_CURVE('',#82,#74,#84,.T.);
#82 = VERTEX_POINT('',#83);
#83 = CARTESIAN_POINT('',(-9.172222403,0.,-39.7));
#84 = LINE('',#85,#86);
#85 = CARTESIAN_POINT('',(-9.172222403,0.,-39.7));
#86 = VECTOR('',#87,1.);
#87 = DIRECTION('',(0.,0.,1.));
#88 = ORIENTED_EDGE('',*,*,#89,.F.);
#89 = EDGE_CURVE('',#90,#82,#92,.T.);
#90 = VERTEX_POINT('',#91);
#91 = CARTESIAN_POINT('',(-9.925,0.,-39.7));
#92 = LINE('',#93,#94);
#93 = CARTESIAN_POINT('',(-9.925,0.,-39.7));
#94 = VECTOR('',#95,1.);
#95 = DIRECTION('',(1.,0.,0.));
#96 = ORIENTED_EDGE('',*,*,#97,.T.);
#97 = EDGE_CURVE('',#90,#98,#100,.T.);
#98 = VERTEX_POINT('',#99);
#99 = CARTESIAN_POINT('',(-9.925,0.,-37.));
#100 = LINE('',#101,#102);
#101 = CARTESIAN_POINT('',(-9.925,0.,-39.7));
#102 = VECTOR('',#103,1.);
#103 = DIRECTION('',(0.,0.,1.));
#104 = ORIENTED_EDGE('',*,*,#105,.T.);
#105 = EDGE_CURVE('',#98,#106,#108,.T.);
#106 = VERTEX_POINT('',#107);
#107 = CARTESIAN_POINT('',(-10.925,0.,-36.));
#108 = CIRCLE('',#109,1.);
#109 = AXIS2_PLACEMENT_3D('',#110,#111,#112);
#110 = CARTESIAN_POINT('',(-10.925,0.,-37.));
#111 = DIRECTION('',(0.,-1.,0.));
#112 = DIRECTION('',(-0.,-0.,-1.));
#113 = ORIENTED_EDGE('',*,*,#114,.T.);
#114 = EDGE_CURVE('',#106,#115,#117,.T.);
#115 = VERTEX_POINT('',#116);
#116 = CARTESIAN_POINT('',(-11.,0.,-36.));
#117 = LINE('',#118,#119);
#118 = CARTESIAN_POINT('',(-10.925,0.,-36.));
#119 = VECTOR('',#120,1.);
#120 = DIRECTION('',(-1.,-0.,-0.));
#121 = ORIENTED_EDGE('',*,*,#122,.T.);
#122 = EDGE_CURVE('',#115,#123,#125,.T.);
#123 = VERTEX_POINT('',#124);
#124 = CARTESIAN_POINT('',(-11.,0.,40.));
#125 = LINE('',#126,#127);
#126 = CARTESIAN_POINT('',(-11.,0.,-36.));
#127 = VECTOR('',#128,1.);
#128 = DIRECTION('',(0.,0.,1.));
#129 = ORIENTED_EDGE('',*,*,#130,.T.);
#130 = EDGE_CURVE('',#123,#131,#133,.T.);
#131 = VERTEX_POINT('',#132);
#132 = CARTESIAN_POINT('',(-4.,0.,40.));
#133 = LINE('',#134,#135);
#134 = CARTESIAN_POINT('',(-11.,0.,40.));
#135 = VECTOR('',#136,1.);
#136 = DIRECTION('',(1.,0.,0.));
#137 = ORIENTED_EDGE('',*,*,#138,.F.);
#138 = EDGE_CURVE('',#139,#131,#141,.T.);
#139 = VERTEX_POINT('',#140);
#140 = CARTESIAN_POINT('',(-4.,0.,39.));
#141 = LINE('',#142,#143);
#142 = CARTESIAN_POINT('',(-4.,0.,39.));
#143 = VECTOR('',#144,1.);
#144 = DIRECTION('',(0.,0.,1.));
#145 = ORIENTED_EDGE('',*,*,#146,.F.);
#146 = EDGE_CURVE('',#147,#139,#149,.T.);
#147 = VERTEX_POINT('',#148);
#148 = CARTESIAN_POINT('',(0.,0.,35.));
#149 = CIRCLE('',#150,4.);
#150 = AXIS2_PLACEMENT_3D('',#151,#152,#153);
#151 = CARTESIAN_POINT('',(0.,0.,39.));
#152 = DIRECTION('',(0.,1.,0.));
#153 = DIRECTION('',(0.,0.,1.));
#154 = ORIENTED_EDGE('',*,*,#155,.F.);
#155 = EDGE_CURVE('',#156,#147,#158,.T.);
#156 = VERTEX_POINT('',#157);
#157 = CARTESIAN_POINT('',(4.,0.,39.));
#158 = CIRCLE('',#159,4.);
#159 = AXIS2_PLACEMENT_3D('',#160,#161,#162);
#160 = CARTESIAN_POINT('',(0.,0.,39.));
#161 = DIRECTION('',(0.,1.,0.));
#162 = DIRECTION('',(0.,0.,1.));
#163 = ORIENTED_EDGE('',*,*,#164,.F.);
#164 = EDGE_CURVE('',#165,#156,#167,.T.);
#165 = VERTEX_POINT('',#166);
#166 = CARTESIAN_POINT('',(4.,0.,40.));
#167 = LINE('',#168,#169);
#168 = CARTESIAN_POINT('',(4.,0.,40.));
#169 = VECTOR('',#170,1.);
#170 = DIRECTION('',(-0.,-0.,-1.));
#171 = ORIENTED_EDGE('',*,*,#172,.T.);
#172 = EDGE_CURVE('',#165,#173,#175,.T.);
#173 = VERTEX_POINT('',#174);
#174 = CARTESIAN_POINT('',(11.,0.,40.));
#175 = LINE('',#176,#177);
#176 = CARTESIAN_POINT('',(4.,0.,40.));
#177 = VECTOR('',#178,1.);
#178 = DIRECTION('',(1.,0.,0.));
#179 = ORIENTED_EDGE('',*,*,#180,.T.);
#180 = EDGE_CURVE('',#173,#181,#183,.T.);
#181 = VERTEX_POINT('',#182);
#182 = CARTESIAN_POINT('',(11.,0.,-36.));
#183 = LINE('',#184,#185);
#184 = CARTESIAN_POINT('',(11.,0.,40.));
#185 = VECTOR('',#186,1.);
#186 = DIRECTION('',(-0.,-0.,-1.));
#187 = ORIENTED_EDGE('',*,*,#188,.T.);
#188 = EDGE_CURVE('',#181,#189,#191,.T.);
#189 = VERTEX_POINT('',#190);
#190 = CARTESIAN_POINT('',(10.925,0.,-36.));
#191 = LINE('',#192,#193);
#192 = CARTESIAN_POINT('',(11.,0.,-36.));
#193 = VECTOR('',#194,1.);
#194 = DIRECTION('',(-1.,-0.,-0.));
#195 = ORIENTED_EDGE('',*,*,#196,.T.);
#196 = EDGE_CURVE('',#189,#197,#199,.T.);
#197 = VERTEX_POINT('',#198);
#198 = CARTESIAN_POINT('',(9.925,0.,-37.));
#199 = CIRCLE('',#200,1.);
#200 = AXIS2_PLACEMENT_3D('',#201,#202,#203);
#201 = CARTESIAN_POINT('',(10.925,0.,-37.));
#202 = DIRECTION('',(0.,-1.,0.));
#203 = DIRECTION('',(0.,0.,1.));
#204 = ORIENTED_EDGE('',*,*,#205,.T.);
#205 = EDGE_CURVE('',#197,#206,#208,.T.);
#206 = VERTEX_POINT('',#207);
#207 = CARTESIAN_POINT('',(9.925,0.,-39.7));
#208 = LINE('',#209,#210);
#209 = CARTESIAN_POINT('',(9.925,0.,-37.));
#210 = VECTOR('',#211,1.);
#211 = DIRECTION('',(-0.,-0.,-1.));
#212 = ORIENTED_EDGE('',*,*,#213,.F.);
#213 = EDGE_CURVE('',#214,#206,#216,.T.);
#214 = VERTEX_POINT('',#215);
#215 = CARTESIAN_POINT('',(9.177777597,0.,-39.7));
#216 = LINE('',#217,#218);
#217 = CARTESIAN_POINT('',(9.177777597,0.,-39.7));
#218 = VECTOR('',#219,1.);
#219 = DIRECTION('',(1.,0.,0.));
#220 = ORIENTED_EDGE('',*,*,#221,.F.);
#221 = EDGE_CURVE('',#222,#214,#224,.T.);
#222 = VERTEX_POINT('',#223);
#223 = CARTESIAN_POINT('',(9.177777597,0.,-37.5));
#224 = LINE('',#225,#226);
#225 = CARTESIAN_POINT('',(9.177777597,0.,-37.5));
#226 = VECTOR('',#227,1.);
#227 = DIRECTION('',(-0.,-0.,-1.));
#228 = ORIENTED_EDGE('',*,*,#229,.F.);
#229 = EDGE_CURVE('',#230,#222,#232,.T.);
#230 = VERTEX_POINT('',#231);
#231 = CARTESIAN_POINT('',(8.827777597,0.,-37.5));
#232 = LINE('',#233,#234);
#233 = CARTESIAN_POINT('',(8.827777597,0.,-37.5));
#234 = VECTOR('',#235,1.);
#235 = DIRECTION('',(1.,0.,0.));
#236 = ORIENTED_EDGE('',*,*,#237,.F.);
#237 = EDGE_CURVE('',#238,#230,#240,.T.);
#238 = VERTEX_POINT('',#239);
#239 = CARTESIAN_POINT('',(8.827777597,0.,-39.7));
#240 = LINE('',#241,#242);
#241 = CARTESIAN_POINT('',(8.827777597,0.,-39.7));
#242 = VECTOR('',#243,1.);
#243 = DIRECTION('',(0.,0.,1.));
#244 = ORIENTED_EDGE('',*,*,#245,.F.);
#245 = EDGE_CURVE('',#246,#238,#248,.T.);
#246 = VERTEX_POINT('',#247);
#247 = CARTESIAN_POINT('',(8.677777597,0.,-39.7));
#248 = LINE('',#249,#250);
#249 = CARTESIAN_POINT('',(8.677777597,0.,-39.7));
#250 = VECTOR('',#251,1.);
#251 = DIRECTION('',(1.,0.,0.));
#252 = ORIENTED_EDGE('',*,*,#253,.F.);
#253 = EDGE_CURVE('',#254,#246,#256,.T.);
#254 = VERTEX_POINT('',#255);
#255 = CARTESIAN_POINT('',(8.677777597,0.,-37.5));
#256 = LINE('',#257,#258);
#257 = CARTESIAN_POINT('',(8.677777597,0.,-37.5));
#258 = VECTOR('',#259,1.);
#259 = DIRECTION('',(-0.,-0.,-1.));
#260 = ORIENTED_EDGE('',*,*,#261,.F.);
#261 = EDGE_CURVE('',#262,#254,#264,.T.);
#262 = VERTEX_POINT('',#263);
#263 = CARTESIAN_POINT('',(8.327777597,0.,-37.5));
#264 = LINE('',#265,#266);
#265 = CARTESIAN_POINT('',(8.327777597,0.,-37.5));
#266 = VECTOR('',#267,1.);
#267 = DIRECTION('',(1.,0.,0.));
#268 = ORIENTED_EDGE('',*,*,#269,.F.);
#269 = EDGE_CURVE('',#270,#262,#272,.T.);
#270 = VERTEX_POINT('',#271);
#271 = CARTESIAN_POINT('',(8.327777597,0.,-39.7));
#272 = LINE('',#273,#274);
#273 = CARTESIAN_POINT('',(8.327777597,0.,-39.7));
#274 = VECTOR('',#275,1.);
#275 = DIRECTION('',(0.,0.,1.));
#276 = ORIENTED_EDGE('',*,*,#277,.F.);
#277 = EDGE_CURVE('',#278,#270,#280,.T.);
#278 = VERTEX_POINT('',#279);
#279 = CARTESIAN_POINT('',(8.177777597,0.,-39.7));
#280 = LINE('',#281,#282);
#281 = CARTESIAN_POINT('',(8.177777597,0.,-39.7));
#282 = VECTOR('',#283,1.);
#283 = DIRECTION('',(1.,0.,0.));
#284 = ORIENTED_EDGE('',*,*,#285,.F.);
#285 = EDGE_CURVE('',#286,#278,#288,.T.);
#286 = VERTEX_POINT('',#287);
#287 = CARTESIAN_POINT('',(8.177777597,0.,-37.5));
#288 = LINE('',#289,#290);
#289 = CARTESIAN_POINT('',(8.177777597,0.,-37.5));
#290 = VECTOR('',#291,1.);
#291 = DIRECTION('',(-0.,-0.,-1.));
#292 = ORIENTED_EDGE('',*,*,#293,.F.);
#293 = EDGE_CURVE('',#294,#286,#296,.T.);
#294 = VERTEX_POINT('',#295);
#295 = CARTESIAN_POINT('',(7.827777597,0.,-37.5));
#296 = LINE('',#297,#298);
#297 = CARTESIAN_POINT('',(7.827777597,0.,-37.5));
#298 = VECTOR('',#299,1.);
#299 = DIRECTION('',(1.,0.,0.));
#300 = ORIENTED_EDGE('',*,*,#301,.F.);
#301 = EDGE_CURVE('',#302,#294,#304,.T.);
#302 = VERTEX_POINT('',#303);
#303 = CARTESIAN_POINT('',(7.827777597,0.,-39.7));
#304 = LINE('',#305,#306);
#305 = CARTESIAN_POINT('',(7.827777597,0.,-39.7));
#306 = VECTOR('',#307,1.);
#307 = DIRECTION('',(0.,0.,1.));
#308 = ORIENTED_EDGE('',*,*,#309,.F.);
#309 = EDGE_CURVE('',#310,#302,#312,.T.);
#310 = VERTEX_POINT('',#311);
#311 = CARTESIAN_POINT('',(7.677777597,0.,-39.7));
#312 = LINE('',#313,#314);
#313 = CARTESIAN_POINT('',(7.677777597,0.,-39.7));
#314 = VECTOR('',#315,1.);
#315 = DIRECTION('',(1.,0.,0.));
#316 = ORIENTED_EDGE('',*,*,#317,.F.);
#317 = EDGE_CURVE('',#318,#310,#320,.T.);
#318 = VERTEX_POINT('',#319);
#319 = CARTESIAN_POINT('',(7.677777597,0.,-37.5));
#320 = LINE('',#321,#322);
#321 = CARTESIAN_POINT('',(7.677777597,0.,-37.5));
#322 = VECTOR('',#323,1.);
#323 = DIRECTION('',(-0.,-0.,-1.));
#324 = ORIENTED_EDGE('',*,*,#325,.F.);
#325 = EDGE_CURVE('',#326,#318,#328,.T.);
#326 = VERTEX_POINT('',#327);
#327 = CARTESIAN_POINT('',(7.327777597,0.,-37.5));
#328 = LINE('',#329,#330);
#329 = CARTESIAN_POINT('',(7.327777597,0.,-37.5));
#330 = VECTOR('',#331,1.);
#331 = DIRECTION('',(1.,0.,0.));
#332 = ORIENTED_EDGE('',*,*,#333,.F.);
#333 = EDGE_CURVE('',#334,#326,#336,.T.);
#334 = VERTEX_POINT('',#335);
#335 = CARTESIAN_POINT('',(7.327777597,0.,-39.7));
#336 = LINE('',#337,#338);
#337 = CARTESIAN_POINT('',(7.327777597,0.,-39.7));
#338 = VECTOR('',#339,1.);
#339 = DIRECTION('',(0.,0.,1.));
#340 = ORIENTED_EDGE('',*,*,#341,.F.);
#341 = EDGE_CURVE('',#342,#334,#344,.T.);
#342 = VERTEX_POINT('',#343);
#343 = CARTESIAN_POINT('',(7.177777597,0.,-39.7));
#344 = LINE('',#345,#346);
#345 = CARTESIAN_POINT('',(7.177777597,0.,-39.7));
#346 = VECTOR('',#347,1.);
#347 = DIRECTION('',(1.,0.,0.));
#348 = ORIENTED_EDGE('',*,*,#349,.F.);
#349 = EDGE_CURVE('',#350,#342,#352,.T.);
#350 = VERTEX_POINT('',#351);
#351 = CARTESIAN_POINT('',(7.177777597,0.,-37.5));
#352 = LINE('',#353,#354);
#353 = CARTESIAN_POINT('',(7.177777597,0.,-37.5));
#354 = VECTOR('',#355,1.);
#355 = DIRECTION('',(-0.,-0.,-1.));
#356 = ORIENTED_EDGE('',*,*,#357,.F.);
#357 = EDGE_CURVE('',#358,#350,#360,.T.);
#358 = VERTEX_POINT('',#359);
#359 = CARTESIAN_POINT('',(6.827777597,0.,-37.5));
#360 = LINE('',#361,#362);
#361 = CARTESIAN_POINT('',(6.827777597,0.,-37.5));
#362 = VECTOR('',#363,1.);
#363 = DIRECTION('',(1.,0.,0.));
#364 = ORIENTED_EDGE('',*,*,#365,.F.);
#365 = EDGE_CURVE('',#366,#358,#368,.T.);
#366 = VERTEX_POINT('',#367);
#367 = CARTESIAN_POINT('',(6.827777597,0.,-39.7));
#368 = LINE('',#369,#370);
#369 = CARTESIAN_POINT('',(6.827777597,0.,-39.7));
#370 = VECTOR('',#371,1.);
#371 = DIRECTION('',(0.,0.,1.));
#372 = ORIENTED_EDGE('',*,*,#373,.F.);
#373 = EDGE_CURVE('',#374,#366,#376,.T.);
#374 = VERTEX_POINT('',#375);
#375 = CARTESIAN_POINT('',(6.677777597,0.,-39.7));
#376 = LINE('',#377,#378);
#377 = CARTESIAN_POINT('',(6.677777597,0.,-39.7));
#378 = VECTOR('',#379,1.);
#379 = DIRECTION('',(1.,0.,0.));
#380 = ORIENTED_EDGE('',*,*,#381,.F.);
#381 = EDGE_CURVE('',#382,#374,#384,.T.);
#382 = VERTEX_POINT('',#383);
#383 = CARTESIAN_POINT('',(6.677777597,0.,-37.5));
#384 = LINE('',#385,#386);
#385 = CARTESIAN_POINT('',(6.677777597,0.,-37.5));
#386 = VECTOR('',#387,1.);
#387 = DIRECTION('',(-0.,-0.,-1.));
#388 = ORIENTED_EDGE('',*,*,#389,.F.);
#389 = EDGE_CURVE('',#390,#382,#392,.T.);
#390 = VERTEX_POINT('',#391);
#391 = CARTESIAN_POINT('',(6.327777597,0.,-37.5));
#392 = LINE('',#393,#394);
#393 = CARTESIAN_POINT('',(6.327777597,0.,-37.5));
#394 = VECTOR('',#395,1.);
#395 = DIRECTION('',(1.,0.,0.));
#396 = ORIENTED_EDGE('',*,*,#397,.F.);
#397 = EDGE_CURVE('',#398,#390,#400,.T.);
#398 = VERTEX_POINT('',#399);
#399 = CARTESIAN_POINT('',(6.327777597,0.,-39.7));
#400 = LINE('',#401,#402);
#401 = CARTESIAN_POINT('',(6.327777597,0.,-39.7));
#402 = VECTOR('',#403,1.);
#403 = DIRECTION('',(0.,0.,1.));
#404 = ORIENTED_EDGE('',*,*,#405,.F.);
#405 = EDGE_CURVE('',#406,#398,#408,.T.);
#406 = VERTEX_POINT('',#407);
#407 = CARTESIAN_POINT('',(6.177777597,0.,-39.7));
#408 = LINE('',#409,#410);
#409 = CARTESIAN_POINT('',(6.177777597,0.,-39.7));
#410 = VECTOR('',#411,1.);
#411 = DIRECTION('',(1.,0.,0.));
#412 = ORIENTED_EDGE('',*,*,#413,.F.);
#413 = EDGE_CURVE('',#414,#406,#416,.T.);
#414 = VERTEX_POINT('',#415);
#415 = CARTESIAN_POINT('',(6.177777597,0.,-37.5));
#416 = LINE('',#417,#418);
#417 = CARTESIAN_POINT('',(6.177777597,0.,-37.5));
#418 = VECTOR('',#419,1.);
#419 = DIRECTION('',(-0.,-0.,-1.));
#420 = ORIENTED_EDGE('',*,*,#421,.F.);
#421 = EDGE_CURVE('',#422,#414,#424,.T.);
#422 = VERTEX_POINT('',#423);
#423 = CARTESIAN_POINT('',(5.827777597,0.,-37.5));
#424 = LINE('',#425,#426);
#425 = CARTESIAN_POINT('',(5.827777597,0.,-37.5));
#426 = VECTOR('',#427,1.);
#427 = DIRECTION('',(1.,0.,0.));
#428 = ORIENTED_EDGE('',*,*,#429,.F.);
#429 = EDGE_CURVE('',#430,#422,#432,.T.);
#430 = VERTEX_POINT('',#431);
#431 = CARTESIAN_POINT('',(5.827777597,0.,-39.7));
#432 = LINE('',#433,#434);
#433 = CARTESIAN_POINT('',(5.827777597,0.,-39.7));
#434 = VECTOR('',#435,1.);
#435 = DIRECTION('',(0.,0.,1.));
#436 = ORIENTED_EDGE('',*,*,#437,.F.);
#437 = EDGE_CURVE('',#438,#430,#440,.T.);
#438 = VERTEX_POINT('',#439);
#439 = CARTESIAN_POINT('',(5.677777597,0.,-39.7));
#440 = LINE('',#441,#442);
#441 = CARTESIAN_POINT('',(5.677777597,0.,-39.7));
#442 = VECTOR('',#443,1.);
#443 = DIRECTION('',(1.,0.,0.));
#444 = ORIENTED_EDGE('',*,*,#445,.F.);
#445 = EDGE_CURVE('',#446,#438,#448,.T.);
#446 = VERTEX_POINT('',#447);
#447 = CARTESIAN_POINT('',(5.677777597,0.,-37.5));
#448 = LINE('',#449,#450);
#449 = CARTESIAN_POINT('',(5.677777597,0.,-37.5));
#450 = VECTOR('',#451,1.);
#451 = DIRECTION('',(-0.,-0.,-1.));
#452 = ORIENTED_EDGE('',*,*,#453,.F.);
#453 = EDGE_CURVE('',#454,#446,#456,.T.);
#454 = VERTEX_POINT('',#455);
#455 = CARTESIAN_POINT('',(5.327777597,0.,-37.5));
#456 = LINE('',#457,#458);
#457 = CARTESIAN_POINT('',(5.327777597,0.,-37.5));
#458 = VECTOR('',#459,1.);
#459 = DIRECTION('',(1.,0.,0.));
#460 = ORIENTED_EDGE('',*,*,#461,.F.);
#461 = EDGE_CURVE('',#462,#454,#464,.T.);
#462 = VERTEX_POINT('',#463);
#463 = CARTESIAN_POINT('',(5.327777597,0.,-39.7));
#464 = LINE('',#465,#466);
#465 = CARTESIAN_POINT('',(5.327777597,0.,-39.7));
#466 = VECTOR('',#467,1.);
#467 = DIRECTION('',(0.,0.,1.));
#468 = ORIENTED_EDGE('',*,*,#469,.F.);
#469 = EDGE_CURVE('',#470,#462,#472,.T.);
#470 = VERTEX_POINT('',#471);
#471 = CARTESIAN_POINT('',(5.177777597,0.,-39.7));
#472 = LINE('',#473,#474);
#473 = CARTESIAN_POINT('',(5.177777597,0.,-39.7));
#474 = VECTOR('',#475,1.);
#475 = DIRECTION('',(1.,0.,0.));
#476 = ORIENTED_EDGE('',*,*,#477,.F.);
#477 = EDGE_CURVE('',#478,#470,#480,.T.);
#478 = VERTEX_POINT('',#479);
#479 = CARTESIAN_POINT('',(5.177777597,0.,-37.5));
#480 = LINE('',#481,#482);
#481 = CARTESIAN_POINT('',(5.177777597,0.,-37.5));
#482 = VECTOR('',#483,1.);
#483 = DIRECTION('',(-0.,-0.,-1.));
#484 = ORIENTED_EDGE('',*,*,#485,.F.);
#485 = EDGE_CURVE('',#486,#478,#488,.T.);
#486 = VERTEX_POINT('',#487);
#487 = CARTESIAN_POINT('',(4.827777597,0.,-37.5));
#488 = LINE('',#489,#490);
#489 = CARTESIAN_POINT('',(4.827777597,0.,-37.5));
#490 = VECTOR('',#491,1.);
#491 = DIRECTION('',(1.,0.,0.));
#492 = ORIENTED_EDGE('',*,*,#493,.F.);
#493 = EDGE_CURVE('',#494,#486,#496,.T.);
#494 = VERTEX_POINT('',#495);
#495 = CARTESIAN_POINT('',(4.827777597,0.,-39.7));
#496 = LINE('',#497,#498);
#497 = CARTESIAN_POINT('',(4.827777597,0.,-39.7));
#498 = VECTOR('',#499,1.);
#499 = DIRECTION('',(0.,0.,1.));
#500 = ORIENTED_EDGE('',*,*,#501,.F.);
#501 = EDGE_CURVE('',#502,#494,#504,.T.);
#502 = VERTEX_POINT('',#503);
#503 = CARTESIAN_POINT('',(4.677777597,0.,-39.7));
#504 = LINE('',#505,#506);
#505 = CARTESIAN_POINT('',(4.677777597,0.,-39.7));
#506 = VECTOR('',#507,1.);
#507 = DIRECTION('',(1.,0.,0.));
#508 = ORIENTED_EDGE('',*,*,#509,.F.);
#509 = EDGE_CURVE('',#510,#502,#512,.T.);
#510 = VERTEX_POINT('',#511);
#511 = CARTESIAN_POINT('',(4.677777597,0.,-37.5));
#512 = LINE('',#513,#514);
#513 = CARTESIAN_POINT('',(4.677777597,0.,-37.5));
#514 = VECTOR('',#515,1.);
#515 = DIRECTION('',(-0.,-0.,-1.));
#516 = ORIENTED_EDGE('',*,*,#517,.F.);
#517 = EDGE_CURVE('',#518,#510,#520,.T.);
#518 = VERTEX_POINT('',#519);
#519 = CARTESIAN_POINT('',(4.327777597,0.,-37.5));
#520 = LINE('',#521,#522);
#521 = CARTESIAN_POINT('',(4.327777597,0.,-37.5));
#522 = VECTOR('',#523,1.);
#523 = DIRECTION('',(1.,0.,0.));
#524 = ORIENTED_EDGE('',*,*,#525,.F.);
#525 = EDGE_CURVE('',#526,#518,#528,.T.);
#526 = VERTEX_POINT('',#527);
#527 = CARTESIAN_POINT('',(4.327777597,0.,-39.7));
#528 = LINE('',#529,#530);
#529 = CARTESIAN_POINT('',(4.327777597,0.,-39.7));
#530 = VECTOR('',#531,1.);
#531 = DIRECTION('',(0.,0.,1.));
#532 = ORIENTED_EDGE('',*,*,#533,.F.);
#533 = EDGE_CURVE('',#534,#526,#536,.T.);
#534 = VERTEX_POINT('',#535);
#535 = CARTESIAN_POINT('',(4.177777597,0.,-39.7));
#536 = LINE('',#537,#538);
#537 = CARTESIAN_POINT('',(4.177777597,0.,-39.7));
#538 = VECTOR('',#539,1.);
#539 = DIRECTION('',(1.,0.,0.));
#540 = ORIENTED_EDGE('',*,*,#541,.F.);
#541 = EDGE_CURVE('',#542,#534,#544,.T.);
#542 = VERTEX_POINT('',#543);
#543 = CARTESIAN_POINT('',(4.177777597,0.,-37.5));
#544 = LINE('',#545,#546);
#545 = CARTESIAN_POINT('',(4.177777597,0.,-37.5));
#546 = VECTOR('',#547,1.);
#547 = DIRECTION('',(-0.,-0.,-1.));
#548 = ORIENTED_EDGE('',*,*,#549,.F.);
#549 = EDGE_CURVE('',#550,#542,#552,.T.);
#550 = VERTEX_POINT('',#551);
#551 = CARTESIAN_POINT('',(3.827777597,0.,-37.5));
#552 = LINE('',#553,#554);
#553 = CARTESIAN_POINT('',(3.827777597,0.,-37.5));
#554 = VECTOR('',#555,1.);
#555 = DIRECTION('',(1.,0.,0.));
#556 = ORIENTED_EDGE('',*,*,#557,.F.);
#557 = EDGE_CURVE('',#558,#550,#560,.T.);
#558 = VERTEX_POINT('',#559);
#559 = CARTESIAN_POINT('',(3.827777597,0.,-39.7));
#560 = LINE('',#561,#562);
#561 = CARTESIAN_POINT('',(3.827777597,0.,-39.7));
#562 = VECTOR('',#563,1.);
#563 = DIRECTION('',(0.,0.,1.));
#564 = ORIENTED_EDGE('',*,*,#565,.F.);
#565 = EDGE_CURVE('',#566,#558,#568,.T.);
#566 = VERTEX_POINT('',#567);
#567 = CARTESIAN_POINT('',(3.677777597,0.,-39.7));
#568 = LINE('',#569,#570);
#569 = CARTESIAN_POINT('',(3.677777597,0.,-39.7));
#570 = VECTOR('',#571,1.);
#571 = DIRECTION('',(1.,0.,0.));
#572 = ORIENTED_EDGE('',*,*,#573,.F.);
#573 = EDGE_CURVE('',#574,#566,#576,.T.);
#574 = VERTEX_POINT('',#575);
#575 = CARTESIAN_POINT('',(3.677777597,0.,-37.5));
#576 = LINE('',#577,#578);
#577 = CARTESIAN_POINT('',(3.677777597,0.,-37.5));
#578 = VECTOR('',#579,1.);
#579 = DIRECTION('',(-0.,-0.,-1.));
#580 = ORIENTED_EDGE('',*,*,#581,.F.);
#581 = EDGE_CURVE('',#582,#574,#584,.T.);
#582 = VERTEX_POINT('',#583);
#583 = CARTESIAN_POINT('',(3.327777597,0.,-37.5));
#584 = LINE('',#585,#586);
#585 = CARTESIAN_POINT('',(3.327777597,0.,-37.5));
#586 = VECTOR('',#587,1.);
#587 = DIRECTION('',(1.,0.,0.));
#588 = ORIENTED_EDGE('',*,*,#589,.F.);
#589 = EDGE_CURVE('',#590,#582,#592,.T.);
#590 = VERTEX_POINT('',#591);
#591 = CARTESIAN_POINT('',(3.327777597,0.,-39.7));
#592 = LINE('',#593,#594);
#593 = CARTESIAN_POINT('',(3.327777597,0.,-39.7));
#594 = VECTOR('',#595,1.);
#595 = DIRECTION('',(0.,0.,1.));
#596 = ORIENTED_EDGE('',*,*,#597,.F.);
#597 = EDGE_CURVE('',#598,#590,#600,.T.);
#598 = VERTEX_POINT('',#599);
#599 = CARTESIAN_POINT('',(3.177777597,0.,-39.7));
#600 = LINE('',#601,#602);
#601 = CARTESIAN_POINT('',(3.177777597,0.,-39.7));
#602 = VECTOR('',#603,1.);
#603 = DIRECTION('',(1.,0.,0.));
#604 = ORIENTED_EDGE('',*,*,#605,.F.);
#605 = EDGE_CURVE('',#606,#598,#608,.T.);
#606 = VERTEX_POINT('',#607);
#607 = CARTESIAN_POINT('',(3.177777597,0.,-37.5));
#608 = LINE('',#609,#610);
#609 = CARTESIAN_POINT('',(3.177777597,0.,-37.5));
#610 = VECTOR('',#611,1.);
#611 = DIRECTION('',(-0.,-0.,-1.));
#612 = ORIENTED_EDGE('',*,*,#613,.F.);
#613 = EDGE_CURVE('',#614,#606,#616,.T.);
#614 = VERTEX_POINT('',#615);
#615 = CARTESIAN_POINT('',(2.827777597,0.,-37.5));
#616 = LINE('',#617,#618);
#617 = CARTESIAN_POINT('',(2.827777597,0.,-37.5));
#618 = VECTOR('',#619,1.);
#619 = DIRECTION('',(1.,0.,0.));
#620 = ORIENTED_EDGE('',*,*,#621,.F.);
#621 = EDGE_CURVE('',#622,#614,#624,.T.);
#622 = VERTEX_POINT('',#623);
#623 = CARTESIAN_POINT('',(2.827777597,0.,-39.7));
#624 = LINE('',#625,#626);
#625 = CARTESIAN_POINT('',(2.827777597,0.,-39.7));
#626 = VECTOR('',#627,1.);
#627 = DIRECTION('',(0.,0.,1.));
#628 = ORIENTED_EDGE('',*,*,#629,.F.);
#629 = EDGE_CURVE('',#630,#622,#632,.T.);
#630 = VERTEX_POINT('',#631);
#631 = CARTESIAN_POINT('',(2.677777597,0.,-39.7));
#632 = LINE('',#633,#634);
#633 = CARTESIAN_POINT('',(2.677777597,0.,-39.7));
#634 = VECTOR('',#635,1.);
#635 = DIRECTION('',(1.,0.,0.));
#636 = ORIENTED_EDGE('',*,*,#637,.F.);
#637 = EDGE_CURVE('',#638,#630,#640,.T.);
#638 = VERTEX_POINT('',#639);
#639 = CARTESIAN_POINT('',(2.677777597,0.,-37.5));
#640 = LINE('',#641,#642);
#641 = CARTESIAN_POINT('',(2.677777597,0.,-37.5));
#642 = VECTOR('',#643,1.);
#643 = DIRECTION('',(-0.,-0.,-1.));
#644 = ORIENTED_EDGE('',*,*,#645,.F.);
#645 = EDGE_CURVE('',#646,#638,#648,.T.);
#646 = VERTEX_POINT('',#647);
#647 = CARTESIAN_POINT('',(2.327777597,0.,-37.5));
#648 = LINE('',#649,#650);
#649 = CARTESIAN_POINT('',(2.327777597,0.,-37.5));
#650 = VECTOR('',#651,1.);
#651 = DIRECTION('',(1.,0.,0.));
#652 = ORIENTED_EDGE('',*,*,#653,.F.);
#653 = EDGE_CURVE('',#654,#646,#656,.T.);
#654 = VERTEX_POINT('',#655);
#655 = CARTESIAN_POINT('',(2.327777597,0.,-39.7));
#656 = LINE('',#657,#658);
#657 = CARTESIAN_POINT('',(2.327777597,0.,-39.7));
#658 = VECTOR('',#659,1.);
#659 = DIRECTION('',(0.,0.,1.));
#660 = ORIENTED_EDGE('',*,*,#661,.F.);
#661 = EDGE_CURVE('',#662,#654,#664,.T.);
#662 = VERTEX_POINT('',#663);
#663 = CARTESIAN_POINT('',(2.177777597,0.,-39.7));
#664 = LINE('',#665,#666);
#665 = CARTESIAN_POINT('',(2.177777597,0.,-39.7));
#666 = VECTOR('',#667,1.);
#667 = DIRECTION('',(1.,0.,0.));
#668 = ORIENTED_EDGE('',*,*,#669,.F.);
#669 = EDGE_CURVE('',#670,#662,#672,.T.);
#670 = VERTEX_POINT('',#671);
#671 = CARTESIAN_POINT('',(2.177777597,0.,-37.5));
#672 = LINE('',#673,#674);
#673 = CARTESIAN_POINT('',(2.177777597,0.,-37.5));
#674 = VECTOR('',#675,1.);
#675 = DIRECTION('',(-0.,-0.,-1.));
#676 = ORIENTED_EDGE('',*,*,#677,.F.);
#677 = EDGE_CURVE('',#678,#670,#680,.T.);
#678 = VERTEX_POINT('',#679);
#679 = CARTESIAN_POINT('',(1.827777597,0.,-37.5));
#680 = LINE('',#681,#682);
#681 = CARTESIAN_POINT('',(1.827777597,0.,-37.5));
#682 = VECTOR('',#683,1.);
#683 = DIRECTION('',(1.,0.,0.));
#684 = ORIENTED_EDGE('',*,*,#685,.F.);
#685 = EDGE_CURVE('',#686,#678,#688,.T.);
#686 = VERTEX_POINT('',#687);
#687 = CARTESIAN_POINT('',(1.827777597,0.,-39.7));
#688 = LINE('',#689,#690);
#689 = CARTESIAN_POINT('',(1.827777597,0.,-39.7));
#690 = VECTOR('',#691,1.);
#691 = DIRECTION('',(0.,0.,1.));
#692 = ORIENTED_EDGE('',*,*,#693,.F.);
#693 = EDGE_CURVE('',#694,#686,#696,.T.);
#694 = VERTEX_POINT('',#695);
#695 = CARTESIAN_POINT('',(1.677777597,0.,-39.7));
#696 = LINE('',#697,#698);
#697 = CARTESIAN_POINT('',(1.677777597,0.,-39.7));
#698 = VECTOR('',#699,1.);
#699 = DIRECTION('',(1.,0.,0.));
#700 = ORIENTED_EDGE('',*,*,#701,.F.);
#701 = EDGE_CURVE('',#702,#694,#704,.T.);
#702 = VERTEX_POINT('',#703);
#703 = CARTESIAN_POINT('',(1.677777597,0.,-37.5));
#704 = LINE('',#705,#706);
#705 = CARTESIAN_POINT('',(1.677777597,0.,-37.5));
#706 = VECTOR('',#707,1.);
#707 = DIRECTION('',(-0.,-0.,-1.));
#708 = ORIENTED_EDGE('',*,*,#709,.F.);
#709 = EDGE_CURVE('',#710,#702,#712,.T.);
#710 = VERTEX_POINT('',#711);
#711 = CARTESIAN_POINT('',(1.327777597,0.,-37.5));
#712 = LINE('',#713,#714);
#713 = CARTESIAN_POINT('',(1.327777597,0.,-37.5));
#714 = VECTOR('',#715,1.);
#715 = DIRECTION('',(1.,0.,0.));
#716 = ORIENTED_EDGE('',*,*,#717,.F.);
#717 = EDGE_CURVE('',#718,#710,#720,.T.);
#718 = VERTEX_POINT('',#719);
#719 = CARTESIAN_POINT('',(1.327777597,0.,-39.7));
#720 = LINE('',#721,#722);
#721 = CARTESIAN_POINT('',(1.327777597,0.,-39.7));
#722 = VECTOR('',#723,1.);
#723 = DIRECTION('',(0.,0.,1.));
#724 = ORIENTED_EDGE('',*,*,#725,.F.);
#725 = EDGE_CURVE('',#726,#718,#728,.T.);
#726 = VERTEX_POINT('',#727);
#727 = CARTESIAN_POINT('',(1.177777597,0.,-39.7));
#728 = LINE('',#729,#730);
#729 = CARTESIAN_POINT('',(1.177777597,0.,-39.7));
#730 = VECTOR('',#731,1.);
#731 = DIRECTION('',(1.,0.,0.));
#732 = ORIENTED_EDGE('',*,*,#733,.F.);
#733 = EDGE_CURVE('',#734,#726,#736,.T.);
#734 = VERTEX_POINT('',#735);
#735 = CARTESIAN_POINT('',(1.177777597,0.,-37.5));
#736 = LINE('',#737,#738);
#737 = CARTESIAN_POINT('',(1.177777597,0.,-37.5));
#738 = VECTOR('',#739,1.);
#739 = DIRECTION('',(-0.,-0.,-1.));
#740 = ORIENTED_EDGE('',*,*,#741,.F.);
#741 = EDGE_CURVE('',#742,#734,#744,.T.);
#742 = VERTEX_POINT('',#743);
#743 = CARTESIAN_POINT('',(0.827777597,0.,-37.5));
#744 = LINE('',#745,#746);
#745 = CARTESIAN_POINT('',(0.827777597,0.,-37.5));
#746 = VECTOR('',#747,1.);
#747 = DIRECTION('',(1.,0.,0.));
#748 = ORIENTED_EDGE('',*,*,#749,.F.);
#749 = EDGE_CURVE('',#750,#742,#752,.T.);
#750 = VERTEX_POINT('',#751);
#751 = CARTESIAN_POINT('',(0.827777597,0.,-39.7));
#752 = LINE('',#753,#754);
#753 = CARTESIAN_POINT('',(0.827777597,0.,-39.7));
#754 = VECTOR('',#755,1.);
#755 = DIRECTION('',(0.,0.,1.));
#756 = ORIENTED_EDGE('',*,*,#757,.F.);
#757 = EDGE_CURVE('',#758,#750,#760,.T.);
#758 = VERTEX_POINT('',#759);
#759 = CARTESIAN_POINT('',(0.677777597,0.,-39.7));
#760 = LINE('',#761,#762);
#761 = CARTESIAN_POINT('',(0.677777597,0.,-39.7));
#762 = VECTOR('',#763,1.);
#763 = DIRECTION('',(1.,0.,0.));
#764 = ORIENTED_EDGE('',*,*,#765,.F.);
#765 = EDGE_CURVE('',#766,#758,#768,.T.);
#766 = VERTEX_POINT('',#767);
#767 = CARTESIAN_POINT('',(0.677777597,0.,-37.5));
#768 = LINE('',#769,#770);
#769 = CARTESIAN_POINT('',(0.677777597,0.,-37.5));
#770 = VECTOR('',#771,1.);
#771 = DIRECTION('',(-0.,-0.,-1.));
#772 = ORIENTED_EDGE('',*,*,#773,.F.);
#773 = EDGE_CURVE('',#774,#766,#776,.T.);
#774 = VERTEX_POINT('',#775);
#775 = CARTESIAN_POINT('',(0.327777597,0.,-37.5));
#776 = LINE('',#777,#778);
#777 = CARTESIAN_POINT('',(0.327777597,0.,-37.5));
#778 = VECTOR('',#779,1.);
#779 = DIRECTION('',(1.,0.,0.));
#780 = ORIENTED_EDGE('',*,*,#781,.F.);
#781 = EDGE_CURVE('',#782,#774,#784,.T.);
#782 = VERTEX_POINT('',#783);
#783 = CARTESIAN_POINT('',(0.327777597,0.,-39.7));
#784 = LINE('',#785,#786);
#785 = CARTESIAN_POINT('',(0.327777597,0.,-39.7));
#786 = VECTOR('',#787,1.);
#787 = DIRECTION('',(0.,0.,1.));
#788 = ORIENTED_EDGE('',*,*,#789,.F.);
#789 = EDGE_CURVE('',#790,#782,#792,.T.);
#790 = VERTEX_POINT('',#791);
#791 = CARTESIAN_POINT('',(0.177777597,0.,-39.7));
#792 = LINE('',#793,#794);
#793 = CARTESIAN_POINT('',(0.177777597,0.,-39.7));
#794 = VECTOR('',#795,1.);
#795 = DIRECTION('',(1.,0.,0.));
#796 = ORIENTED_EDGE('',*,*,#797,.F.);
#797 = EDGE_CURVE('',#798,#790,#800,.T.);
#798 = VERTEX_POINT('',#799);
#799 = CARTESIAN_POINT('',(0.177777597,0.,-37.5));
#800 = LINE('',#801,#802);
#801 = CARTESIAN_POINT('',(0.177777597,0.,-37.5));
#802 = VECTOR('',#803,1.);
#803 = DIRECTION('',(-0.,-0.,-1.));
#804 = ORIENTED_EDGE('',*,*,#805,.F.);
#805 = EDGE_CURVE('',#806,#798,#808,.T.);
#806 = VERTEX_POINT('',#807);
#807 = CARTESIAN_POINT('',(-0.172222403,0.,-37.5));
#808 = LINE('',#809,#810);
#809 = CARTESIAN_POINT('',(-0.172222403,0.,-37.5));
#810 = VECTOR('',#811,1.);
#811 = DIRECTION('',(1.,0.,0.));
#812 = ORIENTED_EDGE('',*,*,#813,.F.);
#813 = EDGE_CURVE('',#814,#806,#816,.T.);
#814 = VERTEX_POINT('',#815);
#815 = CARTESIAN_POINT('',(-0.172222403,0.,-39.7));
#816 = LINE('',#817,#818);
#817 = CARTESIAN_POINT('',(-0.172222403,0.,-39.7));
#818 = VECTOR('',#819,1.);
#819 = DIRECTION('',(0.,0.,1.));
#820 = ORIENTED_EDGE('',*,*,#821,.F.);
#821 = EDGE_CURVE('',#822,#814,#824,.T.);
#822 = VERTEX_POINT('',#823);
#823 = CARTESIAN_POINT('',(-0.322222403,0.,-39.7));
#824 = LINE('',#825,#826);
#825 = CARTESIAN_POINT('',(-0.322222403,0.,-39.7));
#826 = VECTOR('',#827,1.);
#827 = DIRECTION('',(1.,0.,0.));
#828 = ORIENTED_EDGE('',*,*,#829,.F.);
#829 = EDGE_CURVE('',#830,#822,#832,.T.);
#830 = VERTEX_POINT('',#831);
#831 = CARTESIAN_POINT('',(-0.322222403,0.,-37.5));
#832 = LINE('',#833,#834);
#833 = CARTESIAN_POINT('',(-0.322222403,0.,-37.5));
#834 = VECTOR('',#835,1.);
#835 = DIRECTION('',(-0.,-0.,-1.));
#836 = ORIENTED_EDGE('',*,*,#837,.F.);
#837 = EDGE_CURVE('',#838,#830,#840,.T.);
#838 = VERTEX_POINT('',#839);
#839 = CARTESIAN_POINT('',(-0.672222403,0.,-37.5));
#840 = LINE('',#841,#842);
#841 = CARTESIAN_POINT('',(-0.672222403,0.,-37.5));
#842 = VECTOR('',#843,1.);
#843 = DIRECTION('',(1.,0.,0.));
#844 = ORIENTED_EDGE('',*,*,#845,.F.);
#845 = EDGE_CURVE('',#846,#838,#848,.T.);
#846 = VERTEX_POINT('',#847);
#847 = CARTESIAN_POINT('',(-0.672222403,0.,-39.7));
#848 = LINE('',#849,#850);
#849 = CARTESIAN_POINT('',(-0.672222403,0.,-39.7));
#850 = VECTOR('',#851,1.);
#851 = DIRECTION('',(0.,0.,1.));
#852 = ORIENTED_EDGE('',*,*,#853,.F.);
#853 = EDGE_CURVE('',#854,#846,#856,.T.);
#854 = VERTEX_POINT('',#855);
#855 = CARTESIAN_POINT('',(-0.822222403,0.,-39.7));
#856 = LINE('',#857,#858);
#857 = CARTESIAN_POINT('',(-0.822222403,0.,-39.7));
#858 = VECTOR('',#859,1.);
#859 = DIRECTION('',(1.,0.,0.));
#860 = ORIENTED_EDGE('',*,*,#861,.F.);
#861 = EDGE_CURVE('',#862,#854,#864,.T.);
#862 = VERTEX_POINT('',#863);
#863 = CARTESIAN_POINT('',(-0.822222403,0.,-37.5));
#864 = LINE('',#865,#866);
#865 = CARTESIAN_POINT('',(-0.822222403,0.,-37.5));
#866 = VECTOR('',#867,1.);
#867 = DIRECTION('',(-0.,-0.,-1.));
#868 = ORIENTED_EDGE('',*,*,#869,.F.);
#869 = EDGE_CURVE('',#870,#862,#872,.T.);
#870 = VERTEX_POINT('',#871);
#871 = CARTESIAN_POINT('',(-1.172222403,0.,-37.5));
#872 = LINE('',#873,#874);
#873 = CARTESIAN_POINT('',(-1.172222403,0.,-37.5));
#874 = VECTOR('',#875,1.);
#875 = DIRECTION('',(1.,0.,0.));
#876 = ORIENTED_EDGE('',*,*,#877,.F.);
#877 = EDGE_CURVE('',#878,#870,#880,.T.);
#878 = VERTEX_POINT('',#879);
#879 = CARTESIAN_POINT('',(-1.172222403,0.,-39.7));
#880 = LINE('',#881,#882);
#881 = CARTESIAN_POINT('',(-1.172222403,0.,-39.7));
#882 = VECTOR('',#883,1.);
#883 = DIRECTION('',(0.,0.,1.));
#884 = ORIENTED_EDGE('',*,*,#885,.F.);
#885 = EDGE_CURVE('',#886,#878,#888,.T.);
#886 = VERTEX_POINT('',#887);
#887 = CARTESIAN_POINT('',(-1.322222403,0.,-39.7));
#888 = LINE('',#889,#890);
#889 = CARTESIAN_POINT('',(-1.322222403,0.,-39.7));
#890 = VECTOR('',#891,1.);
#891 = DIRECTION('',(1.,0.,0.));
#892 = ORIENTED_EDGE('',*,*,#893,.F.);
#893 = EDGE_CURVE('',#894,#886,#896,.T.);
#894 = VERTEX_POINT('',#895);
#895 = CARTESIAN_POINT('',(-1.322222403,0.,-37.5));
#896 = LINE('',#897,#898);
#897 = CARTESIAN_POINT('',(-1.322222403,0.,-37.5));
#898 = VECTOR('',#899,1.);
#899 = DIRECTION('',(-0.,-0.,-1.));
#900 = ORIENTED_EDGE('',*,*,#901,.F.);
#901 = EDGE_CURVE('',#902,#894,#904,.T.);
#902 = VERTEX_POINT('',#903);
#903 = CARTESIAN_POINT('',(-1.672222403,0.,-37.5));
#904 = LINE('',#905,#906);
#905 = CARTESIAN_POINT('',(-1.672222403,0.,-37.5));
#906 = VECTOR('',#907,1.);
#907 = DIRECTION('',(1.,0.,0.));
#908 = ORIENTED_EDGE('',*,*,#909,.F.);
#909 = EDGE_CURVE('',#910,#902,#912,.T.);
#910 = VERTEX_POINT('',#911);
#911 = CARTESIAN_POINT('',(-1.672222403,0.,-39.7));
#912 = LINE('',#913,#914);
#913 = CARTESIAN_POINT('',(-1.672222403,0.,-39.7));
#914 = VECTOR('',#915,1.);
#915 = DIRECTION('',(0.,0.,1.));
#916 = ORIENTED_EDGE('',*,*,#917,.F.);
#917 = EDGE_CURVE('',#918,#910,#920,.T.);
#918 = VERTEX_POINT('',#919);
#919 = CARTESIAN_POINT('',(-1.822222403,0.,-39.7));
#920 = LINE('',#921,#922);
#921 = CARTESIAN_POINT('',(-1.822222403,0.,-39.7));
#922 = VECTOR('',#923,1.);
#923 = DIRECTION('',(1.,0.,0.));
#924 = ORIENTED_EDGE('',*,*,#925,.F.);
#925 = EDGE_CURVE('',#926,#918,#928,.T.);
#926 = VERTEX_POINT('',#927);
#927 = CARTESIAN_POINT('',(-1.822222403,0.,-37.5));
#928 = LINE('',#929,#930);
#929 = CARTESIAN_POINT('',(-1.822222403,0.,-37.5));
#930 = VECTOR('',#931,1.);
#931 = DIRECTION('',(-0.,-0.,-1.));
#932 = ORIENTED_EDGE('',*,*,#933,.F.);
#933 = EDGE_CURVE('',#934,#926,#936,.T.);
#934 = VERTEX_POINT('',#935);
#935 = CARTESIAN_POINT('',(-2.172222403,0.,-37.5));
#936 = LINE('',#937,#938);
#937 = CARTESIAN_POINT('',(-2.172222403,0.,-37.5));
#938 = VECTOR('',#939,1.);
#939 = DIRECTION('',(1.,0.,0.));
#940 = ORIENTED_EDGE('',*,*,#941,.F.);
#941 = EDGE_CURVE('',#942,#934,#944,.T.);
#942 = VERTEX_POINT('',#943);
#943 = CARTESIAN_POINT('',(-2.172222403,0.,-39.7));
#944 = LINE('',#945,#946);
#945 = CARTESIAN_POINT('',(-2.172222403,0.,-39.7));
#946 = VECTOR('',#947,1.);
#947 = DIRECTION('',(0.,0.,1.));
#948 = ORIENTED_EDGE('',*,*,#949,.F.);
#949 = EDGE_CURVE('',#950,#942,#952,.T.);
#950 = VERTEX_POINT('',#951);
#951 = CARTESIAN_POINT('',(-2.322222403,0.,-39.7));
#952 = LINE('',#953,#954);
#953 = CARTESIAN_POINT('',(-2.322222403,0.,-39.7));
#954 = VECTOR('',#955,1.);
#955 = DIRECTION('',(1.,0.,0.));
#956 = ORIENTED_EDGE('',*,*,#957,.F.);
#957 = EDGE_CURVE('',#958,#950,#960,.T.);
#958 = VERTEX_POINT('',#959);
#959 = CARTESIAN_POINT('',(-2.322222403,0.,-37.5));
#960 = LINE('',#961,#962);
#961 = CARTESIAN_POINT('',(-2.322222403,0.,-37.5));
#962 = VECTOR('',#963,1.);
#963 = DIRECTION('',(-0.,-0.,-1.));
#964 = ORIENTED_EDGE('',*,*,#965,.F.);
#965 = EDGE_CURVE('',#966,#958,#968,.T.);
#966 = VERTEX_POINT('',#967);
#967 = CARTESIAN_POINT('',(-2.672222403,0.,-37.5));
#968 = LINE('',#969,#970);
#969 = CARTESIAN_POINT('',(-2.672222403,0.,-37.5));
#970 = VECTOR('',#971,1.);
#971 = DIRECTION('',(1.,0.,0.));
#972 = ORIENTED_EDGE('',*,*,#973,.F.);
#973 = EDGE_CURVE('',#974,#966,#976,.T.);
#974 = VERTEX_POINT('',#975);
#975 = CARTESIAN_POINT('',(-2.672222403,0.,-39.7));
#976 = LINE('',#977,#978);
#977 = CARTESIAN_POINT('',(-2.672222403,0.,-39.7));
#978 = VECTOR('',#979,1.);
#979 = DIRECTION('',(0.,0.,1.));
#980 = ORIENTED_EDGE('',*,*,#981,.F.);
#981 = EDGE_CURVE('',#982,#974,#984,.T.);
#982 = VERTEX_POINT('',#983);
#983 = CARTESIAN_POINT('',(-2.822222403,0.,-39.7));
#984 = LINE('',#985,#986);
#985 = CARTESIAN_POINT('',(-2.822222403,0.,-39.7));
#986 = VECTOR('',#987,1.);
#987 = DIRECTION('',(1.,0.,0.));
#988 = ORIENTED_EDGE('',*,*,#989,.F.);
#989 = EDGE_CURVE('',#990,#982,#992,.T.);
#990 = VERTEX_POINT('',#991);
#991 = CARTESIAN_POINT('',(-2.822222403,0.,-37.5));
#992 = LINE('',#993,#994);
#993 = CARTESIAN_POINT('',(-2.822222403,0.,-37.5));
#994 = VECTOR('',#995,1.);
#995 = DIRECTION('',(-0.,-0.,-1.));
#996 = ORIENTED_EDGE('',*,*,#997,.F.);
#997 = EDGE_CURVE('',#998,#990,#1000,.T.);
#998 = VERTEX_POINT('',#999);
#999 = CARTESIAN_POINT('',(-3.172222403,0.,-37.5));
#1000 = LINE('',#1001,#1002);
#1001 = CARTESIAN_POINT('',(-3.172222403,0.,-37.5));
#1002 = VECTOR('',#1003,1.);
#1003 = DIRECTION('',(1.,0.,0.));
#1004 = ORIENTED_EDGE('',*,*,#1005,.F.);
#1005 = EDGE_CURVE('',#1006,#998,#1008,.T.);
#1006 = VERTEX_POINT('',#1007);
#1007 = CARTESIAN_POINT('',(-3.172222403,0.,-39.7));
#1008 = LINE('',#1009,#1010);
#1009 = CARTESIAN_POINT('',(-3.172222403,0.,-39.7));
#1010 = VECTOR('',#1011,1.);
#1011 = DIRECTION('',(0.,0.,1.));
#1012 = ORIENTED_EDGE('',*,*,#1013,.F.);
#1013 = EDGE_CURVE('',#1014,#1006,#1016,.T.);
#1014 = VERTEX_POINT('',#1015);
#1015 = CARTESIAN_POINT('',(-3.322222403,0.,-39.7));
#1016 = LINE('',#1017,#1018);
#1017 = CARTESIAN_POINT('',(-3.322222403,0.,-39.7));
#1018 = VECTOR('',#1019,1.);
#1019 = DIRECTION('',(1.,0.,0.));
#1020 = ORIENTED_EDGE('',*,*,#1021,.F.);
#1021 = EDGE_CURVE('',#1022,#1014,#1024,.T.);
#1022 = VERTEX_POINT('',#1023);
#1023 = CARTESIAN_POINT('',(-3.322222403,0.,-37.5));
#1024 = LINE('',#1025,#1026);
#1025 = CARTESIAN_POINT('',(-3.322222403,0.,-37.5));
#1026 = VECTOR('',#1027,1.);
#1027 = DIRECTION('',(-0.,-0.,-1.));
#1028 = ORIENTED_EDGE('',*,*,#1029,.F.);
#1029 = EDGE_CURVE('',#1030,#1022,#1032,.T.);
#1030 = VERTEX_POINT('',#1031);
#1031 = CARTESIAN_POINT('',(-3.672222403,0.,-37.5));
#1032 = LINE('',#1033,#1034);
#1033 = CARTESIAN_POINT('',(-3.672222403,0.,-37.5));
#1034 = VECTOR('',#1035,1.);
#1035 = DIRECTION('',(1.,0.,0.));
#1036 = ORIENTED_EDGE('',*,*,#1037,.F.);
#1037 = EDGE_CURVE('',#1038,#1030,#1040,.T.);
#1038 = VERTEX_POINT('',#1039);
#1039 = CARTESIAN_POINT('',(-3.672222403,0.,-39.7));
#1040 = LINE('',#1041,#1042);
#1041 = CARTESIAN_POINT('',(-3.672222403,0.,-39.7));
#1042 = VECTOR('',#1043,1.);
#1043 = DIRECTION('',(0.,0.,1.));
#1044 = ORIENTED_EDGE('',*,*,#1045,.F.);
#1045 = EDGE_CURVE('',#1046,#1038,#1048,.T.);
#1046 = VERTEX_POINT('',#1047);
#1047 = CARTESIAN_POINT('',(-3.822222403,0.,-39.7));
#1048 = LINE('',#1049,#1050);
#1049 = CARTESIAN_POINT('',(-3.822222403,0.,-39.7));
#1050 = VECTOR('',#1051,1.);
#1051 = DIRECTION('',(1.,0.,0.));
#1052 = ORIENTED_EDGE('',*,*,#1053,.F.);
#1053 = EDGE_CURVE('',#1054,#1046,#1056,.T.);
#1054 = VERTEX_POINT('',#1055);
#1055 = CARTESIAN_POINT('',(-3.822222403,0.,-37.5));
#1056 = LINE('',#1057,#1058);
#1057 = CARTESIAN_POINT('',(-3.822222403,0.,-37.5));
#1058 = VECTOR('',#1059,1.);
#1059 = DIRECTION('',(-0.,-0.,-1.));
#1060 = ORIENTED_EDGE('',*,*,#1061,.F.);
#1061 = EDGE_CURVE('',#1062,#1054,#1064,.T.);
#1062 = VERTEX_POINT('',#1063);
#1063 = CARTESIAN_POINT('',(-4.172222403,0.,-37.5));
#1064 = LINE('',#1065,#1066);
#1065 = CARTESIAN_POINT('',(-4.172222403,0.,-37.5));
#1066 = VECTOR('',#1067,1.);
#1067 = DIRECTION('',(1.,0.,0.));
#1068 = ORIENTED_EDGE('',*,*,#1069,.F.);
#1069 = EDGE_CURVE('',#1070,#1062,#1072,.T.);
#1070 = VERTEX_POINT('',#1071);
#1071 = CARTESIAN_POINT('',(-4.172222403,0.,-39.7));
#1072 = LINE('',#1073,#1074);
#1073 = CARTESIAN_POINT('',(-4.172222403,0.,-39.7));
#1074 = VECTOR('',#1075,1.);
#1075 = DIRECTION('',(0.,0.,1.));
#1076 = ORIENTED_EDGE('',*,*,#1077,.F.);
#1077 = EDGE_CURVE('',#1078,#1070,#1080,.T.);
#1078 = VERTEX_POINT('',#1079);
#1079 = CARTESIAN_POINT('',(-4.322222403,0.,-39.7));
#1080 = LINE('',#1081,#1082);
#1081 = CARTESIAN_POINT('',(-4.322222403,0.,-39.7));
#1082 = VECTOR('',#1083,1.);
#1083 = DIRECTION('',(1.,0.,0.));
#1084 = ORIENTED_EDGE('',*,*,#1085,.F.);
#1085 = EDGE_CURVE('',#1086,#1078,#1088,.T.);
#1086 = VERTEX_POINT('',#1087);
#1087 = CARTESIAN_POINT('',(-4.322222403,0.,-37.5));
#1088 = LINE('',#1089,#1090);
#1089 = CARTESIAN_POINT('',(-4.322222403,0.,-37.5));
#1090 = VECTOR('',#1091,1.);
#1091 = DIRECTION('',(-0.,-0.,-1.));
#1092 = ORIENTED_EDGE('',*,*,#1093,.F.);
#1093 = EDGE_CURVE('',#1094,#1086,#1096,.T.);
#1094 = VERTEX_POINT('',#1095);
#1095 = CARTESIAN_POINT('',(-4.672222403,0.,-37.5));
#1096 = LINE('',#1097,#1098);
#1097 = CARTESIAN_POINT('',(-4.672222403,0.,-37.5));
#1098 = VECTOR('',#1099,1.);
#1099 = DIRECTION('',(1.,0.,0.));
#1100 = ORIENTED_EDGE('',*,*,#1101,.F.);
#1101 = EDGE_CURVE('',#1102,#1094,#1104,.T.);
#1102 = VERTEX_POINT('',#1103);
#1103 = CARTESIAN_POINT('',(-4.672222403,0.,-39.7));
#1104 = LINE('',#1105,#1106);
#1105 = CARTESIAN_POINT('',(-4.672222403,0.,-39.7));
#1106 = VECTOR('',#1107,1.);
#1107 = DIRECTION('',(0.,0.,1.));
#1108 = ORIENTED_EDGE('',*,*,#1109,.F.);
#1109 = EDGE_CURVE('',#1110,#1102,#1112,.T.);
#1110 = VERTEX_POINT('',#1111);
#1111 = CARTESIAN_POINT('',(-4.822222403,0.,-39.7));
#1112 = LINE('',#1113,#1114);
#1113 = CARTESIAN_POINT('',(-4.822222403,0.,-39.7));
#1114 = VECTOR('',#1115,1.);
#1115 = DIRECTION('',(1.,0.,0.));
#1116 = ORIENTED_EDGE('',*,*,#1117,.F.);
#1117 = EDGE_CURVE('',#1118,#1110,#1120,.T.);
#1118 = VERTEX_POINT('',#1119);
#1119 = CARTESIAN_POINT('',(-4.822222403,0.,-37.5));
#1120 = LINE('',#1121,#1122);
#1121 = CARTESIAN_POINT('',(-4.822222403,0.,-37.5));
#1122 = VECTOR('',#1123,1.);
#1123 = DIRECTION('',(-0.,-0.,-1.));
#1124 = ORIENTED_EDGE('',*,*,#1125,.F.);
#1125 = EDGE_CURVE('',#1126,#1118,#1128,.T.);
#1126 = VERTEX_POINT('',#1127);
#1127 = CARTESIAN_POINT('',(-5.172222403,0.,-37.5));
#1128 = LINE('',#1129,#1130);
#1129 = CARTESIAN_POINT('',(-5.172222403,0.,-37.5));
#1130 = VECTOR('',#1131,1.);
#1131 = DIRECTION('',(1.,0.,0.));
#1132 = ORIENTED_EDGE('',*,*,#1133,.F.);
#1133 = EDGE_CURVE('',#1134,#1126,#1136,.T.);
#1134 = VERTEX_POINT('',#1135);
#1135 = CARTESIAN_POINT('',(-5.172222403,0.,-39.7));
#1136 = LINE('',#1137,#1138);
#1137 = CARTESIAN_POINT('',(-5.172222403,0.,-39.7));
#1138 = VECTOR('',#1139,1.);
#1139 = DIRECTION('',(0.,0.,1.));
#1140 = ORIENTED_EDGE('',*,*,#1141,.F.);
#1141 = EDGE_CURVE('',#1142,#1134,#1144,.T.);
#1142 = VERTEX_POINT('',#1143);
#1143 = CARTESIAN_POINT('',(-5.525,0.,-39.7));
#1144 = LINE('',#1145,#1146);
#1145 = CARTESIAN_POINT('',(-5.525,0.,-39.7));
#1146 = VECTOR('',#1147,1.);
#1147 = DIRECTION('',(1.,0.,0.));
#1148 = ORIENTED_EDGE('',*,*,#1149,.T.);
#1149 = EDGE_CURVE('',#1142,#1150,#1152,.T.);
#1150 = VERTEX_POINT('',#1151);
#1151 = CARTESIAN_POINT('',(-5.525,0.,-37.1));
#1152 = LINE('',#1153,#1154);
#1153 = CARTESIAN_POINT('',(-5.525,0.,-39.7));
#1154 = VECTOR('',#1155,1.);
#1155 = DIRECTION('',(0.,0.,1.));
#1156 = ORIENTED_EDGE('',*,*,#1157,.T.);
#1157 = EDGE_CURVE('',#1150,#1158,#1160,.T.);
#1158 = VERTEX_POINT('',#1159);
#1159 = CARTESIAN_POINT('',(-6.125,0.,-36.5));
#1160 = CIRCLE('',#1161,0.6);
#1161 = AXIS2_PLACEMENT_3D('',#1162,#1163,#1164);
#1162 = CARTESIAN_POINT('',(-6.125,0.,-37.1));
#1163 = DIRECTION('',(0.,-1.,0.));
#1164 = DIRECTION('',(0.,0.,1.));
#1165 = ORIENTED_EDGE('',*,*,#1166,.T.);
#1166 = EDGE_CURVE('',#1158,#1167,#1169,.T.);
#1167 = VERTEX_POINT('',#1168);
#1168 = CARTESIAN_POINT('',(-6.725,0.,-37.1));
#1169 = CIRCLE('',#1170,0.6);
#1170 = AXIS2_PLACEMENT_3D('',#1171,#1172,#1173);
#1171 = CARTESIAN_POINT('',(-6.125,0.,-37.1));
#1172 = DIRECTION('',(0.,-1.,0.));
#1173 = DIRECTION('',(0.,0.,1.));
#1174 = ORIENTED_EDGE('',*,*,#1175,.T.);
#1175 = EDGE_CURVE('',#1167,#1176,#1178,.T.);
#1176 = VERTEX_POINT('',#1177);
#1177 = CARTESIAN_POINT('',(-6.725,0.,-39.7));
#1178 = LINE('',#1179,#1180);
#1179 = CARTESIAN_POINT('',(-6.725,0.,-37.1));
#1180 = VECTOR('',#1181,1.);
#1181 = DIRECTION('',(-0.,-0.,-1.));
#1182 = ORIENTED_EDGE('',*,*,#1183,.F.);
#1183 = EDGE_CURVE('',#1184,#1176,#1186,.T.);
#1184 = VERTEX_POINT('',#1185);
#1185 = CARTESIAN_POINT('',(-7.322222403,0.,-39.7));
#1186 = LINE('',#1187,#1188);
#1187 = CARTESIAN_POINT('',(-7.322222403,0.,-39.7));
#1188 = VECTOR('',#1189,1.);
#1189 = DIRECTION('',(1.,0.,0.));
#1190 = ORIENTED_EDGE('',*,*,#1191,.F.);
#1191 = EDGE_CURVE('',#1192,#1184,#1194,.T.);
#1192 = VERTEX_POINT('',#1193);
#1193 = CARTESIAN_POINT('',(-7.322222403,0.,-37.5));
#1194 = LINE('',#1195,#1196);
#1195 = CARTESIAN_POINT('',(-7.322222403,0.,-37.5));
#1196 = VECTOR('',#1197,1.);
#1197 = DIRECTION('',(-0.,-0.,-1.));
#1198 = ORIENTED_EDGE('',*,*,#1199,.F.);
#1199 = EDGE_CURVE('',#1200,#1192,#1202,.T.);
#1200 = VERTEX_POINT('',#1201);
#1201 = CARTESIAN_POINT('',(-7.672222403,0.,-37.5));
#1202 = LINE('',#1203,#1204);
#1203 = CARTESIAN_POINT('',(-7.672222403,0.,-37.5));
#1204 = VECTOR('',#1205,1.);
#1205 = DIRECTION('',(1.,0.,0.));
#1206 = ORIENTED_EDGE('',*,*,#1207,.F.);
#1207 = EDGE_CURVE('',#1208,#1200,#1210,.T.);
#1208 = VERTEX_POINT('',#1209);
#1209 = CARTESIAN_POINT('',(-7.672222403,0.,-39.7));
#1210 = LINE('',#1211,#1212);
#1211 = CARTESIAN_POINT('',(-7.672222403,0.,-39.7));
#1212 = VECTOR('',#1213,1.);
#1213 = DIRECTION('',(0.,0.,1.));
#1214 = ORIENTED_EDGE('',*,*,#1215,.F.);
#1215 = EDGE_CURVE('',#1216,#1208,#1218,.T.);
#1216 = VERTEX_POINT('',#1217);
#1217 = CARTESIAN_POINT('',(-7.822222403,0.,-39.7));
#1218 = LINE('',#1219,#1220);
#1219 = CARTESIAN_POINT('',(-7.822222403,0.,-39.7));
#1220 = VECTOR('',#1221,1.);
#1221 = DIRECTION('',(1.,0.,0.));
#1222 = ORIENTED_EDGE('',*,*,#1223,.F.);
#1223 = EDGE_CURVE('',#1224,#1216,#1226,.T.);
#1224 = VERTEX_POINT('',#1225);
#1225 = CARTESIAN_POINT('',(-7.822222403,0.,-37.5));
#1226 = LINE('',#1227,#1228);
#1227 = CARTESIAN_POINT('',(-7.822222403,0.,-37.5));
#1228 = VECTOR('',#1229,1.);
#1229 = DIRECTION('',(-0.,-0.,-1.));
#1230 = ORIENTED_EDGE('',*,*,#1231,.F.);
#1231 = EDGE_CURVE('',#1232,#1224,#1234,.T.);
#1232 = VERTEX_POINT('',#1233);
#1233 = CARTESIAN_POINT('',(-8.172222403,0.,-37.5));
#1234 = LINE('',#1235,#1236);
#1235 = CARTESIAN_POINT('',(-8.172222403,0.,-37.5));
#1236 = VECTOR('',#1237,1.);
#1237 = DIRECTION('',(1.,0.,0.));
#1238 = ORIENTED_EDGE('',*,*,#1239,.F.);
#1239 = EDGE_CURVE('',#1240,#1232,#1242,.T.);
#1240 = VERTEX_POINT('',#1241);
#1241 = CARTESIAN_POINT('',(-8.172222403,0.,-39.7));
#1242 = LINE('',#1243,#1244);
#1243 = CARTESIAN_POINT('',(-8.172222403,0.,-39.7));
#1244 = VECTOR('',#1245,1.);
#1245 = DIRECTION('',(0.,0.,1.));
#1246 = ORIENTED_EDGE('',*,*,#1247,.F.);
#1247 = EDGE_CURVE('',#1248,#1240,#1250,.T.);
#1248 = VERTEX_POINT('',#1249);
#1249 = CARTESIAN_POINT('',(-8.322222403,0.,-39.7));
#1250 = LINE('',#1251,#1252);
#1251 = CARTESIAN_POINT('',(-8.322222403,0.,-39.7));
#1252 = VECTOR('',#1253,1.);
#1253 = DIRECTION('',(1.,0.,0.));
#1254 = ORIENTED_EDGE('',*,*,#1255,.F.);
#1255 = EDGE_CURVE('',#1256,#1248,#1258,.T.);
#1256 = VERTEX_POINT('',#1257);
#1257 = CARTESIAN_POINT('',(-8.322222403,0.,-37.5));
#1258 = LINE('',#1259,#1260);
#1259 = CARTESIAN_POINT('',(-8.322222403,0.,-37.5));
#1260 = VECTOR('',#1261,1.);
#1261 = DIRECTION('',(-0.,-0.,-1.));
#1262 = ORIENTED_EDGE('',*,*,#1263,.F.);
#1263 = EDGE_CURVE('',#1264,#1256,#1266,.T.);
#1264 = VERTEX_POINT('',#1265);
#1265 = CARTESIAN_POINT('',(-8.672222403,0.,-37.5));
#1266 = LINE('',#1267,#1268);
#1267 = CARTESIAN_POINT('',(-8.672222403,0.,-37.5));
#1268 = VECTOR('',#1269,1.);
#1269 = DIRECTION('',(1.,0.,0.));
#1270 = ORIENTED_EDGE('',*,*,#1271,.F.);
#1271 = EDGE_CURVE('',#58,#1264,#1272,.T.);
#1272 = LINE('',#1273,#1274);
#1273 = CARTESIAN_POINT('',(-8.672222403,0.,-39.7));
#1274 = VECTOR('',#1275,1.);
#1275 = DIRECTION('',(0.,0.,1.));
#1276 = PLANE('',#1277);
#1277 = AXIS2_PLACEMENT_3D('',#1278,#1279,#1280);
#1278 = CARTESIAN_POINT('',(0.,0.,40.));
#1279 = DIRECTION('',(-0.,-1.,-0.));
#1280 = DIRECTION('',(0.,0.,-1.));
#1281 = ADVANCED_FACE('',(#1282),#2513,.F.);
#1282 = FACE_BOUND('',#1283,.F.);
#1283 = EDGE_LOOP('',(#1284,#1294,#1302,#1310,#1318,#1326,#1334,#1342,
    #1350,#1358,#1366,#1374,#1382,#1390,#1398,#1406,#1414,#1422,#1430,
    #1438,#1446,#1454,#1462,#1470,#1478,#1486,#1494,#1502,#1510,#1518,
    #1526,#1534,#1542,#1550,#1558,#1566,#1574,#1582,#1590,#1598,#1606,
    #1614,#1622,#1630,#1638,#1646,#1654,#1662,#1670,#1678,#1686,#1694,
    #1702,#1710,#1718,#1726,#1734,#1742,#1750,#1758,#1766,#1774,#1782,
    #1790,#1798,#1806,#1814,#1822,#1830,#1838,#1846,#1854,#1862,#1870,
    #1878,#1886,#1894,#1902,#1910,#1918,#1926,#1934,#1942,#1950,#1958,
    #1966,#1974,#1982,#1990,#1998,#2006,#2014,#2022,#2030,#2038,#2046,
    #2054,#2062,#2070,#2078,#2086,#2094,#2102,#2110,#2118,#2126,#2134,
    #2142,#2150,#2158,#2166,#2174,#2182,#2190,#2198,#2206,#2214,#2222,
    #2231,#2239,#2247,#2255,#2264,#2272,#2280,#2288,#2297,#2305,#2313,
    #2321,#2329,#2337,#2345,#2353,#2361,#2369,#2377,#2385,#2393,#2401,
    #2409,#2417,#2425,#2433,#2441,#2449,#2457,#2465,#2473,#2481,#2490,
    #2499,#2507));
#1284 = ORIENTED_EDGE('',*,*,#1285,.F.);
#1285 = EDGE_CURVE('',#1286,#1288,#1290,.T.);
#1286 = VERTEX_POINT('',#1287);
#1287 = CARTESIAN_POINT('',(-4.925,0.5,-38.));
#1288 = VERTEX_POINT('',#1289);
#1289 = CARTESIAN_POINT('',(-4.925,0.5,-39.7));
#1290 = LINE('',#1291,#1292);
#1291 = CARTESIAN_POINT('',(-4.925,0.5,-38.));
#1292 = VECTOR('',#1293,1.);
#1293 = DIRECTION('',(-0.,-0.,-1.));
#1294 = ORIENTED_EDGE('',*,*,#1295,.F.);
#1295 = EDGE_CURVE('',#1296,#1286,#1298,.T.);
#1296 = VERTEX_POINT('',#1297);
#1297 = CARTESIAN_POINT('',(-4.575,0.5,-38.));
#1298 = LINE('',#1299,#1300);
#1299 = CARTESIAN_POINT('',(-4.575,0.5,-38.));
#1300 = VECTOR('',#1301,1.);
#1301 = DIRECTION('',(-1.,-0.,-0.));
#1302 = ORIENTED_EDGE('',*,*,#1303,.F.);
#1303 = EDGE_CURVE('',#1304,#1296,#1306,.T.);
#1304 = VERTEX_POINT('',#1305);
#1305 = CARTESIAN_POINT('',(-4.575,0.5,-39.7));
#1306 = LINE('',#1307,#1308);
#1307 = CARTESIAN_POINT('',(-4.575,0.5,-39.7));
#1308 = VECTOR('',#1309,1.);
#1309 = DIRECTION('',(0.,0.,1.));
#1310 = ORIENTED_EDGE('',*,*,#1311,.T.);
#1311 = EDGE_CURVE('',#1304,#1312,#1314,.T.);
#1312 = VERTEX_POINT('',#1313);
#1313 = CARTESIAN_POINT('',(-4.425,0.5,-39.7));
#1314 = LINE('',#1315,#1316);
#1315 = CARTESIAN_POINT('',(-4.575,0.5,-39.7));
#1316 = VECTOR('',#1317,1.);
#1317 = DIRECTION('',(1.,0.,0.));
#1318 = ORIENTED_EDGE('',*,*,#1319,.F.);
#1319 = EDGE_CURVE('',#1320,#1312,#1322,.T.);
#1320 = VERTEX_POINT('',#1321);
#1321 = CARTESIAN_POINT('',(-4.425,0.5,-38.));
#1322 = LINE('',#1323,#1324);
#1323 = CARTESIAN_POINT('',(-4.425,0.5,-38.));
#1324 = VECTOR('',#1325,1.);
#1325 = DIRECTION('',(-0.,-0.,-1.));
#1326 = ORIENTED_EDGE('',*,*,#1327,.F.);
#1327 = EDGE_CURVE('',#1328,#1320,#1330,.T.);
#1328 = VERTEX_POINT('',#1329);
#1329 = CARTESIAN_POINT('',(-4.075,0.5,-38.));
#1330 = LINE('',#1331,#1332);
#1331 = CARTESIAN_POINT('',(-4.075,0.5,-38.));
#1332 = VECTOR('',#1333,1.);
#1333 = DIRECTION('',(-1.,-0.,-0.));
#1334 = ORIENTED_EDGE('',*,*,#1335,.F.);
#1335 = EDGE_CURVE('',#1336,#1328,#1338,.T.);
#1336 = VERTEX_POINT('',#1337);
#1337 = CARTESIAN_POINT('',(-4.075,0.5,-39.7));
#1338 = LINE('',#1339,#1340);
#1339 = CARTESIAN_POINT('',(-4.075,0.5,-39.7));
#1340 = VECTOR('',#1341,1.);
#1341 = DIRECTION('',(0.,0.,1.));
#1342 = ORIENTED_EDGE('',*,*,#1343,.T.);
#1343 = EDGE_CURVE('',#1336,#1344,#1346,.T.);
#1344 = VERTEX_POINT('',#1345);
#1345 = CARTESIAN_POINT('',(-3.925,0.5,-39.7));
#1346 = LINE('',#1347,#1348);
#1347 = CARTESIAN_POINT('',(-4.075,0.5,-39.7));
#1348 = VECTOR('',#1349,1.);
#1349 = DIRECTION('',(1.,0.,0.));
#1350 = ORIENTED_EDGE('',*,*,#1351,.F.);
#1351 = EDGE_CURVE('',#1352,#1344,#1354,.T.);
#1352 = VERTEX_POINT('',#1353);
#1353 = CARTESIAN_POINT('',(-3.925,0.5,-38.));
#1354 = LINE('',#1355,#1356);
#1355 = CARTESIAN_POINT('',(-3.925,0.5,-38.));
#1356 = VECTOR('',#1357,1.);
#1357 = DIRECTION('',(-0.,-0.,-1.));
#1358 = ORIENTED_EDGE('',*,*,#1359,.F.);
#1359 = EDGE_CURVE('',#1360,#1352,#1362,.T.);
#1360 = VERTEX_POINT('',#1361);
#1361 = CARTESIAN_POINT('',(-3.575,0.5,-38.));
#1362 = LINE('',#1363,#1364);
#1363 = CARTESIAN_POINT('',(-3.575,0.5,-38.));
#1364 = VECTOR('',#1365,1.);
#1365 = DIRECTION('',(-1.,-0.,-0.));
#1366 = ORIENTED_EDGE('',*,*,#1367,.F.);
#1367 = EDGE_CURVE('',#1368,#1360,#1370,.T.);
#1368 = VERTEX_POINT('',#1369);
#1369 = CARTESIAN_POINT('',(-3.575,0.5,-39.7));
#1370 = LINE('',#1371,#1372);
#1371 = CARTESIAN_POINT('',(-3.575,0.5,-39.7));
#1372 = VECTOR('',#1373,1.);
#1373 = DIRECTION('',(0.,0.,1.));
#1374 = ORIENTED_EDGE('',*,*,#1375,.T.);
#1375 = EDGE_CURVE('',#1368,#1376,#1378,.T.);
#1376 = VERTEX_POINT('',#1377);
#1377 = CARTESIAN_POINT('',(-3.425,0.5,-39.7));
#1378 = LINE('',#1379,#1380);
#1379 = CARTESIAN_POINT('',(-3.575,0.5,-39.7));
#1380 = VECTOR('',#1381,1.);
#1381 = DIRECTION('',(1.,0.,0.));
#1382 = ORIENTED_EDGE('',*,*,#1383,.F.);
#1383 = EDGE_CURVE('',#1384,#1376,#1386,.T.);
#1384 = VERTEX_POINT('',#1385);
#1385 = CARTESIAN_POINT('',(-3.425,0.5,-38.));
#1386 = LINE('',#1387,#1388);
#1387 = CARTESIAN_POINT('',(-3.425,0.5,-38.));
#1388 = VECTOR('',#1389,1.);
#1389 = DIRECTION('',(-0.,-0.,-1.));
#1390 = ORIENTED_EDGE('',*,*,#1391,.F.);
#1391 = EDGE_CURVE('',#1392,#1384,#1394,.T.);
#1392 = VERTEX_POINT('',#1393);
#1393 = CARTESIAN_POINT('',(-3.075,0.5,-38.));
#1394 = LINE('',#1395,#1396);
#1395 = CARTESIAN_POINT('',(-3.075,0.5,-38.));
#1396 = VECTOR('',#1397,1.);
#1397 = DIRECTION('',(-1.,-0.,-0.));
#1398 = ORIENTED_EDGE('',*,*,#1399,.F.);
#1399 = EDGE_CURVE('',#1400,#1392,#1402,.T.);
#1400 = VERTEX_POINT('',#1401);
#1401 = CARTESIAN_POINT('',(-3.075,0.5,-39.7));
#1402 = LINE('',#1403,#1404);
#1403 = CARTESIAN_POINT('',(-3.075,0.5,-39.7));
#1404 = VECTOR('',#1405,1.);
#1405 = DIRECTION('',(0.,0.,1.));
#1406 = ORIENTED_EDGE('',*,*,#1407,.T.);
#1407 = EDGE_CURVE('',#1400,#1408,#1410,.T.);
#1408 = VERTEX_POINT('',#1409);
#1409 = CARTESIAN_POINT('',(-2.925,0.5,-39.7));
#1410 = LINE('',#1411,#1412);
#1411 = CARTESIAN_POINT('',(-3.075,0.5,-39.7));
#1412 = VECTOR('',#1413,1.);
#1413 = DIRECTION('',(1.,0.,0.));
#1414 = ORIENTED_EDGE('',*,*,#1415,.F.);
#1415 = EDGE_CURVE('',#1416,#1408,#1418,.T.);
#1416 = VERTEX_POINT('',#1417);
#1417 = CARTESIAN_POINT('',(-2.925,0.5,-38.));
#1418 = LINE('',#1419,#1420);
#1419 = CARTESIAN_POINT('',(-2.925,0.5,-38.));
#1420 = VECTOR('',#1421,1.);
#1421 = DIRECTION('',(-0.,-0.,-1.));
#1422 = ORIENTED_EDGE('',*,*,#1423,.F.);
#1423 = EDGE_CURVE('',#1424,#1416,#1426,.T.);
#1424 = VERTEX_POINT('',#1425);
#1425 = CARTESIAN_POINT('',(-2.575,0.5,-38.));
#1426 = LINE('',#1427,#1428);
#1427 = CARTESIAN_POINT('',(-2.575,0.5,-38.));
#1428 = VECTOR('',#1429,1.);
#1429 = DIRECTION('',(-1.,-0.,-0.));
#1430 = ORIENTED_EDGE('',*,*,#1431,.F.);
#1431 = EDGE_CURVE('',#1432,#1424,#1434,.T.);
#1432 = VERTEX_POINT('',#1433);
#1433 = CARTESIAN_POINT('',(-2.575,0.5,-39.7));
#1434 = LINE('',#1435,#1436);
#1435 = CARTESIAN_POINT('',(-2.575,0.5,-39.7));
#1436 = VECTOR('',#1437,1.);
#1437 = DIRECTION('',(0.,0.,1.));
#1438 = ORIENTED_EDGE('',*,*,#1439,.T.);
#1439 = EDGE_CURVE('',#1432,#1440,#1442,.T.);
#1440 = VERTEX_POINT('',#1441);
#1441 = CARTESIAN_POINT('',(-2.425,0.5,-39.7));
#1442 = LINE('',#1443,#1444);
#1443 = CARTESIAN_POINT('',(-2.575,0.5,-39.7));
#1444 = VECTOR('',#1445,1.);
#1445 = DIRECTION('',(1.,0.,0.));
#1446 = ORIENTED_EDGE('',*,*,#1447,.F.);
#1447 = EDGE_CURVE('',#1448,#1440,#1450,.T.);
#1448 = VERTEX_POINT('',#1449);
#1449 = CARTESIAN_POINT('',(-2.425,0.5,-38.));
#1450 = LINE('',#1451,#1452);
#1451 = CARTESIAN_POINT('',(-2.425,0.5,-38.));
#1452 = VECTOR('',#1453,1.);
#1453 = DIRECTION('',(-0.,-0.,-1.));
#1454 = ORIENTED_EDGE('',*,*,#1455,.F.);
#1455 = EDGE_CURVE('',#1456,#1448,#1458,.T.);
#1456 = VERTEX_POINT('',#1457);
#1457 = CARTESIAN_POINT('',(-2.075,0.5,-38.));
#1458 = LINE('',#1459,#1460);
#1459 = CARTESIAN_POINT('',(-2.075,0.5,-38.));
#1460 = VECTOR('',#1461,1.);
#1461 = DIRECTION('',(-1.,-0.,-0.));
#1462 = ORIENTED_EDGE('',*,*,#1463,.F.);
#1463 = EDGE_CURVE('',#1464,#1456,#1466,.T.);
#1464 = VERTEX_POINT('',#1465);
#1465 = CARTESIAN_POINT('',(-2.075,0.5,-39.7));
#1466 = LINE('',#1467,#1468);
#1467 = CARTESIAN_POINT('',(-2.075,0.5,-39.7));
#1468 = VECTOR('',#1469,1.);
#1469 = DIRECTION('',(0.,0.,1.));
#1470 = ORIENTED_EDGE('',*,*,#1471,.T.);
#1471 = EDGE_CURVE('',#1464,#1472,#1474,.T.);
#1472 = VERTEX_POINT('',#1473);
#1473 = CARTESIAN_POINT('',(-1.925,0.5,-39.7));
#1474 = LINE('',#1475,#1476);
#1475 = CARTESIAN_POINT('',(-2.075,0.5,-39.7));
#1476 = VECTOR('',#1477,1.);
#1477 = DIRECTION('',(1.,0.,0.));
#1478 = ORIENTED_EDGE('',*,*,#1479,.F.);
#1479 = EDGE_CURVE('',#1480,#1472,#1482,.T.);
#1480 = VERTEX_POINT('',#1481);
#1481 = CARTESIAN_POINT('',(-1.925,0.5,-38.));
#1482 = LINE('',#1483,#1484);
#1483 = CARTESIAN_POINT('',(-1.925,0.5,-38.));
#1484 = VECTOR('',#1485,1.);
#1485 = DIRECTION('',(-0.,-0.,-1.));
#1486 = ORIENTED_EDGE('',*,*,#1487,.F.);
#1487 = EDGE_CURVE('',#1488,#1480,#1490,.T.);
#1488 = VERTEX_POINT('',#1489);
#1489 = CARTESIAN_POINT('',(-1.575,0.5,-38.));
#1490 = LINE('',#1491,#1492);
#1491 = CARTESIAN_POINT('',(-1.575,0.5,-38.));
#1492 = VECTOR('',#1493,1.);
#1493 = DIRECTION('',(-1.,-0.,-0.));
#1494 = ORIENTED_EDGE('',*,*,#1495,.F.);
#1495 = EDGE_CURVE('',#1496,#1488,#1498,.T.);
#1496 = VERTEX_POINT('',#1497);
#1497 = CARTESIAN_POINT('',(-1.575,0.5,-39.7));
#1498 = LINE('',#1499,#1500);
#1499 = CARTESIAN_POINT('',(-1.575,0.5,-39.7));
#1500 = VECTOR('',#1501,1.);
#1501 = DIRECTION('',(0.,0.,1.));
#1502 = ORIENTED_EDGE('',*,*,#1503,.T.);
#1503 = EDGE_CURVE('',#1496,#1504,#1506,.T.);
#1504 = VERTEX_POINT('',#1505);
#1505 = CARTESIAN_POINT('',(-1.425,0.5,-39.7));
#1506 = LINE('',#1507,#1508);
#1507 = CARTESIAN_POINT('',(-1.575,0.5,-39.7));
#1508 = VECTOR('',#1509,1.);
#1509 = DIRECTION('',(1.,0.,0.));
#1510 = ORIENTED_EDGE('',*,*,#1511,.F.);
#1511 = EDGE_CURVE('',#1512,#1504,#1514,.T.);
#1512 = VERTEX_POINT('',#1513);
#1513 = CARTESIAN_POINT('',(-1.425,0.5,-38.));
#1514 = LINE('',#1515,#1516);
#1515 = CARTESIAN_POINT('',(-1.425,0.5,-38.));
#1516 = VECTOR('',#1517,1.);
#1517 = DIRECTION('',(-0.,-0.,-1.));
#1518 = ORIENTED_EDGE('',*,*,#1519,.F.);
#1519 = EDGE_CURVE('',#1520,#1512,#1522,.T.);
#1520 = VERTEX_POINT('',#1521);
#1521 = CARTESIAN_POINT('',(-1.075,0.5,-38.));
#1522 = LINE('',#1523,#1524);
#1523 = CARTESIAN_POINT('',(-1.075,0.5,-38.));
#1524 = VECTOR('',#1525,1.);
#1525 = DIRECTION('',(-1.,-0.,-0.));
#1526 = ORIENTED_EDGE('',*,*,#1527,.F.);
#1527 = EDGE_CURVE('',#1528,#1520,#1530,.T.);
#1528 = VERTEX_POINT('',#1529);
#1529 = CARTESIAN_POINT('',(-1.075,0.5,-39.7));
#1530 = LINE('',#1531,#1532);
#1531 = CARTESIAN_POINT('',(-1.075,0.5,-39.7));
#1532 = VECTOR('',#1533,1.);
#1533 = DIRECTION('',(0.,0.,1.));
#1534 = ORIENTED_EDGE('',*,*,#1535,.T.);
#1535 = EDGE_CURVE('',#1528,#1536,#1538,.T.);
#1536 = VERTEX_POINT('',#1537);
#1537 = CARTESIAN_POINT('',(-0.925,0.5,-39.7));
#1538 = LINE('',#1539,#1540);
#1539 = CARTESIAN_POINT('',(-1.075,0.5,-39.7));
#1540 = VECTOR('',#1541,1.);
#1541 = DIRECTION('',(1.,0.,0.));
#1542 = ORIENTED_EDGE('',*,*,#1543,.F.);
#1543 = EDGE_CURVE('',#1544,#1536,#1546,.T.);
#1544 = VERTEX_POINT('',#1545);
#1545 = CARTESIAN_POINT('',(-0.925,0.5,-38.));
#1546 = LINE('',#1547,#1548);
#1547 = CARTESIAN_POINT('',(-0.925,0.5,-38.));
#1548 = VECTOR('',#1549,1.);
#1549 = DIRECTION('',(-0.,-0.,-1.));
#1550 = ORIENTED_EDGE('',*,*,#1551,.F.);
#1551 = EDGE_CURVE('',#1552,#1544,#1554,.T.);
#1552 = VERTEX_POINT('',#1553);
#1553 = CARTESIAN_POINT('',(-0.575,0.5,-38.));
#1554 = LINE('',#1555,#1556);
#1555 = CARTESIAN_POINT('',(-0.575,0.5,-38.));
#1556 = VECTOR('',#1557,1.);
#1557 = DIRECTION('',(-1.,-0.,-0.));
#1558 = ORIENTED_EDGE('',*,*,#1559,.F.);
#1559 = EDGE_CURVE('',#1560,#1552,#1562,.T.);
#1560 = VERTEX_POINT('',#1561);
#1561 = CARTESIAN_POINT('',(-0.575,0.5,-39.7));
#1562 = LINE('',#1563,#1564);
#1563 = CARTESIAN_POINT('',(-0.575,0.5,-39.7));
#1564 = VECTOR('',#1565,1.);
#1565 = DIRECTION('',(0.,0.,1.));
#1566 = ORIENTED_EDGE('',*,*,#1567,.T.);
#1567 = EDGE_CURVE('',#1560,#1568,#1570,.T.);
#1568 = VERTEX_POINT('',#1569);
#1569 = CARTESIAN_POINT('',(-0.425,0.5,-39.7));
#1570 = LINE('',#1571,#1572);
#1571 = CARTESIAN_POINT('',(-0.575,0.5,-39.7));
#1572 = VECTOR('',#1573,1.);
#1573 = DIRECTION('',(1.,0.,0.));
#1574 = ORIENTED_EDGE('',*,*,#1575,.F.);
#1575 = EDGE_CURVE('',#1576,#1568,#1578,.T.);
#1576 = VERTEX_POINT('',#1577);
#1577 = CARTESIAN_POINT('',(-0.425,0.5,-38.));
#1578 = LINE('',#1579,#1580);
#1579 = CARTESIAN_POINT('',(-0.425,0.5,-38.));
#1580 = VECTOR('',#1581,1.);
#1581 = DIRECTION('',(-0.,-0.,-1.));
#1582 = ORIENTED_EDGE('',*,*,#1583,.F.);
#1583 = EDGE_CURVE('',#1584,#1576,#1586,.T.);
#1584 = VERTEX_POINT('',#1585);
#1585 = CARTESIAN_POINT('',(-7.5E-02,0.5,-38.));
#1586 = LINE('',#1587,#1588);
#1587 = CARTESIAN_POINT('',(-7.5E-02,0.5,-38.));
#1588 = VECTOR('',#1589,1.);
#1589 = DIRECTION('',(-1.,-0.,-0.));
#1590 = ORIENTED_EDGE('',*,*,#1591,.F.);
#1591 = EDGE_CURVE('',#1592,#1584,#1594,.T.);
#1592 = VERTEX_POINT('',#1593);
#1593 = CARTESIAN_POINT('',(-7.5E-02,0.5,-39.7));
#1594 = LINE('',#1595,#1596);
#1595 = CARTESIAN_POINT('',(-7.5E-02,0.5,-39.7));
#1596 = VECTOR('',#1597,1.);
#1597 = DIRECTION('',(0.,0.,1.));
#1598 = ORIENTED_EDGE('',*,*,#1599,.T.);
#1599 = EDGE_CURVE('',#1592,#1600,#1602,.T.);
#1600 = VERTEX_POINT('',#1601);
#1601 = CARTESIAN_POINT('',(7.5E-02,0.5,-39.7));
#1602 = LINE('',#1603,#1604);
#1603 = CARTESIAN_POINT('',(-7.5E-02,0.5,-39.7));
#1604 = VECTOR('',#1605,1.);
#1605 = DIRECTION('',(1.,0.,0.));
#1606 = ORIENTED_EDGE('',*,*,#1607,.F.);
#1607 = EDGE_CURVE('',#1608,#1600,#1610,.T.);
#1608 = VERTEX_POINT('',#1609);
#1609 = CARTESIAN_POINT('',(7.5E-02,0.5,-38.));
#1610 = LINE('',#1611,#1612);
#1611 = CARTESIAN_POINT('',(7.5E-02,0.5,-38.));
#1612 = VECTOR('',#1613,1.);
#1613 = DIRECTION('',(-0.,-0.,-1.));
#1614 = ORIENTED_EDGE('',*,*,#1615,.F.);
#1615 = EDGE_CURVE('',#1616,#1608,#1618,.T.);
#1616 = VERTEX_POINT('',#1617);
#1617 = CARTESIAN_POINT('',(0.425,0.5,-38.));
#1618 = LINE('',#1619,#1620);
#1619 = CARTESIAN_POINT('',(0.425,0.5,-38.));
#1620 = VECTOR('',#1621,1.);
#1621 = DIRECTION('',(-1.,-0.,-0.));
#1622 = ORIENTED_EDGE('',*,*,#1623,.F.);
#1623 = EDGE_CURVE('',#1624,#1616,#1626,.T.);
#1624 = VERTEX_POINT('',#1625);
#1625 = CARTESIAN_POINT('',(0.425,0.5,-39.7));
#1626 = LINE('',#1627,#1628);
#1627 = CARTESIAN_POINT('',(0.425,0.5,-39.7));
#1628 = VECTOR('',#1629,1.);
#1629 = DIRECTION('',(0.,0.,1.));
#1630 = ORIENTED_EDGE('',*,*,#1631,.T.);
#1631 = EDGE_CURVE('',#1624,#1632,#1634,.T.);
#1632 = VERTEX_POINT('',#1633);
#1633 = CARTESIAN_POINT('',(0.575,0.5,-39.7));
#1634 = LINE('',#1635,#1636);
#1635 = CARTESIAN_POINT('',(0.425,0.5,-39.7));
#1636 = VECTOR('',#1637,1.);
#1637 = DIRECTION('',(1.,0.,0.));
#1638 = ORIENTED_EDGE('',*,*,#1639,.F.);
#1639 = EDGE_CURVE('',#1640,#1632,#1642,.T.);
#1640 = VERTEX_POINT('',#1641);
#1641 = CARTESIAN_POINT('',(0.575,0.5,-38.));
#1642 = LINE('',#1643,#1644);
#1643 = CARTESIAN_POINT('',(0.575,0.5,-38.));
#1644 = VECTOR('',#1645,1.);
#1645 = DIRECTION('',(-0.,-0.,-1.));
#1646 = ORIENTED_EDGE('',*,*,#1647,.F.);
#1647 = EDGE_CURVE('',#1648,#1640,#1650,.T.);
#1648 = VERTEX_POINT('',#1649);
#1649 = CARTESIAN_POINT('',(0.925,0.5,-38.));
#1650 = LINE('',#1651,#1652);
#1651 = CARTESIAN_POINT('',(0.925,0.5,-38.));
#1652 = VECTOR('',#1653,1.);
#1653 = DIRECTION('',(-1.,-0.,-0.));
#1654 = ORIENTED_EDGE('',*,*,#1655,.F.);
#1655 = EDGE_CURVE('',#1656,#1648,#1658,.T.);
#1656 = VERTEX_POINT('',#1657);
#1657 = CARTESIAN_POINT('',(0.925,0.5,-39.7));
#1658 = LINE('',#1659,#1660);
#1659 = CARTESIAN_POINT('',(0.925,0.5,-39.7));
#1660 = VECTOR('',#1661,1.);
#1661 = DIRECTION('',(0.,0.,1.));
#1662 = ORIENTED_EDGE('',*,*,#1663,.T.);
#1663 = EDGE_CURVE('',#1656,#1664,#1666,.T.);
#1664 = VERTEX_POINT('',#1665);
#1665 = CARTESIAN_POINT('',(1.075,0.5,-39.7));
#1666 = LINE('',#1667,#1668);
#1667 = CARTESIAN_POINT('',(0.925,0.5,-39.7));
#1668 = VECTOR('',#1669,1.);
#1669 = DIRECTION('',(1.,0.,0.));
#1670 = ORIENTED_EDGE('',*,*,#1671,.F.);
#1671 = EDGE_CURVE('',#1672,#1664,#1674,.T.);
#1672 = VERTEX_POINT('',#1673);
#1673 = CARTESIAN_POINT('',(1.075,0.5,-38.));
#1674 = LINE('',#1675,#1676);
#1675 = CARTESIAN_POINT('',(1.075,0.5,-38.));
#1676 = VECTOR('',#1677,1.);
#1677 = DIRECTION('',(-0.,-0.,-1.));
#1678 = ORIENTED_EDGE('',*,*,#1679,.F.);
#1679 = EDGE_CURVE('',#1680,#1672,#1682,.T.);
#1680 = VERTEX_POINT('',#1681);
#1681 = CARTESIAN_POINT('',(1.425,0.5,-38.));
#1682 = LINE('',#1683,#1684);
#1683 = CARTESIAN_POINT('',(1.425,0.5,-38.));
#1684 = VECTOR('',#1685,1.);
#1685 = DIRECTION('',(-1.,-0.,-0.));
#1686 = ORIENTED_EDGE('',*,*,#1687,.F.);
#1687 = EDGE_CURVE('',#1688,#1680,#1690,.T.);
#1688 = VERTEX_POINT('',#1689);
#1689 = CARTESIAN_POINT('',(1.425,0.5,-39.7));
#1690 = LINE('',#1691,#1692);
#1691 = CARTESIAN_POINT('',(1.425,0.5,-39.7));
#1692 = VECTOR('',#1693,1.);
#1693 = DIRECTION('',(0.,0.,1.));
#1694 = ORIENTED_EDGE('',*,*,#1695,.T.);
#1695 = EDGE_CURVE('',#1688,#1696,#1698,.T.);
#1696 = VERTEX_POINT('',#1697);
#1697 = CARTESIAN_POINT('',(1.575,0.5,-39.7));
#1698 = LINE('',#1699,#1700);
#1699 = CARTESIAN_POINT('',(1.425,0.5,-39.7));
#1700 = VECTOR('',#1701,1.);
#1701 = DIRECTION('',(1.,0.,0.));
#1702 = ORIENTED_EDGE('',*,*,#1703,.F.);
#1703 = EDGE_CURVE('',#1704,#1696,#1706,.T.);
#1704 = VERTEX_POINT('',#1705);
#1705 = CARTESIAN_POINT('',(1.575,0.5,-38.));
#1706 = LINE('',#1707,#1708);
#1707 = CARTESIAN_POINT('',(1.575,0.5,-38.));
#1708 = VECTOR('',#1709,1.);
#1709 = DIRECTION('',(-0.,-0.,-1.));
#1710 = ORIENTED_EDGE('',*,*,#1711,.F.);
#1711 = EDGE_CURVE('',#1712,#1704,#1714,.T.);
#1712 = VERTEX_POINT('',#1713);
#1713 = CARTESIAN_POINT('',(1.925,0.5,-38.));
#1714 = LINE('',#1715,#1716);
#1715 = CARTESIAN_POINT('',(1.925,0.5,-38.));
#1716 = VECTOR('',#1717,1.);
#1717 = DIRECTION('',(-1.,-0.,-0.));
#1718 = ORIENTED_EDGE('',*,*,#1719,.F.);
#1719 = EDGE_CURVE('',#1720,#1712,#1722,.T.);
#1720 = VERTEX_POINT('',#1721);
#1721 = CARTESIAN_POINT('',(1.925,0.5,-39.7));
#1722 = LINE('',#1723,#1724);
#1723 = CARTESIAN_POINT('',(1.925,0.5,-39.7));
#1724 = VECTOR('',#1725,1.);
#1725 = DIRECTION('',(0.,0.,1.));
#1726 = ORIENTED_EDGE('',*,*,#1727,.T.);
#1727 = EDGE_CURVE('',#1720,#1728,#1730,.T.);
#1728 = VERTEX_POINT('',#1729);
#1729 = CARTESIAN_POINT('',(2.075,0.5,-39.7));
#1730 = LINE('',#1731,#1732);
#1731 = CARTESIAN_POINT('',(1.925,0.5,-39.7));
#1732 = VECTOR('',#1733,1.);
#1733 = DIRECTION('',(1.,0.,0.));
#1734 = ORIENTED_EDGE('',*,*,#1735,.F.);
#1735 = EDGE_CURVE('',#1736,#1728,#1738,.T.);
#1736 = VERTEX_POINT('',#1737);
#1737 = CARTESIAN_POINT('',(2.075,0.5,-38.));
#1738 = LINE('',#1739,#1740);
#1739 = CARTESIAN_POINT('',(2.075,0.5,-38.));
#1740 = VECTOR('',#1741,1.);
#1741 = DIRECTION('',(-0.,-0.,-1.));
#1742 = ORIENTED_EDGE('',*,*,#1743,.F.);
#1743 = EDGE_CURVE('',#1744,#1736,#1746,.T.);
#1744 = VERTEX_POINT('',#1745);
#1745 = CARTESIAN_POINT('',(2.425,0.5,-38.));
#1746 = LINE('',#1747,#1748);
#1747 = CARTESIAN_POINT('',(2.425,0.5,-38.));
#1748 = VECTOR('',#1749,1.);
#1749 = DIRECTION('',(-1.,-0.,-0.));
#1750 = ORIENTED_EDGE('',*,*,#1751,.F.);
#1751 = EDGE_CURVE('',#1752,#1744,#1754,.T.);
#1752 = VERTEX_POINT('',#1753);
#1753 = CARTESIAN_POINT('',(2.425,0.5,-39.7));
#1754 = LINE('',#1755,#1756);
#1755 = CARTESIAN_POINT('',(2.425,0.5,-39.7));
#1756 = VECTOR('',#1757,1.);
#1757 = DIRECTION('',(0.,0.,1.));
#1758 = ORIENTED_EDGE('',*,*,#1759,.T.);
#1759 = EDGE_CURVE('',#1752,#1760,#1762,.T.);
#1760 = VERTEX_POINT('',#1761);
#1761 = CARTESIAN_POINT('',(2.575,0.5,-39.7));
#1762 = LINE('',#1763,#1764);
#1763 = CARTESIAN_POINT('',(2.425,0.5,-39.7));
#1764 = VECTOR('',#1765,1.);
#1765 = DIRECTION('',(1.,0.,0.));
#1766 = ORIENTED_EDGE('',*,*,#1767,.F.);
#1767 = EDGE_CURVE('',#1768,#1760,#1770,.T.);
#1768 = VERTEX_POINT('',#1769);
#1769 = CARTESIAN_POINT('',(2.575,0.5,-38.));
#1770 = LINE('',#1771,#1772);
#1771 = CARTESIAN_POINT('',(2.575,0.5,-38.));
#1772 = VECTOR('',#1773,1.);
#1773 = DIRECTION('',(-0.,-0.,-1.));
#1774 = ORIENTED_EDGE('',*,*,#1775,.F.);
#1775 = EDGE_CURVE('',#1776,#1768,#1778,.T.);
#1776 = VERTEX_POINT('',#1777);
#1777 = CARTESIAN_POINT('',(2.925,0.5,-38.));
#1778 = LINE('',#1779,#1780);
#1779 = CARTESIAN_POINT('',(2.925,0.5,-38.));
#1780 = VECTOR('',#1781,1.);
#1781 = DIRECTION('',(-1.,-0.,-0.));
#1782 = ORIENTED_EDGE('',*,*,#1783,.F.);
#1783 = EDGE_CURVE('',#1784,#1776,#1786,.T.);
#1784 = VERTEX_POINT('',#1785);
#1785 = CARTESIAN_POINT('',(2.925,0.5,-39.7));
#1786 = LINE('',#1787,#1788);
#1787 = CARTESIAN_POINT('',(2.925,0.5,-39.7));
#1788 = VECTOR('',#1789,1.);
#1789 = DIRECTION('',(0.,0.,1.));
#1790 = ORIENTED_EDGE('',*,*,#1791,.T.);
#1791 = EDGE_CURVE('',#1784,#1792,#1794,.T.);
#1792 = VERTEX_POINT('',#1793);
#1793 = CARTESIAN_POINT('',(3.075,0.5,-39.7));
#1794 = LINE('',#1795,#1796);
#1795 = CARTESIAN_POINT('',(2.925,0.5,-39.7));
#1796 = VECTOR('',#1797,1.);
#1797 = DIRECTION('',(1.,0.,0.));
#1798 = ORIENTED_EDGE('',*,*,#1799,.F.);
#1799 = EDGE_CURVE('',#1800,#1792,#1802,.T.);
#1800 = VERTEX_POINT('',#1801);
#1801 = CARTESIAN_POINT('',(3.075,0.5,-38.));
#1802 = LINE('',#1803,#1804);
#1803 = CARTESIAN_POINT('',(3.075,0.5,-38.));
#1804 = VECTOR('',#1805,1.);
#1805 = DIRECTION('',(-0.,-0.,-1.));
#1806 = ORIENTED_EDGE('',*,*,#1807,.F.);
#1807 = EDGE_CURVE('',#1808,#1800,#1810,.T.);
#1808 = VERTEX_POINT('',#1809);
#1809 = CARTESIAN_POINT('',(3.425,0.5,-38.));
#1810 = LINE('',#1811,#1812);
#1811 = CARTESIAN_POINT('',(3.425,0.5,-38.));
#1812 = VECTOR('',#1813,1.);
#1813 = DIRECTION('',(-1.,-0.,-0.));
#1814 = ORIENTED_EDGE('',*,*,#1815,.F.);
#1815 = EDGE_CURVE('',#1816,#1808,#1818,.T.);
#1816 = VERTEX_POINT('',#1817);
#1817 = CARTESIAN_POINT('',(3.425,0.5,-39.7));
#1818 = LINE('',#1819,#1820);
#1819 = CARTESIAN_POINT('',(3.425,0.5,-39.7));
#1820 = VECTOR('',#1821,1.);
#1821 = DIRECTION('',(0.,0.,1.));
#1822 = ORIENTED_EDGE('',*,*,#1823,.T.);
#1823 = EDGE_CURVE('',#1816,#1824,#1826,.T.);
#1824 = VERTEX_POINT('',#1825);
#1825 = CARTESIAN_POINT('',(3.575,0.5,-39.7));
#1826 = LINE('',#1827,#1828);
#1827 = CARTESIAN_POINT('',(3.425,0.5,-39.7));
#1828 = VECTOR('',#1829,1.);
#1829 = DIRECTION('',(1.,0.,0.));
#1830 = ORIENTED_EDGE('',*,*,#1831,.F.);
#1831 = EDGE_CURVE('',#1832,#1824,#1834,.T.);
#1832 = VERTEX_POINT('',#1833);
#1833 = CARTESIAN_POINT('',(3.575,0.5,-38.));
#1834 = LINE('',#1835,#1836);
#1835 = CARTESIAN_POINT('',(3.575,0.5,-38.));
#1836 = VECTOR('',#1837,1.);
#1837 = DIRECTION('',(-0.,-0.,-1.));
#1838 = ORIENTED_EDGE('',*,*,#1839,.F.);
#1839 = EDGE_CURVE('',#1840,#1832,#1842,.T.);
#1840 = VERTEX_POINT('',#1841);
#1841 = CARTESIAN_POINT('',(3.925,0.5,-38.));
#1842 = LINE('',#1843,#1844);
#1843 = CARTESIAN_POINT('',(3.925,0.5,-38.));
#1844 = VECTOR('',#1845,1.);
#1845 = DIRECTION('',(-1.,-0.,-0.));
#1846 = ORIENTED_EDGE('',*,*,#1847,.F.);
#1847 = EDGE_CURVE('',#1848,#1840,#1850,.T.);
#1848 = VERTEX_POINT('',#1849);
#1849 = CARTESIAN_POINT('',(3.925,0.5,-39.7));
#1850 = LINE('',#1851,#1852);
#1851 = CARTESIAN_POINT('',(3.925,0.5,-39.7));
#1852 = VECTOR('',#1853,1.);
#1853 = DIRECTION('',(0.,0.,1.));
#1854 = ORIENTED_EDGE('',*,*,#1855,.T.);
#1855 = EDGE_CURVE('',#1848,#1856,#1858,.T.);
#1856 = VERTEX_POINT('',#1857);
#1857 = CARTESIAN_POINT('',(4.075,0.5,-39.7));
#1858 = LINE('',#1859,#1860);
#1859 = CARTESIAN_POINT('',(3.925,0.5,-39.7));
#1860 = VECTOR('',#1861,1.);
#1861 = DIRECTION('',(1.,0.,0.));
#1862 = ORIENTED_EDGE('',*,*,#1863,.F.);
#1863 = EDGE_CURVE('',#1864,#1856,#1866,.T.);
#1864 = VERTEX_POINT('',#1865);
#1865 = CARTESIAN_POINT('',(4.075,0.5,-38.));
#1866 = LINE('',#1867,#1868);
#1867 = CARTESIAN_POINT('',(4.075,0.5,-38.));
#1868 = VECTOR('',#1869,1.);
#1869 = DIRECTION('',(-0.,-0.,-1.));
#1870 = ORIENTED_EDGE('',*,*,#1871,.F.);
#1871 = EDGE_CURVE('',#1872,#1864,#1874,.T.);
#1872 = VERTEX_POINT('',#1873);
#1873 = CARTESIAN_POINT('',(4.425,0.5,-38.));
#1874 = LINE('',#1875,#1876);
#1875 = CARTESIAN_POINT('',(4.425,0.5,-38.));
#1876 = VECTOR('',#1877,1.);
#1877 = DIRECTION('',(-1.,-0.,-0.));
#1878 = ORIENTED_EDGE('',*,*,#1879,.F.);
#1879 = EDGE_CURVE('',#1880,#1872,#1882,.T.);
#1880 = VERTEX_POINT('',#1881);
#1881 = CARTESIAN_POINT('',(4.425,0.5,-39.7));
#1882 = LINE('',#1883,#1884);
#1883 = CARTESIAN_POINT('',(4.425,0.5,-39.7));
#1884 = VECTOR('',#1885,1.);
#1885 = DIRECTION('',(0.,0.,1.));
#1886 = ORIENTED_EDGE('',*,*,#1887,.T.);
#1887 = EDGE_CURVE('',#1880,#1888,#1890,.T.);
#1888 = VERTEX_POINT('',#1889);
#1889 = CARTESIAN_POINT('',(4.575,0.5,-39.7));
#1890 = LINE('',#1891,#1892);
#1891 = CARTESIAN_POINT('',(4.425,0.5,-39.7));
#1892 = VECTOR('',#1893,1.);
#1893 = DIRECTION('',(1.,0.,0.));
#1894 = ORIENTED_EDGE('',*,*,#1895,.F.);
#1895 = EDGE_CURVE('',#1896,#1888,#1898,.T.);
#1896 = VERTEX_POINT('',#1897);
#1897 = CARTESIAN_POINT('',(4.575,0.5,-38.));
#1898 = LINE('',#1899,#1900);
#1899 = CARTESIAN_POINT('',(4.575,0.5,-38.));
#1900 = VECTOR('',#1901,1.);
#1901 = DIRECTION('',(-0.,-0.,-1.));
#1902 = ORIENTED_EDGE('',*,*,#1903,.F.);
#1903 = EDGE_CURVE('',#1904,#1896,#1906,.T.);
#1904 = VERTEX_POINT('',#1905);
#1905 = CARTESIAN_POINT('',(4.925,0.5,-38.));
#1906 = LINE('',#1907,#1908);
#1907 = CARTESIAN_POINT('',(4.925,0.5,-38.));
#1908 = VECTOR('',#1909,1.);
#1909 = DIRECTION('',(-1.,-0.,-0.));
#1910 = ORIENTED_EDGE('',*,*,#1911,.F.);
#1911 = EDGE_CURVE('',#1912,#1904,#1914,.T.);
#1912 = VERTEX_POINT('',#1913);
#1913 = CARTESIAN_POINT('',(4.925,0.5,-39.7));
#1914 = LINE('',#1915,#1916);
#1915 = CARTESIAN_POINT('',(4.925,0.5,-39.7));
#1916 = VECTOR('',#1917,1.);
#1917 = DIRECTION('',(0.,0.,1.));
#1918 = ORIENTED_EDGE('',*,*,#1919,.T.);
#1919 = EDGE_CURVE('',#1912,#1920,#1922,.T.);
#1920 = VERTEX_POINT('',#1921);
#1921 = CARTESIAN_POINT('',(5.075,0.5,-39.7));
#1922 = LINE('',#1923,#1924);
#1923 = CARTESIAN_POINT('',(4.925,0.5,-39.7));
#1924 = VECTOR('',#1925,1.);
#1925 = DIRECTION('',(1.,0.,0.));
#1926 = ORIENTED_EDGE('',*,*,#1927,.F.);
#1927 = EDGE_CURVE('',#1928,#1920,#1930,.T.);
#1928 = VERTEX_POINT('',#1929);
#1929 = CARTESIAN_POINT('',(5.075,0.5,-38.));
#1930 = LINE('',#1931,#1932);
#1931 = CARTESIAN_POINT('',(5.075,0.5,-38.));
#1932 = VECTOR('',#1933,1.);
#1933 = DIRECTION('',(-0.,-0.,-1.));
#1934 = ORIENTED_EDGE('',*,*,#1935,.F.);
#1935 = EDGE_CURVE('',#1936,#1928,#1938,.T.);
#1936 = VERTEX_POINT('',#1937);
#1937 = CARTESIAN_POINT('',(5.425,0.5,-38.));
#1938 = LINE('',#1939,#1940);
#1939 = CARTESIAN_POINT('',(5.425,0.5,-38.));
#1940 = VECTOR('',#1941,1.);
#1941 = DIRECTION('',(-1.,-0.,-0.));
#1942 = ORIENTED_EDGE('',*,*,#1943,.F.);
#1943 = EDGE_CURVE('',#1944,#1936,#1946,.T.);
#1944 = VERTEX_POINT('',#1945);
#1945 = CARTESIAN_POINT('',(5.425,0.5,-39.7));
#1946 = LINE('',#1947,#1948);
#1947 = CARTESIAN_POINT('',(5.425,0.5,-39.7));
#1948 = VECTOR('',#1949,1.);
#1949 = DIRECTION('',(0.,0.,1.));
#1950 = ORIENTED_EDGE('',*,*,#1951,.T.);
#1951 = EDGE_CURVE('',#1944,#1952,#1954,.T.);
#1952 = VERTEX_POINT('',#1953);
#1953 = CARTESIAN_POINT('',(5.575,0.5,-39.7));
#1954 = LINE('',#1955,#1956);
#1955 = CARTESIAN_POINT('',(5.425,0.5,-39.7));
#1956 = VECTOR('',#1957,1.);
#1957 = DIRECTION('',(1.,0.,0.));
#1958 = ORIENTED_EDGE('',*,*,#1959,.F.);
#1959 = EDGE_CURVE('',#1960,#1952,#1962,.T.);
#1960 = VERTEX_POINT('',#1961);
#1961 = CARTESIAN_POINT('',(5.575,0.5,-38.));
#1962 = LINE('',#1963,#1964);
#1963 = CARTESIAN_POINT('',(5.575,0.5,-38.));
#1964 = VECTOR('',#1965,1.);
#1965 = DIRECTION('',(-0.,-0.,-1.));
#1966 = ORIENTED_EDGE('',*,*,#1967,.F.);
#1967 = EDGE_CURVE('',#1968,#1960,#1970,.T.);
#1968 = VERTEX_POINT('',#1969);
#1969 = CARTESIAN_POINT('',(5.925,0.5,-38.));
#1970 = LINE('',#1971,#1972);
#1971 = CARTESIAN_POINT('',(5.925,0.5,-38.));
#1972 = VECTOR('',#1973,1.);
#1973 = DIRECTION('',(-1.,-0.,-0.));
#1974 = ORIENTED_EDGE('',*,*,#1975,.F.);
#1975 = EDGE_CURVE('',#1976,#1968,#1978,.T.);
#1976 = VERTEX_POINT('',#1977);
#1977 = CARTESIAN_POINT('',(5.925,0.5,-39.7));
#1978 = LINE('',#1979,#1980);
#1979 = CARTESIAN_POINT('',(5.925,0.5,-39.7));
#1980 = VECTOR('',#1981,1.);
#1981 = DIRECTION('',(0.,0.,1.));
#1982 = ORIENTED_EDGE('',*,*,#1983,.T.);
#1983 = EDGE_CURVE('',#1976,#1984,#1986,.T.);
#1984 = VERTEX_POINT('',#1985);
#1985 = CARTESIAN_POINT('',(6.075,0.5,-39.7));
#1986 = LINE('',#1987,#1988);
#1987 = CARTESIAN_POINT('',(5.925,0.5,-39.7));
#1988 = VECTOR('',#1989,1.);
#1989 = DIRECTION('',(1.,0.,0.));
#1990 = ORIENTED_EDGE('',*,*,#1991,.F.);
#1991 = EDGE_CURVE('',#1992,#1984,#1994,.T.);
#1992 = VERTEX_POINT('',#1993);
#1993 = CARTESIAN_POINT('',(6.075,0.5,-38.));
#1994 = LINE('',#1995,#1996);
#1995 = CARTESIAN_POINT('',(6.075,0.5,-38.));
#1996 = VECTOR('',#1997,1.);
#1997 = DIRECTION('',(-0.,-0.,-1.));
#1998 = ORIENTED_EDGE('',*,*,#1999,.F.);
#1999 = EDGE_CURVE('',#2000,#1992,#2002,.T.);
#2000 = VERTEX_POINT('',#2001);
#2001 = CARTESIAN_POINT('',(6.425,0.5,-38.));
#2002 = LINE('',#2003,#2004);
#2003 = CARTESIAN_POINT('',(6.425,0.5,-38.));
#2004 = VECTOR('',#2005,1.);
#2005 = DIRECTION('',(-1.,-0.,-0.));
#2006 = ORIENTED_EDGE('',*,*,#2007,.F.);
#2007 = EDGE_CURVE('',#2008,#2000,#2010,.T.);
#2008 = VERTEX_POINT('',#2009);
#2009 = CARTESIAN_POINT('',(6.425,0.5,-39.7));
#2010 = LINE('',#2011,#2012);
#2011 = CARTESIAN_POINT('',(6.425,0.5,-39.7));
#2012 = VECTOR('',#2013,1.);
#2013 = DIRECTION('',(0.,0.,1.));
#2014 = ORIENTED_EDGE('',*,*,#2015,.T.);
#2015 = EDGE_CURVE('',#2008,#2016,#2018,.T.);
#2016 = VERTEX_POINT('',#2017);
#2017 = CARTESIAN_POINT('',(6.575,0.5,-39.7));
#2018 = LINE('',#2019,#2020);
#2019 = CARTESIAN_POINT('',(6.425,0.5,-39.7));
#2020 = VECTOR('',#2021,1.);
#2021 = DIRECTION('',(1.,0.,0.));
#2022 = ORIENTED_EDGE('',*,*,#2023,.F.);
#2023 = EDGE_CURVE('',#2024,#2016,#2026,.T.);
#2024 = VERTEX_POINT('',#2025);
#2025 = CARTESIAN_POINT('',(6.575,0.5,-38.));
#2026 = LINE('',#2027,#2028);
#2027 = CARTESIAN_POINT('',(6.575,0.5,-38.));
#2028 = VECTOR('',#2029,1.);
#2029 = DIRECTION('',(-0.,-0.,-1.));
#2030 = ORIENTED_EDGE('',*,*,#2031,.F.);
#2031 = EDGE_CURVE('',#2032,#2024,#2034,.T.);
#2032 = VERTEX_POINT('',#2033);
#2033 = CARTESIAN_POINT('',(6.925,0.5,-38.));
#2034 = LINE('',#2035,#2036);
#2035 = CARTESIAN_POINT('',(6.925,0.5,-38.));
#2036 = VECTOR('',#2037,1.);
#2037 = DIRECTION('',(-1.,-0.,-0.));
#2038 = ORIENTED_EDGE('',*,*,#2039,.F.);
#2039 = EDGE_CURVE('',#2040,#2032,#2042,.T.);
#2040 = VERTEX_POINT('',#2041);
#2041 = CARTESIAN_POINT('',(6.925,0.5,-39.7));
#2042 = LINE('',#2043,#2044);
#2043 = CARTESIAN_POINT('',(6.925,0.5,-39.7));
#2044 = VECTOR('',#2045,1.);
#2045 = DIRECTION('',(0.,0.,1.));
#2046 = ORIENTED_EDGE('',*,*,#2047,.T.);
#2047 = EDGE_CURVE('',#2040,#2048,#2050,.T.);
#2048 = VERTEX_POINT('',#2049);
#2049 = CARTESIAN_POINT('',(7.075,0.5,-39.7));
#2050 = LINE('',#2051,#2052);
#2051 = CARTESIAN_POINT('',(6.925,0.5,-39.7));
#2052 = VECTOR('',#2053,1.);
#2053 = DIRECTION('',(1.,0.,0.));
#2054 = ORIENTED_EDGE('',*,*,#2055,.F.);
#2055 = EDGE_CURVE('',#2056,#2048,#2058,.T.);
#2056 = VERTEX_POINT('',#2057);
#2057 = CARTESIAN_POINT('',(7.075,0.5,-38.));
#2058 = LINE('',#2059,#2060);
#2059 = CARTESIAN_POINT('',(7.075,0.5,-38.));
#2060 = VECTOR('',#2061,1.);
#2061 = DIRECTION('',(-0.,-0.,-1.));
#2062 = ORIENTED_EDGE('',*,*,#2063,.F.);
#2063 = EDGE_CURVE('',#2064,#2056,#2066,.T.);
#2064 = VERTEX_POINT('',#2065);
#2065 = CARTESIAN_POINT('',(7.425,0.5,-38.));
#2066 = LINE('',#2067,#2068);
#2067 = CARTESIAN_POINT('',(7.425,0.5,-38.));
#2068 = VECTOR('',#2069,1.);
#2069 = DIRECTION('',(-1.,-0.,-0.));
#2070 = ORIENTED_EDGE('',*,*,#2071,.F.);
#2071 = EDGE_CURVE('',#2072,#2064,#2074,.T.);
#2072 = VERTEX_POINT('',#2073);
#2073 = CARTESIAN_POINT('',(7.425,0.5,-39.7));
#2074 = LINE('',#2075,#2076);
#2075 = CARTESIAN_POINT('',(7.425,0.5,-39.7));
#2076 = VECTOR('',#2077,1.);
#2077 = DIRECTION('',(0.,0.,1.));
#2078 = ORIENTED_EDGE('',*,*,#2079,.T.);
#2079 = EDGE_CURVE('',#2072,#2080,#2082,.T.);
#2080 = VERTEX_POINT('',#2081);
#2081 = CARTESIAN_POINT('',(7.575,0.5,-39.7));
#2082 = LINE('',#2083,#2084);
#2083 = CARTESIAN_POINT('',(7.425,0.5,-39.7));
#2084 = VECTOR('',#2085,1.);
#2085 = DIRECTION('',(1.,0.,0.));
#2086 = ORIENTED_EDGE('',*,*,#2087,.F.);
#2087 = EDGE_CURVE('',#2088,#2080,#2090,.T.);
#2088 = VERTEX_POINT('',#2089);
#2089 = CARTESIAN_POINT('',(7.575,0.5,-38.));
#2090 = LINE('',#2091,#2092);
#2091 = CARTESIAN_POINT('',(7.575,0.5,-38.));
#2092 = VECTOR('',#2093,1.);
#2093 = DIRECTION('',(-0.,-0.,-1.));
#2094 = ORIENTED_EDGE('',*,*,#2095,.F.);
#2095 = EDGE_CURVE('',#2096,#2088,#2098,.T.);
#2096 = VERTEX_POINT('',#2097);
#2097 = CARTESIAN_POINT('',(7.925,0.5,-38.));
#2098 = LINE('',#2099,#2100);
#2099 = CARTESIAN_POINT('',(7.925,0.5,-38.));
#2100 = VECTOR('',#2101,1.);
#2101 = DIRECTION('',(-1.,-0.,-0.));
#2102 = ORIENTED_EDGE('',*,*,#2103,.F.);
#2103 = EDGE_CURVE('',#2104,#2096,#2106,.T.);
#2104 = VERTEX_POINT('',#2105);
#2105 = CARTESIAN_POINT('',(7.925,0.5,-39.7));
#2106 = LINE('',#2107,#2108);
#2107 = CARTESIAN_POINT('',(7.925,0.5,-39.7));
#2108 = VECTOR('',#2109,1.);
#2109 = DIRECTION('',(0.,0.,1.));
#2110 = ORIENTED_EDGE('',*,*,#2111,.T.);
#2111 = EDGE_CURVE('',#2104,#2112,#2114,.T.);
#2112 = VERTEX_POINT('',#2113);
#2113 = CARTESIAN_POINT('',(8.075,0.5,-39.7));
#2114 = LINE('',#2115,#2116);
#2115 = CARTESIAN_POINT('',(7.925,0.5,-39.7));
#2116 = VECTOR('',#2117,1.);
#2117 = DIRECTION('',(1.,0.,0.));
#2118 = ORIENTED_EDGE('',*,*,#2119,.F.);
#2119 = EDGE_CURVE('',#2120,#2112,#2122,.T.);
#2120 = VERTEX_POINT('',#2121);
#2121 = CARTESIAN_POINT('',(8.075,0.5,-38.));
#2122 = LINE('',#2123,#2124);
#2123 = CARTESIAN_POINT('',(8.075,0.5,-38.));
#2124 = VECTOR('',#2125,1.);
#2125 = DIRECTION('',(-0.,-0.,-1.));
#2126 = ORIENTED_EDGE('',*,*,#2127,.F.);
#2127 = EDGE_CURVE('',#2128,#2120,#2130,.T.);
#2128 = VERTEX_POINT('',#2129);
#2129 = CARTESIAN_POINT('',(8.425,0.5,-38.));
#2130 = LINE('',#2131,#2132);
#2131 = CARTESIAN_POINT('',(8.425,0.5,-38.));
#2132 = VECTOR('',#2133,1.);
#2133 = DIRECTION('',(-1.,-0.,-0.));
#2134 = ORIENTED_EDGE('',*,*,#2135,.F.);
#2135 = EDGE_CURVE('',#2136,#2128,#2138,.T.);
#2136 = VERTEX_POINT('',#2137);
#2137 = CARTESIAN_POINT('',(8.425,0.5,-39.7));
#2138 = LINE('',#2139,#2140);
#2139 = CARTESIAN_POINT('',(8.425,0.5,-39.7));
#2140 = VECTOR('',#2141,1.);
#2141 = DIRECTION('',(0.,0.,1.));
#2142 = ORIENTED_EDGE('',*,*,#2143,.T.);
#2143 = EDGE_CURVE('',#2136,#2144,#2146,.T.);
#2144 = VERTEX_POINT('',#2145);
#2145 = CARTESIAN_POINT('',(8.575,0.5,-39.7));
#2146 = LINE('',#2147,#2148);
#2147 = CARTESIAN_POINT('',(8.425,0.5,-39.7));
#2148 = VECTOR('',#2149,1.);
#2149 = DIRECTION('',(1.,0.,0.));
#2150 = ORIENTED_EDGE('',*,*,#2151,.F.);
#2151 = EDGE_CURVE('',#2152,#2144,#2154,.T.);
#2152 = VERTEX_POINT('',#2153);
#2153 = CARTESIAN_POINT('',(8.575,0.5,-38.));
#2154 = LINE('',#2155,#2156);
#2155 = CARTESIAN_POINT('',(8.575,0.5,-38.));
#2156 = VECTOR('',#2157,1.);
#2157 = DIRECTION('',(-0.,-0.,-1.));
#2158 = ORIENTED_EDGE('',*,*,#2159,.F.);
#2159 = EDGE_CURVE('',#2160,#2152,#2162,.T.);
#2160 = VERTEX_POINT('',#2161);
#2161 = CARTESIAN_POINT('',(8.925,0.5,-38.));
#2162 = LINE('',#2163,#2164);
#2163 = CARTESIAN_POINT('',(8.925,0.5,-38.));
#2164 = VECTOR('',#2165,1.);
#2165 = DIRECTION('',(-1.,-0.,-0.));
#2166 = ORIENTED_EDGE('',*,*,#2167,.F.);
#2167 = EDGE_CURVE('',#2168,#2160,#2170,.T.);
#2168 = VERTEX_POINT('',#2169);
#2169 = CARTESIAN_POINT('',(8.925,0.5,-39.7));
#2170 = LINE('',#2171,#2172);
#2171 = CARTESIAN_POINT('',(8.925,0.5,-39.7));
#2172 = VECTOR('',#2173,1.);
#2173 = DIRECTION('',(0.,0.,1.));
#2174 = ORIENTED_EDGE('',*,*,#2175,.T.);
#2175 = EDGE_CURVE('',#2168,#2176,#2178,.T.);
#2176 = VERTEX_POINT('',#2177);
#2177 = CARTESIAN_POINT('',(9.075,0.5,-39.7));
#2178 = LINE('',#2179,#2180);
#2179 = CARTESIAN_POINT('',(8.925,0.5,-39.7));
#2180 = VECTOR('',#2181,1.);
#2181 = DIRECTION('',(1.,0.,0.));
#2182 = ORIENTED_EDGE('',*,*,#2183,.F.);
#2183 = EDGE_CURVE('',#2184,#2176,#2186,.T.);
#2184 = VERTEX_POINT('',#2185);
#2185 = CARTESIAN_POINT('',(9.075,0.5,-38.));
#2186 = LINE('',#2187,#2188);
#2187 = CARTESIAN_POINT('',(9.075,0.5,-38.));
#2188 = VECTOR('',#2189,1.);
#2189 = DIRECTION('',(-0.,-0.,-1.));
#2190 = ORIENTED_EDGE('',*,*,#2191,.F.);
#2191 = EDGE_CURVE('',#2192,#2184,#2194,.T.);
#2192 = VERTEX_POINT('',#2193);
#2193 = CARTESIAN_POINT('',(9.425,0.5,-38.));
#2194 = LINE('',#2195,#2196);
#2195 = CARTESIAN_POINT('',(9.425,0.5,-38.));
#2196 = VECTOR('',#2197,1.);
#2197 = DIRECTION('',(-1.,-0.,-0.));
#2198 = ORIENTED_EDGE('',*,*,#2199,.F.);
#2199 = EDGE_CURVE('',#2200,#2192,#2202,.T.);
#2200 = VERTEX_POINT('',#2201);
#2201 = CARTESIAN_POINT('',(9.425,0.5,-39.7));
#2202 = LINE('',#2203,#2204);
#2203 = CARTESIAN_POINT('',(9.425,0.5,-39.7));
#2204 = VECTOR('',#2205,1.);
#2205 = DIRECTION('',(0.,0.,1.));
#2206 = ORIENTED_EDGE('',*,*,#2207,.T.);
#2207 = EDGE_CURVE('',#2200,#2208,#2210,.T.);
#2208 = VERTEX_POINT('',#2209);
#2209 = CARTESIAN_POINT('',(9.925,0.5,-39.7));
#2210 = LINE('',#2211,#2212);
#2211 = CARTESIAN_POINT('',(9.425,0.5,-39.7));
#2212 = VECTOR('',#2213,1.);
#2213 = DIRECTION('',(1.,0.,0.));
#2214 = ORIENTED_EDGE('',*,*,#2215,.F.);
#2215 = EDGE_CURVE('',#2216,#2208,#2218,.T.);
#2216 = VERTEX_POINT('',#2217);
#2217 = CARTESIAN_POINT('',(9.925,0.5,-37.));
#2218 = LINE('',#2219,#2220);
#2219 = CARTESIAN_POINT('',(9.925,0.5,-37.));
#2220 = VECTOR('',#2221,1.);
#2221 = DIRECTION('',(-0.,-0.,-1.));
#2222 = ORIENTED_EDGE('',*,*,#2223,.F.);
#2223 = EDGE_CURVE('',#2224,#2216,#2226,.T.);
#2224 = VERTEX_POINT('',#2225);
#2225 = CARTESIAN_POINT('',(10.925,0.5,-36.));
#2226 = CIRCLE('',#2227,1.);
#2227 = AXIS2_PLACEMENT_3D('',#2228,#2229,#2230);
#2228 = CARTESIAN_POINT('',(10.925,0.5,-37.));
#2229 = DIRECTION('',(0.,-1.,0.));
#2230 = DIRECTION('',(0.,0.,1.));
#2231 = ORIENTED_EDGE('',*,*,#2232,.F.);
#2232 = EDGE_CURVE('',#2233,#2224,#2235,.T.);
#2233 = VERTEX_POINT('',#2234);
#2234 = CARTESIAN_POINT('',(11.,0.5,-36.));
#2235 = LINE('',#2236,#2237);
#2236 = CARTESIAN_POINT('',(11.,0.5,-36.));
#2237 = VECTOR('',#2238,1.);
#2238 = DIRECTION('',(-1.,-0.,-0.));
#2239 = ORIENTED_EDGE('',*,*,#2240,.F.);
#2240 = EDGE_CURVE('',#2241,#2233,#2243,.T.);
#2241 = VERTEX_POINT('',#2242);
#2242 = CARTESIAN_POINT('',(11.,0.5,40.));
#2243 = LINE('',#2244,#2245);
#2244 = CARTESIAN_POINT('',(11.,0.5,40.));
#2245 = VECTOR('',#2246,1.);
#2246 = DIRECTION('',(-0.,-0.,-1.));
#2247 = ORIENTED_EDGE('',*,*,#2248,.F.);
#2248 = EDGE_CURVE('',#2249,#2241,#2251,.T.);
#2249 = VERTEX_POINT('',#2250);
#2250 = CARTESIAN_POINT('',(2.75,0.5,40.));
#2251 = LINE('',#2252,#2253);
#2252 = CARTESIAN_POINT('',(2.75,0.5,40.));
#2253 = VECTOR('',#2254,1.);
#2254 = DIRECTION('',(1.,0.,0.));
#2255 = ORIENTED_EDGE('',*,*,#2256,.F.);
#2256 = EDGE_CURVE('',#2257,#2249,#2259,.T.);
#2257 = VERTEX_POINT('',#2258);
#2258 = CARTESIAN_POINT('',(-2.75,0.5,40.));
#2259 = CIRCLE('',#2260,2.75);
#2260 = AXIS2_PLACEMENT_3D('',#2261,#2262,#2263);
#2261 = CARTESIAN_POINT('',(0.,0.5,40.));
#2262 = DIRECTION('',(0.,-1.,0.));
#2263 = DIRECTION('',(-0.,-0.,-1.));
#2264 = ORIENTED_EDGE('',*,*,#2265,.F.);
#2265 = EDGE_CURVE('',#2266,#2257,#2268,.T.);
#2266 = VERTEX_POINT('',#2267);
#2267 = CARTESIAN_POINT('',(-11.,0.5,40.));
#2268 = LINE('',#2269,#2270);
#2269 = CARTESIAN_POINT('',(-11.,0.5,40.));
#2270 = VECTOR('',#2271,1.);
#2271 = DIRECTION('',(1.,0.,0.));
#2272 = ORIENTED_EDGE('',*,*,#2273,.F.);
#2273 = EDGE_CURVE('',#2274,#2266,#2276,.T.);
#2274 = VERTEX_POINT('',#2275);
#2275 = CARTESIAN_POINT('',(-11.,0.5,-36.));
#2276 = LINE('',#2277,#2278);
#2277 = CARTESIAN_POINT('',(-11.,0.5,-36.));
#2278 = VECTOR('',#2279,1.);
#2279 = DIRECTION('',(0.,0.,1.));
#2280 = ORIENTED_EDGE('',*,*,#2281,.F.);
#2281 = EDGE_CURVE('',#2282,#2274,#2284,.T.);
#2282 = VERTEX_POINT('',#2283);
#2283 = CARTESIAN_POINT('',(-10.925,0.5,-36.));
#2284 = LINE('',#2285,#2286);
#2285 = CARTESIAN_POINT('',(-10.925,0.5,-36.));
#2286 = VECTOR('',#2287,1.);
#2287 = DIRECTION('',(-1.,-0.,-0.));
#2288 = ORIENTED_EDGE('',*,*,#2289,.F.);
#2289 = EDGE_CURVE('',#2290,#2282,#2292,.T.);
#2290 = VERTEX_POINT('',#2291);
#2291 = CARTESIAN_POINT('',(-9.925,0.5,-37.));
#2292 = CIRCLE('',#2293,1.);
#2293 = AXIS2_PLACEMENT_3D('',#2294,#2295,#2296);
#2294 = CARTESIAN_POINT('',(-10.925,0.5,-37.));
#2295 = DIRECTION('',(0.,-1.,0.));
#2296 = DIRECTION('',(-0.,-0.,-1.));
#2297 = ORIENTED_EDGE('',*,*,#2298,.F.);
#2298 = EDGE_CURVE('',#2299,#2290,#2301,.T.);
#2299 = VERTEX_POINT('',#2300);
#2300 = CARTESIAN_POINT('',(-9.925,0.5,-39.7));
#2301 = LINE('',#2302,#2303);
#2302 = CARTESIAN_POINT('',(-9.925,0.5,-39.7));
#2303 = VECTOR('',#2304,1.);
#2304 = DIRECTION('',(0.,0.,1.));
#2305 = ORIENTED_EDGE('',*,*,#2306,.T.);
#2306 = EDGE_CURVE('',#2299,#2307,#2309,.T.);
#2307 = VERTEX_POINT('',#2308);
#2308 = CARTESIAN_POINT('',(-9.417287209,0.5,-39.7));
#2309 = LINE('',#2310,#2311);
#2310 = CARTESIAN_POINT('',(-9.925,0.5,-39.7));
#2311 = VECTOR('',#2312,1.);
#2312 = DIRECTION('',(1.,0.,0.));
#2313 = ORIENTED_EDGE('',*,*,#2314,.F.);
#2314 = EDGE_CURVE('',#2315,#2307,#2317,.T.);
#2315 = VERTEX_POINT('',#2316);
#2316 = CARTESIAN_POINT('',(-9.417287209,0.5,-38.));
#2317 = LINE('',#2318,#2319);
#2318 = CARTESIAN_POINT('',(-9.417287209,0.5,-38.));
#2319 = VECTOR('',#2320,1.);
#2320 = DIRECTION('',(-0.,-0.,-1.));
#2321 = ORIENTED_EDGE('',*,*,#2322,.F.);
#2322 = EDGE_CURVE('',#2323,#2315,#2325,.T.);
#2323 = VERTEX_POINT('',#2324);
#2324 = CARTESIAN_POINT('',(-9.070133855,0.5,-38.));
#2325 = LINE('',#2326,#2327);
#2326 = CARTESIAN_POINT('',(-9.070133855,0.5,-38.));
#2327 = VECTOR('',#2328,1.);
#2328 = DIRECTION('',(-1.,-0.,-0.));
#2329 = ORIENTED_EDGE('',*,*,#2330,.F.);
#2330 = EDGE_CURVE('',#2331,#2323,#2333,.T.);
#2331 = VERTEX_POINT('',#2332);
#2332 = CARTESIAN_POINT('',(-9.070133855,0.5,-39.7));
#2333 = LINE('',#2334,#2335);
#2334 = CARTESIAN_POINT('',(-9.070133855,0.5,-39.7));
#2335 = VECTOR('',#2336,1.);
#2336 = DIRECTION('',(0.,0.,1.));
#2337 = ORIENTED_EDGE('',*,*,#2338,.T.);
#2338 = EDGE_CURVE('',#2331,#2339,#2341,.T.);
#2339 = VERTEX_POINT('',#2340);
#2340 = CARTESIAN_POINT('',(-8.917287209,0.5,-39.7));
#2341 = LINE('',#2342,#2343);
#2342 = CARTESIAN_POINT('',(-9.070133855,0.5,-39.7));
#2343 = VECTOR('',#2344,1.);
#2344 = DIRECTION('',(1.,0.,0.));
#2345 = ORIENTED_EDGE('',*,*,#2346,.F.);
#2346 = EDGE_CURVE('',#2347,#2339,#2349,.T.);
#2347 = VERTEX_POINT('',#2348);
#2348 = CARTESIAN_POINT('',(-8.917287209,0.5,-38.));
#2349 = LINE('',#2350,#2351);
#2350 = CARTESIAN_POINT('',(-8.917287209,0.5,-38.));
#2351 = VECTOR('',#2352,1.);
#2352 = DIRECTION('',(-0.,-0.,-1.));
#2353 = ORIENTED_EDGE('',*,*,#2354,.F.);
#2354 = EDGE_CURVE('',#2355,#2347,#2357,.T.);
#2355 = VERTEX_POINT('',#2356);
#2356 = CARTESIAN_POINT('',(-8.570133855,0.5,-38.));
#2357 = LINE('',#2358,#2359);
#2358 = CARTESIAN_POINT('',(-8.570133855,0.5,-38.));
#2359 = VECTOR('',#2360,1.);
#2360 = DIRECTION('',(-1.,-0.,-0.));
#2361 = ORIENTED_EDGE('',*,*,#2362,.F.);
#2362 = EDGE_CURVE('',#2363,#2355,#2365,.T.);
#2363 = VERTEX_POINT('',#2364);
#2364 = CARTESIAN_POINT('',(-8.570133855,0.5,-39.7));
#2365 = LINE('',#2366,#2367);
#2366 = CARTESIAN_POINT('',(-8.570133855,0.5,-39.7));
#2367 = VECTOR('',#2368,1.);
#2368 = DIRECTION('',(0.,0.,1.));
#2369 = ORIENTED_EDGE('',*,*,#2370,.T.);
#2370 = EDGE_CURVE('',#2363,#2371,#2373,.T.);
#2371 = VERTEX_POINT('',#2372);
#2372 = CARTESIAN_POINT('',(-8.417287209,0.5,-39.7));
#2373 = LINE('',#2374,#2375);
#2374 = CARTESIAN_POINT('',(-8.570133855,0.5,-39.7));
#2375 = VECTOR('',#2376,1.);
#2376 = DIRECTION('',(1.,0.,0.));
#2377 = ORIENTED_EDGE('',*,*,#2378,.F.);
#2378 = EDGE_CURVE('',#2379,#2371,#2381,.T.);
#2379 = VERTEX_POINT('',#2380);
#2380 = CARTESIAN_POINT('',(-8.417287209,0.5,-38.));
#2381 = LINE('',#2382,#2383);
#2382 = CARTESIAN_POINT('',(-8.417287209,0.5,-38.));
#2383 = VECTOR('',#2384,1.);
#2384 = DIRECTION('',(-0.,-0.,-1.));
#2385 = ORIENTED_EDGE('',*,*,#2386,.F.);
#2386 = EDGE_CURVE('',#2387,#2379,#2389,.T.);
#2387 = VERTEX_POINT('',#2388);
#2388 = CARTESIAN_POINT('',(-8.070133855,0.5,-38.));
#2389 = LINE('',#2390,#2391);
#2390 = CARTESIAN_POINT('',(-8.070133855,0.5,-38.));
#2391 = VECTOR('',#2392,1.);
#2392 = DIRECTION('',(-1.,-0.,-0.));
#2393 = ORIENTED_EDGE('',*,*,#2394,.F.);
#2394 = EDGE_CURVE('',#2395,#2387,#2397,.T.);
#2395 = VERTEX_POINT('',#2396);
#2396 = CARTESIAN_POINT('',(-8.070133855,0.5,-39.7));
#2397 = LINE('',#2398,#2399);
#2398 = CARTESIAN_POINT('',(-8.070133855,0.5,-39.7));
#2399 = VECTOR('',#2400,1.);
#2400 = DIRECTION('',(0.,0.,1.));
#2401 = ORIENTED_EDGE('',*,*,#2402,.T.);
#2402 = EDGE_CURVE('',#2395,#2403,#2405,.T.);
#2403 = VERTEX_POINT('',#2404);
#2404 = CARTESIAN_POINT('',(-7.917287209,0.5,-39.7));
#2405 = LINE('',#2406,#2407);
#2406 = CARTESIAN_POINT('',(-8.070133855,0.5,-39.7));
#2407 = VECTOR('',#2408,1.);
#2408 = DIRECTION('',(1.,0.,0.));
#2409 = ORIENTED_EDGE('',*,*,#2410,.F.);
#2410 = EDGE_CURVE('',#2411,#2403,#2413,.T.);
#2411 = VERTEX_POINT('',#2412);
#2412 = CARTESIAN_POINT('',(-7.917287209,0.5,-38.));
#2413 = LINE('',#2414,#2415);
#2414 = CARTESIAN_POINT('',(-7.917287209,0.5,-38.));
#2415 = VECTOR('',#2416,1.);
#2416 = DIRECTION('',(-0.,-0.,-1.));
#2417 = ORIENTED_EDGE('',*,*,#2418,.F.);
#2418 = EDGE_CURVE('',#2419,#2411,#2421,.T.);
#2419 = VERTEX_POINT('',#2420);
#2420 = CARTESIAN_POINT('',(-7.570133855,0.5,-38.));
#2421 = LINE('',#2422,#2423);
#2422 = CARTESIAN_POINT('',(-7.570133855,0.5,-38.));
#2423 = VECTOR('',#2424,1.);
#2424 = DIRECTION('',(-1.,-0.,-0.));
#2425 = ORIENTED_EDGE('',*,*,#2426,.F.);
#2426 = EDGE_CURVE('',#2427,#2419,#2429,.T.);
#2427 = VERTEX_POINT('',#2428);
#2428 = CARTESIAN_POINT('',(-7.570133855,0.5,-39.7));
#2429 = LINE('',#2430,#2431);
#2430 = CARTESIAN_POINT('',(-7.570133855,0.5,-39.7));
#2431 = VECTOR('',#2432,1.);
#2432 = DIRECTION('',(0.,0.,1.));
#2433 = ORIENTED_EDGE('',*,*,#2434,.T.);
#2434 = EDGE_CURVE('',#2427,#2435,#2437,.T.);
#2435 = VERTEX_POINT('',#2436);
#2436 = CARTESIAN_POINT('',(-7.417287209,0.5,-39.7));
#2437 = LINE('',#2438,#2439);
#2438 = CARTESIAN_POINT('',(-7.570133855,0.5,-39.7));
#2439 = VECTOR('',#2440,1.);
#2440 = DIRECTION('',(1.,0.,0.));
#2441 = ORIENTED_EDGE('',*,*,#2442,.F.);
#2442 = EDGE_CURVE('',#2443,#2435,#2445,.T.);
#2443 = VERTEX_POINT('',#2444);
#2444 = CARTESIAN_POINT('',(-7.417287209,0.5,-38.));
#2445 = LINE('',#2446,#2447);
#2446 = CARTESIAN_POINT('',(-7.417287209,0.5,-38.));
#2447 = VECTOR('',#2448,1.);
#2448 = DIRECTION('',(-0.,-0.,-1.));
#2449 = ORIENTED_EDGE('',*,*,#2450,.F.);
#2450 = EDGE_CURVE('',#2451,#2443,#2453,.T.);
#2451 = VERTEX_POINT('',#2452);
#2452 = CARTESIAN_POINT('',(-7.070133855,0.5,-38.));
#2453 = LINE('',#2454,#2455);
#2454 = CARTESIAN_POINT('',(-7.070133855,0.5,-38.));
#2455 = VECTOR('',#2456,1.);
#2456 = DIRECTION('',(-1.,-0.,-0.));
#2457 = ORIENTED_EDGE('',*,*,#2458,.F.);
#2458 = EDGE_CURVE('',#2459,#2451,#2461,.T.);
#2459 = VERTEX_POINT('',#2460);
#2460 = CARTESIAN_POINT('',(-7.070133855,0.5,-39.7));
#2461 = LINE('',#2462,#2463);
#2462 = CARTESIAN_POINT('',(-7.070133855,0.5,-39.7));
#2463 = VECTOR('',#2464,1.);
#2464 = DIRECTION('',(0.,0.,1.));
#2465 = ORIENTED_EDGE('',*,*,#2466,.T.);
#2466 = EDGE_CURVE('',#2459,#2467,#2469,.T.);
#2467 = VERTEX_POINT('',#2468);
#2468 = CARTESIAN_POINT('',(-6.725,0.5,-39.7));
#2469 = LINE('',#2470,#2471);
#2470 = CARTESIAN_POINT('',(-7.070133855,0.5,-39.7));
#2471 = VECTOR('',#2472,1.);
#2472 = DIRECTION('',(1.,0.,0.));
#2473 = ORIENTED_EDGE('',*,*,#2474,.F.);
#2474 = EDGE_CURVE('',#2475,#2467,#2477,.T.);
#2475 = VERTEX_POINT('',#2476);
#2476 = CARTESIAN_POINT('',(-6.725,0.5,-37.1));
#2477 = LINE('',#2478,#2479);
#2478 = CARTESIAN_POINT('',(-6.725,0.5,-37.1));
#2479 = VECTOR('',#2480,1.);
#2480 = DIRECTION('',(-0.,-0.,-1.));
#2481 = ORIENTED_EDGE('',*,*,#2482,.F.);
#2482 = EDGE_CURVE('',#2483,#2475,#2485,.T.);
#2483 = VERTEX_POINT('',#2484);
#2484 = CARTESIAN_POINT('',(-6.125,0.5,-36.5));
#2485 = CIRCLE('',#2486,0.6);
#2486 = AXIS2_PLACEMENT_3D('',#2487,#2488,#2489);
#2487 = CARTESIAN_POINT('',(-6.125,0.5,-37.1));
#2488 = DIRECTION('',(0.,-1.,0.));
#2489 = DIRECTION('',(0.,0.,1.));
#2490 = ORIENTED_EDGE('',*,*,#2491,.F.);
#2491 = EDGE_CURVE('',#2492,#2483,#2494,.T.);
#2492 = VERTEX_POINT('',#2493);
#2493 = CARTESIAN_POINT('',(-5.525,0.5,-37.1));
#2494 = CIRCLE('',#2495,0.6);
#2495 = AXIS2_PLACEMENT_3D('',#2496,#2497,#2498);
#2496 = CARTESIAN_POINT('',(-6.125,0.5,-37.1));
#2497 = DIRECTION('',(0.,-1.,0.));
#2498 = DIRECTION('',(0.,0.,1.));
#2499 = ORIENTED_EDGE('',*,*,#2500,.F.);
#2500 = EDGE_CURVE('',#2501,#2492,#2503,.T.);
#2501 = VERTEX_POINT('',#2502);
#2502 = CARTESIAN_POINT('',(-5.525,0.5,-39.7));
#2503 = LINE('',#2504,#2505);
#2504 = CARTESIAN_POINT('',(-5.525,0.5,-39.7));
#2505 = VECTOR('',#2506,1.);
#2506 = DIRECTION('',(0.,0.,1.));
#2507 = ORIENTED_EDGE('',*,*,#2508,.T.);
#2508 = EDGE_CURVE('',#2501,#1288,#2509,.T.);
#2509 = LINE('',#2510,#2511);
#2510 = CARTESIAN_POINT('',(-5.525,0.5,-39.7));
#2511 = VECTOR('',#2512,1.);
#2512 = DIRECTION('',(1.,0.,0.));
#2513 = PLANE('',#2514);
#2514 = AXIS2_PLACEMENT_3D('',#2515,#2516,#2517);
#2515 = CARTESIAN_POINT('',(0.,0.5,40.));
#2516 = DIRECTION('',(-0.,-1.,-0.));
#2517 = DIRECTION('',(0.,0.,-1.));
#2518 = ADVANCED_FACE('',(#2519),#2535,.T.);
#2519 = FACE_BOUND('',#2520,.F.);
#2520 = EDGE_LOOP('',(#2521,#2522,#2528,#2529));
#2521 = ORIENTED_EDGE('',*,*,#180,.F.);
#2522 = ORIENTED_EDGE('',*,*,#2523,.F.);
#2523 = EDGE_CURVE('',#2241,#173,#2524,.T.);
#2524 = LINE('',#2525,#2526);
#2525 = CARTESIAN_POINT('',(11.,0.5,40.));
#2526 = VECTOR('',#2527,1.);
#2527 = DIRECTION('',(-0.,-1.,-0.));
#2528 = ORIENTED_EDGE('',*,*,#2240,.T.);
#2529 = ORIENTED_EDGE('',*,*,#2530,.T.);
#2530 = EDGE_CURVE('',#2233,#181,#2531,.T.);
#2531 = LINE('',#2532,#2533);
#2532 = CARTESIAN_POINT('',(11.,0.5,-36.));
#2533 = VECTOR('',#2534,1.);
#2534 = DIRECTION('',(-0.,-1.,-0.));
#2535 = PLANE('',#2536);
#2536 = AXIS2_PLACEMENT_3D('',#2537,#2538,#2539);
#2537 = CARTESIAN_POINT('',(11.,0.5,-36.));
#2538 = DIRECTION('',(1.,0.,0.));
#2539 = DIRECTION('',(0.,0.,1.));
#2540 = ADVANCED_FACE('',(#2541),#2584,.T.);
#2541 = FACE_BOUND('',#2542,.F.);
#2542 = EDGE_LOOP('',(#2543,#2544,#2552,#2560,#2568,#2576,#2582,#2583));
#2543 = ORIENTED_EDGE('',*,*,#172,.F.);
#2544 = ORIENTED_EDGE('',*,*,#2545,.F.);
#2545 = EDGE_CURVE('',#2546,#165,#2548,.T.);
#2546 = VERTEX_POINT('',#2547);
#2547 = CARTESIAN_POINT('',(4.,-1.E-02,40.));
#2548 = LINE('',#2549,#2550);
#2549 = CARTESIAN_POINT('',(4.,-1.E-02,40.));
#2550 = VECTOR('',#2551,1.);
#2551 = DIRECTION('',(0.,1.,0.));
#2552 = ORIENTED_EDGE('',*,*,#2553,.F.);
#2553 = EDGE_CURVE('',#2554,#2546,#2556,.T.);
#2554 = VERTEX_POINT('',#2555);
#2555 = CARTESIAN_POINT('',(1.75,-1.E-02,40.));
#2556 = LINE('',#2557,#2558);
#2557 = CARTESIAN_POINT('',(1.75,-1.E-02,40.));
#2558 = VECTOR('',#2559,1.);
#2559 = DIRECTION('',(1.,0.,0.));
#2560 = ORIENTED_EDGE('',*,*,#2561,.F.);
#2561 = EDGE_CURVE('',#2562,#2554,#2564,.T.);
#2562 = VERTEX_POINT('',#2563);
#2563 = CARTESIAN_POINT('',(1.75,0.51,40.));
#2564 = LINE('',#2565,#2566);
#2565 = CARTESIAN_POINT('',(1.75,0.51,40.));
#2566 = VECTOR('',#2567,1.);
#2567 = DIRECTION('',(-0.,-1.,-0.));
#2568 = ORIENTED_EDGE('',*,*,#2569,.F.);
#2569 = EDGE_CURVE('',#2570,#2562,#2572,.T.);
#2570 = VERTEX_POINT('',#2571);
#2571 = CARTESIAN_POINT('',(2.75,0.51,40.));
#2572 = LINE('',#2573,#2574);
#2573 = CARTESIAN_POINT('',(2.75,0.51,40.));
#2574 = VECTOR('',#2575,1.);
#2575 = DIRECTION('',(-1.,-0.,-0.));
#2576 = ORIENTED_EDGE('',*,*,#2577,.T.);
#2577 = EDGE_CURVE('',#2570,#2249,#2578,.T.);
#2578 = LINE('',#2579,#2580);
#2579 = CARTESIAN_POINT('',(2.75,0.51,40.));
#2580 = VECTOR('',#2581,1.);
#2581 = DIRECTION('',(-0.,-1.,-0.));
#2582 = ORIENTED_EDGE('',*,*,#2248,.T.);
#2583 = ORIENTED_EDGE('',*,*,#2523,.T.);
#2584 = PLANE('',#2585);
#2585 = AXIS2_PLACEMENT_3D('',#2586,#2587,#2588);
#2586 = CARTESIAN_POINT('',(1.75,0.5,40.));
#2587 = DIRECTION('',(0.,0.,1.));
#2588 = DIRECTION('',(-1.,0.,0.));
#2589 = ADVANCED_FACE('',(#2590),#2617,.F.);
#2590 = FACE_BOUND('',#2591,.T.);
#2591 = EDGE_LOOP('',(#2592,#2601,#2609,#2616));
#2592 = ORIENTED_EDGE('',*,*,#2593,.T.);
#2593 = EDGE_CURVE('',#2562,#2594,#2596,.T.);
#2594 = VERTEX_POINT('',#2595);
#2595 = CARTESIAN_POINT('',(-1.75,0.51,40.));
#2596 = CIRCLE('',#2597,1.75);
#2597 = AXIS2_PLACEMENT_3D('',#2598,#2599,#2600);
#2598 = CARTESIAN_POINT('',(0.,0.51,40.));
#2599 = DIRECTION('',(0.,1.,0.));
#2600 = DIRECTION('',(-0.,-0.,-1.));
#2601 = ORIENTED_EDGE('',*,*,#2602,.T.);
#2602 = EDGE_CURVE('',#2594,#2603,#2605,.T.);
#2603 = VERTEX_POINT('',#2604);
#2604 = CARTESIAN_POINT('',(-1.75,-1.E-02,40.));
#2605 = LINE('',#2606,#2607);
#2606 = CARTESIAN_POINT('',(-1.75,0.51,40.));
#2607 = VECTOR('',#2608,1.);
#2608 = DIRECTION('',(-0.,-1.,-0.));
#2609 = ORIENTED_EDGE('',*,*,#2610,.T.);
#2610 = EDGE_CURVE('',#2603,#2554,#2611,.T.);
#2611 = CIRCLE('',#2612,1.75);
#2612 = AXIS2_PLACEMENT_3D('',#2613,#2614,#2615);
#2613 = CARTESIAN_POINT('',(0.,-1.E-02,40.));
#2614 = DIRECTION('',(0.,-1.,0.));
#2615 = DIRECTION('',(0.,0.,1.));
#2616 = ORIENTED_EDGE('',*,*,#2561,.F.);
#2617 = CYLINDRICAL_SURFACE('',#2618,1.75);
#2618 = AXIS2_PLACEMENT_3D('',#2619,#2620,#2621);
#2619 = CARTESIAN_POINT('',(0.,0.5,40.));
#2620 = DIRECTION('',(-0.,-1.,-0.));
#2621 = DIRECTION('',(0.,0.,1.));
#2622 = ADVANCED_FACE('',(#2623),#2662,.T.);
#2623 = FACE_BOUND('',#2624,.F.);
#2624 = EDGE_LOOP('',(#2625,#2626,#2632,#2633,#2641,#2647,#2648,#2656));
#2625 = ORIENTED_EDGE('',*,*,#130,.F.);
#2626 = ORIENTED_EDGE('',*,*,#2627,.F.);
#2627 = EDGE_CURVE('',#2266,#123,#2628,.T.);
#2628 = LINE('',#2629,#2630);
#2629 = CARTESIAN_POINT('',(-11.,0.5,40.));
#2630 = VECTOR('',#2631,1.);
#2631 = DIRECTION('',(-0.,-1.,-0.));
#2632 = ORIENTED_EDGE('',*,*,#2265,.T.);
#2633 = ORIENTED_EDGE('',*,*,#2634,.F.);
#2634 = EDGE_CURVE('',#2635,#2257,#2637,.T.);
#2635 = VERTEX_POINT('',#2636);
#2636 = CARTESIAN_POINT('',(-2.75,0.51,40.));
#2637 = LINE('',#2638,#2639);
#2638 = CARTESIAN_POINT('',(-2.75,0.51,40.));
#2639 = VECTOR('',#2640,1.);
#2640 = DIRECTION('',(-0.,-1.,-0.));
#2641 = ORIENTED_EDGE('',*,*,#2642,.F.);
#2642 = EDGE_CURVE('',#2594,#2635,#2643,.T.);
#2643 = LINE('',#2644,#2645);
#2644 = CARTESIAN_POINT('',(-1.75,0.51,40.));
#2645 = VECTOR('',#2646,1.);
#2646 = DIRECTION('',(-1.,-0.,-0.));
#2647 = ORIENTED_EDGE('',*,*,#2602,.T.);
#2648 = ORIENTED_EDGE('',*,*,#2649,.F.);
#2649 = EDGE_CURVE('',#2650,#2603,#2652,.T.);
#2650 = VERTEX_POINT('',#2651);
#2651 = CARTESIAN_POINT('',(-4.,-1.E-02,40.));
#2652 = LINE('',#2653,#2654);
#2653 = CARTESIAN_POINT('',(-4.,-1.E-02,40.));
#2654 = VECTOR('',#2655,1.);
#2655 = DIRECTION('',(1.,0.,0.));
#2656 = ORIENTED_EDGE('',*,*,#2657,.T.);
#2657 = EDGE_CURVE('',#2650,#131,#2658,.T.);
#2658 = LINE('',#2659,#2660);
#2659 = CARTESIAN_POINT('',(-4.,-1.E-02,40.));
#2660 = VECTOR('',#2661,1.);
#2661 = DIRECTION('',(0.,1.,0.));
#2662 = PLANE('',#2663);
#2663 = AXIS2_PLACEMENT_3D('',#2664,#2665,#2666);
#2664 = CARTESIAN_POINT('',(-11.,0.5,40.));
#2665 = DIRECTION('',(0.,0.,1.));
#2666 = DIRECTION('',(-1.,0.,0.));
#2667 = ADVANCED_FACE('',(#2668),#2679,.T.);
#2668 = FACE_BOUND('',#2669,.F.);
#2669 = EDGE_LOOP('',(#2670,#2671,#2677,#2678));
#2670 = ORIENTED_EDGE('',*,*,#122,.F.);
#2671 = ORIENTED_EDGE('',*,*,#2672,.F.);
#2672 = EDGE_CURVE('',#2274,#115,#2673,.T.);
#2673 = LINE('',#2674,#2675);
#2674 = CARTESIAN_POINT('',(-11.,0.5,-36.));
#2675 = VECTOR('',#2676,1.);
#2676 = DIRECTION('',(-0.,-1.,-0.));
#2677 = ORIENTED_EDGE('',*,*,#2273,.T.);
#2678 = ORIENTED_EDGE('',*,*,#2627,.T.);
#2679 = PLANE('',#2680);
#2680 = AXIS2_PLACEMENT_3D('',#2681,#2682,#2683);
#2681 = CARTESIAN_POINT('',(-11.,0.5,-36.));
#2682 = DIRECTION('',(-1.,-0.,-0.));
#2683 = DIRECTION('',(0.,0.,-1.));
#2684 = ADVANCED_FACE('',(#2685),#2696,.T.);
#2685 = FACE_BOUND('',#2686,.F.);
#2686 = EDGE_LOOP('',(#2687,#2688,#2694,#2695));
#2687 = ORIENTED_EDGE('',*,*,#114,.F.);
#2688 = ORIENTED_EDGE('',*,*,#2689,.F.);
#2689 = EDGE_CURVE('',#2282,#106,#2690,.T.);
#2690 = LINE('',#2691,#2692);
#2691 = CARTESIAN_POINT('',(-10.925,0.5,-36.));
#2692 = VECTOR('',#2693,1.);
#2693 = DIRECTION('',(-0.,-1.,-0.));
#2694 = ORIENTED_EDGE('',*,*,#2281,.T.);
#2695 = ORIENTED_EDGE('',*,*,#2672,.T.);
#2696 = PLANE('',#2697);
#2697 = AXIS2_PLACEMENT_3D('',#2698,#2699,#2700);
#2698 = CARTESIAN_POINT('',(-11.,0.5,-36.));
#2699 = DIRECTION('',(-0.,-0.,-1.));
#2700 = DIRECTION('',(1.,0.,0.));
#2701 = ADVANCED_FACE('',(#2702),#2713,.F.);
#2702 = FACE_BOUND('',#2703,.T.);
#2703 = EDGE_LOOP('',(#2704,#2705,#2706,#2712));
#2704 = ORIENTED_EDGE('',*,*,#2689,.F.);
#2705 = ORIENTED_EDGE('',*,*,#2289,.F.);
#2706 = ORIENTED_EDGE('',*,*,#2707,.T.);
#2707 = EDGE_CURVE('',#2290,#98,#2708,.T.);
#2708 = LINE('',#2709,#2710);
#2709 = CARTESIAN_POINT('',(-9.925,0.5,-37.));
#2710 = VECTOR('',#2711,1.);
#2711 = DIRECTION('',(-0.,-1.,-0.));
#2712 = ORIENTED_EDGE('',*,*,#105,.T.);
#2713 = CYLINDRICAL_SURFACE('',#2714,1.);
#2714 = AXIS2_PLACEMENT_3D('',#2715,#2716,#2717);
#2715 = CARTESIAN_POINT('',(-10.925,0.5,-37.));
#2716 = DIRECTION('',(-0.,-1.,-0.));
#2717 = DIRECTION('',(0.,0.,1.));
#2718 = ADVANCED_FACE('',(#2719),#2746,.T.);
#2719 = FACE_BOUND('',#2720,.F.);
#2720 = EDGE_LOOP('',(#2721,#2729,#2730,#2731,#2732,#2740));
#2721 = ORIENTED_EDGE('',*,*,#2722,.F.);
#2722 = EDGE_CURVE('',#2299,#2723,#2725,.T.);
#2723 = VERTEX_POINT('',#2724);
#2724 = CARTESIAN_POINT('',(-9.925,0.39080893,-40.));
#2725 = LINE('',#2726,#2727);
#2726 = CARTESIAN_POINT('',(-9.925,0.5,-39.7));
#2727 = VECTOR('',#2728,1.);
#2728 = DIRECTION('',(-0.,-0.342020142969,-0.939692620916));
#2729 = ORIENTED_EDGE('',*,*,#2298,.T.);
#2730 = ORIENTED_EDGE('',*,*,#2707,.T.);
#2731 = ORIENTED_EDGE('',*,*,#97,.F.);
#2732 = ORIENTED_EDGE('',*,*,#2733,.F.);
#2733 = EDGE_CURVE('',#2734,#90,#2736,.T.);
#2734 = VERTEX_POINT('',#2735);
#2735 = CARTESIAN_POINT('',(-9.925,0.10919107,-40.));
#2736 = LINE('',#2737,#2738);
#2737 = CARTESIAN_POINT('',(-9.925,0.10919107,-40.));
#2738 = VECTOR('',#2739,1.);
#2739 = DIRECTION('',(0.,-0.342020142969,0.939692620916));
#2740 = ORIENTED_EDGE('',*,*,#2741,.F.);
#2741 = EDGE_CURVE('',#2723,#2734,#2742,.T.);
#2742 = LINE('',#2743,#2744);
#2743 = CARTESIAN_POINT('',(-9.925,0.39080893,-40.));
#2744 = VECTOR('',#2745,1.);
#2745 = DIRECTION('',(-0.,-1.,-0.));
#2746 = PLANE('',#2747);
#2747 = AXIS2_PLACEMENT_3D('',#2748,#2749,#2750);
#2748 = CARTESIAN_POINT('',(-9.925,0.5,-40.));
#2749 = DIRECTION('',(-1.,-0.,-0.));
#2750 = DIRECTION('',(0.,0.,-1.));
#2751 = ADVANCED_FACE('',(#2752),#2777,.T.);
#2752 = FACE_BOUND('',#2753,.F.);
#2753 = EDGE_LOOP('',(#2754,#2762,#2763,#2771));
#2754 = ORIENTED_EDGE('',*,*,#2755,.F.);
#2755 = EDGE_CURVE('',#2723,#2756,#2758,.T.);
#2756 = VERTEX_POINT('',#2757);
#2757 = CARTESIAN_POINT('',(-6.725,0.39080893,-40.));
#2758 = LINE('',#2759,#2760);
#2759 = CARTESIAN_POINT('',(-9.925,0.39080893,-40.));
#2760 = VECTOR('',#2761,1.);
#2761 = DIRECTION('',(1.,0.,0.));
#2762 = ORIENTED_EDGE('',*,*,#2741,.T.);
#2763 = ORIENTED_EDGE('',*,*,#2764,.T.);
#2764 = EDGE_CURVE('',#2734,#2765,#2767,.T.);
#2765 = VERTEX_POINT('',#2766);
#2766 = CARTESIAN_POINT('',(-6.725,0.10919107,-40.));
#2767 = LINE('',#2768,#2769);
#2768 = CARTESIAN_POINT('',(-9.925,0.10919107,-40.));
#2769 = VECTOR('',#2770,1.);
#2770 = DIRECTION('',(1.,0.,0.));
#2771 = ORIENTED_EDGE('',*,*,#2772,.F.);
#2772 = EDGE_CURVE('',#2756,#2765,#2773,.T.);
#2773 = LINE('',#2774,#2775);
#2774 = CARTESIAN_POINT('',(-6.725,0.39080893,-40.));
#2775 = VECTOR('',#2776,1.);
#2776 = DIRECTION('',(-0.,-1.,-0.));
#2777 = PLANE('',#2778);
#2778 = AXIS2_PLACEMENT_3D('',#2779,#2780,#2781);
#2779 = CARTESIAN_POINT('',(-9.925,0.5,-40.));
#2780 = DIRECTION('',(-0.,-0.,-1.));
#2781 = DIRECTION('',(1.,0.,0.));
#2782 = ADVANCED_FACE('',(#2783),#2806,.T.);
#2783 = FACE_BOUND('',#2784,.F.);
#2784 = EDGE_LOOP('',(#2785,#2791,#2792,#2798,#2799,#2805));
#2785 = ORIENTED_EDGE('',*,*,#2786,.F.);
#2786 = EDGE_CURVE('',#2756,#2467,#2787,.T.);
#2787 = LINE('',#2788,#2789);
#2788 = CARTESIAN_POINT('',(-6.725,0.39080893,-40.));
#2789 = VECTOR('',#2790,1.);
#2790 = DIRECTION('',(0.,0.342020142969,0.939692620916));
#2791 = ORIENTED_EDGE('',*,*,#2772,.T.);
#2792 = ORIENTED_EDGE('',*,*,#2793,.F.);
#2793 = EDGE_CURVE('',#1176,#2765,#2794,.T.);
#2794 = LINE('',#2795,#2796);
#2795 = CARTESIAN_POINT('',(-6.725,0.,-39.7));
#2796 = VECTOR('',#2797,1.);
#2797 = DIRECTION('',(0.,0.342020142969,-0.939692620916));
#2798 = ORIENTED_EDGE('',*,*,#1175,.F.);
#2799 = ORIENTED_EDGE('',*,*,#2800,.F.);
#2800 = EDGE_CURVE('',#2475,#1167,#2801,.T.);
#2801 = LINE('',#2802,#2803);
#2802 = CARTESIAN_POINT('',(-6.725,0.5,-37.1));
#2803 = VECTOR('',#2804,1.);
#2804 = DIRECTION('',(-0.,-1.,-0.));
#2805 = ORIENTED_EDGE('',*,*,#2474,.T.);
#2806 = PLANE('',#2807);
#2807 = AXIS2_PLACEMENT_3D('',#2808,#2809,#2810);
#2808 = CARTESIAN_POINT('',(-6.725,0.5,-37.1));
#2809 = DIRECTION('',(1.,0.,0.));
#2810 = DIRECTION('',(0.,0.,1.));
#2811 = ADVANCED_FACE('',(#2812),#2828,.F.);
#2812 = FACE_BOUND('',#2813,.T.);
#2813 = EDGE_LOOP('',(#2814,#2815,#2821,#2822));
#2814 = ORIENTED_EDGE('',*,*,#2491,.F.);
#2815 = ORIENTED_EDGE('',*,*,#2816,.T.);
#2816 = EDGE_CURVE('',#2492,#1150,#2817,.T.);
#2817 = LINE('',#2818,#2819);
#2818 = CARTESIAN_POINT('',(-5.525,0.5,-37.1));
#2819 = VECTOR('',#2820,1.);
#2820 = DIRECTION('',(-0.,-1.,-0.));
#2821 = ORIENTED_EDGE('',*,*,#1157,.T.);
#2822 = ORIENTED_EDGE('',*,*,#2823,.T.);
#2823 = EDGE_CURVE('',#1158,#2483,#2824,.T.);
#2824 = LINE('',#2825,#2826);
#2825 = CARTESIAN_POINT('',(-6.125,0.,-36.5));
#2826 = VECTOR('',#2827,1.);
#2827 = DIRECTION('',(0.,1.,0.));
#2828 = CYLINDRICAL_SURFACE('',#2829,0.6);
#2829 = AXIS2_PLACEMENT_3D('',#2830,#2831,#2832);
#2830 = CARTESIAN_POINT('',(-6.125,0.5,-37.1));
#2831 = DIRECTION('',(-0.,-1.,-0.));
#2832 = DIRECTION('',(0.,0.,1.));
#2833 = ADVANCED_FACE('',(#2834),#2861,.T.);
#2834 = FACE_BOUND('',#2835,.F.);
#2835 = EDGE_LOOP('',(#2836,#2844,#2845,#2846,#2847,#2855));
#2836 = ORIENTED_EDGE('',*,*,#2837,.F.);
#2837 = EDGE_CURVE('',#2501,#2838,#2840,.T.);
#2838 = VERTEX_POINT('',#2839);
#2839 = CARTESIAN_POINT('',(-5.525,0.39080893,-40.));
#2840 = LINE('',#2841,#2842);
#2841 = CARTESIAN_POINT('',(-5.525,0.5,-39.7));
#2842 = VECTOR('',#2843,1.);
#2843 = DIRECTION('',(-0.,-0.342020142969,-0.939692620916));
#2844 = ORIENTED_EDGE('',*,*,#2500,.T.);
#2845 = ORIENTED_EDGE('',*,*,#2816,.T.);
#2846 = ORIENTED_EDGE('',*,*,#1149,.F.);
#2847 = ORIENTED_EDGE('',*,*,#2848,.F.);
#2848 = EDGE_CURVE('',#2849,#1142,#2851,.T.);
#2849 = VERTEX_POINT('',#2850);
#2850 = CARTESIAN_POINT('',(-5.525,0.10919107,-40.));
#2851 = LINE('',#2852,#2853);
#2852 = CARTESIAN_POINT('',(-5.525,0.10919107,-40.));
#2853 = VECTOR('',#2854,1.);
#2854 = DIRECTION('',(0.,-0.342020142969,0.939692620916));
#2855 = ORIENTED_EDGE('',*,*,#2856,.F.);
#2856 = EDGE_CURVE('',#2838,#2849,#2857,.T.);
#2857 = LINE('',#2858,#2859);
#2858 = CARTESIAN_POINT('',(-5.525,0.39080893,-40.));
#2859 = VECTOR('',#2860,1.);
#2860 = DIRECTION('',(-0.,-1.,-0.));
#2861 = PLANE('',#2862);
#2862 = AXIS2_PLACEMENT_3D('',#2863,#2864,#2865);
#2863 = CARTESIAN_POINT('',(-5.525,0.5,-37.1));
#2864 = DIRECTION('',(-1.,-0.,-0.));
#2865 = DIRECTION('',(0.,0.,-1.));
#2866 = ADVANCED_FACE('',(#2867),#2892,.T.);
#2867 = FACE_BOUND('',#2868,.F.);
#2868 = EDGE_LOOP('',(#2869,#2877,#2878,#2886));
#2869 = ORIENTED_EDGE('',*,*,#2870,.F.);
#2870 = EDGE_CURVE('',#2838,#2871,#2873,.T.);
#2871 = VERTEX_POINT('',#2872);
#2872 = CARTESIAN_POINT('',(9.925,0.39080893,-40.));
#2873 = LINE('',#2874,#2875);
#2874 = CARTESIAN_POINT('',(-5.525,0.39080893,-40.));
#2875 = VECTOR('',#2876,1.);
#2876 = DIRECTION('',(1.,0.,0.));
#2877 = ORIENTED_EDGE('',*,*,#2856,.T.);
#2878 = ORIENTED_EDGE('',*,*,#2879,.T.);
#2879 = EDGE_CURVE('',#2849,#2880,#2882,.T.);
#2880 = VERTEX_POINT('',#2881);
#2881 = CARTESIAN_POINT('',(9.925,0.10919107,-40.));
#2882 = LINE('',#2883,#2884);
#2883 = CARTESIAN_POINT('',(-5.525,0.10919107,-40.));
#2884 = VECTOR('',#2885,1.);
#2885 = DIRECTION('',(1.,0.,0.));
#2886 = ORIENTED_EDGE('',*,*,#2887,.F.);
#2887 = EDGE_CURVE('',#2871,#2880,#2888,.T.);
#2888 = LINE('',#2889,#2890);
#2889 = CARTESIAN_POINT('',(9.925,0.39080893,-40.));
#2890 = VECTOR('',#2891,1.);
#2891 = DIRECTION('',(-0.,-1.,-0.));
#2892 = PLANE('',#2893);
#2893 = AXIS2_PLACEMENT_3D('',#2894,#2895,#2896);
#2894 = CARTESIAN_POINT('',(0.,0.5,-40.));
#2895 = DIRECTION('',(-0.,-0.,-1.));
#2896 = DIRECTION('',(1.,0.,0.));
#2897 = ADVANCED_FACE('',(#2898),#2921,.T.);
#2898 = FACE_BOUND('',#2899,.F.);
#2899 = EDGE_LOOP('',(#2900,#2906,#2907,#2913,#2914,#2920));
#2900 = ORIENTED_EDGE('',*,*,#2901,.F.);
#2901 = EDGE_CURVE('',#2871,#2208,#2902,.T.);
#2902 = LINE('',#2903,#2904);
#2903 = CARTESIAN_POINT('',(9.925,0.39080893,-40.));
#2904 = VECTOR('',#2905,1.);
#2905 = DIRECTION('',(0.,0.342020142969,0.939692620916));
#2906 = ORIENTED_EDGE('',*,*,#2887,.T.);
#2907 = ORIENTED_EDGE('',*,*,#2908,.F.);
#2908 = EDGE_CURVE('',#206,#2880,#2909,.T.);
#2909 = LINE('',#2910,#2911);
#2910 = CARTESIAN_POINT('',(9.925,0.,-39.7));
#2911 = VECTOR('',#2912,1.);
#2912 = DIRECTION('',(0.,0.342020142969,-0.939692620916));
#2913 = ORIENTED_EDGE('',*,*,#205,.F.);
#2914 = ORIENTED_EDGE('',*,*,#2915,.F.);
#2915 = EDGE_CURVE('',#2216,#197,#2916,.T.);
#2916 = LINE('',#2917,#2918);
#2917 = CARTESIAN_POINT('',(9.925,0.5,-37.));
#2918 = VECTOR('',#2919,1.);
#2919 = DIRECTION('',(-0.,-1.,-0.));
#2920 = ORIENTED_EDGE('',*,*,#2215,.T.);
#2921 = PLANE('',#2922);
#2922 = AXIS2_PLACEMENT_3D('',#2923,#2924,#2925);
#2923 = CARTESIAN_POINT('',(9.925,0.5,-40.));
#2924 = DIRECTION('',(1.,0.,0.));
#2925 = DIRECTION('',(0.,0.,1.));
#2926 = ADVANCED_FACE('',(#2927),#2938,.F.);
#2927 = FACE_BOUND('',#2928,.T.);
#2928 = EDGE_LOOP('',(#2929,#2930,#2931,#2937));
#2929 = ORIENTED_EDGE('',*,*,#2915,.F.);
#2930 = ORIENTED_EDGE('',*,*,#2223,.F.);
#2931 = ORIENTED_EDGE('',*,*,#2932,.T.);
#2932 = EDGE_CURVE('',#2224,#189,#2933,.T.);
#2933 = LINE('',#2934,#2935);
#2934 = CARTESIAN_POINT('',(10.925,0.5,-36.));
#2935 = VECTOR('',#2936,1.);
#2936 = DIRECTION('',(-0.,-1.,-0.));
#2937 = ORIENTED_EDGE('',*,*,#196,.T.);
#2938 = CYLINDRICAL_SURFACE('',#2939,1.);
#2939 = AXIS2_PLACEMENT_3D('',#2940,#2941,#2942);
#2940 = CARTESIAN_POINT('',(10.925,0.5,-37.));
#2941 = DIRECTION('',(-0.,-1.,-0.));
#2942 = DIRECTION('',(0.,0.,1.));
#2943 = ADVANCED_FACE('',(#2944),#2950,.T.);
#2944 = FACE_BOUND('',#2945,.F.);
#2945 = EDGE_LOOP('',(#2946,#2947,#2948,#2949));
#2946 = ORIENTED_EDGE('',*,*,#188,.F.);
#2947 = ORIENTED_EDGE('',*,*,#2530,.F.);
#2948 = ORIENTED_EDGE('',*,*,#2232,.T.);
#2949 = ORIENTED_EDGE('',*,*,#2932,.T.);
#2950 = PLANE('',#2951);
#2951 = AXIS2_PLACEMENT_3D('',#2952,#2953,#2954);
#2952 = CARTESIAN_POINT('',(10.925,0.5,-36.));
#2953 = DIRECTION('',(-0.,-0.,-1.));
#2954 = DIRECTION('',(1.,0.,0.));
#2955 = ADVANCED_FACE('',(#2956),#3165,.F.);
#2956 = FACE_BOUND('',#2957,.F.);
#2957 = EDGE_LOOP('',(#2958,#2959,#2960,#2966,#2967,#2973,#2974,#2980,
    #2981,#2987,#2988,#2994,#2995,#3001,#3002,#3008,#3009,#3015,#3016,
    #3022,#3023,#3029,#3030,#3036,#3037,#3043,#3044,#3050,#3051,#3057,
    #3058,#3064,#3065,#3071,#3072,#3078,#3079,#3085,#3086,#3092,#3093,
    #3099,#3100,#3106,#3107,#3113,#3114,#3120,#3121,#3127,#3128,#3134,
    #3135,#3141,#3142,#3148,#3149,#3155,#3156,#3162,#3163,#3164));
#2958 = ORIENTED_EDGE('',*,*,#2848,.T.);
#2959 = ORIENTED_EDGE('',*,*,#1141,.T.);
#2960 = ORIENTED_EDGE('',*,*,#2961,.F.);
#2961 = EDGE_CURVE('',#1110,#1134,#2962,.T.);
#2962 = LINE('',#2963,#2964);
#2963 = CARTESIAN_POINT('',(-4.822222403,0.,-39.7));
#2964 = VECTOR('',#2965,1.);
#2965 = DIRECTION('',(-1.,-0.,-0.));
#2966 = ORIENTED_EDGE('',*,*,#1109,.T.);
#2967 = ORIENTED_EDGE('',*,*,#2968,.F.);
#2968 = EDGE_CURVE('',#1078,#1102,#2969,.T.);
#2969 = LINE('',#2970,#2971);
#2970 = CARTESIAN_POINT('',(-4.322222403,0.,-39.7));
#2971 = VECTOR('',#2972,1.);
#2972 = DIRECTION('',(-1.,-0.,-0.));
#2973 = ORIENTED_EDGE('',*,*,#1077,.T.);
#2974 = ORIENTED_EDGE('',*,*,#2975,.F.);
#2975 = EDGE_CURVE('',#1046,#1070,#2976,.T.);
#2976 = LINE('',#2977,#2978);
#2977 = CARTESIAN_POINT('',(-3.822222403,0.,-39.7));
#2978 = VECTOR('',#2979,1.);
#2979 = DIRECTION('',(-1.,-0.,-0.));
#2980 = ORIENTED_EDGE('',*,*,#1045,.T.);
#2981 = ORIENTED_EDGE('',*,*,#2982,.F.);
#2982 = EDGE_CURVE('',#1014,#1038,#2983,.T.);
#2983 = LINE('',#2984,#2985);
#2984 = CARTESIAN_POINT('',(-3.322222403,0.,-39.7));
#2985 = VECTOR('',#2986,1.);
#2986 = DIRECTION('',(-1.,-0.,-0.));
#2987 = ORIENTED_EDGE('',*,*,#1013,.T.);
#2988 = ORIENTED_EDGE('',*,*,#2989,.F.);
#2989 = EDGE_CURVE('',#982,#1006,#2990,.T.);
#2990 = LINE('',#2991,#2992);
#2991 = CARTESIAN_POINT('',(-2.822222403,0.,-39.7));
#2992 = VECTOR('',#2993,1.);
#2993 = DIRECTION('',(-1.,-0.,-0.));
#2994 = ORIENTED_EDGE('',*,*,#981,.T.);
#2995 = ORIENTED_EDGE('',*,*,#2996,.F.);
#2996 = EDGE_CURVE('',#950,#974,#2997,.T.);
#2997 = LINE('',#2998,#2999);
#2998 = CARTESIAN_POINT('',(-2.322222403,0.,-39.7));
#2999 = VECTOR('',#3000,1.);
#3000 = DIRECTION('',(-1.,-0.,-0.));
#3001 = ORIENTED_EDGE('',*,*,#949,.T.);
#3002 = ORIENTED_EDGE('',*,*,#3003,.F.);
#3003 = EDGE_CURVE('',#918,#942,#3004,.T.);
#3004 = LINE('',#3005,#3006);
#3005 = CARTESIAN_POINT('',(-1.822222403,0.,-39.7));
#3006 = VECTOR('',#3007,1.);
#3007 = DIRECTION('',(-1.,-0.,-0.));
#3008 = ORIENTED_EDGE('',*,*,#917,.T.);
#3009 = ORIENTED_EDGE('',*,*,#3010,.F.);
#3010 = EDGE_CURVE('',#886,#910,#3011,.T.);
#3011 = LINE('',#3012,#3013);
#3012 = CARTESIAN_POINT('',(-1.322222403,0.,-39.7));
#3013 = VECTOR('',#3014,1.);
#3014 = DIRECTION('',(-1.,-0.,-0.));
#3015 = ORIENTED_EDGE('',*,*,#885,.T.);
#3016 = ORIENTED_EDGE('',*,*,#3017,.F.);
#3017 = EDGE_CURVE('',#854,#878,#3018,.T.);
#3018 = LINE('',#3019,#3020);
#3019 = CARTESIAN_POINT('',(-0.822222403,0.,-39.7));
#3020 = VECTOR('',#3021,1.);
#3021 = DIRECTION('',(-1.,-0.,-0.));
#3022 = ORIENTED_EDGE('',*,*,#853,.T.);
#3023 = ORIENTED_EDGE('',*,*,#3024,.F.);
#3024 = EDGE_CURVE('',#822,#846,#3025,.T.);
#3025 = LINE('',#3026,#3027);
#3026 = CARTESIAN_POINT('',(-0.322222403,0.,-39.7));
#3027 = VECTOR('',#3028,1.);
#3028 = DIRECTION('',(-1.,-0.,-0.));
#3029 = ORIENTED_EDGE('',*,*,#821,.T.);
#3030 = ORIENTED_EDGE('',*,*,#3031,.F.);
#3031 = EDGE_CURVE('',#790,#814,#3032,.T.);
#3032 = LINE('',#3033,#3034);
#3033 = CARTESIAN_POINT('',(0.177777597,0.,-39.7));
#3034 = VECTOR('',#3035,1.);
#3035 = DIRECTION('',(-1.,-0.,-0.));
#3036 = ORIENTED_EDGE('',*,*,#789,.T.);
#3037 = ORIENTED_EDGE('',*,*,#3038,.F.);
#3038 = EDGE_CURVE('',#758,#782,#3039,.T.);
#3039 = LINE('',#3040,#3041);
#3040 = CARTESIAN_POINT('',(0.677777597,0.,-39.7));
#3041 = VECTOR('',#3042,1.);
#3042 = DIRECTION('',(-1.,-0.,-0.));
#3043 = ORIENTED_EDGE('',*,*,#757,.T.);
#3044 = ORIENTED_EDGE('',*,*,#3045,.F.);
#3045 = EDGE_CURVE('',#726,#750,#3046,.T.);
#3046 = LINE('',#3047,#3048);
#3047 = CARTESIAN_POINT('',(1.177777597,0.,-39.7));
#3048 = VECTOR('',#3049,1.);
#3049 = DIRECTION('',(-1.,-0.,-0.));
#3050 = ORIENTED_EDGE('',*,*,#725,.T.);
#3051 = ORIENTED_EDGE('',*,*,#3052,.F.);
#3052 = EDGE_CURVE('',#694,#718,#3053,.T.);
#3053 = LINE('',#3054,#3055);
#3054 = CARTESIAN_POINT('',(1.677777597,0.,-39.7));
#3055 = VECTOR('',#3056,1.);
#3056 = DIRECTION('',(-1.,-0.,-0.));
#3057 = ORIENTED_EDGE('',*,*,#693,.T.);
#3058 = ORIENTED_EDGE('',*,*,#3059,.F.);
#3059 = EDGE_CURVE('',#662,#686,#3060,.T.);
#3060 = LINE('',#3061,#3062);
#3061 = CARTESIAN_POINT('',(2.177777597,0.,-39.7));
#3062 = VECTOR('',#3063,1.);
#3063 = DIRECTION('',(-1.,-0.,-0.));
#3064 = ORIENTED_EDGE('',*,*,#661,.T.);
#3065 = ORIENTED_EDGE('',*,*,#3066,.F.);
#3066 = EDGE_CURVE('',#630,#654,#3067,.T.);
#3067 = LINE('',#3068,#3069);
#3068 = CARTESIAN_POINT('',(2.677777597,0.,-39.7));
#3069 = VECTOR('',#3070,1.);
#3070 = DIRECTION('',(-1.,-0.,-0.));
#3071 = ORIENTED_EDGE('',*,*,#629,.T.);
#3072 = ORIENTED_EDGE('',*,*,#3073,.F.);
#3073 = EDGE_CURVE('',#598,#622,#3074,.T.);
#3074 = LINE('',#3075,#3076);
#3075 = CARTESIAN_POINT('',(3.177777597,0.,-39.7));
#3076 = VECTOR('',#3077,1.);
#3077 = DIRECTION('',(-1.,-0.,-0.));
#3078 = ORIENTED_EDGE('',*,*,#597,.T.);
#3079 = ORIENTED_EDGE('',*,*,#3080,.F.);
#3080 = EDGE_CURVE('',#566,#590,#3081,.T.);
#3081 = LINE('',#3082,#3083);
#3082 = CARTESIAN_POINT('',(3.677777597,0.,-39.7));
#3083 = VECTOR('',#3084,1.);
#3084 = DIRECTION('',(-1.,-0.,-0.));
#3085 = ORIENTED_EDGE('',*,*,#565,.T.);
#3086 = ORIENTED_EDGE('',*,*,#3087,.F.);
#3087 = EDGE_CURVE('',#534,#558,#3088,.T.);
#3088 = LINE('',#3089,#3090);
#3089 = CARTESIAN_POINT('',(4.177777597,0.,-39.7));
#3090 = VECTOR('',#3091,1.);
#3091 = DIRECTION('',(-1.,-0.,-0.));
#3092 = ORIENTED_EDGE('',*,*,#533,.T.);
#3093 = ORIENTED_EDGE('',*,*,#3094,.F.);
#3094 = EDGE_CURVE('',#502,#526,#3095,.T.);
#3095 = LINE('',#3096,#3097);
#3096 = CARTESIAN_POINT('',(4.677777597,0.,-39.7));
#3097 = VECTOR('',#3098,1.);
#3098 = DIRECTION('',(-1.,-0.,-0.));
#3099 = ORIENTED_EDGE('',*,*,#501,.T.);
#3100 = ORIENTED_EDGE('',*,*,#3101,.F.);
#3101 = EDGE_CURVE('',#470,#494,#3102,.T.);
#3102 = LINE('',#3103,#3104);
#3103 = CARTESIAN_POINT('',(5.177777597,0.,-39.7));
#3104 = VECTOR('',#3105,1.);
#3105 = DIRECTION('',(-1.,-0.,-0.));
#3106 = ORIENTED_EDGE('',*,*,#469,.T.);
#3107 = ORIENTED_EDGE('',*,*,#3108,.F.);
#3108 = EDGE_CURVE('',#438,#462,#3109,.T.);
#3109 = LINE('',#3110,#3111);
#3110 = CARTESIAN_POINT('',(5.677777597,0.,-39.7));
#3111 = VECTOR('',#3112,1.);
#3112 = DIRECTION('',(-1.,-0.,-0.));
#3113 = ORIENTED_EDGE('',*,*,#437,.T.);
#3114 = ORIENTED_EDGE('',*,*,#3115,.F.);
#3115 = EDGE_CURVE('',#406,#430,#3116,.T.);
#3116 = LINE('',#3117,#3118);
#3117 = CARTESIAN_POINT('',(6.177777597,0.,-39.7));
#3118 = VECTOR('',#3119,1.);
#3119 = DIRECTION('',(-1.,-0.,-0.));
#3120 = ORIENTED_EDGE('',*,*,#405,.T.);
#3121 = ORIENTED_EDGE('',*,*,#3122,.F.);
#3122 = EDGE_CURVE('',#374,#398,#3123,.T.);
#3123 = LINE('',#3124,#3125);
#3124 = CARTESIAN_POINT('',(6.677777597,0.,-39.7));
#3125 = VECTOR('',#3126,1.);
#3126 = DIRECTION('',(-1.,-0.,-0.));
#3127 = ORIENTED_EDGE('',*,*,#373,.T.);
#3128 = ORIENTED_EDGE('',*,*,#3129,.F.);
#3129 = EDGE_CURVE('',#342,#366,#3130,.T.);
#3130 = LINE('',#3131,#3132);
#3131 = CARTESIAN_POINT('',(7.177777597,0.,-39.7));
#3132 = VECTOR('',#3133,1.);
#3133 = DIRECTION('',(-1.,-0.,-0.));
#3134 = ORIENTED_EDGE('',*,*,#341,.T.);
#3135 = ORIENTED_EDGE('',*,*,#3136,.F.);
#3136 = EDGE_CURVE('',#310,#334,#3137,.T.);
#3137 = LINE('',#3138,#3139);
#3138 = CARTESIAN_POINT('',(7.677777597,0.,-39.7));
#3139 = VECTOR('',#3140,1.);
#3140 = DIRECTION('',(-1.,-0.,-0.));
#3141 = ORIENTED_EDGE('',*,*,#309,.T.);
#3142 = ORIENTED_EDGE('',*,*,#3143,.F.);
#3143 = EDGE_CURVE('',#278,#302,#3144,.T.);
#3144 = LINE('',#3145,#3146);
#3145 = CARTESIAN_POINT('',(8.177777597,0.,-39.7));
#3146 = VECTOR('',#3147,1.);
#3147 = DIRECTION('',(-1.,-0.,-0.));
#3148 = ORIENTED_EDGE('',*,*,#277,.T.);
#3149 = ORIENTED_EDGE('',*,*,#3150,.F.);
#3150 = EDGE_CURVE('',#246,#270,#3151,.T.);
#3151 = LINE('',#3152,#3153);
#3152 = CARTESIAN_POINT('',(8.677777597,0.,-39.7));
#3153 = VECTOR('',#3154,1.);
#3154 = DIRECTION('',(-1.,-0.,-0.));
#3155 = ORIENTED_EDGE('',*,*,#245,.T.);
#3156 = ORIENTED_EDGE('',*,*,#3157,.F.);
#3157 = EDGE_CURVE('',#214,#238,#3158,.T.);
#3158 = LINE('',#3159,#3160);
#3159 = CARTESIAN_POINT('',(9.177777597,0.,-39.7));
#3160 = VECTOR('',#3161,1.);
#3161 = DIRECTION('',(-1.,-0.,-0.));
#3162 = ORIENTED_EDGE('',*,*,#213,.T.);
#3163 = ORIENTED_EDGE('',*,*,#2908,.T.);
#3164 = ORIENTED_EDGE('',*,*,#2879,.F.);
#3165 = PLANE('',#3166);
#3166 = AXIS2_PLACEMENT_3D('',#3167,#3168,#3169);
#3167 = CARTESIAN_POINT('',(-11.,0.10919107,-40.));
#3168 = DIRECTION('',(0.,0.939692620916,0.342020142969));
#3169 = DIRECTION('',(0.,-0.342020142969,0.939692620916));
#3170 = ADVANCED_FACE('',(#3171),#3205,.F.);
#3171 = FACE_BOUND('',#3172,.F.);
#3172 = EDGE_LOOP('',(#3173,#3174,#3175,#3181,#3182,#3188,#3189,#3195,
    #3196,#3202,#3203,#3204));
#3173 = ORIENTED_EDGE('',*,*,#2733,.T.);
#3174 = ORIENTED_EDGE('',*,*,#89,.T.);
#3175 = ORIENTED_EDGE('',*,*,#3176,.F.);
#3176 = EDGE_CURVE('',#56,#82,#3177,.T.);
#3177 = LINE('',#3178,#3179);
#3178 = CARTESIAN_POINT('',(-8.822222403,0.,-39.7));
#3179 = VECTOR('',#3180,1.);
#3180 = DIRECTION('',(-1.,-0.,-0.));
#3181 = ORIENTED_EDGE('',*,*,#55,.T.);
#3182 = ORIENTED_EDGE('',*,*,#3183,.F.);
#3183 = EDGE_CURVE('',#1248,#58,#3184,.T.);
#3184 = LINE('',#3185,#3186);
#3185 = CARTESIAN_POINT('',(-8.322222403,0.,-39.7));
#3186 = VECTOR('',#3187,1.);
#3187 = DIRECTION('',(-1.,-0.,-0.));
#3188 = ORIENTED_EDGE('',*,*,#1247,.T.);
#3189 = ORIENTED_EDGE('',*,*,#3190,.F.);
#3190 = EDGE_CURVE('',#1216,#1240,#3191,.T.);
#3191 = LINE('',#3192,#3193);
#3192 = CARTESIAN_POINT('',(-7.822222403,0.,-39.7));
#3193 = VECTOR('',#3194,1.);
#3194 = DIRECTION('',(-1.,-0.,-0.));
#3195 = ORIENTED_EDGE('',*,*,#1215,.T.);
#3196 = ORIENTED_EDGE('',*,*,#3197,.F.);
#3197 = EDGE_CURVE('',#1184,#1208,#3198,.T.);
#3198 = LINE('',#3199,#3200);
#3199 = CARTESIAN_POINT('',(-7.322222403,0.,-39.7));
#3200 = VECTOR('',#3201,1.);
#3201 = DIRECTION('',(-1.,-0.,-0.));
#3202 = ORIENTED_EDGE('',*,*,#1183,.T.);
#3203 = ORIENTED_EDGE('',*,*,#2793,.T.);
#3204 = ORIENTED_EDGE('',*,*,#2764,.F.);
#3205 = PLANE('',#3206);
#3206 = AXIS2_PLACEMENT_3D('',#3207,#3208,#3209);
#3207 = CARTESIAN_POINT('',(-11.,0.10919107,-40.));
#3208 = DIRECTION('',(0.,0.939692620916,0.342020142969));
#3209 = DIRECTION('',(0.,-0.342020142969,0.939692620916));
#3210 = ADVANCED_FACE('',(#3211),#3420,.F.);
#3211 = FACE_BOUND('',#3212,.F.);
#3212 = EDGE_LOOP('',(#3213,#3214,#3215,#3216,#3217,#3223,#3224,#3230,
    #3231,#3237,#3238,#3244,#3245,#3251,#3252,#3258,#3259,#3265,#3266,
    #3272,#3273,#3279,#3280,#3286,#3287,#3293,#3294,#3300,#3301,#3307,
    #3308,#3314,#3315,#3321,#3322,#3328,#3329,#3335,#3336,#3342,#3343,
    #3349,#3350,#3356,#3357,#3363,#3364,#3370,#3371,#3377,#3378,#3384,
    #3385,#3391,#3392,#3398,#3399,#3405,#3406,#3412,#3413,#3419));
#3213 = ORIENTED_EDGE('',*,*,#2837,.T.);
#3214 = ORIENTED_EDGE('',*,*,#2870,.T.);
#3215 = ORIENTED_EDGE('',*,*,#2901,.T.);
#3216 = ORIENTED_EDGE('',*,*,#2207,.F.);
#3217 = ORIENTED_EDGE('',*,*,#3218,.F.);
#3218 = EDGE_CURVE('',#2176,#2200,#3219,.T.);
#3219 = LINE('',#3220,#3221);
#3220 = CARTESIAN_POINT('',(9.075,0.5,-39.7));
#3221 = VECTOR('',#3222,1.);
#3222 = DIRECTION('',(1.,0.,0.));
#3223 = ORIENTED_EDGE('',*,*,#2175,.F.);
#3224 = ORIENTED_EDGE('',*,*,#3225,.F.);
#3225 = EDGE_CURVE('',#2144,#2168,#3226,.T.);
#3226 = LINE('',#3227,#3228);
#3227 = CARTESIAN_POINT('',(8.575,0.5,-39.7));
#3228 = VECTOR('',#3229,1.);
#3229 = DIRECTION('',(1.,0.,0.));
#3230 = ORIENTED_EDGE('',*,*,#2143,.F.);
#3231 = ORIENTED_EDGE('',*,*,#3232,.F.);
#3232 = EDGE_CURVE('',#2112,#2136,#3233,.T.);
#3233 = LINE('',#3234,#3235);
#3234 = CARTESIAN_POINT('',(8.075,0.5,-39.7));
#3235 = VECTOR('',#3236,1.);
#3236 = DIRECTION('',(1.,0.,0.));
#3237 = ORIENTED_EDGE('',*,*,#2111,.F.);
#3238 = ORIENTED_EDGE('',*,*,#3239,.F.);
#3239 = EDGE_CURVE('',#2080,#2104,#3240,.T.);
#3240 = LINE('',#3241,#3242);
#3241 = CARTESIAN_POINT('',(7.575,0.5,-39.7));
#3242 = VECTOR('',#3243,1.);
#3243 = DIRECTION('',(1.,0.,0.));
#3244 = ORIENTED_EDGE('',*,*,#2079,.F.);
#3245 = ORIENTED_EDGE('',*,*,#3246,.F.);
#3246 = EDGE_CURVE('',#2048,#2072,#3247,.T.);
#3247 = LINE('',#3248,#3249);
#3248 = CARTESIAN_POINT('',(7.075,0.5,-39.7));
#3249 = VECTOR('',#3250,1.);
#3250 = DIRECTION('',(1.,0.,0.));
#3251 = ORIENTED_EDGE('',*,*,#2047,.F.);
#3252 = ORIENTED_EDGE('',*,*,#3253,.F.);
#3253 = EDGE_CURVE('',#2016,#2040,#3254,.T.);
#3254 = LINE('',#3255,#3256);
#3255 = CARTESIAN_POINT('',(6.575,0.5,-39.7));
#3256 = VECTOR('',#3257,1.);
#3257 = DIRECTION('',(1.,0.,0.));
#3258 = ORIENTED_EDGE('',*,*,#2015,.F.);
#3259 = ORIENTED_EDGE('',*,*,#3260,.F.);
#3260 = EDGE_CURVE('',#1984,#2008,#3261,.T.);
#3261 = LINE('',#3262,#3263);
#3262 = CARTESIAN_POINT('',(6.075,0.5,-39.7));
#3263 = VECTOR('',#3264,1.);
#3264 = DIRECTION('',(1.,0.,0.));
#3265 = ORIENTED_EDGE('',*,*,#1983,.F.);
#3266 = ORIENTED_EDGE('',*,*,#3267,.F.);
#3267 = EDGE_CURVE('',#1952,#1976,#3268,.T.);
#3268 = LINE('',#3269,#3270);
#3269 = CARTESIAN_POINT('',(5.575,0.5,-39.7));
#3270 = VECTOR('',#3271,1.);
#3271 = DIRECTION('',(1.,0.,0.));
#3272 = ORIENTED_EDGE('',*,*,#1951,.F.);
#3273 = ORIENTED_EDGE('',*,*,#3274,.F.);
#3274 = EDGE_CURVE('',#1920,#1944,#3275,.T.);
#3275 = LINE('',#3276,#3277);
#3276 = CARTESIAN_POINT('',(5.075,0.5,-39.7));
#3277 = VECTOR('',#3278,1.);
#3278 = DIRECTION('',(1.,0.,0.));
#3279 = ORIENTED_EDGE('',*,*,#1919,.F.);
#3280 = ORIENTED_EDGE('',*,*,#3281,.F.);
#3281 = EDGE_CURVE('',#1888,#1912,#3282,.T.);
#3282 = LINE('',#3283,#3284);
#3283 = CARTESIAN_POINT('',(4.575,0.5,-39.7));
#3284 = VECTOR('',#3285,1.);
#3285 = DIRECTION('',(1.,0.,0.));
#3286 = ORIENTED_EDGE('',*,*,#1887,.F.);
#3287 = ORIENTED_EDGE('',*,*,#3288,.F.);
#3288 = EDGE_CURVE('',#1856,#1880,#3289,.T.);
#3289 = LINE('',#3290,#3291);
#3290 = CARTESIAN_POINT('',(4.075,0.5,-39.7));
#3291 = VECTOR('',#3292,1.);
#3292 = DIRECTION('',(1.,0.,0.));
#3293 = ORIENTED_EDGE('',*,*,#1855,.F.);
#3294 = ORIENTED_EDGE('',*,*,#3295,.F.);
#3295 = EDGE_CURVE('',#1824,#1848,#3296,.T.);
#3296 = LINE('',#3297,#3298);
#3297 = CARTESIAN_POINT('',(3.575,0.5,-39.7));
#3298 = VECTOR('',#3299,1.);
#3299 = DIRECTION('',(1.,0.,0.));
#3300 = ORIENTED_EDGE('',*,*,#1823,.F.);
#3301 = ORIENTED_EDGE('',*,*,#3302,.F.);
#3302 = EDGE_CURVE('',#1792,#1816,#3303,.T.);
#3303 = LINE('',#3304,#3305);
#3304 = CARTESIAN_POINT('',(3.075,0.5,-39.7));
#3305 = VECTOR('',#3306,1.);
#3306 = DIRECTION('',(1.,0.,0.));
#3307 = ORIENTED_EDGE('',*,*,#1791,.F.);
#3308 = ORIENTED_EDGE('',*,*,#3309,.F.);
#3309 = EDGE_CURVE('',#1760,#1784,#3310,.T.);
#3310 = LINE('',#3311,#3312);
#3311 = CARTESIAN_POINT('',(2.575,0.5,-39.7));
#3312 = VECTOR('',#3313,1.);
#3313 = DIRECTION('',(1.,0.,0.));
#3314 = ORIENTED_EDGE('',*,*,#1759,.F.);
#3315 = ORIENTED_EDGE('',*,*,#3316,.F.);
#3316 = EDGE_CURVE('',#1728,#1752,#3317,.T.);
#3317 = LINE('',#3318,#3319);
#3318 = CARTESIAN_POINT('',(2.075,0.5,-39.7));
#3319 = VECTOR('',#3320,1.);
#3320 = DIRECTION('',(1.,0.,0.));
#3321 = ORIENTED_EDGE('',*,*,#1727,.F.);
#3322 = ORIENTED_EDGE('',*,*,#3323,.F.);
#3323 = EDGE_CURVE('',#1696,#1720,#3324,.T.);
#3324 = LINE('',#3325,#3326);
#3325 = CARTESIAN_POINT('',(1.575,0.5,-39.7));
#3326 = VECTOR('',#3327,1.);
#3327 = DIRECTION('',(1.,0.,0.));
#3328 = ORIENTED_EDGE('',*,*,#1695,.F.);
#3329 = ORIENTED_EDGE('',*,*,#3330,.F.);
#3330 = EDGE_CURVE('',#1664,#1688,#3331,.T.);
#3331 = LINE('',#3332,#3333);
#3332 = CARTESIAN_POINT('',(1.075,0.5,-39.7));
#3333 = VECTOR('',#3334,1.);
#3334 = DIRECTION('',(1.,0.,0.));
#3335 = ORIENTED_EDGE('',*,*,#1663,.F.);
#3336 = ORIENTED_EDGE('',*,*,#3337,.F.);
#3337 = EDGE_CURVE('',#1632,#1656,#3338,.T.);
#3338 = LINE('',#3339,#3340);
#3339 = CARTESIAN_POINT('',(0.575,0.5,-39.7));
#3340 = VECTOR('',#3341,1.);
#3341 = DIRECTION('',(1.,0.,0.));
#3342 = ORIENTED_EDGE('',*,*,#1631,.F.);
#3343 = ORIENTED_EDGE('',*,*,#3344,.F.);
#3344 = EDGE_CURVE('',#1600,#1624,#3345,.T.);
#3345 = LINE('',#3346,#3347);
#3346 = CARTESIAN_POINT('',(7.5E-02,0.5,-39.7));
#3347 = VECTOR('',#3348,1.);
#3348 = DIRECTION('',(1.,0.,0.));
#3349 = ORIENTED_EDGE('',*,*,#1599,.F.);
#3350 = ORIENTED_EDGE('',*,*,#3351,.F.);
#3351 = EDGE_CURVE('',#1568,#1592,#3352,.T.);
#3352 = LINE('',#3353,#3354);
#3353 = CARTESIAN_POINT('',(-0.425,0.5,-39.7));
#3354 = VECTOR('',#3355,1.);
#3355 = DIRECTION('',(1.,0.,0.));
#3356 = ORIENTED_EDGE('',*,*,#1567,.F.);
#3357 = ORIENTED_EDGE('',*,*,#3358,.F.);
#3358 = EDGE_CURVE('',#1536,#1560,#3359,.T.);
#3359 = LINE('',#3360,#3361);
#3360 = CARTESIAN_POINT('',(-0.925,0.5,-39.7));
#3361 = VECTOR('',#3362,1.);
#3362 = DIRECTION('',(1.,0.,0.));
#3363 = ORIENTED_EDGE('',*,*,#1535,.F.);
#3364 = ORIENTED_EDGE('',*,*,#3365,.F.);
#3365 = EDGE_CURVE('',#1504,#1528,#3366,.T.);
#3366 = LINE('',#3367,#3368);
#3367 = CARTESIAN_POINT('',(-1.425,0.5,-39.7));
#3368 = VECTOR('',#3369,1.);
#3369 = DIRECTION('',(1.,0.,0.));
#3370 = ORIENTED_EDGE('',*,*,#1503,.F.);
#3371 = ORIENTED_EDGE('',*,*,#3372,.F.);
#3372 = EDGE_CURVE('',#1472,#1496,#3373,.T.);
#3373 = LINE('',#3374,#3375);
#3374 = CARTESIAN_POINT('',(-1.925,0.5,-39.7));
#3375 = VECTOR('',#3376,1.);
#3376 = DIRECTION('',(1.,0.,0.));
#3377 = ORIENTED_EDGE('',*,*,#1471,.F.);
#3378 = ORIENTED_EDGE('',*,*,#3379,.F.);
#3379 = EDGE_CURVE('',#1440,#1464,#3380,.T.);
#3380 = LINE('',#3381,#3382);
#3381 = CARTESIAN_POINT('',(-2.425,0.5,-39.7));
#3382 = VECTOR('',#3383,1.);
#3383 = DIRECTION('',(1.,0.,0.));
#3384 = ORIENTED_EDGE('',*,*,#1439,.F.);
#3385 = ORIENTED_EDGE('',*,*,#3386,.F.);
#3386 = EDGE_CURVE('',#1408,#1432,#3387,.T.);
#3387 = LINE('',#3388,#3389);
#3388 = CARTESIAN_POINT('',(-2.925,0.5,-39.7));
#3389 = VECTOR('',#3390,1.);
#3390 = DIRECTION('',(1.,0.,0.));
#3391 = ORIENTED_EDGE('',*,*,#1407,.F.);
#3392 = ORIENTED_EDGE('',*,*,#3393,.F.);
#3393 = EDGE_CURVE('',#1376,#1400,#3394,.T.);
#3394 = LINE('',#3395,#3396);
#3395 = CARTESIAN_POINT('',(-3.425,0.5,-39.7));
#3396 = VECTOR('',#3397,1.);
#3397 = DIRECTION('',(1.,0.,0.));
#3398 = ORIENTED_EDGE('',*,*,#1375,.F.);
#3399 = ORIENTED_EDGE('',*,*,#3400,.F.);
#3400 = EDGE_CURVE('',#1344,#1368,#3401,.T.);
#3401 = LINE('',#3402,#3403);
#3402 = CARTESIAN_POINT('',(-3.925,0.5,-39.7));
#3403 = VECTOR('',#3404,1.);
#3404 = DIRECTION('',(1.,0.,0.));
#3405 = ORIENTED_EDGE('',*,*,#1343,.F.);
#3406 = ORIENTED_EDGE('',*,*,#3407,.F.);
#3407 = EDGE_CURVE('',#1312,#1336,#3408,.T.);
#3408 = LINE('',#3409,#3410);
#3409 = CARTESIAN_POINT('',(-4.425,0.5,-39.7));
#3410 = VECTOR('',#3411,1.);
#3411 = DIRECTION('',(1.,0.,0.));
#3412 = ORIENTED_EDGE('',*,*,#1311,.F.);
#3413 = ORIENTED_EDGE('',*,*,#3414,.F.);
#3414 = EDGE_CURVE('',#1288,#1304,#3415,.T.);
#3415 = LINE('',#3416,#3417);
#3416 = CARTESIAN_POINT('',(-4.925,0.5,-39.7));
#3417 = VECTOR('',#3418,1.);
#3418 = DIRECTION('',(1.,0.,0.));
#3419 = ORIENTED_EDGE('',*,*,#2508,.F.);
#3420 = PLANE('',#3421);
#3421 = AXIS2_PLACEMENT_3D('',#3422,#3423,#3424);
#3422 = CARTESIAN_POINT('',(-11.,0.39080893,-40.));
#3423 = DIRECTION('',(0.,-0.939692620916,0.342020142969));
#3424 = DIRECTION('',(0.,-0.342020142969,-0.939692620916));
#3425 = ADVANCED_FACE('',(#3426),#3467,.F.);
#3426 = FACE_BOUND('',#3427,.F.);
#3427 = EDGE_LOOP('',(#3428,#3429,#3430,#3431,#3432,#3438,#3439,#3445,
    #3446,#3452,#3453,#3459,#3460,#3466));
#3428 = ORIENTED_EDGE('',*,*,#2722,.T.);
#3429 = ORIENTED_EDGE('',*,*,#2755,.T.);
#3430 = ORIENTED_EDGE('',*,*,#2786,.T.);
#3431 = ORIENTED_EDGE('',*,*,#2466,.F.);
#3432 = ORIENTED_EDGE('',*,*,#3433,.F.);
#3433 = EDGE_CURVE('',#2435,#2459,#3434,.T.);
#3434 = LINE('',#3435,#3436);
#3435 = CARTESIAN_POINT('',(-7.417287209,0.5,-39.7));
#3436 = VECTOR('',#3437,1.);
#3437 = DIRECTION('',(1.,0.,0.));
#3438 = ORIENTED_EDGE('',*,*,#2434,.F.);
#3439 = ORIENTED_EDGE('',*,*,#3440,.F.);
#3440 = EDGE_CURVE('',#2403,#2427,#3441,.T.);
#3441 = LINE('',#3442,#3443);
#3442 = CARTESIAN_POINT('',(-7.917287209,0.5,-39.7));
#3443 = VECTOR('',#3444,1.);
#3444 = DIRECTION('',(1.,0.,0.));
#3445 = ORIENTED_EDGE('',*,*,#2402,.F.);
#3446 = ORIENTED_EDGE('',*,*,#3447,.F.);
#3447 = EDGE_CURVE('',#2371,#2395,#3448,.T.);
#3448 = LINE('',#3449,#3450);
#3449 = CARTESIAN_POINT('',(-8.417287209,0.5,-39.7));
#3450 = VECTOR('',#3451,1.);
#3451 = DIRECTION('',(1.,0.,0.));
#3452 = ORIENTED_EDGE('',*,*,#2370,.F.);
#3453 = ORIENTED_EDGE('',*,*,#3454,.F.);
#3454 = EDGE_CURVE('',#2339,#2363,#3455,.T.);
#3455 = LINE('',#3456,#3457);
#3456 = CARTESIAN_POINT('',(-8.917287209,0.5,-39.7));
#3457 = VECTOR('',#3458,1.);
#3458 = DIRECTION('',(1.,0.,0.));
#3459 = ORIENTED_EDGE('',*,*,#2338,.F.);
#3460 = ORIENTED_EDGE('',*,*,#3461,.F.);
#3461 = EDGE_CURVE('',#2307,#2331,#3462,.T.);
#3462 = LINE('',#3463,#3464);
#3463 = CARTESIAN_POINT('',(-9.417287209,0.5,-39.7));
#3464 = VECTOR('',#3465,1.);
#3465 = DIRECTION('',(1.,0.,0.));
#3466 = ORIENTED_EDGE('',*,*,#2306,.F.);
#3467 = PLANE('',#3468);
#3468 = AXIS2_PLACEMENT_3D('',#3469,#3470,#3471);
#3469 = CARTESIAN_POINT('',(-11.,0.39080893,-40.));
#3470 = DIRECTION('',(0.,-0.939692620916,0.342020142969));
#3471 = DIRECTION('',(0.,-0.342020142969,-0.939692620916));
#3472 = ADVANCED_FACE('',(#3473),#3498,.F.);
#3473 = FACE_BOUND('',#3474,.F.);
#3474 = EDGE_LOOP('',(#3475,#3476,#3484,#3492));
#3475 = ORIENTED_EDGE('',*,*,#31,.T.);
#3476 = ORIENTED_EDGE('',*,*,#3477,.F.);
#3477 = EDGE_CURVE('',#3478,#22,#3480,.T.);
#3478 = VERTEX_POINT('',#3479);
#3479 = CARTESIAN_POINT('',(-10.,-1.35,30.));
#3480 = LINE('',#3481,#3482);
#3481 = CARTESIAN_POINT('',(-10.,-1.35,30.));
#3482 = VECTOR('',#3483,1.);
#3483 = DIRECTION('',(0.,1.,0.));
#3484 = ORIENTED_EDGE('',*,*,#3485,.F.);
#3485 = EDGE_CURVE('',#3486,#3478,#3488,.T.);
#3486 = VERTEX_POINT('',#3487);
#3487 = CARTESIAN_POINT('',(-10.,-1.35,-30.));
#3488 = LINE('',#3489,#3490);
#3489 = CARTESIAN_POINT('',(-10.,-1.35,-30.));
#3490 = VECTOR('',#3491,1.);
#3491 = DIRECTION('',(0.,0.,1.));
#3492 = ORIENTED_EDGE('',*,*,#3493,.T.);
#3493 = EDGE_CURVE('',#3486,#32,#3494,.T.);
#3494 = LINE('',#3495,#3496);
#3495 = CARTESIAN_POINT('',(-10.,-1.35,-30.));
#3496 = VECTOR('',#3497,1.);
#3497 = DIRECTION('',(0.,1.,0.));
#3498 = PLANE('',#3499);
#3499 = AXIS2_PLACEMENT_3D('',#3500,#3501,#3502);
#3500 = CARTESIAN_POINT('',(-10.,-1.35,-30.));
#3501 = DIRECTION('',(1.,0.,0.));
#3502 = DIRECTION('',(0.,0.,1.));
#3503 = ADVANCED_FACE('',(#3504),#3522,.F.);
#3504 = FACE_BOUND('',#3505,.F.);
#3505 = EDGE_LOOP('',(#3506,#3507,#3515,#3521));
#3506 = ORIENTED_EDGE('',*,*,#21,.T.);
#3507 = ORIENTED_EDGE('',*,*,#3508,.F.);
#3508 = EDGE_CURVE('',#3509,#24,#3511,.T.);
#3509 = VERTEX_POINT('',#3510);
#3510 = CARTESIAN_POINT('',(10.,-1.35,30.));
#3511 = LINE('',#3512,#3513);
#3512 = CARTESIAN_POINT('',(10.,-1.35,30.));
#3513 = VECTOR('',#3514,1.);
#3514 = DIRECTION('',(0.,1.,0.));
#3515 = ORIENTED_EDGE('',*,*,#3516,.F.);
#3516 = EDGE_CURVE('',#3478,#3509,#3517,.T.);
#3517 = LINE('',#3518,#3519);
#3518 = CARTESIAN_POINT('',(-10.,-1.35,30.));
#3519 = VECTOR('',#3520,1.);
#3520 = DIRECTION('',(1.,0.,0.));
#3521 = ORIENTED_EDGE('',*,*,#3477,.T.);
#3522 = PLANE('',#3523);
#3523 = AXIS2_PLACEMENT_3D('',#3524,#3525,#3526);
#3524 = CARTESIAN_POINT('',(-10.,-1.35,30.));
#3525 = DIRECTION('',(-0.,-0.,-1.));
#3526 = DIRECTION('',(1.,0.,0.));
#3527 = ADVANCED_FACE('',(#3528),#3546,.F.);
#3528 = FACE_BOUND('',#3529,.F.);
#3529 = EDGE_LOOP('',(#3530,#3531,#3539,#3545));
#3530 = ORIENTED_EDGE('',*,*,#47,.T.);
#3531 = ORIENTED_EDGE('',*,*,#3532,.F.);
#3532 = EDGE_CURVE('',#3533,#40,#3535,.T.);
#3533 = VERTEX_POINT('',#3534);
#3534 = CARTESIAN_POINT('',(10.,-1.35,-30.));
#3535 = LINE('',#3536,#3537);
#3536 = CARTESIAN_POINT('',(10.,-1.35,-30.));
#3537 = VECTOR('',#3538,1.);
#3538 = DIRECTION('',(0.,1.,0.));
#3539 = ORIENTED_EDGE('',*,*,#3540,.F.);
#3540 = EDGE_CURVE('',#3509,#3533,#3541,.T.);
#3541 = LINE('',#3542,#3543);
#3542 = CARTESIAN_POINT('',(10.,-1.35,30.));
#3543 = VECTOR('',#3544,1.);
#3544 = DIRECTION('',(-0.,-0.,-1.));
#3545 = ORIENTED_EDGE('',*,*,#3508,.T.);
#3546 = PLANE('',#3547);
#3547 = AXIS2_PLACEMENT_3D('',#3548,#3549,#3550);
#3548 = CARTESIAN_POINT('',(10.,-1.35,-30.));
#3549 = DIRECTION('',(-1.,-0.,-0.));
#3550 = DIRECTION('',(0.,0.,-1.));
#3551 = ADVANCED_FACE('',(#3552),#3563,.F.);
#3552 = FACE_BOUND('',#3553,.F.);
#3553 = EDGE_LOOP('',(#3554,#3555,#3556,#3562));
#3554 = ORIENTED_EDGE('',*,*,#39,.T.);
#3555 = ORIENTED_EDGE('',*,*,#3493,.F.);
#3556 = ORIENTED_EDGE('',*,*,#3557,.F.);
#3557 = EDGE_CURVE('',#3533,#3486,#3558,.T.);
#3558 = LINE('',#3559,#3560);
#3559 = CARTESIAN_POINT('',(10.,-1.35,-30.));
#3560 = VECTOR('',#3561,1.);
#3561 = DIRECTION('',(-1.,-0.,-0.));
#3562 = ORIENTED_EDGE('',*,*,#3532,.T.);
#3563 = PLANE('',#3564);
#3564 = AXIS2_PLACEMENT_3D('',#3565,#3566,#3567);
#3565 = CARTESIAN_POINT('',(-10.,-1.35,-30.));
#3566 = DIRECTION('',(0.,0.,1.));
#3567 = DIRECTION('',(-1.,0.,0.));
#3568 = ADVANCED_FACE('',(#3569),#3575,.T.);
#3569 = FACE_BOUND('',#3570,.F.);
#3570 = EDGE_LOOP('',(#3571,#3572,#3573,#3574));
#3571 = ORIENTED_EDGE('',*,*,#3485,.T.);
#3572 = ORIENTED_EDGE('',*,*,#3516,.T.);
#3573 = ORIENTED_EDGE('',*,*,#3540,.T.);
#3574 = ORIENTED_EDGE('',*,*,#3557,.T.);
#3575 = PLANE('',#3576);
#3576 = AXIS2_PLACEMENT_3D('',#3577,#3578,#3579);
#3577 = CARTESIAN_POINT('',(0.,-1.35,0.));
#3578 = DIRECTION('',(-0.,-1.,-0.));
#3579 = DIRECTION('',(0.,0.,-1.));
#3580 = ADVANCED_FACE('',(#3581),#3593,.T.);
#3581 = FACE_BOUND('',#3582,.F.);
#3582 = EDGE_LOOP('',(#3583,#3584,#3585,#3592));
#3583 = ORIENTED_EDGE('',*,*,#2256,.T.);
#3584 = ORIENTED_EDGE('',*,*,#2577,.F.);
#3585 = ORIENTED_EDGE('',*,*,#3586,.F.);
#3586 = EDGE_CURVE('',#2635,#2570,#3587,.T.);
#3587 = CIRCLE('',#3588,2.75);
#3588 = AXIS2_PLACEMENT_3D('',#3589,#3590,#3591);
#3589 = CARTESIAN_POINT('',(0.,0.51,40.));
#3590 = DIRECTION('',(0.,-1.,0.));
#3591 = DIRECTION('',(-0.,-0.,-1.));
#3592 = ORIENTED_EDGE('',*,*,#2634,.T.);
#3593 = CYLINDRICAL_SURFACE('',#3594,2.75);
#3594 = AXIS2_PLACEMENT_3D('',#3595,#3596,#3597);
#3595 = CARTESIAN_POINT('',(0.,0.51,40.));
#3596 = DIRECTION('',(-0.,-1.,-0.));
#3597 = DIRECTION('',(0.,0.,1.));
#3598 = ADVANCED_FACE('',(#3599),#3605,.T.);
#3599 = FACE_BOUND('',#3600,.F.);
#3600 = EDGE_LOOP('',(#3601,#3602,#3603,#3604));
#3601 = ORIENTED_EDGE('',*,*,#2593,.T.);
#3602 = ORIENTED_EDGE('',*,*,#2642,.T.);
#3603 = ORIENTED_EDGE('',*,*,#3586,.T.);
#3604 = ORIENTED_EDGE('',*,*,#2569,.T.);
#3605 = PLANE('',#3606);
#3606 = AXIS2_PLACEMENT_3D('',#3607,#3608,#3609);
#3607 = CARTESIAN_POINT('',(0.,0.51,40.));
#3608 = DIRECTION('',(0.,1.,0.));
#3609 = DIRECTION('',(0.,0.,1.));
#3610 = ADVANCED_FACE('',(#3611),#3629,.F.);
#3611 = FACE_BOUND('',#3612,.F.);
#3612 = EDGE_LOOP('',(#3613,#3614,#3622,#3628));
#3613 = ORIENTED_EDGE('',*,*,#164,.T.);
#3614 = ORIENTED_EDGE('',*,*,#3615,.F.);
#3615 = EDGE_CURVE('',#3616,#156,#3618,.T.);
#3616 = VERTEX_POINT('',#3617);
#3617 = CARTESIAN_POINT('',(4.,-1.E-02,39.));
#3618 = LINE('',#3619,#3620);
#3619 = CARTESIAN_POINT('',(4.,-1.E-02,39.));
#3620 = VECTOR('',#3621,1.);
#3621 = DIRECTION('',(0.,1.,0.));
#3622 = ORIENTED_EDGE('',*,*,#3623,.F.);
#3623 = EDGE_CURVE('',#2546,#3616,#3624,.T.);
#3624 = LINE('',#3625,#3626);
#3625 = CARTESIAN_POINT('',(4.,-1.E-02,40.));
#3626 = VECTOR('',#3627,1.);
#3627 = DIRECTION('',(-0.,-0.,-1.));
#3628 = ORIENTED_EDGE('',*,*,#2545,.T.);
#3629 = PLANE('',#3630);
#3630 = AXIS2_PLACEMENT_3D('',#3631,#3632,#3633);
#3631 = CARTESIAN_POINT('',(4.,-1.E-02,40.));
#3632 = DIRECTION('',(-1.,-0.,-0.));
#3633 = DIRECTION('',(0.,0.,-1.));
#3634 = ADVANCED_FACE('',(#3635),#3654,.T.);
#3635 = FACE_BOUND('',#3636,.F.);
#3636 = EDGE_LOOP('',(#3637,#3645,#3652,#3653));
#3637 = ORIENTED_EDGE('',*,*,#3638,.T.);
#3638 = EDGE_CURVE('',#147,#3639,#3641,.T.);
#3639 = VERTEX_POINT('',#3640);
#3640 = CARTESIAN_POINT('',(0.,-1.E-02,35.));
#3641 = LINE('',#3642,#3643);
#3642 = CARTESIAN_POINT('',(0.,0.,35.));
#3643 = VECTOR('',#3644,1.);
#3644 = DIRECTION('',(-0.,-1.,-0.));
#3645 = ORIENTED_EDGE('',*,*,#3646,.F.);
#3646 = EDGE_CURVE('',#3616,#3639,#3647,.T.);
#3647 = CIRCLE('',#3648,4.);
#3648 = AXIS2_PLACEMENT_3D('',#3649,#3650,#3651);
#3649 = CARTESIAN_POINT('',(0.,-1.E-02,39.));
#3650 = DIRECTION('',(0.,1.,0.));
#3651 = DIRECTION('',(0.,0.,1.));
#3652 = ORIENTED_EDGE('',*,*,#3615,.T.);
#3653 = ORIENTED_EDGE('',*,*,#155,.T.);
#3654 = CYLINDRICAL_SURFACE('',#3655,4.);
#3655 = AXIS2_PLACEMENT_3D('',#3656,#3657,#3658);
#3656 = CARTESIAN_POINT('',(0.,-1.E-02,39.));
#3657 = DIRECTION('',(0.,1.,0.));
#3658 = DIRECTION('',(-0.,-0.,-1.));
#3659 = ADVANCED_FACE('',(#3660),#3678,.F.);
#3660 = FACE_BOUND('',#3661,.F.);
#3661 = EDGE_LOOP('',(#3662,#3663,#3664,#3672));
#3662 = ORIENTED_EDGE('',*,*,#138,.T.);
#3663 = ORIENTED_EDGE('',*,*,#2657,.F.);
#3664 = ORIENTED_EDGE('',*,*,#3665,.F.);
#3665 = EDGE_CURVE('',#3666,#2650,#3668,.T.);
#3666 = VERTEX_POINT('',#3667);
#3667 = CARTESIAN_POINT('',(-4.,-1.E-02,39.));
#3668 = LINE('',#3669,#3670);
#3669 = CARTESIAN_POINT('',(-4.,-1.E-02,39.));
#3670 = VECTOR('',#3671,1.);
#3671 = DIRECTION('',(0.,0.,1.));
#3672 = ORIENTED_EDGE('',*,*,#3673,.T.);
#3673 = EDGE_CURVE('',#3666,#139,#3674,.T.);
#3674 = LINE('',#3675,#3676);
#3675 = CARTESIAN_POINT('',(-4.,-1.E-02,39.));
#3676 = VECTOR('',#3677,1.);
#3677 = DIRECTION('',(0.,1.,0.));
#3678 = PLANE('',#3679);
#3679 = AXIS2_PLACEMENT_3D('',#3680,#3681,#3682);
#3680 = CARTESIAN_POINT('',(-4.,-1.E-02,40.));
#3681 = DIRECTION('',(1.,0.,0.));
#3682 = DIRECTION('',(0.,0.,1.));
#3683 = ADVANCED_FACE('',(#3684),#3699,.T.);
#3684 = FACE_BOUND('',#3685,.F.);
#3685 = EDGE_LOOP('',(#3686,#3687,#3688,#3689,#3690,#3697,#3698));
#3686 = ORIENTED_EDGE('',*,*,#2610,.T.);
#3687 = ORIENTED_EDGE('',*,*,#2553,.T.);
#3688 = ORIENTED_EDGE('',*,*,#3623,.T.);
#3689 = ORIENTED_EDGE('',*,*,#3646,.T.);
#3690 = ORIENTED_EDGE('',*,*,#3691,.T.);
#3691 = EDGE_CURVE('',#3639,#3666,#3692,.T.);
#3692 = CIRCLE('',#3693,4.);
#3693 = AXIS2_PLACEMENT_3D('',#3694,#3695,#3696);
#3694 = CARTESIAN_POINT('',(0.,-1.E-02,39.));
#3695 = DIRECTION('',(0.,1.,0.));
#3696 = DIRECTION('',(0.,0.,1.));
#3697 = ORIENTED_EDGE('',*,*,#3665,.T.);
#3698 = ORIENTED_EDGE('',*,*,#2649,.T.);
#3699 = PLANE('',#3700);
#3700 = AXIS2_PLACEMENT_3D('',#3701,#3702,#3703);
#3701 = CARTESIAN_POINT('',(0.,-1.E-02,40.));
#3702 = DIRECTION('',(-0.,-1.,-0.));
#3703 = DIRECTION('',(0.,0.,-1.));
#3704 = ADVANCED_FACE('',(#3705),#3730,.F.);
#3705 = FACE_BOUND('',#3706,.F.);
#3706 = EDGE_LOOP('',(#3707,#3708,#3716,#3724));
#3707 = ORIENTED_EDGE('',*,*,#2346,.T.);
#3708 = ORIENTED_EDGE('',*,*,#3709,.F.);
#3709 = EDGE_CURVE('',#3710,#2339,#3712,.T.);
#3710 = VERTEX_POINT('',#3711);
#3711 = CARTESIAN_POINT('',(-8.917287209,0.51,-39.7));
#3712 = LINE('',#3713,#3714);
#3713 = CARTESIAN_POINT('',(-8.917287209,0.51,-39.7));
#3714 = VECTOR('',#3715,1.);
#3715 = DIRECTION('',(-0.,-1.,-0.));
#3716 = ORIENTED_EDGE('',*,*,#3717,.F.);
#3717 = EDGE_CURVE('',#3718,#3710,#3720,.T.);
#3718 = VERTEX_POINT('',#3719);
#3719 = CARTESIAN_POINT('',(-8.917287209,0.51,-38.));
#3720 = LINE('',#3721,#3722);
#3721 = CARTESIAN_POINT('',(-8.917287209,0.51,-38.));
#3722 = VECTOR('',#3723,1.);
#3723 = DIRECTION('',(-0.,-0.,-1.));
#3724 = ORIENTED_EDGE('',*,*,#3725,.T.);
#3725 = EDGE_CURVE('',#3718,#2347,#3726,.T.);
#3726 = LINE('',#3727,#3728);
#3727 = CARTESIAN_POINT('',(-8.917287209,0.51,-38.));
#3728 = VECTOR('',#3729,1.);
#3729 = DIRECTION('',(-0.,-1.,-0.));
#3730 = PLANE('',#3731);
#3731 = AXIS2_PLACEMENT_3D('',#3732,#3733,#3734);
#3732 = CARTESIAN_POINT('',(-8.917287209,0.51,-38.));
#3733 = DIRECTION('',(1.,0.,0.));
#3734 = DIRECTION('',(0.,0.,1.));
#3735 = ADVANCED_FACE('',(#3736),#3754,.F.);
#3736 = FACE_BOUND('',#3737,.F.);
#3737 = EDGE_LOOP('',(#3738,#3739,#3747,#3753));
#3738 = ORIENTED_EDGE('',*,*,#3454,.T.);
#3739 = ORIENTED_EDGE('',*,*,#3740,.F.);
#3740 = EDGE_CURVE('',#3741,#2363,#3743,.T.);
#3741 = VERTEX_POINT('',#3742);
#3742 = CARTESIAN_POINT('',(-8.570133855,0.51,-39.7));
#3743 = LINE('',#3744,#3745);
#3744 = CARTESIAN_POINT('',(-8.570133855,0.51,-39.7));
#3745 = VECTOR('',#3746,1.);
#3746 = DIRECTION('',(-0.,-1.,-0.));
#3747 = ORIENTED_EDGE('',*,*,#3748,.F.);
#3748 = EDGE_CURVE('',#3710,#3741,#3749,.T.);
#3749 = LINE('',#3750,#3751);
#3750 = CARTESIAN_POINT('',(-8.917287209,0.51,-39.7));
#3751 = VECTOR('',#3752,1.);
#3752 = DIRECTION('',(1.,0.,0.));
#3753 = ORIENTED_EDGE('',*,*,#3709,.T.);
#3754 = PLANE('',#3755);
#3755 = AXIS2_PLACEMENT_3D('',#3756,#3757,#3758);
#3756 = CARTESIAN_POINT('',(-8.570133855,0.51,-39.7));
#3757 = DIRECTION('',(0.,0.,1.));
#3758 = DIRECTION('',(-1.,0.,0.));
#3759 = ADVANCED_FACE('',(#3760),#3778,.F.);
#3760 = FACE_BOUND('',#3761,.F.);
#3761 = EDGE_LOOP('',(#3762,#3763,#3771,#3777));
#3762 = ORIENTED_EDGE('',*,*,#2362,.T.);
#3763 = ORIENTED_EDGE('',*,*,#3764,.F.);
#3764 = EDGE_CURVE('',#3765,#2355,#3767,.T.);
#3765 = VERTEX_POINT('',#3766);
#3766 = CARTESIAN_POINT('',(-8.570133855,0.51,-38.));
#3767 = LINE('',#3768,#3769);
#3768 = CARTESIAN_POINT('',(-8.570133855,0.51,-38.));
#3769 = VECTOR('',#3770,1.);
#3770 = DIRECTION('',(-0.,-1.,-0.));
#3771 = ORIENTED_EDGE('',*,*,#3772,.F.);
#3772 = EDGE_CURVE('',#3741,#3765,#3773,.T.);
#3773 = LINE('',#3774,#3775);
#3774 = CARTESIAN_POINT('',(-8.570133855,0.51,-39.7));
#3775 = VECTOR('',#3776,1.);
#3776 = DIRECTION('',(0.,0.,1.));
#3777 = ORIENTED_EDGE('',*,*,#3740,.T.);
#3778 = PLANE('',#3779);
#3779 = AXIS2_PLACEMENT_3D('',#3780,#3781,#3782);
#3780 = CARTESIAN_POINT('',(-8.570133855,0.51,-38.));
#3781 = DIRECTION('',(-1.,-0.,-0.));
#3782 = DIRECTION('',(0.,0.,-1.));
#3783 = ADVANCED_FACE('',(#3784),#3795,.F.);
#3784 = FACE_BOUND('',#3785,.F.);
#3785 = EDGE_LOOP('',(#3786,#3787,#3788,#3794));
#3786 = ORIENTED_EDGE('',*,*,#2354,.T.);
#3787 = ORIENTED_EDGE('',*,*,#3725,.F.);
#3788 = ORIENTED_EDGE('',*,*,#3789,.F.);
#3789 = EDGE_CURVE('',#3765,#3718,#3790,.T.);
#3790 = LINE('',#3791,#3792);
#3791 = CARTESIAN_POINT('',(-8.570133855,0.51,-38.));
#3792 = VECTOR('',#3793,1.);
#3793 = DIRECTION('',(-1.,-0.,-0.));
#3794 = ORIENTED_EDGE('',*,*,#3764,.T.);
#3795 = PLANE('',#3796);
#3796 = AXIS2_PLACEMENT_3D('',#3797,#3798,#3799);
#3797 = CARTESIAN_POINT('',(-8.917287209,0.51,-38.));
#3798 = DIRECTION('',(-0.,-0.,-1.));
#3799 = DIRECTION('',(1.,0.,0.));
#3800 = ADVANCED_FACE('',(#3801),#3807,.F.);
#3801 = FACE_BOUND('',#3802,.F.);
#3802 = EDGE_LOOP('',(#3803,#3804,#3805,#3806));
#3803 = ORIENTED_EDGE('',*,*,#3717,.T.);
#3804 = ORIENTED_EDGE('',*,*,#3748,.T.);
#3805 = ORIENTED_EDGE('',*,*,#3772,.T.);
#3806 = ORIENTED_EDGE('',*,*,#3789,.T.);
#3807 = PLANE('',#3808);
#3808 = AXIS2_PLACEMENT_3D('',#3809,#3810,#3811);
#3809 = CARTESIAN_POINT('',(0.,0.51,0.));
#3810 = DIRECTION('',(-0.,-1.,-0.));
#3811 = DIRECTION('',(0.,0.,-1.));
#3812 = ADVANCED_FACE('',(#3813),#3838,.F.);
#3813 = FACE_BOUND('',#3814,.F.);
#3814 = EDGE_LOOP('',(#3815,#3816,#3824,#3832));
#3815 = ORIENTED_EDGE('',*,*,#2378,.T.);
#3816 = ORIENTED_EDGE('',*,*,#3817,.F.);
#3817 = EDGE_CURVE('',#3818,#2371,#3820,.T.);
#3818 = VERTEX_POINT('',#3819);
#3819 = CARTESIAN_POINT('',(-8.417287209,0.51,-39.7));
#3820 = LINE('',#3821,#3822);
#3821 = CARTESIAN_POINT('',(-8.417287209,0.51,-39.7));
#3822 = VECTOR('',#3823,1.);
#3823 = DIRECTION('',(-0.,-1.,-0.));
#3824 = ORIENTED_EDGE('',*,*,#3825,.F.);
#3825 = EDGE_CURVE('',#3826,#3818,#3828,.T.);
#3826 = VERTEX_POINT('',#3827);
#3827 = CARTESIAN_POINT('',(-8.417287209,0.51,-38.));
#3828 = LINE('',#3829,#3830);
#3829 = CARTESIAN_POINT('',(-8.417287209,0.51,-38.));
#3830 = VECTOR('',#3831,1.);
#3831 = DIRECTION('',(-0.,-0.,-1.));
#3832 = ORIENTED_EDGE('',*,*,#3833,.T.);
#3833 = EDGE_CURVE('',#3826,#2379,#3834,.T.);
#3834 = LINE('',#3835,#3836);
#3835 = CARTESIAN_POINT('',(-8.417287209,0.51,-38.));
#3836 = VECTOR('',#3837,1.);
#3837 = DIRECTION('',(-0.,-1.,-0.));
#3838 = PLANE('',#3839);
#3839 = AXIS2_PLACEMENT_3D('',#3840,#3841,#3842);
#3840 = CARTESIAN_POINT('',(-8.417287209,0.51,-38.));
#3841 = DIRECTION('',(1.,0.,0.));
#3842 = DIRECTION('',(0.,0.,1.));
#3843 = ADVANCED_FACE('',(#3844),#3862,.F.);
#3844 = FACE_BOUND('',#3845,.F.);
#3845 = EDGE_LOOP('',(#3846,#3847,#3855,#3861));
#3846 = ORIENTED_EDGE('',*,*,#3447,.T.);
#3847 = ORIENTED_EDGE('',*,*,#3848,.F.);
#3848 = EDGE_CURVE('',#3849,#2395,#3851,.T.);
#3849 = VERTEX_POINT('',#3850);
#3850 = CARTESIAN_POINT('',(-8.070133855,0.51,-39.7));
#3851 = LINE('',#3852,#3853);
#3852 = CARTESIAN_POINT('',(-8.070133855,0.51,-39.7));
#3853 = VECTOR('',#3854,1.);
#3854 = DIRECTION('',(-0.,-1.,-0.));
#3855 = ORIENTED_EDGE('',*,*,#3856,.F.);
#3856 = EDGE_CURVE('',#3818,#3849,#3857,.T.);
#3857 = LINE('',#3858,#3859);
#3858 = CARTESIAN_POINT('',(-8.417287209,0.51,-39.7));
#3859 = VECTOR('',#3860,1.);
#3860 = DIRECTION('',(1.,0.,0.));
#3861 = ORIENTED_EDGE('',*,*,#3817,.T.);
#3862 = PLANE('',#3863);
#3863 = AXIS2_PLACEMENT_3D('',#3864,#3865,#3866);
#3864 = CARTESIAN_POINT('',(-8.070133855,0.51,-39.7));
#3865 = DIRECTION('',(0.,0.,1.));
#3866 = DIRECTION('',(-1.,0.,0.));
#3867 = ADVANCED_FACE('',(#3868),#3886,.F.);
#3868 = FACE_BOUND('',#3869,.F.);
#3869 = EDGE_LOOP('',(#3870,#3871,#3879,#3885));
#3870 = ORIENTED_EDGE('',*,*,#2394,.T.);
#3871 = ORIENTED_EDGE('',*,*,#3872,.F.);
#3872 = EDGE_CURVE('',#3873,#2387,#3875,.T.);
#3873 = VERTEX_POINT('',#3874);
#3874 = CARTESIAN_POINT('',(-8.070133855,0.51,-38.));
#3875 = LINE('',#3876,#3877);
#3876 = CARTESIAN_POINT('',(-8.070133855,0.51,-38.));
#3877 = VECTOR('',#3878,1.);
#3878 = DIRECTION('',(-0.,-1.,-0.));
#3879 = ORIENTED_EDGE('',*,*,#3880,.F.);
#3880 = EDGE_CURVE('',#3849,#3873,#3881,.T.);
#3881 = LINE('',#3882,#3883);
#3882 = CARTESIAN_POINT('',(-8.070133855,0.51,-39.7));
#3883 = VECTOR('',#3884,1.);
#3884 = DIRECTION('',(0.,0.,1.));
#3885 = ORIENTED_EDGE('',*,*,#3848,.T.);
#3886 = PLANE('',#3887);
#3887 = AXIS2_PLACEMENT_3D('',#3888,#3889,#3890);
#3888 = CARTESIAN_POINT('',(-8.070133855,0.51,-38.));
#3889 = DIRECTION('',(-1.,-0.,-0.));
#3890 = DIRECTION('',(0.,0.,-1.));
#3891 = ADVANCED_FACE('',(#3892),#3903,.F.);
#3892 = FACE_BOUND('',#3893,.F.);
#3893 = EDGE_LOOP('',(#3894,#3895,#3896,#3902));
#3894 = ORIENTED_EDGE('',*,*,#2386,.T.);
#3895 = ORIENTED_EDGE('',*,*,#3833,.F.);
#3896 = ORIENTED_EDGE('',*,*,#3897,.F.);
#3897 = EDGE_CURVE('',#3873,#3826,#3898,.T.);
#3898 = LINE('',#3899,#3900);
#3899 = CARTESIAN_POINT('',(-8.070133855,0.51,-38.));
#3900 = VECTOR('',#3901,1.);
#3901 = DIRECTION('',(-1.,-0.,-0.));
#3902 = ORIENTED_EDGE('',*,*,#3872,.T.);
#3903 = PLANE('',#3904);
#3904 = AXIS2_PLACEMENT_3D('',#3905,#3906,#3907);
#3905 = CARTESIAN_POINT('',(-8.417287209,0.51,-38.));
#3906 = DIRECTION('',(-0.,-0.,-1.));
#3907 = DIRECTION('',(1.,0.,0.));
#3908 = ADVANCED_FACE('',(#3909),#3915,.F.);
#3909 = FACE_BOUND('',#3910,.F.);
#3910 = EDGE_LOOP('',(#3911,#3912,#3913,#3914));
#3911 = ORIENTED_EDGE('',*,*,#3825,.T.);
#3912 = ORIENTED_EDGE('',*,*,#3856,.T.);
#3913 = ORIENTED_EDGE('',*,*,#3880,.T.);
#3914 = ORIENTED_EDGE('',*,*,#3897,.T.);
#3915 = PLANE('',#3916);
#3916 = AXIS2_PLACEMENT_3D('',#3917,#3918,#3919);
#3917 = CARTESIAN_POINT('',(0.,0.51,0.));
#3918 = DIRECTION('',(-0.,-1.,-0.));
#3919 = DIRECTION('',(0.,0.,-1.));
#3920 = ADVANCED_FACE('',(#3921),#3946,.F.);
#3921 = FACE_BOUND('',#3922,.F.);
#3922 = EDGE_LOOP('',(#3923,#3924,#3932,#3940));
#3923 = ORIENTED_EDGE('',*,*,#2314,.T.);
#3924 = ORIENTED_EDGE('',*,*,#3925,.F.);
#3925 = EDGE_CURVE('',#3926,#2307,#3928,.T.);
#3926 = VERTEX_POINT('',#3927);
#3927 = CARTESIAN_POINT('',(-9.417287209,0.51,-39.7));
#3928 = LINE('',#3929,#3930);
#3929 = CARTESIAN_POINT('',(-9.417287209,0.51,-39.7));
#3930 = VECTOR('',#3931,1.);
#3931 = DIRECTION('',(-0.,-1.,-0.));
#3932 = ORIENTED_EDGE('',*,*,#3933,.F.);
#3933 = EDGE_CURVE('',#3934,#3926,#3936,.T.);
#3934 = VERTEX_POINT('',#3935);
#3935 = CARTESIAN_POINT('',(-9.417287209,0.51,-38.));
#3936 = LINE('',#3937,#3938);
#3937 = CARTESIAN_POINT('',(-9.417287209,0.51,-38.));
#3938 = VECTOR('',#3939,1.);
#3939 = DIRECTION('',(-0.,-0.,-1.));
#3940 = ORIENTED_EDGE('',*,*,#3941,.T.);
#3941 = EDGE_CURVE('',#3934,#2315,#3942,.T.);
#3942 = LINE('',#3943,#3944);
#3943 = CARTESIAN_POINT('',(-9.417287209,0.51,-38.));
#3944 = VECTOR('',#3945,1.);
#3945 = DIRECTION('',(-0.,-1.,-0.));
#3946 = PLANE('',#3947);
#3947 = AXIS2_PLACEMENT_3D('',#3948,#3949,#3950);
#3948 = CARTESIAN_POINT('',(-9.417287209,0.51,-38.));
#3949 = DIRECTION('',(1.,0.,0.));
#3950 = DIRECTION('',(0.,0.,1.));
#3951 = ADVANCED_FACE('',(#3952),#3970,.F.);
#3952 = FACE_BOUND('',#3953,.F.);
#3953 = EDGE_LOOP('',(#3954,#3955,#3963,#3969));
#3954 = ORIENTED_EDGE('',*,*,#3461,.T.);
#3955 = ORIENTED_EDGE('',*,*,#3956,.F.);
#3956 = EDGE_CURVE('',#3957,#2331,#3959,.T.);
#3957 = VERTEX_POINT('',#3958);
#3958 = CARTESIAN_POINT('',(-9.070133855,0.51,-39.7));
#3959 = LINE('',#3960,#3961);
#3960 = CARTESIAN_POINT('',(-9.070133855,0.51,-39.7));
#3961 = VECTOR('',#3962,1.);
#3962 = DIRECTION('',(-0.,-1.,-0.));
#3963 = ORIENTED_EDGE('',*,*,#3964,.F.);
#3964 = EDGE_CURVE('',#3926,#3957,#3965,.T.);
#3965 = LINE('',#3966,#3967);
#3966 = CARTESIAN_POINT('',(-9.417287209,0.51,-39.7));
#3967 = VECTOR('',#3968,1.);
#3968 = DIRECTION('',(1.,0.,0.));
#3969 = ORIENTED_EDGE('',*,*,#3925,.T.);
#3970 = PLANE('',#3971);
#3971 = AXIS2_PLACEMENT_3D('',#3972,#3973,#3974);
#3972 = CARTESIAN_POINT('',(-9.070133855,0.51,-39.7));
#3973 = DIRECTION('',(0.,0.,1.));
#3974 = DIRECTION('',(-1.,0.,0.));
#3975 = ADVANCED_FACE('',(#3976),#3994,.F.);
#3976 = FACE_BOUND('',#3977,.F.);
#3977 = EDGE_LOOP('',(#3978,#3979,#3987,#3993));
#3978 = ORIENTED_EDGE('',*,*,#2330,.T.);
#3979 = ORIENTED_EDGE('',*,*,#3980,.F.);
#3980 = EDGE_CURVE('',#3981,#2323,#3983,.T.);
#3981 = VERTEX_POINT('',#3982);
#3982 = CARTESIAN_POINT('',(-9.070133855,0.51,-38.));
#3983 = LINE('',#3984,#3985);
#3984 = CARTESIAN_POINT('',(-9.070133855,0.51,-38.));
#3985 = VECTOR('',#3986,1.);
#3986 = DIRECTION('',(-0.,-1.,-0.));
#3987 = ORIENTED_EDGE('',*,*,#3988,.F.);
#3988 = EDGE_CURVE('',#3957,#3981,#3989,.T.);
#3989 = LINE('',#3990,#3991);
#3990 = CARTESIAN_POINT('',(-9.070133855,0.51,-39.7));
#3991 = VECTOR('',#3992,1.);
#3992 = DIRECTION('',(0.,0.,1.));
#3993 = ORIENTED_EDGE('',*,*,#3956,.T.);
#3994 = PLANE('',#3995);
#3995 = AXIS2_PLACEMENT_3D('',#3996,#3997,#3998);
#3996 = CARTESIAN_POINT('',(-9.070133855,0.51,-38.));
#3997 = DIRECTION('',(-1.,-0.,-0.));
#3998 = DIRECTION('',(0.,0.,-1.));
#3999 = ADVANCED_FACE('',(#4000),#4011,.F.);
#4000 = FACE_BOUND('',#4001,.F.);
#4001 = EDGE_LOOP('',(#4002,#4003,#4004,#4010));
#4002 = ORIENTED_EDGE('',*,*,#2322,.T.);
#4003 = ORIENTED_EDGE('',*,*,#3941,.F.);
#4004 = ORIENTED_EDGE('',*,*,#4005,.F.);
#4005 = EDGE_CURVE('',#3981,#3934,#4006,.T.);
#4006 = LINE('',#4007,#4008);
#4007 = CARTESIAN_POINT('',(-9.070133855,0.51,-38.));
#4008 = VECTOR('',#4009,1.);
#4009 = DIRECTION('',(-1.,-0.,-0.));
#4010 = ORIENTED_EDGE('',*,*,#3980,.T.);
#4011 = PLANE('',#4012);
#4012 = AXIS2_PLACEMENT_3D('',#4013,#4014,#4015);
#4013 = CARTESIAN_POINT('',(-9.417287209,0.51,-38.));
#4014 = DIRECTION('',(-0.,-0.,-1.));
#4015 = DIRECTION('',(1.,0.,0.));
#4016 = ADVANCED_FACE('',(#4017),#4023,.F.);
#4017 = FACE_BOUND('',#4018,.F.);
#4018 = EDGE_LOOP('',(#4019,#4020,#4021,#4022));
#4019 = ORIENTED_EDGE('',*,*,#3933,.T.);
#4020 = ORIENTED_EDGE('',*,*,#3964,.T.);
#4021 = ORIENTED_EDGE('',*,*,#3988,.T.);
#4022 = ORIENTED_EDGE('',*,*,#4005,.T.);
#4023 = PLANE('',#4024);
#4024 = AXIS2_PLACEMENT_3D('',#4025,#4026,#4027);
#4025 = CARTESIAN_POINT('',(0.,0.51,0.));
#4026 = DIRECTION('',(-0.,-1.,-0.));
#4027 = DIRECTION('',(0.,0.,-1.));
#4028 = ADVANCED_FACE('',(#4029),#4054,.F.);
#4029 = FACE_BOUND('',#4030,.F.);
#4030 = EDGE_LOOP('',(#4031,#4032,#4040,#4048));
#4031 = ORIENTED_EDGE('',*,*,#2410,.T.);
#4032 = ORIENTED_EDGE('',*,*,#4033,.F.);
#4033 = EDGE_CURVE('',#4034,#2403,#4036,.T.);
#4034 = VERTEX_POINT('',#4035);
#4035 = CARTESIAN_POINT('',(-7.917287209,0.51,-39.7));
#4036 = LINE('',#4037,#4038);
#4037 = CARTESIAN_POINT('',(-7.917287209,0.51,-39.7));
#4038 = VECTOR('',#4039,1.);
#4039 = DIRECTION('',(-0.,-1.,-0.));
#4040 = ORIENTED_EDGE('',*,*,#4041,.F.);
#4041 = EDGE_CURVE('',#4042,#4034,#4044,.T.);
#4042 = VERTEX_POINT('',#4043);
#4043 = CARTESIAN_POINT('',(-7.917287209,0.51,-38.));
#4044 = LINE('',#4045,#4046);
#4045 = CARTESIAN_POINT('',(-7.917287209,0.51,-38.));
#4046 = VECTOR('',#4047,1.);
#4047 = DIRECTION('',(-0.,-0.,-1.));
#4048 = ORIENTED_EDGE('',*,*,#4049,.T.);
#4049 = EDGE_CURVE('',#4042,#2411,#4050,.T.);
#4050 = LINE('',#4051,#4052);
#4051 = CARTESIAN_POINT('',(-7.917287209,0.51,-38.));
#4052 = VECTOR('',#4053,1.);
#4053 = DIRECTION('',(-0.,-1.,-0.));
#4054 = PLANE('',#4055);
#4055 = AXIS2_PLACEMENT_3D('',#4056,#4057,#4058);
#4056 = CARTESIAN_POINT('',(-7.917287209,0.51,-38.));
#4057 = DIRECTION('',(1.,0.,0.));
#4058 = DIRECTION('',(0.,0.,1.));
#4059 = ADVANCED_FACE('',(#4060),#4078,.F.);
#4060 = FACE_BOUND('',#4061,.F.);
#4061 = EDGE_LOOP('',(#4062,#4063,#4071,#4077));
#4062 = ORIENTED_EDGE('',*,*,#3440,.T.);
#4063 = ORIENTED_EDGE('',*,*,#4064,.F.);
#4064 = EDGE_CURVE('',#4065,#2427,#4067,.T.);
#4065 = VERTEX_POINT('',#4066);
#4066 = CARTESIAN_POINT('',(-7.570133855,0.51,-39.7));
#4067 = LINE('',#4068,#4069);
#4068 = CARTESIAN_POINT('',(-7.570133855,0.51,-39.7));
#4069 = VECTOR('',#4070,1.);
#4070 = DIRECTION('',(-0.,-1.,-0.));
#4071 = ORIENTED_EDGE('',*,*,#4072,.F.);
#4072 = EDGE_CURVE('',#4034,#4065,#4073,.T.);
#4073 = LINE('',#4074,#4075);
#4074 = CARTESIAN_POINT('',(-7.917287209,0.51,-39.7));
#4075 = VECTOR('',#4076,1.);
#4076 = DIRECTION('',(1.,0.,0.));
#4077 = ORIENTED_EDGE('',*,*,#4033,.T.);
#4078 = PLANE('',#4079);
#4079 = AXIS2_PLACEMENT_3D('',#4080,#4081,#4082);
#4080 = CARTESIAN_POINT('',(-7.570133855,0.51,-39.7));
#4081 = DIRECTION('',(0.,0.,1.));
#4082 = DIRECTION('',(-1.,0.,0.));
#4083 = ADVANCED_FACE('',(#4084),#4102,.F.);
#4084 = FACE_BOUND('',#4085,.F.);
#4085 = EDGE_LOOP('',(#4086,#4087,#4095,#4101));
#4086 = ORIENTED_EDGE('',*,*,#2426,.T.);
#4087 = ORIENTED_EDGE('',*,*,#4088,.F.);
#4088 = EDGE_CURVE('',#4089,#2419,#4091,.T.);
#4089 = VERTEX_POINT('',#4090);
#4090 = CARTESIAN_POINT('',(-7.570133855,0.51,-38.));
#4091 = LINE('',#4092,#4093);
#4092 = CARTESIAN_POINT('',(-7.570133855,0.51,-38.));
#4093 = VECTOR('',#4094,1.);
#4094 = DIRECTION('',(-0.,-1.,-0.));
#4095 = ORIENTED_EDGE('',*,*,#4096,.F.);
#4096 = EDGE_CURVE('',#4065,#4089,#4097,.T.);
#4097 = LINE('',#4098,#4099);
#4098 = CARTESIAN_POINT('',(-7.570133855,0.51,-39.7));
#4099 = VECTOR('',#4100,1.);
#4100 = DIRECTION('',(0.,0.,1.));
#4101 = ORIENTED_EDGE('',*,*,#4064,.T.);
#4102 = PLANE('',#4103);
#4103 = AXIS2_PLACEMENT_3D('',#4104,#4105,#4106);
#4104 = CARTESIAN_POINT('',(-7.570133855,0.51,-38.));
#4105 = DIRECTION('',(-1.,-0.,-0.));
#4106 = DIRECTION('',(0.,0.,-1.));
#4107 = ADVANCED_FACE('',(#4108),#4119,.F.);
#4108 = FACE_BOUND('',#4109,.F.);
#4109 = EDGE_LOOP('',(#4110,#4111,#4112,#4118));
#4110 = ORIENTED_EDGE('',*,*,#2418,.T.);
#4111 = ORIENTED_EDGE('',*,*,#4049,.F.);
#4112 = ORIENTED_EDGE('',*,*,#4113,.F.);
#4113 = EDGE_CURVE('',#4089,#4042,#4114,.T.);
#4114 = LINE('',#4115,#4116);
#4115 = CARTESIAN_POINT('',(-7.570133855,0.51,-38.));
#4116 = VECTOR('',#4117,1.);
#4117 = DIRECTION('',(-1.,-0.,-0.));
#4118 = ORIENTED_EDGE('',*,*,#4088,.T.);
#4119 = PLANE('',#4120);
#4120 = AXIS2_PLACEMENT_3D('',#4121,#4122,#4123);
#4121 = CARTESIAN_POINT('',(-7.917287209,0.51,-38.));
#4122 = DIRECTION('',(-0.,-0.,-1.));
#4123 = DIRECTION('',(1.,0.,0.));
#4124 = ADVANCED_FACE('',(#4125),#4131,.F.);
#4125 = FACE_BOUND('',#4126,.F.);
#4126 = EDGE_LOOP('',(#4127,#4128,#4129,#4130));
#4127 = ORIENTED_EDGE('',*,*,#4041,.T.);
#4128 = ORIENTED_EDGE('',*,*,#4072,.T.);
#4129 = ORIENTED_EDGE('',*,*,#4096,.T.);
#4130 = ORIENTED_EDGE('',*,*,#4113,.T.);
#4131 = PLANE('',#4132);
#4132 = AXIS2_PLACEMENT_3D('',#4133,#4134,#4135);
#4133 = CARTESIAN_POINT('',(0.,0.51,0.));
#4134 = DIRECTION('',(-0.,-1.,-0.));
#4135 = DIRECTION('',(0.,0.,-1.));
#4136 = ADVANCED_FACE('',(#4137),#4162,.F.);
#4137 = FACE_BOUND('',#4138,.F.);
#4138 = EDGE_LOOP('',(#4139,#4140,#4148,#4156));
#4139 = ORIENTED_EDGE('',*,*,#2442,.T.);
#4140 = ORIENTED_EDGE('',*,*,#4141,.F.);
#4141 = EDGE_CURVE('',#4142,#2435,#4144,.T.);
#4142 = VERTEX_POINT('',#4143);
#4143 = CARTESIAN_POINT('',(-7.417287209,0.51,-39.7));
#4144 = LINE('',#4145,#4146);
#4145 = CARTESIAN_POINT('',(-7.417287209,0.51,-39.7));
#4146 = VECTOR('',#4147,1.);
#4147 = DIRECTION('',(-0.,-1.,-0.));
#4148 = ORIENTED_EDGE('',*,*,#4149,.F.);
#4149 = EDGE_CURVE('',#4150,#4142,#4152,.T.);
#4150 = VERTEX_POINT('',#4151);
#4151 = CARTESIAN_POINT('',(-7.417287209,0.51,-38.));
#4152 = LINE('',#4153,#4154);
#4153 = CARTESIAN_POINT('',(-7.417287209,0.51,-38.));
#4154 = VECTOR('',#4155,1.);
#4155 = DIRECTION('',(-0.,-0.,-1.));
#4156 = ORIENTED_EDGE('',*,*,#4157,.T.);
#4157 = EDGE_CURVE('',#4150,#2443,#4158,.T.);
#4158 = LINE('',#4159,#4160);
#4159 = CARTESIAN_POINT('',(-7.417287209,0.51,-38.));
#4160 = VECTOR('',#4161,1.);
#4161 = DIRECTION('',(-0.,-1.,-0.));
#4162 = PLANE('',#4163);
#4163 = AXIS2_PLACEMENT_3D('',#4164,#4165,#4166);
#4164 = CARTESIAN_POINT('',(-7.417287209,0.51,-38.));
#4165 = DIRECTION('',(1.,0.,0.));
#4166 = DIRECTION('',(0.,0.,1.));
#4167 = ADVANCED_FACE('',(#4168),#4186,.F.);
#4168 = FACE_BOUND('',#4169,.F.);
#4169 = EDGE_LOOP('',(#4170,#4171,#4179,#4185));
#4170 = ORIENTED_EDGE('',*,*,#3433,.T.);
#4171 = ORIENTED_EDGE('',*,*,#4172,.F.);
#4172 = EDGE_CURVE('',#4173,#2459,#4175,.T.);
#4173 = VERTEX_POINT('',#4174);
#4174 = CARTESIAN_POINT('',(-7.070133855,0.51,-39.7));
#4175 = LINE('',#4176,#4177);
#4176 = CARTESIAN_POINT('',(-7.070133855,0.51,-39.7));
#4177 = VECTOR('',#4178,1.);
#4178 = DIRECTION('',(-0.,-1.,-0.));
#4179 = ORIENTED_EDGE('',*,*,#4180,.F.);
#4180 = EDGE_CURVE('',#4142,#4173,#4181,.T.);
#4181 = LINE('',#4182,#4183);
#4182 = CARTESIAN_POINT('',(-7.417287209,0.51,-39.7));
#4183 = VECTOR('',#4184,1.);
#4184 = DIRECTION('',(1.,0.,0.));
#4185 = ORIENTED_EDGE('',*,*,#4141,.T.);
#4186 = PLANE('',#4187);
#4187 = AXIS2_PLACEMENT_3D('',#4188,#4189,#4190);
#4188 = CARTESIAN_POINT('',(-7.070133855,0.51,-39.7));
#4189 = DIRECTION('',(0.,0.,1.));
#4190 = DIRECTION('',(-1.,0.,0.));
#4191 = ADVANCED_FACE('',(#4192),#4210,.F.);
#4192 = FACE_BOUND('',#4193,.F.);
#4193 = EDGE_LOOP('',(#4194,#4195,#4203,#4209));
#4194 = ORIENTED_EDGE('',*,*,#2458,.T.);
#4195 = ORIENTED_EDGE('',*,*,#4196,.F.);
#4196 = EDGE_CURVE('',#4197,#2451,#4199,.T.);
#4197 = VERTEX_POINT('',#4198);
#4198 = CARTESIAN_POINT('',(-7.070133855,0.51,-38.));
#4199 = LINE('',#4200,#4201);
#4200 = CARTESIAN_POINT('',(-7.070133855,0.51,-38.));
#4201 = VECTOR('',#4202,1.);
#4202 = DIRECTION('',(-0.,-1.,-0.));
#4203 = ORIENTED_EDGE('',*,*,#4204,.F.);
#4204 = EDGE_CURVE('',#4173,#4197,#4205,.T.);
#4205 = LINE('',#4206,#4207);
#4206 = CARTESIAN_POINT('',(-7.070133855,0.51,-39.7));
#4207 = VECTOR('',#4208,1.);
#4208 = DIRECTION('',(0.,0.,1.));
#4209 = ORIENTED_EDGE('',*,*,#4172,.T.);
#4210 = PLANE('',#4211);
#4211 = AXIS2_PLACEMENT_3D('',#4212,#4213,#4214);
#4212 = CARTESIAN_POINT('',(-7.070133855,0.51,-38.));
#4213 = DIRECTION('',(-1.,-0.,-0.));
#4214 = DIRECTION('',(0.,0.,-1.));
#4215 = ADVANCED_FACE('',(#4216),#4227,.F.);
#4216 = FACE_BOUND('',#4217,.F.);
#4217 = EDGE_LOOP('',(#4218,#4219,#4220,#4226));
#4218 = ORIENTED_EDGE('',*,*,#2450,.T.);
#4219 = ORIENTED_EDGE('',*,*,#4157,.F.);
#4220 = ORIENTED_EDGE('',*,*,#4221,.F.);
#4221 = EDGE_CURVE('',#4197,#4150,#4222,.T.);
#4222 = LINE('',#4223,#4224);
#4223 = CARTESIAN_POINT('',(-7.070133855,0.51,-38.));
#4224 = VECTOR('',#4225,1.);
#4225 = DIRECTION('',(-1.,-0.,-0.));
#4226 = ORIENTED_EDGE('',*,*,#4196,.T.);
#4227 = PLANE('',#4228);
#4228 = AXIS2_PLACEMENT_3D('',#4229,#4230,#4231);
#4229 = CARTESIAN_POINT('',(-7.417287209,0.51,-38.));
#4230 = DIRECTION('',(-0.,-0.,-1.));
#4231 = DIRECTION('',(1.,0.,0.));
#4232 = ADVANCED_FACE('',(#4233),#4239,.F.);
#4233 = FACE_BOUND('',#4234,.F.);
#4234 = EDGE_LOOP('',(#4235,#4236,#4237,#4238));
#4235 = ORIENTED_EDGE('',*,*,#4149,.T.);
#4236 = ORIENTED_EDGE('',*,*,#4180,.T.);
#4237 = ORIENTED_EDGE('',*,*,#4204,.T.);
#4238 = ORIENTED_EDGE('',*,*,#4221,.T.);
#4239 = PLANE('',#4240);
#4240 = AXIS2_PLACEMENT_3D('',#4241,#4242,#4243);
#4241 = CARTESIAN_POINT('',(0.,0.51,0.));
#4242 = DIRECTION('',(-0.,-1.,-0.));
#4243 = DIRECTION('',(0.,0.,-1.));
#4244 = ADVANCED_FACE('',(#4245),#4270,.F.);
#4245 = FACE_BOUND('',#4246,.F.);
#4246 = EDGE_LOOP('',(#4247,#4248,#4256,#4264));
#4247 = ORIENTED_EDGE('',*,*,#2183,.T.);
#4248 = ORIENTED_EDGE('',*,*,#4249,.F.);
#4249 = EDGE_CURVE('',#4250,#2176,#4252,.T.);
#4250 = VERTEX_POINT('',#4251);
#4251 = CARTESIAN_POINT('',(9.075,0.51,-39.7));
#4252 = LINE('',#4253,#4254);
#4253 = CARTESIAN_POINT('',(9.075,0.51,-39.7));
#4254 = VECTOR('',#4255,1.);
#4255 = DIRECTION('',(-0.,-1.,-0.));
#4256 = ORIENTED_EDGE('',*,*,#4257,.F.);
#4257 = EDGE_CURVE('',#4258,#4250,#4260,.T.);
#4258 = VERTEX_POINT('',#4259);
#4259 = CARTESIAN_POINT('',(9.075,0.51,-38.));
#4260 = LINE('',#4261,#4262);
#4261 = CARTESIAN_POINT('',(9.075,0.51,-38.));
#4262 = VECTOR('',#4263,1.);
#4263 = DIRECTION('',(-0.,-0.,-1.));
#4264 = ORIENTED_EDGE('',*,*,#4265,.T.);
#4265 = EDGE_CURVE('',#4258,#2184,#4266,.T.);
#4266 = LINE('',#4267,#4268);
#4267 = CARTESIAN_POINT('',(9.075,0.51,-38.));
#4268 = VECTOR('',#4269,1.);
#4269 = DIRECTION('',(-0.,-1.,-0.));
#4270 = PLANE('',#4271);
#4271 = AXIS2_PLACEMENT_3D('',#4272,#4273,#4274);
#4272 = CARTESIAN_POINT('',(9.075,0.51,-38.));
#4273 = DIRECTION('',(1.,0.,0.));
#4274 = DIRECTION('',(0.,0.,1.));
#4275 = ADVANCED_FACE('',(#4276),#4294,.F.);
#4276 = FACE_BOUND('',#4277,.F.);
#4277 = EDGE_LOOP('',(#4278,#4279,#4287,#4293));
#4278 = ORIENTED_EDGE('',*,*,#3218,.T.);
#4279 = ORIENTED_EDGE('',*,*,#4280,.F.);
#4280 = EDGE_CURVE('',#4281,#2200,#4283,.T.);
#4281 = VERTEX_POINT('',#4282);
#4282 = CARTESIAN_POINT('',(9.425,0.51,-39.7));
#4283 = LINE('',#4284,#4285);
#4284 = CARTESIAN_POINT('',(9.425,0.51,-39.7));
#4285 = VECTOR('',#4286,1.);
#4286 = DIRECTION('',(-0.,-1.,-0.));
#4287 = ORIENTED_EDGE('',*,*,#4288,.F.);
#4288 = EDGE_CURVE('',#4250,#4281,#4289,.T.);
#4289 = LINE('',#4290,#4291);
#4290 = CARTESIAN_POINT('',(9.075,0.51,-39.7));
#4291 = VECTOR('',#4292,1.);
#4292 = DIRECTION('',(1.,0.,0.));
#4293 = ORIENTED_EDGE('',*,*,#4249,.T.);
#4294 = PLANE('',#4295);
#4295 = AXIS2_PLACEMENT_3D('',#4296,#4297,#4298);
#4296 = CARTESIAN_POINT('',(9.075,0.51,-39.7));
#4297 = DIRECTION('',(0.,0.,1.));
#4298 = DIRECTION('',(-1.,0.,0.));
#4299 = ADVANCED_FACE('',(#4300),#4318,.F.);
#4300 = FACE_BOUND('',#4301,.F.);
#4301 = EDGE_LOOP('',(#4302,#4303,#4311,#4317));
#4302 = ORIENTED_EDGE('',*,*,#2199,.T.);
#4303 = ORIENTED_EDGE('',*,*,#4304,.F.);
#4304 = EDGE_CURVE('',#4305,#2192,#4307,.T.);
#4305 = VERTEX_POINT('',#4306);
#4306 = CARTESIAN_POINT('',(9.425,0.51,-38.));
#4307 = LINE('',#4308,#4309);
#4308 = CARTESIAN_POINT('',(9.425,0.51,-38.));
#4309 = VECTOR('',#4310,1.);
#4310 = DIRECTION('',(-0.,-1.,-0.));
#4311 = ORIENTED_EDGE('',*,*,#4312,.F.);
#4312 = EDGE_CURVE('',#4281,#4305,#4313,.T.);
#4313 = LINE('',#4314,#4315);
#4314 = CARTESIAN_POINT('',(9.425,0.51,-39.7));
#4315 = VECTOR('',#4316,1.);
#4316 = DIRECTION('',(0.,0.,1.));
#4317 = ORIENTED_EDGE('',*,*,#4280,.T.);
#4318 = PLANE('',#4319);
#4319 = AXIS2_PLACEMENT_3D('',#4320,#4321,#4322);
#4320 = CARTESIAN_POINT('',(9.425,0.51,-38.));
#4321 = DIRECTION('',(-1.,-0.,-0.));
#4322 = DIRECTION('',(0.,0.,-1.));
#4323 = ADVANCED_FACE('',(#4324),#4335,.F.);
#4324 = FACE_BOUND('',#4325,.F.);
#4325 = EDGE_LOOP('',(#4326,#4327,#4328,#4334));
#4326 = ORIENTED_EDGE('',*,*,#2191,.T.);
#4327 = ORIENTED_EDGE('',*,*,#4265,.F.);
#4328 = ORIENTED_EDGE('',*,*,#4329,.F.);
#4329 = EDGE_CURVE('',#4305,#4258,#4330,.T.);
#4330 = LINE('',#4331,#4332);
#4331 = CARTESIAN_POINT('',(9.425,0.51,-38.));
#4332 = VECTOR('',#4333,1.);
#4333 = DIRECTION('',(-1.,-0.,-0.));
#4334 = ORIENTED_EDGE('',*,*,#4304,.T.);
#4335 = PLANE('',#4336);
#4336 = AXIS2_PLACEMENT_3D('',#4337,#4338,#4339);
#4337 = CARTESIAN_POINT('',(9.075,0.51,-38.));
#4338 = DIRECTION('',(-0.,-0.,-1.));
#4339 = DIRECTION('',(1.,0.,0.));
#4340 = ADVANCED_FACE('',(#4341),#4347,.T.);
#4341 = FACE_BOUND('',#4342,.F.);
#4342 = EDGE_LOOP('',(#4343,#4344,#4345,#4346));
#4343 = ORIENTED_EDGE('',*,*,#4257,.T.);
#4344 = ORIENTED_EDGE('',*,*,#4288,.T.);
#4345 = ORIENTED_EDGE('',*,*,#4312,.T.);
#4346 = ORIENTED_EDGE('',*,*,#4329,.T.);
#4347 = PLANE('',#4348);
#4348 = AXIS2_PLACEMENT_3D('',#4349,#4350,#4351);
#4349 = CARTESIAN_POINT('',(0.,0.51,0.));
#4350 = DIRECTION('',(0.,1.,0.));
#4351 = DIRECTION('',(0.,0.,1.));
#4352 = ADVANCED_FACE('',(#4353),#4378,.F.);
#4353 = FACE_BOUND('',#4354,.F.);
#4354 = EDGE_LOOP('',(#4355,#4356,#4364,#4372));
#4355 = ORIENTED_EDGE('',*,*,#2151,.T.);
#4356 = ORIENTED_EDGE('',*,*,#4357,.F.);
#4357 = EDGE_CURVE('',#4358,#2144,#4360,.T.);
#4358 = VERTEX_POINT('',#4359);
#4359 = CARTESIAN_POINT('',(8.575,0.51,-39.7));
#4360 = LINE('',#4361,#4362);
#4361 = CARTESIAN_POINT('',(8.575,0.51,-39.7));
#4362 = VECTOR('',#4363,1.);
#4363 = DIRECTION('',(-0.,-1.,-0.));
#4364 = ORIENTED_EDGE('',*,*,#4365,.F.);
#4365 = EDGE_CURVE('',#4366,#4358,#4368,.T.);
#4366 = VERTEX_POINT('',#4367);
#4367 = CARTESIAN_POINT('',(8.575,0.51,-38.));
#4368 = LINE('',#4369,#4370);
#4369 = CARTESIAN_POINT('',(8.575,0.51,-38.));
#4370 = VECTOR('',#4371,1.);
#4371 = DIRECTION('',(-0.,-0.,-1.));
#4372 = ORIENTED_EDGE('',*,*,#4373,.T.);
#4373 = EDGE_CURVE('',#4366,#2152,#4374,.T.);
#4374 = LINE('',#4375,#4376);
#4375 = CARTESIAN_POINT('',(8.575,0.51,-38.));
#4376 = VECTOR('',#4377,1.);
#4377 = DIRECTION('',(-0.,-1.,-0.));
#4378 = PLANE('',#4379);
#4379 = AXIS2_PLACEMENT_3D('',#4380,#4381,#4382);
#4380 = CARTESIAN_POINT('',(8.575,0.51,-38.));
#4381 = DIRECTION('',(1.,0.,0.));
#4382 = DIRECTION('',(0.,0.,1.));
#4383 = ADVANCED_FACE('',(#4384),#4402,.F.);
#4384 = FACE_BOUND('',#4385,.F.);
#4385 = EDGE_LOOP('',(#4386,#4387,#4395,#4401));
#4386 = ORIENTED_EDGE('',*,*,#3225,.T.);
#4387 = ORIENTED_EDGE('',*,*,#4388,.F.);
#4388 = EDGE_CURVE('',#4389,#2168,#4391,.T.);
#4389 = VERTEX_POINT('',#4390);
#4390 = CARTESIAN_POINT('',(8.925,0.51,-39.7));
#4391 = LINE('',#4392,#4393);
#4392 = CARTESIAN_POINT('',(8.925,0.51,-39.7));
#4393 = VECTOR('',#4394,1.);
#4394 = DIRECTION('',(-0.,-1.,-0.));
#4395 = ORIENTED_EDGE('',*,*,#4396,.F.);
#4396 = EDGE_CURVE('',#4358,#4389,#4397,.T.);
#4397 = LINE('',#4398,#4399);
#4398 = CARTESIAN_POINT('',(8.575,0.51,-39.7));
#4399 = VECTOR('',#4400,1.);
#4400 = DIRECTION('',(1.,0.,0.));
#4401 = ORIENTED_EDGE('',*,*,#4357,.T.);
#4402 = PLANE('',#4403);
#4403 = AXIS2_PLACEMENT_3D('',#4404,#4405,#4406);
#4404 = CARTESIAN_POINT('',(8.575,0.51,-39.7));
#4405 = DIRECTION('',(0.,0.,1.));
#4406 = DIRECTION('',(-1.,0.,0.));
#4407 = ADVANCED_FACE('',(#4408),#4426,.F.);
#4408 = FACE_BOUND('',#4409,.F.);
#4409 = EDGE_LOOP('',(#4410,#4411,#4419,#4425));
#4410 = ORIENTED_EDGE('',*,*,#2167,.T.);
#4411 = ORIENTED_EDGE('',*,*,#4412,.F.);
#4412 = EDGE_CURVE('',#4413,#2160,#4415,.T.);
#4413 = VERTEX_POINT('',#4414);
#4414 = CARTESIAN_POINT('',(8.925,0.51,-38.));
#4415 = LINE('',#4416,#4417);
#4416 = CARTESIAN_POINT('',(8.925,0.51,-38.));
#4417 = VECTOR('',#4418,1.);
#4418 = DIRECTION('',(-0.,-1.,-0.));
#4419 = ORIENTED_EDGE('',*,*,#4420,.F.);
#4420 = EDGE_CURVE('',#4389,#4413,#4421,.T.);
#4421 = LINE('',#4422,#4423);
#4422 = CARTESIAN_POINT('',(8.925,0.51,-39.7));
#4423 = VECTOR('',#4424,1.);
#4424 = DIRECTION('',(0.,0.,1.));
#4425 = ORIENTED_EDGE('',*,*,#4388,.T.);
#4426 = PLANE('',#4427);
#4427 = AXIS2_PLACEMENT_3D('',#4428,#4429,#4430);
#4428 = CARTESIAN_POINT('',(8.925,0.51,-38.));
#4429 = DIRECTION('',(-1.,-0.,-0.));
#4430 = DIRECTION('',(0.,0.,-1.));
#4431 = ADVANCED_FACE('',(#4432),#4443,.F.);
#4432 = FACE_BOUND('',#4433,.F.);
#4433 = EDGE_LOOP('',(#4434,#4435,#4436,#4442));
#4434 = ORIENTED_EDGE('',*,*,#2159,.T.);
#4435 = ORIENTED_EDGE('',*,*,#4373,.F.);
#4436 = ORIENTED_EDGE('',*,*,#4437,.F.);
#4437 = EDGE_CURVE('',#4413,#4366,#4438,.T.);
#4438 = LINE('',#4439,#4440);
#4439 = CARTESIAN_POINT('',(8.925,0.51,-38.));
#4440 = VECTOR('',#4441,1.);
#4441 = DIRECTION('',(-1.,-0.,-0.));
#4442 = ORIENTED_EDGE('',*,*,#4412,.T.);
#4443 = PLANE('',#4444);
#4444 = AXIS2_PLACEMENT_3D('',#4445,#4446,#4447);
#4445 = CARTESIAN_POINT('',(8.575,0.51,-38.));
#4446 = DIRECTION('',(-0.,-0.,-1.));
#4447 = DIRECTION('',(1.,0.,0.));
#4448 = ADVANCED_FACE('',(#4449),#4455,.T.);
#4449 = FACE_BOUND('',#4450,.F.);
#4450 = EDGE_LOOP('',(#4451,#4452,#4453,#4454));
#4451 = ORIENTED_EDGE('',*,*,#4365,.T.);
#4452 = ORIENTED_EDGE('',*,*,#4396,.T.);
#4453 = ORIENTED_EDGE('',*,*,#4420,.T.);
#4454 = ORIENTED_EDGE('',*,*,#4437,.T.);
#4455 = PLANE('',#4456);
#4456 = AXIS2_PLACEMENT_3D('',#4457,#4458,#4459);
#4457 = CARTESIAN_POINT('',(0.,0.51,0.));
#4458 = DIRECTION('',(0.,1.,0.));
#4459 = DIRECTION('',(0.,0.,1.));
#4460 = ADVANCED_FACE('',(#4461),#4486,.F.);
#4461 = FACE_BOUND('',#4462,.F.);
#4462 = EDGE_LOOP('',(#4463,#4464,#4472,#4480));
#4463 = ORIENTED_EDGE('',*,*,#2119,.T.);
#4464 = ORIENTED_EDGE('',*,*,#4465,.F.);
#4465 = EDGE_CURVE('',#4466,#2112,#4468,.T.);
#4466 = VERTEX_POINT('',#4467);
#4467 = CARTESIAN_POINT('',(8.075,0.51,-39.7));
#4468 = LINE('',#4469,#4470);
#4469 = CARTESIAN_POINT('',(8.075,0.51,-39.7));
#4470 = VECTOR('',#4471,1.);
#4471 = DIRECTION('',(-0.,-1.,-0.));
#4472 = ORIENTED_EDGE('',*,*,#4473,.F.);
#4473 = EDGE_CURVE('',#4474,#4466,#4476,.T.);
#4474 = VERTEX_POINT('',#4475);
#4475 = CARTESIAN_POINT('',(8.075,0.51,-38.));
#4476 = LINE('',#4477,#4478);
#4477 = CARTESIAN_POINT('',(8.075,0.51,-38.));
#4478 = VECTOR('',#4479,1.);
#4479 = DIRECTION('',(-0.,-0.,-1.));
#4480 = ORIENTED_EDGE('',*,*,#4481,.T.);
#4481 = EDGE_CURVE('',#4474,#2120,#4482,.T.);
#4482 = LINE('',#4483,#4484);
#4483 = CARTESIAN_POINT('',(8.075,0.51,-38.));
#4484 = VECTOR('',#4485,1.);
#4485 = DIRECTION('',(-0.,-1.,-0.));
#4486 = PLANE('',#4487);
#4487 = AXIS2_PLACEMENT_3D('',#4488,#4489,#4490);
#4488 = CARTESIAN_POINT('',(8.075,0.51,-38.));
#4489 = DIRECTION('',(1.,0.,0.));
#4490 = DIRECTION('',(0.,0.,1.));
#4491 = ADVANCED_FACE('',(#4492),#4510,.F.);
#4492 = FACE_BOUND('',#4493,.F.);
#4493 = EDGE_LOOP('',(#4494,#4495,#4503,#4509));
#4494 = ORIENTED_EDGE('',*,*,#3232,.T.);
#4495 = ORIENTED_EDGE('',*,*,#4496,.F.);
#4496 = EDGE_CURVE('',#4497,#2136,#4499,.T.);
#4497 = VERTEX_POINT('',#4498);
#4498 = CARTESIAN_POINT('',(8.425,0.51,-39.7));
#4499 = LINE('',#4500,#4501);
#4500 = CARTESIAN_POINT('',(8.425,0.51,-39.7));
#4501 = VECTOR('',#4502,1.);
#4502 = DIRECTION('',(-0.,-1.,-0.));
#4503 = ORIENTED_EDGE('',*,*,#4504,.F.);
#4504 = EDGE_CURVE('',#4466,#4497,#4505,.T.);
#4505 = LINE('',#4506,#4507);
#4506 = CARTESIAN_POINT('',(8.075,0.51,-39.7));
#4507 = VECTOR('',#4508,1.);
#4508 = DIRECTION('',(1.,0.,0.));
#4509 = ORIENTED_EDGE('',*,*,#4465,.T.);
#4510 = PLANE('',#4511);
#4511 = AXIS2_PLACEMENT_3D('',#4512,#4513,#4514);
#4512 = CARTESIAN_POINT('',(8.075,0.51,-39.7));
#4513 = DIRECTION('',(0.,0.,1.));
#4514 = DIRECTION('',(-1.,0.,0.));
#4515 = ADVANCED_FACE('',(#4516),#4534,.F.);
#4516 = FACE_BOUND('',#4517,.F.);
#4517 = EDGE_LOOP('',(#4518,#4519,#4527,#4533));
#4518 = ORIENTED_EDGE('',*,*,#2135,.T.);
#4519 = ORIENTED_EDGE('',*,*,#4520,.F.);
#4520 = EDGE_CURVE('',#4521,#2128,#4523,.T.);
#4521 = VERTEX_POINT('',#4522);
#4522 = CARTESIAN_POINT('',(8.425,0.51,-38.));
#4523 = LINE('',#4524,#4525);
#4524 = CARTESIAN_POINT('',(8.425,0.51,-38.));
#4525 = VECTOR('',#4526,1.);
#4526 = DIRECTION('',(-0.,-1.,-0.));
#4527 = ORIENTED_EDGE('',*,*,#4528,.F.);
#4528 = EDGE_CURVE('',#4497,#4521,#4529,.T.);
#4529 = LINE('',#4530,#4531);
#4530 = CARTESIAN_POINT('',(8.425,0.51,-39.7));
#4531 = VECTOR('',#4532,1.);
#4532 = DIRECTION('',(0.,0.,1.));
#4533 = ORIENTED_EDGE('',*,*,#4496,.T.);
#4534 = PLANE('',#4535);
#4535 = AXIS2_PLACEMENT_3D('',#4536,#4537,#4538);
#4536 = CARTESIAN_POINT('',(8.425,0.51,-38.));
#4537 = DIRECTION('',(-1.,-0.,-0.));
#4538 = DIRECTION('',(0.,0.,-1.));
#4539 = ADVANCED_FACE('',(#4540),#4551,.F.);
#4540 = FACE_BOUND('',#4541,.F.);
#4541 = EDGE_LOOP('',(#4542,#4543,#4544,#4550));
#4542 = ORIENTED_EDGE('',*,*,#2127,.T.);
#4543 = ORIENTED_EDGE('',*,*,#4481,.F.);
#4544 = ORIENTED_EDGE('',*,*,#4545,.F.);
#4545 = EDGE_CURVE('',#4521,#4474,#4546,.T.);
#4546 = LINE('',#4547,#4548);
#4547 = CARTESIAN_POINT('',(8.425,0.51,-38.));
#4548 = VECTOR('',#4549,1.);
#4549 = DIRECTION('',(-1.,-0.,-0.));
#4550 = ORIENTED_EDGE('',*,*,#4520,.T.);
#4551 = PLANE('',#4552);
#4552 = AXIS2_PLACEMENT_3D('',#4553,#4554,#4555);
#4553 = CARTESIAN_POINT('',(8.075,0.51,-38.));
#4554 = DIRECTION('',(-0.,-0.,-1.));
#4555 = DIRECTION('',(1.,0.,0.));
#4556 = ADVANCED_FACE('',(#4557),#4563,.T.);
#4557 = FACE_BOUND('',#4558,.F.);
#4558 = EDGE_LOOP('',(#4559,#4560,#4561,#4562));
#4559 = ORIENTED_EDGE('',*,*,#4473,.T.);
#4560 = ORIENTED_EDGE('',*,*,#4504,.T.);
#4561 = ORIENTED_EDGE('',*,*,#4528,.T.);
#4562 = ORIENTED_EDGE('',*,*,#4545,.T.);
#4563 = PLANE('',#4564);
#4564 = AXIS2_PLACEMENT_3D('',#4565,#4566,#4567);
#4565 = CARTESIAN_POINT('',(0.,0.51,0.));
#4566 = DIRECTION('',(0.,1.,0.));
#4567 = DIRECTION('',(0.,0.,1.));
#4568 = ADVANCED_FACE('',(#4569),#4594,.F.);
#4569 = FACE_BOUND('',#4570,.F.);
#4570 = EDGE_LOOP('',(#4571,#4572,#4580,#4588));
#4571 = ORIENTED_EDGE('',*,*,#2087,.T.);
#4572 = ORIENTED_EDGE('',*,*,#4573,.F.);
#4573 = EDGE_CURVE('',#4574,#2080,#4576,.T.);
#4574 = VERTEX_POINT('',#4575);
#4575 = CARTESIAN_POINT('',(7.575,0.51,-39.7));
#4576 = LINE('',#4577,#4578);
#4577 = CARTESIAN_POINT('',(7.575,0.51,-39.7));
#4578 = VECTOR('',#4579,1.);
#4579 = DIRECTION('',(-0.,-1.,-0.));
#4580 = ORIENTED_EDGE('',*,*,#4581,.F.);
#4581 = EDGE_CURVE('',#4582,#4574,#4584,.T.);
#4582 = VERTEX_POINT('',#4583);
#4583 = CARTESIAN_POINT('',(7.575,0.51,-38.));
#4584 = LINE('',#4585,#4586);
#4585 = CARTESIAN_POINT('',(7.575,0.51,-38.));
#4586 = VECTOR('',#4587,1.);
#4587 = DIRECTION('',(-0.,-0.,-1.));
#4588 = ORIENTED_EDGE('',*,*,#4589,.T.);
#4589 = EDGE_CURVE('',#4582,#2088,#4590,.T.);
#4590 = LINE('',#4591,#4592);
#4591 = CARTESIAN_POINT('',(7.575,0.51,-38.));
#4592 = VECTOR('',#4593,1.);
#4593 = DIRECTION('',(-0.,-1.,-0.));
#4594 = PLANE('',#4595);
#4595 = AXIS2_PLACEMENT_3D('',#4596,#4597,#4598);
#4596 = CARTESIAN_POINT('',(7.575,0.51,-38.));
#4597 = DIRECTION('',(1.,0.,0.));
#4598 = DIRECTION('',(0.,0.,1.));
#4599 = ADVANCED_FACE('',(#4600),#4618,.F.);
#4600 = FACE_BOUND('',#4601,.F.);
#4601 = EDGE_LOOP('',(#4602,#4603,#4611,#4617));
#4602 = ORIENTED_EDGE('',*,*,#3239,.T.);
#4603 = ORIENTED_EDGE('',*,*,#4604,.F.);
#4604 = EDGE_CURVE('',#4605,#2104,#4607,.T.);
#4605 = VERTEX_POINT('',#4606);
#4606 = CARTESIAN_POINT('',(7.925,0.51,-39.7));
#4607 = LINE('',#4608,#4609);
#4608 = CARTESIAN_POINT('',(7.925,0.51,-39.7));
#4609 = VECTOR('',#4610,1.);
#4610 = DIRECTION('',(-0.,-1.,-0.));
#4611 = ORIENTED_EDGE('',*,*,#4612,.F.);
#4612 = EDGE_CURVE('',#4574,#4605,#4613,.T.);
#4613 = LINE('',#4614,#4615);
#4614 = CARTESIAN_POINT('',(7.575,0.51,-39.7));
#4615 = VECTOR('',#4616,1.);
#4616 = DIRECTION('',(1.,0.,0.));
#4617 = ORIENTED_EDGE('',*,*,#4573,.T.);
#4618 = PLANE('',#4619);
#4619 = AXIS2_PLACEMENT_3D('',#4620,#4621,#4622);
#4620 = CARTESIAN_POINT('',(7.575,0.51,-39.7));
#4621 = DIRECTION('',(0.,0.,1.));
#4622 = DIRECTION('',(-1.,0.,0.));
#4623 = ADVANCED_FACE('',(#4624),#4642,.F.);
#4624 = FACE_BOUND('',#4625,.F.);
#4625 = EDGE_LOOP('',(#4626,#4627,#4635,#4641));
#4626 = ORIENTED_EDGE('',*,*,#2103,.T.);
#4627 = ORIENTED_EDGE('',*,*,#4628,.F.);
#4628 = EDGE_CURVE('',#4629,#2096,#4631,.T.);
#4629 = VERTEX_POINT('',#4630);
#4630 = CARTESIAN_POINT('',(7.925,0.51,-38.));
#4631 = LINE('',#4632,#4633);
#4632 = CARTESIAN_POINT('',(7.925,0.51,-38.));
#4633 = VECTOR('',#4634,1.);
#4634 = DIRECTION('',(-0.,-1.,-0.));
#4635 = ORIENTED_EDGE('',*,*,#4636,.F.);
#4636 = EDGE_CURVE('',#4605,#4629,#4637,.T.);
#4637 = LINE('',#4638,#4639);
#4638 = CARTESIAN_POINT('',(7.925,0.51,-39.7));
#4639 = VECTOR('',#4640,1.);
#4640 = DIRECTION('',(0.,0.,1.));
#4641 = ORIENTED_EDGE('',*,*,#4604,.T.);
#4642 = PLANE('',#4643);
#4643 = AXIS2_PLACEMENT_3D('',#4644,#4645,#4646);
#4644 = CARTESIAN_POINT('',(7.925,0.51,-38.));
#4645 = DIRECTION('',(-1.,-0.,-0.));
#4646 = DIRECTION('',(0.,0.,-1.));
#4647 = ADVANCED_FACE('',(#4648),#4659,.F.);
#4648 = FACE_BOUND('',#4649,.F.);
#4649 = EDGE_LOOP('',(#4650,#4651,#4652,#4658));
#4650 = ORIENTED_EDGE('',*,*,#2095,.T.);
#4651 = ORIENTED_EDGE('',*,*,#4589,.F.);
#4652 = ORIENTED_EDGE('',*,*,#4653,.F.);
#4653 = EDGE_CURVE('',#4629,#4582,#4654,.T.);
#4654 = LINE('',#4655,#4656);
#4655 = CARTESIAN_POINT('',(7.925,0.51,-38.));
#4656 = VECTOR('',#4657,1.);
#4657 = DIRECTION('',(-1.,-0.,-0.));
#4658 = ORIENTED_EDGE('',*,*,#4628,.T.);
#4659 = PLANE('',#4660);
#4660 = AXIS2_PLACEMENT_3D('',#4661,#4662,#4663);
#4661 = CARTESIAN_POINT('',(7.575,0.51,-38.));
#4662 = DIRECTION('',(-0.,-0.,-1.));
#4663 = DIRECTION('',(1.,0.,0.));
#4664 = ADVANCED_FACE('',(#4665),#4671,.T.);
#4665 = FACE_BOUND('',#4666,.F.);
#4666 = EDGE_LOOP('',(#4667,#4668,#4669,#4670));
#4667 = ORIENTED_EDGE('',*,*,#4581,.T.);
#4668 = ORIENTED_EDGE('',*,*,#4612,.T.);
#4669 = ORIENTED_EDGE('',*,*,#4636,.T.);
#4670 = ORIENTED_EDGE('',*,*,#4653,.T.);
#4671 = PLANE('',#4672);
#4672 = AXIS2_PLACEMENT_3D('',#4673,#4674,#4675);
#4673 = CARTESIAN_POINT('',(0.,0.51,0.));
#4674 = DIRECTION('',(0.,1.,0.));
#4675 = DIRECTION('',(0.,0.,1.));
#4676 = ADVANCED_FACE('',(#4677),#4702,.F.);
#4677 = FACE_BOUND('',#4678,.F.);
#4678 = EDGE_LOOP('',(#4679,#4680,#4688,#4696));
#4679 = ORIENTED_EDGE('',*,*,#2055,.T.);
#4680 = ORIENTED_EDGE('',*,*,#4681,.F.);
#4681 = EDGE_CURVE('',#4682,#2048,#4684,.T.);
#4682 = VERTEX_POINT('',#4683);
#4683 = CARTESIAN_POINT('',(7.075,0.51,-39.7));
#4684 = LINE('',#4685,#4686);
#4685 = CARTESIAN_POINT('',(7.075,0.51,-39.7));
#4686 = VECTOR('',#4687,1.);
#4687 = DIRECTION('',(-0.,-1.,-0.));
#4688 = ORIENTED_EDGE('',*,*,#4689,.F.);
#4689 = EDGE_CURVE('',#4690,#4682,#4692,.T.);
#4690 = VERTEX_POINT('',#4691);
#4691 = CARTESIAN_POINT('',(7.075,0.51,-38.));
#4692 = LINE('',#4693,#4694);
#4693 = CARTESIAN_POINT('',(7.075,0.51,-38.));
#4694 = VECTOR('',#4695,1.);
#4695 = DIRECTION('',(-0.,-0.,-1.));
#4696 = ORIENTED_EDGE('',*,*,#4697,.T.);
#4697 = EDGE_CURVE('',#4690,#2056,#4698,.T.);
#4698 = LINE('',#4699,#4700);
#4699 = CARTESIAN_POINT('',(7.075,0.51,-38.));
#4700 = VECTOR('',#4701,1.);
#4701 = DIRECTION('',(-0.,-1.,-0.));
#4702 = PLANE('',#4703);
#4703 = AXIS2_PLACEMENT_3D('',#4704,#4705,#4706);
#4704 = CARTESIAN_POINT('',(7.075,0.51,-38.));
#4705 = DIRECTION('',(1.,0.,0.));
#4706 = DIRECTION('',(0.,0.,1.));
#4707 = ADVANCED_FACE('',(#4708),#4726,.F.);
#4708 = FACE_BOUND('',#4709,.F.);
#4709 = EDGE_LOOP('',(#4710,#4711,#4719,#4725));
#4710 = ORIENTED_EDGE('',*,*,#3246,.T.);
#4711 = ORIENTED_EDGE('',*,*,#4712,.F.);
#4712 = EDGE_CURVE('',#4713,#2072,#4715,.T.);
#4713 = VERTEX_POINT('',#4714);
#4714 = CARTESIAN_POINT('',(7.425,0.51,-39.7));
#4715 = LINE('',#4716,#4717);
#4716 = CARTESIAN_POINT('',(7.425,0.51,-39.7));
#4717 = VECTOR('',#4718,1.);
#4718 = DIRECTION('',(-0.,-1.,-0.));
#4719 = ORIENTED_EDGE('',*,*,#4720,.F.);
#4720 = EDGE_CURVE('',#4682,#4713,#4721,.T.);
#4721 = LINE('',#4722,#4723);
#4722 = CARTESIAN_POINT('',(7.075,0.51,-39.7));
#4723 = VECTOR('',#4724,1.);
#4724 = DIRECTION('',(1.,0.,0.));
#4725 = ORIENTED_EDGE('',*,*,#4681,.T.);
#4726 = PLANE('',#4727);
#4727 = AXIS2_PLACEMENT_3D('',#4728,#4729,#4730);
#4728 = CARTESIAN_POINT('',(7.075,0.51,-39.7));
#4729 = DIRECTION('',(0.,0.,1.));
#4730 = DIRECTION('',(-1.,0.,0.));
#4731 = ADVANCED_FACE('',(#4732),#4750,.F.);
#4732 = FACE_BOUND('',#4733,.F.);
#4733 = EDGE_LOOP('',(#4734,#4735,#4743,#4749));
#4734 = ORIENTED_EDGE('',*,*,#2071,.T.);
#4735 = ORIENTED_EDGE('',*,*,#4736,.F.);
#4736 = EDGE_CURVE('',#4737,#2064,#4739,.T.);
#4737 = VERTEX_POINT('',#4738);
#4738 = CARTESIAN_POINT('',(7.425,0.51,-38.));
#4739 = LINE('',#4740,#4741);
#4740 = CARTESIAN_POINT('',(7.425,0.51,-38.));
#4741 = VECTOR('',#4742,1.);
#4742 = DIRECTION('',(-0.,-1.,-0.));
#4743 = ORIENTED_EDGE('',*,*,#4744,.F.);
#4744 = EDGE_CURVE('',#4713,#4737,#4745,.T.);
#4745 = LINE('',#4746,#4747);
#4746 = CARTESIAN_POINT('',(7.425,0.51,-39.7));
#4747 = VECTOR('',#4748,1.);
#4748 = DIRECTION('',(0.,0.,1.));
#4749 = ORIENTED_EDGE('',*,*,#4712,.T.);
#4750 = PLANE('',#4751);
#4751 = AXIS2_PLACEMENT_3D('',#4752,#4753,#4754);
#4752 = CARTESIAN_POINT('',(7.425,0.51,-38.));
#4753 = DIRECTION('',(-1.,-0.,-0.));
#4754 = DIRECTION('',(0.,0.,-1.));
#4755 = ADVANCED_FACE('',(#4756),#4767,.F.);
#4756 = FACE_BOUND('',#4757,.F.);
#4757 = EDGE_LOOP('',(#4758,#4759,#4760,#4766));
#4758 = ORIENTED_EDGE('',*,*,#2063,.T.);
#4759 = ORIENTED_EDGE('',*,*,#4697,.F.);
#4760 = ORIENTED_EDGE('',*,*,#4761,.F.);
#4761 = EDGE_CURVE('',#4737,#4690,#4762,.T.);
#4762 = LINE('',#4763,#4764);
#4763 = CARTESIAN_POINT('',(7.425,0.51,-38.));
#4764 = VECTOR('',#4765,1.);
#4765 = DIRECTION('',(-1.,-0.,-0.));
#4766 = ORIENTED_EDGE('',*,*,#4736,.T.);
#4767 = PLANE('',#4768);
#4768 = AXIS2_PLACEMENT_3D('',#4769,#4770,#4771);
#4769 = CARTESIAN_POINT('',(7.075,0.51,-38.));
#4770 = DIRECTION('',(-0.,-0.,-1.));
#4771 = DIRECTION('',(1.,0.,0.));
#4772 = ADVANCED_FACE('',(#4773),#4779,.T.);
#4773 = FACE_BOUND('',#4774,.F.);
#4774 = EDGE_LOOP('',(#4775,#4776,#4777,#4778));
#4775 = ORIENTED_EDGE('',*,*,#4689,.T.);
#4776 = ORIENTED_EDGE('',*,*,#4720,.T.);
#4777 = ORIENTED_EDGE('',*,*,#4744,.T.);
#4778 = ORIENTED_EDGE('',*,*,#4761,.T.);
#4779 = PLANE('',#4780);
#4780 = AXIS2_PLACEMENT_3D('',#4781,#4782,#4783);
#4781 = CARTESIAN_POINT('',(0.,0.51,0.));
#4782 = DIRECTION('',(0.,1.,0.));
#4783 = DIRECTION('',(0.,0.,1.));
#4784 = ADVANCED_FACE('',(#4785),#4810,.F.);
#4785 = FACE_BOUND('',#4786,.F.);
#4786 = EDGE_LOOP('',(#4787,#4788,#4796,#4804));
#4787 = ORIENTED_EDGE('',*,*,#2023,.T.);
#4788 = ORIENTED_EDGE('',*,*,#4789,.F.);
#4789 = EDGE_CURVE('',#4790,#2016,#4792,.T.);
#4790 = VERTEX_POINT('',#4791);
#4791 = CARTESIAN_POINT('',(6.575,0.51,-39.7));
#4792 = LINE('',#4793,#4794);
#4793 = CARTESIAN_POINT('',(6.575,0.51,-39.7));
#4794 = VECTOR('',#4795,1.);
#4795 = DIRECTION('',(-0.,-1.,-0.));
#4796 = ORIENTED_EDGE('',*,*,#4797,.F.);
#4797 = EDGE_CURVE('',#4798,#4790,#4800,.T.);
#4798 = VERTEX_POINT('',#4799);
#4799 = CARTESIAN_POINT('',(6.575,0.51,-38.));
#4800 = LINE('',#4801,#4802);
#4801 = CARTESIAN_POINT('',(6.575,0.51,-38.));
#4802 = VECTOR('',#4803,1.);
#4803 = DIRECTION('',(-0.,-0.,-1.));
#4804 = ORIENTED_EDGE('',*,*,#4805,.T.);
#4805 = EDGE_CURVE('',#4798,#2024,#4806,.T.);
#4806 = LINE('',#4807,#4808);
#4807 = CARTESIAN_POINT('',(6.575,0.51,-38.));
#4808 = VECTOR('',#4809,1.);
#4809 = DIRECTION('',(-0.,-1.,-0.));
#4810 = PLANE('',#4811);
#4811 = AXIS2_PLACEMENT_3D('',#4812,#4813,#4814);
#4812 = CARTESIAN_POINT('',(6.575,0.51,-38.));
#4813 = DIRECTION('',(1.,0.,0.));
#4814 = DIRECTION('',(0.,0.,1.));
#4815 = ADVANCED_FACE('',(#4816),#4834,.F.);
#4816 = FACE_BOUND('',#4817,.F.);
#4817 = EDGE_LOOP('',(#4818,#4819,#4827,#4833));
#4818 = ORIENTED_EDGE('',*,*,#3253,.T.);
#4819 = ORIENTED_EDGE('',*,*,#4820,.F.);
#4820 = EDGE_CURVE('',#4821,#2040,#4823,.T.);
#4821 = VERTEX_POINT('',#4822);
#4822 = CARTESIAN_POINT('',(6.925,0.51,-39.7));
#4823 = LINE('',#4824,#4825);
#4824 = CARTESIAN_POINT('',(6.925,0.51,-39.7));
#4825 = VECTOR('',#4826,1.);
#4826 = DIRECTION('',(-0.,-1.,-0.));
#4827 = ORIENTED_EDGE('',*,*,#4828,.F.);
#4828 = EDGE_CURVE('',#4790,#4821,#4829,.T.);
#4829 = LINE('',#4830,#4831);
#4830 = CARTESIAN_POINT('',(6.575,0.51,-39.7));
#4831 = VECTOR('',#4832,1.);
#4832 = DIRECTION('',(1.,0.,0.));
#4833 = ORIENTED_EDGE('',*,*,#4789,.T.);
#4834 = PLANE('',#4835);
#4835 = AXIS2_PLACEMENT_3D('',#4836,#4837,#4838);
#4836 = CARTESIAN_POINT('',(6.575,0.51,-39.7));
#4837 = DIRECTION('',(0.,0.,1.));
#4838 = DIRECTION('',(-1.,0.,0.));
#4839 = ADVANCED_FACE('',(#4840),#4858,.F.);
#4840 = FACE_BOUND('',#4841,.F.);
#4841 = EDGE_LOOP('',(#4842,#4843,#4851,#4857));
#4842 = ORIENTED_EDGE('',*,*,#2039,.T.);
#4843 = ORIENTED_EDGE('',*,*,#4844,.F.);
#4844 = EDGE_CURVE('',#4845,#2032,#4847,.T.);
#4845 = VERTEX_POINT('',#4846);
#4846 = CARTESIAN_POINT('',(6.925,0.51,-38.));
#4847 = LINE('',#4848,#4849);
#4848 = CARTESIAN_POINT('',(6.925,0.51,-38.));
#4849 = VECTOR('',#4850,1.);
#4850 = DIRECTION('',(-0.,-1.,-0.));
#4851 = ORIENTED_EDGE('',*,*,#4852,.F.);
#4852 = EDGE_CURVE('',#4821,#4845,#4853,.T.);
#4853 = LINE('',#4854,#4855);
#4854 = CARTESIAN_POINT('',(6.925,0.51,-39.7));
#4855 = VECTOR('',#4856,1.);
#4856 = DIRECTION('',(0.,0.,1.));
#4857 = ORIENTED_EDGE('',*,*,#4820,.T.);
#4858 = PLANE('',#4859);
#4859 = AXIS2_PLACEMENT_3D('',#4860,#4861,#4862);
#4860 = CARTESIAN_POINT('',(6.925,0.51,-38.));
#4861 = DIRECTION('',(-1.,-0.,-0.));
#4862 = DIRECTION('',(0.,0.,-1.));
#4863 = ADVANCED_FACE('',(#4864),#4875,.F.);
#4864 = FACE_BOUND('',#4865,.F.);
#4865 = EDGE_LOOP('',(#4866,#4867,#4868,#4874));
#4866 = ORIENTED_EDGE('',*,*,#2031,.T.);
#4867 = ORIENTED_EDGE('',*,*,#4805,.F.);
#4868 = ORIENTED_EDGE('',*,*,#4869,.F.);
#4869 = EDGE_CURVE('',#4845,#4798,#4870,.T.);
#4870 = LINE('',#4871,#4872);
#4871 = CARTESIAN_POINT('',(6.925,0.51,-38.));
#4872 = VECTOR('',#4873,1.);
#4873 = DIRECTION('',(-1.,-0.,-0.));
#4874 = ORIENTED_EDGE('',*,*,#4844,.T.);
#4875 = PLANE('',#4876);
#4876 = AXIS2_PLACEMENT_3D('',#4877,#4878,#4879);
#4877 = CARTESIAN_POINT('',(6.575,0.51,-38.));
#4878 = DIRECTION('',(-0.,-0.,-1.));
#4879 = DIRECTION('',(1.,0.,0.));
#4880 = ADVANCED_FACE('',(#4881),#4887,.T.);
#4881 = FACE_BOUND('',#4882,.F.);
#4882 = EDGE_LOOP('',(#4883,#4884,#4885,#4886));
#4883 = ORIENTED_EDGE('',*,*,#4797,.T.);
#4884 = ORIENTED_EDGE('',*,*,#4828,.T.);
#4885 = ORIENTED_EDGE('',*,*,#4852,.T.);
#4886 = ORIENTED_EDGE('',*,*,#4869,.T.);
#4887 = PLANE('',#4888);
#4888 = AXIS2_PLACEMENT_3D('',#4889,#4890,#4891);
#4889 = CARTESIAN_POINT('',(0.,0.51,0.));
#4890 = DIRECTION('',(0.,1.,0.));
#4891 = DIRECTION('',(0.,0.,1.));
#4892 = ADVANCED_FACE('',(#4893),#4918,.F.);
#4893 = FACE_BOUND('',#4894,.F.);
#4894 = EDGE_LOOP('',(#4895,#4896,#4904,#4912));
#4895 = ORIENTED_EDGE('',*,*,#1991,.T.);
#4896 = ORIENTED_EDGE('',*,*,#4897,.F.);
#4897 = EDGE_CURVE('',#4898,#1984,#4900,.T.);
#4898 = VERTEX_POINT('',#4899);
#4899 = CARTESIAN_POINT('',(6.075,0.51,-39.7));
#4900 = LINE('',#4901,#4902);
#4901 = CARTESIAN_POINT('',(6.075,0.51,-39.7));
#4902 = VECTOR('',#4903,1.);
#4903 = DIRECTION('',(-0.,-1.,-0.));
#4904 = ORIENTED_EDGE('',*,*,#4905,.F.);
#4905 = EDGE_CURVE('',#4906,#4898,#4908,.T.);
#4906 = VERTEX_POINT('',#4907);
#4907 = CARTESIAN_POINT('',(6.075,0.51,-38.));
#4908 = LINE('',#4909,#4910);
#4909 = CARTESIAN_POINT('',(6.075,0.51,-38.));
#4910 = VECTOR('',#4911,1.);
#4911 = DIRECTION('',(-0.,-0.,-1.));
#4912 = ORIENTED_EDGE('',*,*,#4913,.T.);
#4913 = EDGE_CURVE('',#4906,#1992,#4914,.T.);
#4914 = LINE('',#4915,#4916);
#4915 = CARTESIAN_POINT('',(6.075,0.51,-38.));
#4916 = VECTOR('',#4917,1.);
#4917 = DIRECTION('',(-0.,-1.,-0.));
#4918 = PLANE('',#4919);
#4919 = AXIS2_PLACEMENT_3D('',#4920,#4921,#4922);
#4920 = CARTESIAN_POINT('',(6.075,0.51,-38.));
#4921 = DIRECTION('',(1.,0.,0.));
#4922 = DIRECTION('',(0.,0.,1.));
#4923 = ADVANCED_FACE('',(#4924),#4942,.F.);
#4924 = FACE_BOUND('',#4925,.F.);
#4925 = EDGE_LOOP('',(#4926,#4927,#4935,#4941));
#4926 = ORIENTED_EDGE('',*,*,#3260,.T.);
#4927 = ORIENTED_EDGE('',*,*,#4928,.F.);
#4928 = EDGE_CURVE('',#4929,#2008,#4931,.T.);
#4929 = VERTEX_POINT('',#4930);
#4930 = CARTESIAN_POINT('',(6.425,0.51,-39.7));
#4931 = LINE('',#4932,#4933);
#4932 = CARTESIAN_POINT('',(6.425,0.51,-39.7));
#4933 = VECTOR('',#4934,1.);
#4934 = DIRECTION('',(-0.,-1.,-0.));
#4935 = ORIENTED_EDGE('',*,*,#4936,.F.);
#4936 = EDGE_CURVE('',#4898,#4929,#4937,.T.);
#4937 = LINE('',#4938,#4939);
#4938 = CARTESIAN_POINT('',(6.075,0.51,-39.7));
#4939 = VECTOR('',#4940,1.);
#4940 = DIRECTION('',(1.,0.,0.));
#4941 = ORIENTED_EDGE('',*,*,#4897,.T.);
#4942 = PLANE('',#4943);
#4943 = AXIS2_PLACEMENT_3D('',#4944,#4945,#4946);
#4944 = CARTESIAN_POINT('',(6.075,0.51,-39.7));
#4945 = DIRECTION('',(0.,0.,1.));
#4946 = DIRECTION('',(-1.,0.,0.));
#4947 = ADVANCED_FACE('',(#4948),#4966,.F.);
#4948 = FACE_BOUND('',#4949,.F.);
#4949 = EDGE_LOOP('',(#4950,#4951,#4959,#4965));
#4950 = ORIENTED_EDGE('',*,*,#2007,.T.);
#4951 = ORIENTED_EDGE('',*,*,#4952,.F.);
#4952 = EDGE_CURVE('',#4953,#2000,#4955,.T.);
#4953 = VERTEX_POINT('',#4954);
#4954 = CARTESIAN_POINT('',(6.425,0.51,-38.));
#4955 = LINE('',#4956,#4957);
#4956 = CARTESIAN_POINT('',(6.425,0.51,-38.));
#4957 = VECTOR('',#4958,1.);
#4958 = DIRECTION('',(-0.,-1.,-0.));
#4959 = ORIENTED_EDGE('',*,*,#4960,.F.);
#4960 = EDGE_CURVE('',#4929,#4953,#4961,.T.);
#4961 = LINE('',#4962,#4963);
#4962 = CARTESIAN_POINT('',(6.425,0.51,-39.7));
#4963 = VECTOR('',#4964,1.);
#4964 = DIRECTION('',(0.,0.,1.));
#4965 = ORIENTED_EDGE('',*,*,#4928,.T.);
#4966 = PLANE('',#4967);
#4967 = AXIS2_PLACEMENT_3D('',#4968,#4969,#4970);
#4968 = CARTESIAN_POINT('',(6.425,0.51,-38.));
#4969 = DIRECTION('',(-1.,-0.,-0.));
#4970 = DIRECTION('',(0.,0.,-1.));
#4971 = ADVANCED_FACE('',(#4972),#4983,.F.);
#4972 = FACE_BOUND('',#4973,.F.);
#4973 = EDGE_LOOP('',(#4974,#4975,#4976,#4982));
#4974 = ORIENTED_EDGE('',*,*,#1999,.T.);
#4975 = ORIENTED_EDGE('',*,*,#4913,.F.);
#4976 = ORIENTED_EDGE('',*,*,#4977,.F.);
#4977 = EDGE_CURVE('',#4953,#4906,#4978,.T.);
#4978 = LINE('',#4979,#4980);
#4979 = CARTESIAN_POINT('',(6.425,0.51,-38.));
#4980 = VECTOR('',#4981,1.);
#4981 = DIRECTION('',(-1.,-0.,-0.));
#4982 = ORIENTED_EDGE('',*,*,#4952,.T.);
#4983 = PLANE('',#4984);
#4984 = AXIS2_PLACEMENT_3D('',#4985,#4986,#4987);
#4985 = CARTESIAN_POINT('',(6.075,0.51,-38.));
#4986 = DIRECTION('',(-0.,-0.,-1.));
#4987 = DIRECTION('',(1.,0.,0.));
#4988 = ADVANCED_FACE('',(#4989),#4995,.T.);
#4989 = FACE_BOUND('',#4990,.F.);
#4990 = EDGE_LOOP('',(#4991,#4992,#4993,#4994));
#4991 = ORIENTED_EDGE('',*,*,#4905,.T.);
#4992 = ORIENTED_EDGE('',*,*,#4936,.T.);
#4993 = ORIENTED_EDGE('',*,*,#4960,.T.);
#4994 = ORIENTED_EDGE('',*,*,#4977,.T.);
#4995 = PLANE('',#4996);
#4996 = AXIS2_PLACEMENT_3D('',#4997,#4998,#4999);
#4997 = CARTESIAN_POINT('',(0.,0.51,0.));
#4998 = DIRECTION('',(0.,1.,0.));
#4999 = DIRECTION('',(0.,0.,1.));
#5000 = ADVANCED_FACE('',(#5001),#5026,.F.);
#5001 = FACE_BOUND('',#5002,.F.);
#5002 = EDGE_LOOP('',(#5003,#5004,#5012,#5020));
#5003 = ORIENTED_EDGE('',*,*,#1959,.T.);
#5004 = ORIENTED_EDGE('',*,*,#5005,.F.);
#5005 = EDGE_CURVE('',#5006,#1952,#5008,.T.);
#5006 = VERTEX_POINT('',#5007);
#5007 = CARTESIAN_POINT('',(5.575,0.51,-39.7));
#5008 = LINE('',#5009,#5010);
#5009 = CARTESIAN_POINT('',(5.575,0.51,-39.7));
#5010 = VECTOR('',#5011,1.);
#5011 = DIRECTION('',(-0.,-1.,-0.));
#5012 = ORIENTED_EDGE('',*,*,#5013,.F.);
#5013 = EDGE_CURVE('',#5014,#5006,#5016,.T.);
#5014 = VERTEX_POINT('',#5015);
#5015 = CARTESIAN_POINT('',(5.575,0.51,-38.));
#5016 = LINE('',#5017,#5018);
#5017 = CARTESIAN_POINT('',(5.575,0.51,-38.));
#5018 = VECTOR('',#5019,1.);
#5019 = DIRECTION('',(-0.,-0.,-1.));
#5020 = ORIENTED_EDGE('',*,*,#5021,.T.);
#5021 = EDGE_CURVE('',#5014,#1960,#5022,.T.);
#5022 = LINE('',#5023,#5024);
#5023 = CARTESIAN_POINT('',(5.575,0.51,-38.));
#5024 = VECTOR('',#5025,1.);
#5025 = DIRECTION('',(-0.,-1.,-0.));
#5026 = PLANE('',#5027);
#5027 = AXIS2_PLACEMENT_3D('',#5028,#5029,#5030);
#5028 = CARTESIAN_POINT('',(5.575,0.51,-38.));
#5029 = DIRECTION('',(1.,0.,0.));
#5030 = DIRECTION('',(0.,0.,1.));
#5031 = ADVANCED_FACE('',(#5032),#5050,.F.);
#5032 = FACE_BOUND('',#5033,.F.);
#5033 = EDGE_LOOP('',(#5034,#5035,#5043,#5049));
#5034 = ORIENTED_EDGE('',*,*,#3267,.T.);
#5035 = ORIENTED_EDGE('',*,*,#5036,.F.);
#5036 = EDGE_CURVE('',#5037,#1976,#5039,.T.);
#5037 = VERTEX_POINT('',#5038);
#5038 = CARTESIAN_POINT('',(5.925,0.51,-39.7));
#5039 = LINE('',#5040,#5041);
#5040 = CARTESIAN_POINT('',(5.925,0.51,-39.7));
#5041 = VECTOR('',#5042,1.);
#5042 = DIRECTION('',(-0.,-1.,-0.));
#5043 = ORIENTED_EDGE('',*,*,#5044,.F.);
#5044 = EDGE_CURVE('',#5006,#5037,#5045,.T.);
#5045 = LINE('',#5046,#5047);
#5046 = CARTESIAN_POINT('',(5.575,0.51,-39.7));
#5047 = VECTOR('',#5048,1.);
#5048 = DIRECTION('',(1.,0.,0.));
#5049 = ORIENTED_EDGE('',*,*,#5005,.T.);
#5050 = PLANE('',#5051);
#5051 = AXIS2_PLACEMENT_3D('',#5052,#5053,#5054);
#5052 = CARTESIAN_POINT('',(5.575,0.51,-39.7));
#5053 = DIRECTION('',(0.,0.,1.));
#5054 = DIRECTION('',(-1.,0.,0.));
#5055 = ADVANCED_FACE('',(#5056),#5074,.F.);
#5056 = FACE_BOUND('',#5057,.F.);
#5057 = EDGE_LOOP('',(#5058,#5059,#5067,#5073));
#5058 = ORIENTED_EDGE('',*,*,#1975,.T.);
#5059 = ORIENTED_EDGE('',*,*,#5060,.F.);
#5060 = EDGE_CURVE('',#5061,#1968,#5063,.T.);
#5061 = VERTEX_POINT('',#5062);
#5062 = CARTESIAN_POINT('',(5.925,0.51,-38.));
#5063 = LINE('',#5064,#5065);
#5064 = CARTESIAN_POINT('',(5.925,0.51,-38.));
#5065 = VECTOR('',#5066,1.);
#5066 = DIRECTION('',(-0.,-1.,-0.));
#5067 = ORIENTED_EDGE('',*,*,#5068,.F.);
#5068 = EDGE_CURVE('',#5037,#5061,#5069,.T.);
#5069 = LINE('',#5070,#5071);
#5070 = CARTESIAN_POINT('',(5.925,0.51,-39.7));
#5071 = VECTOR('',#5072,1.);
#5072 = DIRECTION('',(0.,0.,1.));
#5073 = ORIENTED_EDGE('',*,*,#5036,.T.);
#5074 = PLANE('',#5075);
#5075 = AXIS2_PLACEMENT_3D('',#5076,#5077,#5078);
#5076 = CARTESIAN_POINT('',(5.925,0.51,-38.));
#5077 = DIRECTION('',(-1.,-0.,-0.));
#5078 = DIRECTION('',(0.,0.,-1.));
#5079 = ADVANCED_FACE('',(#5080),#5091,.F.);
#5080 = FACE_BOUND('',#5081,.F.);
#5081 = EDGE_LOOP('',(#5082,#5083,#5084,#5090));
#5082 = ORIENTED_EDGE('',*,*,#1967,.T.);
#5083 = ORIENTED_EDGE('',*,*,#5021,.F.);
#5084 = ORIENTED_EDGE('',*,*,#5085,.F.);
#5085 = EDGE_CURVE('',#5061,#5014,#5086,.T.);
#5086 = LINE('',#5087,#5088);
#5087 = CARTESIAN_POINT('',(5.925,0.51,-38.));
#5088 = VECTOR('',#5089,1.);
#5089 = DIRECTION('',(-1.,-0.,-0.));
#5090 = ORIENTED_EDGE('',*,*,#5060,.T.);
#5091 = PLANE('',#5092);
#5092 = AXIS2_PLACEMENT_3D('',#5093,#5094,#5095);
#5093 = CARTESIAN_POINT('',(5.575,0.51,-38.));
#5094 = DIRECTION('',(-0.,-0.,-1.));
#5095 = DIRECTION('',(1.,0.,0.));
#5096 = ADVANCED_FACE('',(#5097),#5103,.T.);
#5097 = FACE_BOUND('',#5098,.F.);
#5098 = EDGE_LOOP('',(#5099,#5100,#5101,#5102));
#5099 = ORIENTED_EDGE('',*,*,#5013,.T.);
#5100 = ORIENTED_EDGE('',*,*,#5044,.T.);
#5101 = ORIENTED_EDGE('',*,*,#5068,.T.);
#5102 = ORIENTED_EDGE('',*,*,#5085,.T.);
#5103 = PLANE('',#5104);
#5104 = AXIS2_PLACEMENT_3D('',#5105,#5106,#5107);
#5105 = CARTESIAN_POINT('',(0.,0.51,0.));
#5106 = DIRECTION('',(0.,1.,0.));
#5107 = DIRECTION('',(0.,0.,1.));
#5108 = ADVANCED_FACE('',(#5109),#5134,.F.);
#5109 = FACE_BOUND('',#5110,.F.);
#5110 = EDGE_LOOP('',(#5111,#5112,#5120,#5128));
#5111 = ORIENTED_EDGE('',*,*,#1927,.T.);
#5112 = ORIENTED_EDGE('',*,*,#5113,.F.);
#5113 = EDGE_CURVE('',#5114,#1920,#5116,.T.);
#5114 = VERTEX_POINT('',#5115);
#5115 = CARTESIAN_POINT('',(5.075,0.51,-39.7));
#5116 = LINE('',#5117,#5118);
#5117 = CARTESIAN_POINT('',(5.075,0.51,-39.7));
#5118 = VECTOR('',#5119,1.);
#5119 = DIRECTION('',(-0.,-1.,-0.));
#5120 = ORIENTED_EDGE('',*,*,#5121,.F.);
#5121 = EDGE_CURVE('',#5122,#5114,#5124,.T.);
#5122 = VERTEX_POINT('',#5123);
#5123 = CARTESIAN_POINT('',(5.075,0.51,-38.));
#5124 = LINE('',#5125,#5126);
#5125 = CARTESIAN_POINT('',(5.075,0.51,-38.));
#5126 = VECTOR('',#5127,1.);
#5127 = DIRECTION('',(-0.,-0.,-1.));
#5128 = ORIENTED_EDGE('',*,*,#5129,.T.);
#5129 = EDGE_CURVE('',#5122,#1928,#5130,.T.);
#5130 = LINE('',#5131,#5132);
#5131 = CARTESIAN_POINT('',(5.075,0.51,-38.));
#5132 = VECTOR('',#5133,1.);
#5133 = DIRECTION('',(-0.,-1.,-0.));
#5134 = PLANE('',#5135);
#5135 = AXIS2_PLACEMENT_3D('',#5136,#5137,#5138);
#5136 = CARTESIAN_POINT('',(5.075,0.51,-38.));
#5137 = DIRECTION('',(1.,0.,0.));
#5138 = DIRECTION('',(0.,0.,1.));
#5139 = ADVANCED_FACE('',(#5140),#5158,.F.);
#5140 = FACE_BOUND('',#5141,.F.);
#5141 = EDGE_LOOP('',(#5142,#5143,#5151,#5157));
#5142 = ORIENTED_EDGE('',*,*,#3274,.T.);
#5143 = ORIENTED_EDGE('',*,*,#5144,.F.);
#5144 = EDGE_CURVE('',#5145,#1944,#5147,.T.);
#5145 = VERTEX_POINT('',#5146);
#5146 = CARTESIAN_POINT('',(5.425,0.51,-39.7));
#5147 = LINE('',#5148,#5149);
#5148 = CARTESIAN_POINT('',(5.425,0.51,-39.7));
#5149 = VECTOR('',#5150,1.);
#5150 = DIRECTION('',(-0.,-1.,-0.));
#5151 = ORIENTED_EDGE('',*,*,#5152,.F.);
#5152 = EDGE_CURVE('',#5114,#5145,#5153,.T.);
#5153 = LINE('',#5154,#5155);
#5154 = CARTESIAN_POINT('',(5.075,0.51,-39.7));
#5155 = VECTOR('',#5156,1.);
#5156 = DIRECTION('',(1.,0.,0.));
#5157 = ORIENTED_EDGE('',*,*,#5113,.T.);
#5158 = PLANE('',#5159);
#5159 = AXIS2_PLACEMENT_3D('',#5160,#5161,#5162);
#5160 = CARTESIAN_POINT('',(5.075,0.51,-39.7));
#5161 = DIRECTION('',(0.,0.,1.));
#5162 = DIRECTION('',(-1.,0.,0.));
#5163 = ADVANCED_FACE('',(#5164),#5182,.F.);
#5164 = FACE_BOUND('',#5165,.F.);
#5165 = EDGE_LOOP('',(#5166,#5167,#5175,#5181));
#5166 = ORIENTED_EDGE('',*,*,#1943,.T.);
#5167 = ORIENTED_EDGE('',*,*,#5168,.F.);
#5168 = EDGE_CURVE('',#5169,#1936,#5171,.T.);
#5169 = VERTEX_POINT('',#5170);
#5170 = CARTESIAN_POINT('',(5.425,0.51,-38.));
#5171 = LINE('',#5172,#5173);
#5172 = CARTESIAN_POINT('',(5.425,0.51,-38.));
#5173 = VECTOR('',#5174,1.);
#5174 = DIRECTION('',(-0.,-1.,-0.));
#5175 = ORIENTED_EDGE('',*,*,#5176,.F.);
#5176 = EDGE_CURVE('',#5145,#5169,#5177,.T.);
#5177 = LINE('',#5178,#5179);
#5178 = CARTESIAN_POINT('',(5.425,0.51,-39.7));
#5179 = VECTOR('',#5180,1.);
#5180 = DIRECTION('',(0.,0.,1.));
#5181 = ORIENTED_EDGE('',*,*,#5144,.T.);
#5182 = PLANE('',#5183);
#5183 = AXIS2_PLACEMENT_3D('',#5184,#5185,#5186);
#5184 = CARTESIAN_POINT('',(5.425,0.51,-38.));
#5185 = DIRECTION('',(-1.,-0.,-0.));
#5186 = DIRECTION('',(0.,0.,-1.));
#5187 = ADVANCED_FACE('',(#5188),#5199,.F.);
#5188 = FACE_BOUND('',#5189,.F.);
#5189 = EDGE_LOOP('',(#5190,#5191,#5192,#5198));
#5190 = ORIENTED_EDGE('',*,*,#1935,.T.);
#5191 = ORIENTED_EDGE('',*,*,#5129,.F.);
#5192 = ORIENTED_EDGE('',*,*,#5193,.F.);
#5193 = EDGE_CURVE('',#5169,#5122,#5194,.T.);
#5194 = LINE('',#5195,#5196);
#5195 = CARTESIAN_POINT('',(5.425,0.51,-38.));
#5196 = VECTOR('',#5197,1.);
#5197 = DIRECTION('',(-1.,-0.,-0.));
#5198 = ORIENTED_EDGE('',*,*,#5168,.T.);
#5199 = PLANE('',#5200);
#5200 = AXIS2_PLACEMENT_3D('',#5201,#5202,#5203);
#5201 = CARTESIAN_POINT('',(5.075,0.51,-38.));
#5202 = DIRECTION('',(-0.,-0.,-1.));
#5203 = DIRECTION('',(1.,0.,0.));
#5204 = ADVANCED_FACE('',(#5205),#5211,.T.);
#5205 = FACE_BOUND('',#5206,.F.);
#5206 = EDGE_LOOP('',(#5207,#5208,#5209,#5210));
#5207 = ORIENTED_EDGE('',*,*,#5121,.T.);
#5208 = ORIENTED_EDGE('',*,*,#5152,.T.);
#5209 = ORIENTED_EDGE('',*,*,#5176,.T.);
#5210 = ORIENTED_EDGE('',*,*,#5193,.T.);
#5211 = PLANE('',#5212);
#5212 = AXIS2_PLACEMENT_3D('',#5213,#5214,#5215);
#5213 = CARTESIAN_POINT('',(0.,0.51,0.));
#5214 = DIRECTION('',(0.,1.,0.));
#5215 = DIRECTION('',(0.,0.,1.));
#5216 = ADVANCED_FACE('',(#5217),#5242,.F.);
#5217 = FACE_BOUND('',#5218,.F.);
#5218 = EDGE_LOOP('',(#5219,#5220,#5228,#5236));
#5219 = ORIENTED_EDGE('',*,*,#1895,.T.);
#5220 = ORIENTED_EDGE('',*,*,#5221,.F.);
#5221 = EDGE_CURVE('',#5222,#1888,#5224,.T.);
#5222 = VERTEX_POINT('',#5223);
#5223 = CARTESIAN_POINT('',(4.575,0.51,-39.7));
#5224 = LINE('',#5225,#5226);
#5225 = CARTESIAN_POINT('',(4.575,0.51,-39.7));
#5226 = VECTOR('',#5227,1.);
#5227 = DIRECTION('',(-0.,-1.,-0.));
#5228 = ORIENTED_EDGE('',*,*,#5229,.F.);
#5229 = EDGE_CURVE('',#5230,#5222,#5232,.T.);
#5230 = VERTEX_POINT('',#5231);
#5231 = CARTESIAN_POINT('',(4.575,0.51,-38.));
#5232 = LINE('',#5233,#5234);
#5233 = CARTESIAN_POINT('',(4.575,0.51,-38.));
#5234 = VECTOR('',#5235,1.);
#5235 = DIRECTION('',(-0.,-0.,-1.));
#5236 = ORIENTED_EDGE('',*,*,#5237,.T.);
#5237 = EDGE_CURVE('',#5230,#1896,#5238,.T.);
#5238 = LINE('',#5239,#5240);
#5239 = CARTESIAN_POINT('',(4.575,0.51,-38.));
#5240 = VECTOR('',#5241,1.);
#5241 = DIRECTION('',(-0.,-1.,-0.));
#5242 = PLANE('',#5243);
#5243 = AXIS2_PLACEMENT_3D('',#5244,#5245,#5246);
#5244 = CARTESIAN_POINT('',(4.575,0.51,-38.));
#5245 = DIRECTION('',(1.,0.,0.));
#5246 = DIRECTION('',(0.,0.,1.));
#5247 = ADVANCED_FACE('',(#5248),#5266,.F.);
#5248 = FACE_BOUND('',#5249,.F.);
#5249 = EDGE_LOOP('',(#5250,#5251,#5259,#5265));
#5250 = ORIENTED_EDGE('',*,*,#3281,.T.);
#5251 = ORIENTED_EDGE('',*,*,#5252,.F.);
#5252 = EDGE_CURVE('',#5253,#1912,#5255,.T.);
#5253 = VERTEX_POINT('',#5254);
#5254 = CARTESIAN_POINT('',(4.925,0.51,-39.7));
#5255 = LINE('',#5256,#5257);
#5256 = CARTESIAN_POINT('',(4.925,0.51,-39.7));
#5257 = VECTOR('',#5258,1.);
#5258 = DIRECTION('',(-0.,-1.,-0.));
#5259 = ORIENTED_EDGE('',*,*,#5260,.F.);
#5260 = EDGE_CURVE('',#5222,#5253,#5261,.T.);
#5261 = LINE('',#5262,#5263);
#5262 = CARTESIAN_POINT('',(4.575,0.51,-39.7));
#5263 = VECTOR('',#5264,1.);
#5264 = DIRECTION('',(1.,0.,0.));
#5265 = ORIENTED_EDGE('',*,*,#5221,.T.);
#5266 = PLANE('',#5267);
#5267 = AXIS2_PLACEMENT_3D('',#5268,#5269,#5270);
#5268 = CARTESIAN_POINT('',(4.575,0.51,-39.7));
#5269 = DIRECTION('',(0.,0.,1.));
#5270 = DIRECTION('',(-1.,0.,0.));
#5271 = ADVANCED_FACE('',(#5272),#5290,.F.);
#5272 = FACE_BOUND('',#5273,.F.);
#5273 = EDGE_LOOP('',(#5274,#5275,#5283,#5289));
#5274 = ORIENTED_EDGE('',*,*,#1911,.T.);
#5275 = ORIENTED_EDGE('',*,*,#5276,.F.);
#5276 = EDGE_CURVE('',#5277,#1904,#5279,.T.);
#5277 = VERTEX_POINT('',#5278);
#5278 = CARTESIAN_POINT('',(4.925,0.51,-38.));
#5279 = LINE('',#5280,#5281);
#5280 = CARTESIAN_POINT('',(4.925,0.51,-38.));
#5281 = VECTOR('',#5282,1.);
#5282 = DIRECTION('',(-0.,-1.,-0.));
#5283 = ORIENTED_EDGE('',*,*,#5284,.F.);
#5284 = EDGE_CURVE('',#5253,#5277,#5285,.T.);
#5285 = LINE('',#5286,#5287);
#5286 = CARTESIAN_POINT('',(4.925,0.51,-39.7));
#5287 = VECTOR('',#5288,1.);
#5288 = DIRECTION('',(0.,0.,1.));
#5289 = ORIENTED_EDGE('',*,*,#5252,.T.);
#5290 = PLANE('',#5291);
#5291 = AXIS2_PLACEMENT_3D('',#5292,#5293,#5294);
#5292 = CARTESIAN_POINT('',(4.925,0.51,-38.));
#5293 = DIRECTION('',(-1.,-0.,-0.));
#5294 = DIRECTION('',(0.,0.,-1.));
#5295 = ADVANCED_FACE('',(#5296),#5307,.F.);
#5296 = FACE_BOUND('',#5297,.F.);
#5297 = EDGE_LOOP('',(#5298,#5299,#5300,#5306));
#5298 = ORIENTED_EDGE('',*,*,#1903,.T.);
#5299 = ORIENTED_EDGE('',*,*,#5237,.F.);
#5300 = ORIENTED_EDGE('',*,*,#5301,.F.);
#5301 = EDGE_CURVE('',#5277,#5230,#5302,.T.);
#5302 = LINE('',#5303,#5304);
#5303 = CARTESIAN_POINT('',(4.925,0.51,-38.));
#5304 = VECTOR('',#5305,1.);
#5305 = DIRECTION('',(-1.,-0.,-0.));
#5306 = ORIENTED_EDGE('',*,*,#5276,.T.);
#5307 = PLANE('',#5308);
#5308 = AXIS2_PLACEMENT_3D('',#5309,#5310,#5311);
#5309 = CARTESIAN_POINT('',(4.575,0.51,-38.));
#5310 = DIRECTION('',(-0.,-0.,-1.));
#5311 = DIRECTION('',(1.,0.,0.));
#5312 = ADVANCED_FACE('',(#5313),#5319,.T.);
#5313 = FACE_BOUND('',#5314,.F.);
#5314 = EDGE_LOOP('',(#5315,#5316,#5317,#5318));
#5315 = ORIENTED_EDGE('',*,*,#5229,.T.);
#5316 = ORIENTED_EDGE('',*,*,#5260,.T.);
#5317 = ORIENTED_EDGE('',*,*,#5284,.T.);
#5318 = ORIENTED_EDGE('',*,*,#5301,.T.);
#5319 = PLANE('',#5320);
#5320 = AXIS2_PLACEMENT_3D('',#5321,#5322,#5323);
#5321 = CARTESIAN_POINT('',(0.,0.51,0.));
#5322 = DIRECTION('',(0.,1.,0.));
#5323 = DIRECTION('',(0.,0.,1.));
#5324 = ADVANCED_FACE('',(#5325),#5350,.F.);
#5325 = FACE_BOUND('',#5326,.F.);
#5326 = EDGE_LOOP('',(#5327,#5328,#5336,#5344));
#5327 = ORIENTED_EDGE('',*,*,#1863,.T.);
#5328 = ORIENTED_EDGE('',*,*,#5329,.F.);
#5329 = EDGE_CURVE('',#5330,#1856,#5332,.T.);
#5330 = VERTEX_POINT('',#5331);
#5331 = CARTESIAN_POINT('',(4.075,0.51,-39.7));
#5332 = LINE('',#5333,#5334);
#5333 = CARTESIAN_POINT('',(4.075,0.51,-39.7));
#5334 = VECTOR('',#5335,1.);
#5335 = DIRECTION('',(-0.,-1.,-0.));
#5336 = ORIENTED_EDGE('',*,*,#5337,.F.);
#5337 = EDGE_CURVE('',#5338,#5330,#5340,.T.);
#5338 = VERTEX_POINT('',#5339);
#5339 = CARTESIAN_POINT('',(4.075,0.51,-38.));
#5340 = LINE('',#5341,#5342);
#5341 = CARTESIAN_POINT('',(4.075,0.51,-38.));
#5342 = VECTOR('',#5343,1.);
#5343 = DIRECTION('',(-0.,-0.,-1.));
#5344 = ORIENTED_EDGE('',*,*,#5345,.T.);
#5345 = EDGE_CURVE('',#5338,#1864,#5346,.T.);
#5346 = LINE('',#5347,#5348);
#5347 = CARTESIAN_POINT('',(4.075,0.51,-38.));
#5348 = VECTOR('',#5349,1.);
#5349 = DIRECTION('',(-0.,-1.,-0.));
#5350 = PLANE('',#5351);
#5351 = AXIS2_PLACEMENT_3D('',#5352,#5353,#5354);
#5352 = CARTESIAN_POINT('',(4.075,0.51,-38.));
#5353 = DIRECTION('',(1.,0.,0.));
#5354 = DIRECTION('',(0.,0.,1.));
#5355 = ADVANCED_FACE('',(#5356),#5374,.F.);
#5356 = FACE_BOUND('',#5357,.F.);
#5357 = EDGE_LOOP('',(#5358,#5359,#5367,#5373));
#5358 = ORIENTED_EDGE('',*,*,#3288,.T.);
#5359 = ORIENTED_EDGE('',*,*,#5360,.F.);
#5360 = EDGE_CURVE('',#5361,#1880,#5363,.T.);
#5361 = VERTEX_POINT('',#5362);
#5362 = CARTESIAN_POINT('',(4.425,0.51,-39.7));
#5363 = LINE('',#5364,#5365);
#5364 = CARTESIAN_POINT('',(4.425,0.51,-39.7));
#5365 = VECTOR('',#5366,1.);
#5366 = DIRECTION('',(-0.,-1.,-0.));
#5367 = ORIENTED_EDGE('',*,*,#5368,.F.);
#5368 = EDGE_CURVE('',#5330,#5361,#5369,.T.);
#5369 = LINE('',#5370,#5371);
#5370 = CARTESIAN_POINT('',(4.075,0.51,-39.7));
#5371 = VECTOR('',#5372,1.);
#5372 = DIRECTION('',(1.,0.,0.));
#5373 = ORIENTED_EDGE('',*,*,#5329,.T.);
#5374 = PLANE('',#5375);
#5375 = AXIS2_PLACEMENT_3D('',#5376,#5377,#5378);
#5376 = CARTESIAN_POINT('',(4.075,0.51,-39.7));
#5377 = DIRECTION('',(0.,0.,1.));
#5378 = DIRECTION('',(-1.,0.,0.));
#5379 = ADVANCED_FACE('',(#5380),#5398,.F.);
#5380 = FACE_BOUND('',#5381,.F.);
#5381 = EDGE_LOOP('',(#5382,#5383,#5391,#5397));
#5382 = ORIENTED_EDGE('',*,*,#1879,.T.);
#5383 = ORIENTED_EDGE('',*,*,#5384,.F.);
#5384 = EDGE_CURVE('',#5385,#1872,#5387,.T.);
#5385 = VERTEX_POINT('',#5386);
#5386 = CARTESIAN_POINT('',(4.425,0.51,-38.));
#5387 = LINE('',#5388,#5389);
#5388 = CARTESIAN_POINT('',(4.425,0.51,-38.));
#5389 = VECTOR('',#5390,1.);
#5390 = DIRECTION('',(-0.,-1.,-0.));
#5391 = ORIENTED_EDGE('',*,*,#5392,.F.);
#5392 = EDGE_CURVE('',#5361,#5385,#5393,.T.);
#5393 = LINE('',#5394,#5395);
#5394 = CARTESIAN_POINT('',(4.425,0.51,-39.7));
#5395 = VECTOR('',#5396,1.);
#5396 = DIRECTION('',(0.,0.,1.));
#5397 = ORIENTED_EDGE('',*,*,#5360,.T.);
#5398 = PLANE('',#5399);
#5399 = AXIS2_PLACEMENT_3D('',#5400,#5401,#5402);
#5400 = CARTESIAN_POINT('',(4.425,0.51,-38.));
#5401 = DIRECTION('',(-1.,-0.,-0.));
#5402 = DIRECTION('',(0.,0.,-1.));
#5403 = ADVANCED_FACE('',(#5404),#5415,.F.);
#5404 = FACE_BOUND('',#5405,.F.);
#5405 = EDGE_LOOP('',(#5406,#5407,#5408,#5414));
#5406 = ORIENTED_EDGE('',*,*,#1871,.T.);
#5407 = ORIENTED_EDGE('',*,*,#5345,.F.);
#5408 = ORIENTED_EDGE('',*,*,#5409,.F.);
#5409 = EDGE_CURVE('',#5385,#5338,#5410,.T.);
#5410 = LINE('',#5411,#5412);
#5411 = CARTESIAN_POINT('',(4.425,0.51,-38.));
#5412 = VECTOR('',#5413,1.);
#5413 = DIRECTION('',(-1.,-0.,-0.));
#5414 = ORIENTED_EDGE('',*,*,#5384,.T.);
#5415 = PLANE('',#5416);
#5416 = AXIS2_PLACEMENT_3D('',#5417,#5418,#5419);
#5417 = CARTESIAN_POINT('',(4.075,0.51,-38.));
#5418 = DIRECTION('',(-0.,-0.,-1.));
#5419 = DIRECTION('',(1.,0.,0.));
#5420 = ADVANCED_FACE('',(#5421),#5427,.T.);
#5421 = FACE_BOUND('',#5422,.F.);
#5422 = EDGE_LOOP('',(#5423,#5424,#5425,#5426));
#5423 = ORIENTED_EDGE('',*,*,#5337,.T.);
#5424 = ORIENTED_EDGE('',*,*,#5368,.T.);
#5425 = ORIENTED_EDGE('',*,*,#5392,.T.);
#5426 = ORIENTED_EDGE('',*,*,#5409,.T.);
#5427 = PLANE('',#5428);
#5428 = AXIS2_PLACEMENT_3D('',#5429,#5430,#5431);
#5429 = CARTESIAN_POINT('',(0.,0.51,0.));
#5430 = DIRECTION('',(0.,1.,0.));
#5431 = DIRECTION('',(0.,0.,1.));
#5432 = ADVANCED_FACE('',(#5433),#5458,.F.);
#5433 = FACE_BOUND('',#5434,.F.);
#5434 = EDGE_LOOP('',(#5435,#5436,#5444,#5452));
#5435 = ORIENTED_EDGE('',*,*,#1831,.T.);
#5436 = ORIENTED_EDGE('',*,*,#5437,.F.);
#5437 = EDGE_CURVE('',#5438,#1824,#5440,.T.);
#5438 = VERTEX_POINT('',#5439);
#5439 = CARTESIAN_POINT('',(3.575,0.51,-39.7));
#5440 = LINE('',#5441,#5442);
#5441 = CARTESIAN_POINT('',(3.575,0.51,-39.7));
#5442 = VECTOR('',#5443,1.);
#5443 = DIRECTION('',(-0.,-1.,-0.));
#5444 = ORIENTED_EDGE('',*,*,#5445,.F.);
#5445 = EDGE_CURVE('',#5446,#5438,#5448,.T.);
#5446 = VERTEX_POINT('',#5447);
#5447 = CARTESIAN_POINT('',(3.575,0.51,-38.));
#5448 = LINE('',#5449,#5450);
#5449 = CARTESIAN_POINT('',(3.575,0.51,-38.));
#5450 = VECTOR('',#5451,1.);
#5451 = DIRECTION('',(-0.,-0.,-1.));
#5452 = ORIENTED_EDGE('',*,*,#5453,.T.);
#5453 = EDGE_CURVE('',#5446,#1832,#5454,.T.);
#5454 = LINE('',#5455,#5456);
#5455 = CARTESIAN_POINT('',(3.575,0.51,-38.));
#5456 = VECTOR('',#5457,1.);
#5457 = DIRECTION('',(-0.,-1.,-0.));
#5458 = PLANE('',#5459);
#5459 = AXIS2_PLACEMENT_3D('',#5460,#5461,#5462);
#5460 = CARTESIAN_POINT('',(3.575,0.51,-38.));
#5461 = DIRECTION('',(1.,0.,0.));
#5462 = DIRECTION('',(0.,0.,1.));
#5463 = ADVANCED_FACE('',(#5464),#5482,.F.);
#5464 = FACE_BOUND('',#5465,.F.);
#5465 = EDGE_LOOP('',(#5466,#5467,#5475,#5481));
#5466 = ORIENTED_EDGE('',*,*,#3295,.T.);
#5467 = ORIENTED_EDGE('',*,*,#5468,.F.);
#5468 = EDGE_CURVE('',#5469,#1848,#5471,.T.);
#5469 = VERTEX_POINT('',#5470);
#5470 = CARTESIAN_POINT('',(3.925,0.51,-39.7));
#5471 = LINE('',#5472,#5473);
#5472 = CARTESIAN_POINT('',(3.925,0.51,-39.7));
#5473 = VECTOR('',#5474,1.);
#5474 = DIRECTION('',(-0.,-1.,-0.));
#5475 = ORIENTED_EDGE('',*,*,#5476,.F.);
#5476 = EDGE_CURVE('',#5438,#5469,#5477,.T.);
#5477 = LINE('',#5478,#5479);
#5478 = CARTESIAN_POINT('',(3.575,0.51,-39.7));
#5479 = VECTOR('',#5480,1.);
#5480 = DIRECTION('',(1.,0.,0.));
#5481 = ORIENTED_EDGE('',*,*,#5437,.T.);
#5482 = PLANE('',#5483);
#5483 = AXIS2_PLACEMENT_3D('',#5484,#5485,#5486);
#5484 = CARTESIAN_POINT('',(3.575,0.51,-39.7));
#5485 = DIRECTION('',(0.,0.,1.));
#5486 = DIRECTION('',(-1.,0.,0.));
#5487 = ADVANCED_FACE('',(#5488),#5506,.F.);
#5488 = FACE_BOUND('',#5489,.F.);
#5489 = EDGE_LOOP('',(#5490,#5491,#5499,#5505));
#5490 = ORIENTED_EDGE('',*,*,#1847,.T.);
#5491 = ORIENTED_EDGE('',*,*,#5492,.F.);
#5492 = EDGE_CURVE('',#5493,#1840,#5495,.T.);
#5493 = VERTEX_POINT('',#5494);
#5494 = CARTESIAN_POINT('',(3.925,0.51,-38.));
#5495 = LINE('',#5496,#5497);
#5496 = CARTESIAN_POINT('',(3.925,0.51,-38.));
#5497 = VECTOR('',#5498,1.);
#5498 = DIRECTION('',(-0.,-1.,-0.));
#5499 = ORIENTED_EDGE('',*,*,#5500,.F.);
#5500 = EDGE_CURVE('',#5469,#5493,#5501,.T.);
#5501 = LINE('',#5502,#5503);
#5502 = CARTESIAN_POINT('',(3.925,0.51,-39.7));
#5503 = VECTOR('',#5504,1.);
#5504 = DIRECTION('',(0.,0.,1.));
#5505 = ORIENTED_EDGE('',*,*,#5468,.T.);
#5506 = PLANE('',#5507);
#5507 = AXIS2_PLACEMENT_3D('',#5508,#5509,#5510);
#5508 = CARTESIAN_POINT('',(3.925,0.51,-38.));
#5509 = DIRECTION('',(-1.,-0.,-0.));
#5510 = DIRECTION('',(0.,0.,-1.));
#5511 = ADVANCED_FACE('',(#5512),#5523,.F.);
#5512 = FACE_BOUND('',#5513,.F.);
#5513 = EDGE_LOOP('',(#5514,#5515,#5516,#5522));
#5514 = ORIENTED_EDGE('',*,*,#1839,.T.);
#5515 = ORIENTED_EDGE('',*,*,#5453,.F.);
#5516 = ORIENTED_EDGE('',*,*,#5517,.F.);
#5517 = EDGE_CURVE('',#5493,#5446,#5518,.T.);
#5518 = LINE('',#5519,#5520);
#5519 = CARTESIAN_POINT('',(3.925,0.51,-38.));
#5520 = VECTOR('',#5521,1.);
#5521 = DIRECTION('',(-1.,-0.,-0.));
#5522 = ORIENTED_EDGE('',*,*,#5492,.T.);
#5523 = PLANE('',#5524);
#5524 = AXIS2_PLACEMENT_3D('',#5525,#5526,#5527);
#5525 = CARTESIAN_POINT('',(3.575,0.51,-38.));
#5526 = DIRECTION('',(-0.,-0.,-1.));
#5527 = DIRECTION('',(1.,0.,0.));
#5528 = ADVANCED_FACE('',(#5529),#5535,.T.);
#5529 = FACE_BOUND('',#5530,.F.);
#5530 = EDGE_LOOP('',(#5531,#5532,#5533,#5534));
#5531 = ORIENTED_EDGE('',*,*,#5445,.T.);
#5532 = ORIENTED_EDGE('',*,*,#5476,.T.);
#5533 = ORIENTED_EDGE('',*,*,#5500,.T.);
#5534 = ORIENTED_EDGE('',*,*,#5517,.T.);
#5535 = PLANE('',#5536);
#5536 = AXIS2_PLACEMENT_3D('',#5537,#5538,#5539);
#5537 = CARTESIAN_POINT('',(0.,0.51,0.));
#5538 = DIRECTION('',(0.,1.,0.));
#5539 = DIRECTION('',(0.,0.,1.));
#5540 = ADVANCED_FACE('',(#5541),#5566,.F.);
#5541 = FACE_BOUND('',#5542,.F.);
#5542 = EDGE_LOOP('',(#5543,#5544,#5552,#5560));
#5543 = ORIENTED_EDGE('',*,*,#1799,.T.);
#5544 = ORIENTED_EDGE('',*,*,#5545,.F.);
#5545 = EDGE_CURVE('',#5546,#1792,#5548,.T.);
#5546 = VERTEX_POINT('',#5547);
#5547 = CARTESIAN_POINT('',(3.075,0.51,-39.7));
#5548 = LINE('',#5549,#5550);
#5549 = CARTESIAN_POINT('',(3.075,0.51,-39.7));
#5550 = VECTOR('',#5551,1.);
#5551 = DIRECTION('',(-0.,-1.,-0.));
#5552 = ORIENTED_EDGE('',*,*,#5553,.F.);
#5553 = EDGE_CURVE('',#5554,#5546,#5556,.T.);
#5554 = VERTEX_POINT('',#5555);
#5555 = CARTESIAN_POINT('',(3.075,0.51,-38.));
#5556 = LINE('',#5557,#5558);
#5557 = CARTESIAN_POINT('',(3.075,0.51,-38.));
#5558 = VECTOR('',#5559,1.);
#5559 = DIRECTION('',(-0.,-0.,-1.));
#5560 = ORIENTED_EDGE('',*,*,#5561,.T.);
#5561 = EDGE_CURVE('',#5554,#1800,#5562,.T.);
#5562 = LINE('',#5563,#5564);
#5563 = CARTESIAN_POINT('',(3.075,0.51,-38.));
#5564 = VECTOR('',#5565,1.);
#5565 = DIRECTION('',(-0.,-1.,-0.));
#5566 = PLANE('',#5567);
#5567 = AXIS2_PLACEMENT_3D('',#5568,#5569,#5570);
#5568 = CARTESIAN_POINT('',(3.075,0.51,-38.));
#5569 = DIRECTION('',(1.,0.,0.));
#5570 = DIRECTION('',(0.,0.,1.));
#5571 = ADVANCED_FACE('',(#5572),#5590,.F.);
#5572 = FACE_BOUND('',#5573,.F.);
#5573 = EDGE_LOOP('',(#5574,#5575,#5583,#5589));
#5574 = ORIENTED_EDGE('',*,*,#3302,.T.);
#5575 = ORIENTED_EDGE('',*,*,#5576,.F.);
#5576 = EDGE_CURVE('',#5577,#1816,#5579,.T.);
#5577 = VERTEX_POINT('',#5578);
#5578 = CARTESIAN_POINT('',(3.425,0.51,-39.7));
#5579 = LINE('',#5580,#5581);
#5580 = CARTESIAN_POINT('',(3.425,0.51,-39.7));
#5581 = VECTOR('',#5582,1.);
#5582 = DIRECTION('',(-0.,-1.,-0.));
#5583 = ORIENTED_EDGE('',*,*,#5584,.F.);
#5584 = EDGE_CURVE('',#5546,#5577,#5585,.T.);
#5585 = LINE('',#5586,#5587);
#5586 = CARTESIAN_POINT('',(3.075,0.51,-39.7));
#5587 = VECTOR('',#5588,1.);
#5588 = DIRECTION('',(1.,0.,0.));
#5589 = ORIENTED_EDGE('',*,*,#5545,.T.);
#5590 = PLANE('',#5591);
#5591 = AXIS2_PLACEMENT_3D('',#5592,#5593,#5594);
#5592 = CARTESIAN_POINT('',(3.075,0.51,-39.7));
#5593 = DIRECTION('',(0.,0.,1.));
#5594 = DIRECTION('',(-1.,0.,0.));
#5595 = ADVANCED_FACE('',(#5596),#5614,.F.);
#5596 = FACE_BOUND('',#5597,.F.);
#5597 = EDGE_LOOP('',(#5598,#5599,#5607,#5613));
#5598 = ORIENTED_EDGE('',*,*,#1815,.T.);
#5599 = ORIENTED_EDGE('',*,*,#5600,.F.);
#5600 = EDGE_CURVE('',#5601,#1808,#5603,.T.);
#5601 = VERTEX_POINT('',#5602);
#5602 = CARTESIAN_POINT('',(3.425,0.51,-38.));
#5603 = LINE('',#5604,#5605);
#5604 = CARTESIAN_POINT('',(3.425,0.51,-38.));
#5605 = VECTOR('',#5606,1.);
#5606 = DIRECTION('',(-0.,-1.,-0.));
#5607 = ORIENTED_EDGE('',*,*,#5608,.F.);
#5608 = EDGE_CURVE('',#5577,#5601,#5609,.T.);
#5609 = LINE('',#5610,#5611);
#5610 = CARTESIAN_POINT('',(3.425,0.51,-39.7));
#5611 = VECTOR('',#5612,1.);
#5612 = DIRECTION('',(0.,0.,1.));
#5613 = ORIENTED_EDGE('',*,*,#5576,.T.);
#5614 = PLANE('',#5615);
#5615 = AXIS2_PLACEMENT_3D('',#5616,#5617,#5618);
#5616 = CARTESIAN_POINT('',(3.425,0.51,-38.));
#5617 = DIRECTION('',(-1.,-0.,-0.));
#5618 = DIRECTION('',(0.,0.,-1.));
#5619 = ADVANCED_FACE('',(#5620),#5631,.F.);
#5620 = FACE_BOUND('',#5621,.F.);
#5621 = EDGE_LOOP('',(#5622,#5623,#5624,#5630));
#5622 = ORIENTED_EDGE('',*,*,#1807,.T.);
#5623 = ORIENTED_EDGE('',*,*,#5561,.F.);
#5624 = ORIENTED_EDGE('',*,*,#5625,.F.);
#5625 = EDGE_CURVE('',#5601,#5554,#5626,.T.);
#5626 = LINE('',#5627,#5628);
#5627 = CARTESIAN_POINT('',(3.425,0.51,-38.));
#5628 = VECTOR('',#5629,1.);
#5629 = DIRECTION('',(-1.,-0.,-0.));
#5630 = ORIENTED_EDGE('',*,*,#5600,.T.);
#5631 = PLANE('',#5632);
#5632 = AXIS2_PLACEMENT_3D('',#5633,#5634,#5635);
#5633 = CARTESIAN_POINT('',(3.075,0.51,-38.));
#5634 = DIRECTION('',(-0.,-0.,-1.));
#5635 = DIRECTION('',(1.,0.,0.));
#5636 = ADVANCED_FACE('',(#5637),#5643,.T.);
#5637 = FACE_BOUND('',#5638,.F.);
#5638 = EDGE_LOOP('',(#5639,#5640,#5641,#5642));
#5639 = ORIENTED_EDGE('',*,*,#5553,.T.);
#5640 = ORIENTED_EDGE('',*,*,#5584,.T.);
#5641 = ORIENTED_EDGE('',*,*,#5608,.T.);
#5642 = ORIENTED_EDGE('',*,*,#5625,.T.);
#5643 = PLANE('',#5644);
#5644 = AXIS2_PLACEMENT_3D('',#5645,#5646,#5647);
#5645 = CARTESIAN_POINT('',(0.,0.51,0.));
#5646 = DIRECTION('',(0.,1.,0.));
#5647 = DIRECTION('',(0.,0.,1.));
#5648 = ADVANCED_FACE('',(#5649),#5674,.F.);
#5649 = FACE_BOUND('',#5650,.F.);
#5650 = EDGE_LOOP('',(#5651,#5652,#5660,#5668));
#5651 = ORIENTED_EDGE('',*,*,#1767,.T.);
#5652 = ORIENTED_EDGE('',*,*,#5653,.F.);
#5653 = EDGE_CURVE('',#5654,#1760,#5656,.T.);
#5654 = VERTEX_POINT('',#5655);
#5655 = CARTESIAN_POINT('',(2.575,0.51,-39.7));
#5656 = LINE('',#5657,#5658);
#5657 = CARTESIAN_POINT('',(2.575,0.51,-39.7));
#5658 = VECTOR('',#5659,1.);
#5659 = DIRECTION('',(-0.,-1.,-0.));
#5660 = ORIENTED_EDGE('',*,*,#5661,.F.);
#5661 = EDGE_CURVE('',#5662,#5654,#5664,.T.);
#5662 = VERTEX_POINT('',#5663);
#5663 = CARTESIAN_POINT('',(2.575,0.51,-38.));
#5664 = LINE('',#5665,#5666);
#5665 = CARTESIAN_POINT('',(2.575,0.51,-38.));
#5666 = VECTOR('',#5667,1.);
#5667 = DIRECTION('',(-0.,-0.,-1.));
#5668 = ORIENTED_EDGE('',*,*,#5669,.T.);
#5669 = EDGE_CURVE('',#5662,#1768,#5670,.T.);
#5670 = LINE('',#5671,#5672);
#5671 = CARTESIAN_POINT('',(2.575,0.51,-38.));
#5672 = VECTOR('',#5673,1.);
#5673 = DIRECTION('',(-0.,-1.,-0.));
#5674 = PLANE('',#5675);
#5675 = AXIS2_PLACEMENT_3D('',#5676,#5677,#5678);
#5676 = CARTESIAN_POINT('',(2.575,0.51,-38.));
#5677 = DIRECTION('',(1.,0.,0.));
#5678 = DIRECTION('',(0.,0.,1.));
#5679 = ADVANCED_FACE('',(#5680),#5698,.F.);
#5680 = FACE_BOUND('',#5681,.F.);
#5681 = EDGE_LOOP('',(#5682,#5683,#5691,#5697));
#5682 = ORIENTED_EDGE('',*,*,#3309,.T.);
#5683 = ORIENTED_EDGE('',*,*,#5684,.F.);
#5684 = EDGE_CURVE('',#5685,#1784,#5687,.T.);
#5685 = VERTEX_POINT('',#5686);
#5686 = CARTESIAN_POINT('',(2.925,0.51,-39.7));
#5687 = LINE('',#5688,#5689);
#5688 = CARTESIAN_POINT('',(2.925,0.51,-39.7));
#5689 = VECTOR('',#5690,1.);
#5690 = DIRECTION('',(-0.,-1.,-0.));
#5691 = ORIENTED_EDGE('',*,*,#5692,.F.);
#5692 = EDGE_CURVE('',#5654,#5685,#5693,.T.);
#5693 = LINE('',#5694,#5695);
#5694 = CARTESIAN_POINT('',(2.575,0.51,-39.7));
#5695 = VECTOR('',#5696,1.);
#5696 = DIRECTION('',(1.,0.,0.));
#5697 = ORIENTED_EDGE('',*,*,#5653,.T.);
#5698 = PLANE('',#5699);
#5699 = AXIS2_PLACEMENT_3D('',#5700,#5701,#5702);
#5700 = CARTESIAN_POINT('',(2.575,0.51,-39.7));
#5701 = DIRECTION('',(0.,0.,1.));
#5702 = DIRECTION('',(-1.,0.,0.));
#5703 = ADVANCED_FACE('',(#5704),#5722,.F.);
#5704 = FACE_BOUND('',#5705,.F.);
#5705 = EDGE_LOOP('',(#5706,#5707,#5715,#5721));
#5706 = ORIENTED_EDGE('',*,*,#1783,.T.);
#5707 = ORIENTED_EDGE('',*,*,#5708,.F.);
#5708 = EDGE_CURVE('',#5709,#1776,#5711,.T.);
#5709 = VERTEX_POINT('',#5710);
#5710 = CARTESIAN_POINT('',(2.925,0.51,-38.));
#5711 = LINE('',#5712,#5713);
#5712 = CARTESIAN_POINT('',(2.925,0.51,-38.));
#5713 = VECTOR('',#5714,1.);
#5714 = DIRECTION('',(-0.,-1.,-0.));
#5715 = ORIENTED_EDGE('',*,*,#5716,.F.);
#5716 = EDGE_CURVE('',#5685,#5709,#5717,.T.);
#5717 = LINE('',#5718,#5719);
#5718 = CARTESIAN_POINT('',(2.925,0.51,-39.7));
#5719 = VECTOR('',#5720,1.);
#5720 = DIRECTION('',(0.,0.,1.));
#5721 = ORIENTED_EDGE('',*,*,#5684,.T.);
#5722 = PLANE('',#5723);
#5723 = AXIS2_PLACEMENT_3D('',#5724,#5725,#5726);
#5724 = CARTESIAN_POINT('',(2.925,0.51,-38.));
#5725 = DIRECTION('',(-1.,-0.,-0.));
#5726 = DIRECTION('',(0.,0.,-1.));
#5727 = ADVANCED_FACE('',(#5728),#5739,.F.);
#5728 = FACE_BOUND('',#5729,.F.);
#5729 = EDGE_LOOP('',(#5730,#5731,#5732,#5738));
#5730 = ORIENTED_EDGE('',*,*,#1775,.T.);
#5731 = ORIENTED_EDGE('',*,*,#5669,.F.);
#5732 = ORIENTED_EDGE('',*,*,#5733,.F.);
#5733 = EDGE_CURVE('',#5709,#5662,#5734,.T.);
#5734 = LINE('',#5735,#5736);
#5735 = CARTESIAN_POINT('',(2.925,0.51,-38.));
#5736 = VECTOR('',#5737,1.);
#5737 = DIRECTION('',(-1.,-0.,-0.));
#5738 = ORIENTED_EDGE('',*,*,#5708,.T.);
#5739 = PLANE('',#5740);
#5740 = AXIS2_PLACEMENT_3D('',#5741,#5742,#5743);
#5741 = CARTESIAN_POINT('',(2.575,0.51,-38.));
#5742 = DIRECTION('',(-0.,-0.,-1.));
#5743 = DIRECTION('',(1.,0.,0.));
#5744 = ADVANCED_FACE('',(#5745),#5751,.T.);
#5745 = FACE_BOUND('',#5746,.F.);
#5746 = EDGE_LOOP('',(#5747,#5748,#5749,#5750));
#5747 = ORIENTED_EDGE('',*,*,#5661,.T.);
#5748 = ORIENTED_EDGE('',*,*,#5692,.T.);
#5749 = ORIENTED_EDGE('',*,*,#5716,.T.);
#5750 = ORIENTED_EDGE('',*,*,#5733,.T.);
#5751 = PLANE('',#5752);
#5752 = AXIS2_PLACEMENT_3D('',#5753,#5754,#5755);
#5753 = CARTESIAN_POINT('',(0.,0.51,0.));
#5754 = DIRECTION('',(0.,1.,0.));
#5755 = DIRECTION('',(0.,0.,1.));
#5756 = ADVANCED_FACE('',(#5757),#5782,.F.);
#5757 = FACE_BOUND('',#5758,.F.);
#5758 = EDGE_LOOP('',(#5759,#5760,#5768,#5776));
#5759 = ORIENTED_EDGE('',*,*,#1735,.T.);
#5760 = ORIENTED_EDGE('',*,*,#5761,.F.);
#5761 = EDGE_CURVE('',#5762,#1728,#5764,.T.);
#5762 = VERTEX_POINT('',#5763);
#5763 = CARTESIAN_POINT('',(2.075,0.51,-39.7));
#5764 = LINE('',#5765,#5766);
#5765 = CARTESIAN_POINT('',(2.075,0.51,-39.7));
#5766 = VECTOR('',#5767,1.);
#5767 = DIRECTION('',(-0.,-1.,-0.));
#5768 = ORIENTED_EDGE('',*,*,#5769,.F.);
#5769 = EDGE_CURVE('',#5770,#5762,#5772,.T.);
#5770 = VERTEX_POINT('',#5771);
#5771 = CARTESIAN_POINT('',(2.075,0.51,-38.));
#5772 = LINE('',#5773,#5774);
#5773 = CARTESIAN_POINT('',(2.075,0.51,-38.));
#5774 = VECTOR('',#5775,1.);
#5775 = DIRECTION('',(-0.,-0.,-1.));
#5776 = ORIENTED_EDGE('',*,*,#5777,.T.);
#5777 = EDGE_CURVE('',#5770,#1736,#5778,.T.);
#5778 = LINE('',#5779,#5780);
#5779 = CARTESIAN_POINT('',(2.075,0.51,-38.));
#5780 = VECTOR('',#5781,1.);
#5781 = DIRECTION('',(-0.,-1.,-0.));
#5782 = PLANE('',#5783);
#5783 = AXIS2_PLACEMENT_3D('',#5784,#5785,#5786);
#5784 = CARTESIAN_POINT('',(2.075,0.51,-38.));
#5785 = DIRECTION('',(1.,0.,0.));
#5786 = DIRECTION('',(0.,0.,1.));
#5787 = ADVANCED_FACE('',(#5788),#5806,.F.);
#5788 = FACE_BOUND('',#5789,.F.);
#5789 = EDGE_LOOP('',(#5790,#5791,#5799,#5805));
#5790 = ORIENTED_EDGE('',*,*,#3316,.T.);
#5791 = ORIENTED_EDGE('',*,*,#5792,.F.);
#5792 = EDGE_CURVE('',#5793,#1752,#5795,.T.);
#5793 = VERTEX_POINT('',#5794);
#5794 = CARTESIAN_POINT('',(2.425,0.51,-39.7));
#5795 = LINE('',#5796,#5797);
#5796 = CARTESIAN_POINT('',(2.425,0.51,-39.7));
#5797 = VECTOR('',#5798,1.);
#5798 = DIRECTION('',(-0.,-1.,-0.));
#5799 = ORIENTED_EDGE('',*,*,#5800,.F.);
#5800 = EDGE_CURVE('',#5762,#5793,#5801,.T.);
#5801 = LINE('',#5802,#5803);
#5802 = CARTESIAN_POINT('',(2.075,0.51,-39.7));
#5803 = VECTOR('',#5804,1.);
#5804 = DIRECTION('',(1.,0.,0.));
#5805 = ORIENTED_EDGE('',*,*,#5761,.T.);
#5806 = PLANE('',#5807);
#5807 = AXIS2_PLACEMENT_3D('',#5808,#5809,#5810);
#5808 = CARTESIAN_POINT('',(2.075,0.51,-39.7));
#5809 = DIRECTION('',(0.,0.,1.));
#5810 = DIRECTION('',(-1.,0.,0.));
#5811 = ADVANCED_FACE('',(#5812),#5830,.F.);
#5812 = FACE_BOUND('',#5813,.F.);
#5813 = EDGE_LOOP('',(#5814,#5815,#5823,#5829));
#5814 = ORIENTED_EDGE('',*,*,#1751,.T.);
#5815 = ORIENTED_EDGE('',*,*,#5816,.F.);
#5816 = EDGE_CURVE('',#5817,#1744,#5819,.T.);
#5817 = VERTEX_POINT('',#5818);
#5818 = CARTESIAN_POINT('',(2.425,0.51,-38.));
#5819 = LINE('',#5820,#5821);
#5820 = CARTESIAN_POINT('',(2.425,0.51,-38.));
#5821 = VECTOR('',#5822,1.);
#5822 = DIRECTION('',(-0.,-1.,-0.));
#5823 = ORIENTED_EDGE('',*,*,#5824,.F.);
#5824 = EDGE_CURVE('',#5793,#5817,#5825,.T.);
#5825 = LINE('',#5826,#5827);
#5826 = CARTESIAN_POINT('',(2.425,0.51,-39.7));
#5827 = VECTOR('',#5828,1.);
#5828 = DIRECTION('',(0.,0.,1.));
#5829 = ORIENTED_EDGE('',*,*,#5792,.T.);
#5830 = PLANE('',#5831);
#5831 = AXIS2_PLACEMENT_3D('',#5832,#5833,#5834);
#5832 = CARTESIAN_POINT('',(2.425,0.51,-38.));
#5833 = DIRECTION('',(-1.,-0.,-0.));
#5834 = DIRECTION('',(0.,0.,-1.));
#5835 = ADVANCED_FACE('',(#5836),#5847,.F.);
#5836 = FACE_BOUND('',#5837,.F.);
#5837 = EDGE_LOOP('',(#5838,#5839,#5840,#5846));
#5838 = ORIENTED_EDGE('',*,*,#1743,.T.);
#5839 = ORIENTED_EDGE('',*,*,#5777,.F.);
#5840 = ORIENTED_EDGE('',*,*,#5841,.F.);
#5841 = EDGE_CURVE('',#5817,#5770,#5842,.T.);
#5842 = LINE('',#5843,#5844);
#5843 = CARTESIAN_POINT('',(2.425,0.51,-38.));
#5844 = VECTOR('',#5845,1.);
#5845 = DIRECTION('',(-1.,-0.,-0.));
#5846 = ORIENTED_EDGE('',*,*,#5816,.T.);
#5847 = PLANE('',#5848);
#5848 = AXIS2_PLACEMENT_3D('',#5849,#5850,#5851);
#5849 = CARTESIAN_POINT('',(2.075,0.51,-38.));
#5850 = DIRECTION('',(-0.,-0.,-1.));
#5851 = DIRECTION('',(1.,0.,0.));
#5852 = ADVANCED_FACE('',(#5853),#5859,.T.);
#5853 = FACE_BOUND('',#5854,.F.);
#5854 = EDGE_LOOP('',(#5855,#5856,#5857,#5858));
#5855 = ORIENTED_EDGE('',*,*,#5769,.T.);
#5856 = ORIENTED_EDGE('',*,*,#5800,.T.);
#5857 = ORIENTED_EDGE('',*,*,#5824,.T.);
#5858 = ORIENTED_EDGE('',*,*,#5841,.T.);
#5859 = PLANE('',#5860);
#5860 = AXIS2_PLACEMENT_3D('',#5861,#5862,#5863);
#5861 = CARTESIAN_POINT('',(0.,0.51,0.));
#5862 = DIRECTION('',(0.,1.,0.));
#5863 = DIRECTION('',(0.,0.,1.));
#5864 = ADVANCED_FACE('',(#5865),#5890,.F.);
#5865 = FACE_BOUND('',#5866,.F.);
#5866 = EDGE_LOOP('',(#5867,#5868,#5876,#5884));
#5867 = ORIENTED_EDGE('',*,*,#1703,.T.);
#5868 = ORIENTED_EDGE('',*,*,#5869,.F.);
#5869 = EDGE_CURVE('',#5870,#1696,#5872,.T.);
#5870 = VERTEX_POINT('',#5871);
#5871 = CARTESIAN_POINT('',(1.575,0.51,-39.7));
#5872 = LINE('',#5873,#5874);
#5873 = CARTESIAN_POINT('',(1.575,0.51,-39.7));
#5874 = VECTOR('',#5875,1.);
#5875 = DIRECTION('',(-0.,-1.,-0.));
#5876 = ORIENTED_EDGE('',*,*,#5877,.F.);
#5877 = EDGE_CURVE('',#5878,#5870,#5880,.T.);
#5878 = VERTEX_POINT('',#5879);
#5879 = CARTESIAN_POINT('',(1.575,0.51,-38.));
#5880 = LINE('',#5881,#5882);
#5881 = CARTESIAN_POINT('',(1.575,0.51,-38.));
#5882 = VECTOR('',#5883,1.);
#5883 = DIRECTION('',(-0.,-0.,-1.));
#5884 = ORIENTED_EDGE('',*,*,#5885,.T.);
#5885 = EDGE_CURVE('',#5878,#1704,#5886,.T.);
#5886 = LINE('',#5887,#5888);
#5887 = CARTESIAN_POINT('',(1.575,0.51,-38.));
#5888 = VECTOR('',#5889,1.);
#5889 = DIRECTION('',(-0.,-1.,-0.));
#5890 = PLANE('',#5891);
#5891 = AXIS2_PLACEMENT_3D('',#5892,#5893,#5894);
#5892 = CARTESIAN_POINT('',(1.575,0.51,-38.));
#5893 = DIRECTION('',(1.,0.,0.));
#5894 = DIRECTION('',(0.,0.,1.));
#5895 = ADVANCED_FACE('',(#5896),#5914,.F.);
#5896 = FACE_BOUND('',#5897,.F.);
#5897 = EDGE_LOOP('',(#5898,#5899,#5907,#5913));
#5898 = ORIENTED_EDGE('',*,*,#3323,.T.);
#5899 = ORIENTED_EDGE('',*,*,#5900,.F.);
#5900 = EDGE_CURVE('',#5901,#1720,#5903,.T.);
#5901 = VERTEX_POINT('',#5902);
#5902 = CARTESIAN_POINT('',(1.925,0.51,-39.7));
#5903 = LINE('',#5904,#5905);
#5904 = CARTESIAN_POINT('',(1.925,0.51,-39.7));
#5905 = VECTOR('',#5906,1.);
#5906 = DIRECTION('',(-0.,-1.,-0.));
#5907 = ORIENTED_EDGE('',*,*,#5908,.F.);
#5908 = EDGE_CURVE('',#5870,#5901,#5909,.T.);
#5909 = LINE('',#5910,#5911);
#5910 = CARTESIAN_POINT('',(1.575,0.51,-39.7));
#5911 = VECTOR('',#5912,1.);
#5912 = DIRECTION('',(1.,0.,0.));
#5913 = ORIENTED_EDGE('',*,*,#5869,.T.);
#5914 = PLANE('',#5915);
#5915 = AXIS2_PLACEMENT_3D('',#5916,#5917,#5918);
#5916 = CARTESIAN_POINT('',(1.575,0.51,-39.7));
#5917 = DIRECTION('',(0.,0.,1.));
#5918 = DIRECTION('',(-1.,0.,0.));
#5919 = ADVANCED_FACE('',(#5920),#5938,.F.);
#5920 = FACE_BOUND('',#5921,.F.);
#5921 = EDGE_LOOP('',(#5922,#5923,#5931,#5937));
#5922 = ORIENTED_EDGE('',*,*,#1719,.T.);
#5923 = ORIENTED_EDGE('',*,*,#5924,.F.);
#5924 = EDGE_CURVE('',#5925,#1712,#5927,.T.);
#5925 = VERTEX_POINT('',#5926);
#5926 = CARTESIAN_POINT('',(1.925,0.51,-38.));
#5927 = LINE('',#5928,#5929);
#5928 = CARTESIAN_POINT('',(1.925,0.51,-38.));
#5929 = VECTOR('',#5930,1.);
#5930 = DIRECTION('',(-0.,-1.,-0.));
#5931 = ORIENTED_EDGE('',*,*,#5932,.F.);
#5932 = EDGE_CURVE('',#5901,#5925,#5933,.T.);
#5933 = LINE('',#5934,#5935);
#5934 = CARTESIAN_POINT('',(1.925,0.51,-39.7));
#5935 = VECTOR('',#5936,1.);
#5936 = DIRECTION('',(0.,0.,1.));
#5937 = ORIENTED_EDGE('',*,*,#5900,.T.);
#5938 = PLANE('',#5939);
#5939 = AXIS2_PLACEMENT_3D('',#5940,#5941,#5942);
#5940 = CARTESIAN_POINT('',(1.925,0.51,-38.));
#5941 = DIRECTION('',(-1.,-0.,-0.));
#5942 = DIRECTION('',(0.,0.,-1.));
#5943 = ADVANCED_FACE('',(#5944),#5955,.F.);
#5944 = FACE_BOUND('',#5945,.F.);
#5945 = EDGE_LOOP('',(#5946,#5947,#5948,#5954));
#5946 = ORIENTED_EDGE('',*,*,#1711,.T.);
#5947 = ORIENTED_EDGE('',*,*,#5885,.F.);
#5948 = ORIENTED_EDGE('',*,*,#5949,.F.);
#5949 = EDGE_CURVE('',#5925,#5878,#5950,.T.);
#5950 = LINE('',#5951,#5952);
#5951 = CARTESIAN_POINT('',(1.925,0.51,-38.));
#5952 = VECTOR('',#5953,1.);
#5953 = DIRECTION('',(-1.,-0.,-0.));
#5954 = ORIENTED_EDGE('',*,*,#5924,.T.);
#5955 = PLANE('',#5956);
#5956 = AXIS2_PLACEMENT_3D('',#5957,#5958,#5959);
#5957 = CARTESIAN_POINT('',(1.575,0.51,-38.));
#5958 = DIRECTION('',(-0.,-0.,-1.));
#5959 = DIRECTION('',(1.,0.,0.));
#5960 = ADVANCED_FACE('',(#5961),#5967,.T.);
#5961 = FACE_BOUND('',#5962,.F.);
#5962 = EDGE_LOOP('',(#5963,#5964,#5965,#5966));
#5963 = ORIENTED_EDGE('',*,*,#5877,.T.);
#5964 = ORIENTED_EDGE('',*,*,#5908,.T.);
#5965 = ORIENTED_EDGE('',*,*,#5932,.T.);
#5966 = ORIENTED_EDGE('',*,*,#5949,.T.);
#5967 = PLANE('',#5968);
#5968 = AXIS2_PLACEMENT_3D('',#5969,#5970,#5971);
#5969 = CARTESIAN_POINT('',(0.,0.51,0.));
#5970 = DIRECTION('',(0.,1.,0.));
#5971 = DIRECTION('',(0.,0.,1.));
#5972 = ADVANCED_FACE('',(#5973),#5998,.F.);
#5973 = FACE_BOUND('',#5974,.F.);
#5974 = EDGE_LOOP('',(#5975,#5976,#5984,#5992));
#5975 = ORIENTED_EDGE('',*,*,#1671,.T.);
#5976 = ORIENTED_EDGE('',*,*,#5977,.F.);
#5977 = EDGE_CURVE('',#5978,#1664,#5980,.T.);
#5978 = VERTEX_POINT('',#5979);
#5979 = CARTESIAN_POINT('',(1.075,0.51,-39.7));
#5980 = LINE('',#5981,#5982);
#5981 = CARTESIAN_POINT('',(1.075,0.51,-39.7));
#5982 = VECTOR('',#5983,1.);
#5983 = DIRECTION('',(-0.,-1.,-0.));
#5984 = ORIENTED_EDGE('',*,*,#5985,.F.);
#5985 = EDGE_CURVE('',#5986,#5978,#5988,.T.);
#5986 = VERTEX_POINT('',#5987);
#5987 = CARTESIAN_POINT('',(1.075,0.51,-38.));
#5988 = LINE('',#5989,#5990);
#5989 = CARTESIAN_POINT('',(1.075,0.51,-38.));
#5990 = VECTOR('',#5991,1.);
#5991 = DIRECTION('',(-0.,-0.,-1.));
#5992 = ORIENTED_EDGE('',*,*,#5993,.T.);
#5993 = EDGE_CURVE('',#5986,#1672,#5994,.T.);
#5994 = LINE('',#5995,#5996);
#5995 = CARTESIAN_POINT('',(1.075,0.51,-38.));
#5996 = VECTOR('',#5997,1.);
#5997 = DIRECTION('',(-0.,-1.,-0.));
#5998 = PLANE('',#5999);
#5999 = AXIS2_PLACEMENT_3D('',#6000,#6001,#6002);
#6000 = CARTESIAN_POINT('',(1.075,0.51,-38.));
#6001 = DIRECTION('',(1.,0.,0.));
#6002 = DIRECTION('',(0.,0.,1.));
#6003 = ADVANCED_FACE('',(#6004),#6022,.F.);
#6004 = FACE_BOUND('',#6005,.F.);
#6005 = EDGE_LOOP('',(#6006,#6007,#6015,#6021));
#6006 = ORIENTED_EDGE('',*,*,#3330,.T.);
#6007 = ORIENTED_EDGE('',*,*,#6008,.F.);
#6008 = EDGE_CURVE('',#6009,#1688,#6011,.T.);
#6009 = VERTEX_POINT('',#6010);
#6010 = CARTESIAN_POINT('',(1.425,0.51,-39.7));
#6011 = LINE('',#6012,#6013);
#6012 = CARTESIAN_POINT('',(1.425,0.51,-39.7));
#6013 = VECTOR('',#6014,1.);
#6014 = DIRECTION('',(-0.,-1.,-0.));
#6015 = ORIENTED_EDGE('',*,*,#6016,.F.);
#6016 = EDGE_CURVE('',#5978,#6009,#6017,.T.);
#6017 = LINE('',#6018,#6019);
#6018 = CARTESIAN_POINT('',(1.075,0.51,-39.7));
#6019 = VECTOR('',#6020,1.);
#6020 = DIRECTION('',(1.,0.,0.));
#6021 = ORIENTED_EDGE('',*,*,#5977,.T.);
#6022 = PLANE('',#6023);
#6023 = AXIS2_PLACEMENT_3D('',#6024,#6025,#6026);
#6024 = CARTESIAN_POINT('',(1.075,0.51,-39.7));
#6025 = DIRECTION('',(0.,0.,1.));
#6026 = DIRECTION('',(-1.,0.,0.));
#6027 = ADVANCED_FACE('',(#6028),#6046,.F.);
#6028 = FACE_BOUND('',#6029,.F.);
#6029 = EDGE_LOOP('',(#6030,#6031,#6039,#6045));
#6030 = ORIENTED_EDGE('',*,*,#1687,.T.);
#6031 = ORIENTED_EDGE('',*,*,#6032,.F.);
#6032 = EDGE_CURVE('',#6033,#1680,#6035,.T.);
#6033 = VERTEX_POINT('',#6034);
#6034 = CARTESIAN_POINT('',(1.425,0.51,-38.));
#6035 = LINE('',#6036,#6037);
#6036 = CARTESIAN_POINT('',(1.425,0.51,-38.));
#6037 = VECTOR('',#6038,1.);
#6038 = DIRECTION('',(-0.,-1.,-0.));
#6039 = ORIENTED_EDGE('',*,*,#6040,.F.);
#6040 = EDGE_CURVE('',#6009,#6033,#6041,.T.);
#6041 = LINE('',#6042,#6043);
#6042 = CARTESIAN_POINT('',(1.425,0.51,-39.7));
#6043 = VECTOR('',#6044,1.);
#6044 = DIRECTION('',(0.,0.,1.));
#6045 = ORIENTED_EDGE('',*,*,#6008,.T.);
#6046 = PLANE('',#6047);
#6047 = AXIS2_PLACEMENT_3D('',#6048,#6049,#6050);
#6048 = CARTESIAN_POINT('',(1.425,0.51,-38.));
#6049 = DIRECTION('',(-1.,-0.,-0.));
#6050 = DIRECTION('',(0.,0.,-1.));
#6051 = ADVANCED_FACE('',(#6052),#6063,.F.);
#6052 = FACE_BOUND('',#6053,.F.);
#6053 = EDGE_LOOP('',(#6054,#6055,#6056,#6062));
#6054 = ORIENTED_EDGE('',*,*,#1679,.T.);
#6055 = ORIENTED_EDGE('',*,*,#5993,.F.);
#6056 = ORIENTED_EDGE('',*,*,#6057,.F.);
#6057 = EDGE_CURVE('',#6033,#5986,#6058,.T.);
#6058 = LINE('',#6059,#6060);
#6059 = CARTESIAN_POINT('',(1.425,0.51,-38.));
#6060 = VECTOR('',#6061,1.);
#6061 = DIRECTION('',(-1.,-0.,-0.));
#6062 = ORIENTED_EDGE('',*,*,#6032,.T.);
#6063 = PLANE('',#6064);
#6064 = AXIS2_PLACEMENT_3D('',#6065,#6066,#6067);
#6065 = CARTESIAN_POINT('',(1.075,0.51,-38.));
#6066 = DIRECTION('',(-0.,-0.,-1.));
#6067 = DIRECTION('',(1.,0.,0.));
#6068 = ADVANCED_FACE('',(#6069),#6075,.T.);
#6069 = FACE_BOUND('',#6070,.F.);
#6070 = EDGE_LOOP('',(#6071,#6072,#6073,#6074));
#6071 = ORIENTED_EDGE('',*,*,#5985,.T.);
#6072 = ORIENTED_EDGE('',*,*,#6016,.T.);
#6073 = ORIENTED_EDGE('',*,*,#6040,.T.);
#6074 = ORIENTED_EDGE('',*,*,#6057,.T.);
#6075 = PLANE('',#6076);
#6076 = AXIS2_PLACEMENT_3D('',#6077,#6078,#6079);
#6077 = CARTESIAN_POINT('',(0.,0.51,0.));
#6078 = DIRECTION('',(0.,1.,0.));
#6079 = DIRECTION('',(0.,0.,1.));
#6080 = ADVANCED_FACE('',(#6081),#6106,.F.);
#6081 = FACE_BOUND('',#6082,.F.);
#6082 = EDGE_LOOP('',(#6083,#6084,#6092,#6100));
#6083 = ORIENTED_EDGE('',*,*,#1639,.T.);
#6084 = ORIENTED_EDGE('',*,*,#6085,.F.);
#6085 = EDGE_CURVE('',#6086,#1632,#6088,.T.);
#6086 = VERTEX_POINT('',#6087);
#6087 = CARTESIAN_POINT('',(0.575,0.51,-39.7));
#6088 = LINE('',#6089,#6090);
#6089 = CARTESIAN_POINT('',(0.575,0.51,-39.7));
#6090 = VECTOR('',#6091,1.);
#6091 = DIRECTION('',(-0.,-1.,-0.));
#6092 = ORIENTED_EDGE('',*,*,#6093,.F.);
#6093 = EDGE_CURVE('',#6094,#6086,#6096,.T.);
#6094 = VERTEX_POINT('',#6095);
#6095 = CARTESIAN_POINT('',(0.575,0.51,-38.));
#6096 = LINE('',#6097,#6098);
#6097 = CARTESIAN_POINT('',(0.575,0.51,-38.));
#6098 = VECTOR('',#6099,1.);
#6099 = DIRECTION('',(-0.,-0.,-1.));
#6100 = ORIENTED_EDGE('',*,*,#6101,.T.);
#6101 = EDGE_CURVE('',#6094,#1640,#6102,.T.);
#6102 = LINE('',#6103,#6104);
#6103 = CARTESIAN_POINT('',(0.575,0.51,-38.));
#6104 = VECTOR('',#6105,1.);
#6105 = DIRECTION('',(-0.,-1.,-0.));
#6106 = PLANE('',#6107);
#6107 = AXIS2_PLACEMENT_3D('',#6108,#6109,#6110);
#6108 = CARTESIAN_POINT('',(0.575,0.51,-38.));
#6109 = DIRECTION('',(1.,0.,0.));
#6110 = DIRECTION('',(0.,0.,1.));
#6111 = ADVANCED_FACE('',(#6112),#6130,.F.);
#6112 = FACE_BOUND('',#6113,.F.);
#6113 = EDGE_LOOP('',(#6114,#6115,#6123,#6129));
#6114 = ORIENTED_EDGE('',*,*,#3337,.T.);
#6115 = ORIENTED_EDGE('',*,*,#6116,.F.);
#6116 = EDGE_CURVE('',#6117,#1656,#6119,.T.);
#6117 = VERTEX_POINT('',#6118);
#6118 = CARTESIAN_POINT('',(0.925,0.51,-39.7));
#6119 = LINE('',#6120,#6121);
#6120 = CARTESIAN_POINT('',(0.925,0.51,-39.7));
#6121 = VECTOR('',#6122,1.);
#6122 = DIRECTION('',(-0.,-1.,-0.));
#6123 = ORIENTED_EDGE('',*,*,#6124,.F.);
#6124 = EDGE_CURVE('',#6086,#6117,#6125,.T.);
#6125 = LINE('',#6126,#6127);
#6126 = CARTESIAN_POINT('',(0.575,0.51,-39.7));
#6127 = VECTOR('',#6128,1.);
#6128 = DIRECTION('',(1.,0.,0.));
#6129 = ORIENTED_EDGE('',*,*,#6085,.T.);
#6130 = PLANE('',#6131);
#6131 = AXIS2_PLACEMENT_3D('',#6132,#6133,#6134);
#6132 = CARTESIAN_POINT('',(0.575,0.51,-39.7));
#6133 = DIRECTION('',(0.,0.,1.));
#6134 = DIRECTION('',(-1.,0.,0.));
#6135 = ADVANCED_FACE('',(#6136),#6154,.F.);
#6136 = FACE_BOUND('',#6137,.F.);
#6137 = EDGE_LOOP('',(#6138,#6139,#6147,#6153));
#6138 = ORIENTED_EDGE('',*,*,#1655,.T.);
#6139 = ORIENTED_EDGE('',*,*,#6140,.F.);
#6140 = EDGE_CURVE('',#6141,#1648,#6143,.T.);
#6141 = VERTEX_POINT('',#6142);
#6142 = CARTESIAN_POINT('',(0.925,0.51,-38.));
#6143 = LINE('',#6144,#6145);
#6144 = CARTESIAN_POINT('',(0.925,0.51,-38.));
#6145 = VECTOR('',#6146,1.);
#6146 = DIRECTION('',(-0.,-1.,-0.));
#6147 = ORIENTED_EDGE('',*,*,#6148,.F.);
#6148 = EDGE_CURVE('',#6117,#6141,#6149,.T.);
#6149 = LINE('',#6150,#6151);
#6150 = CARTESIAN_POINT('',(0.925,0.51,-39.7));
#6151 = VECTOR('',#6152,1.);
#6152 = DIRECTION('',(0.,0.,1.));
#6153 = ORIENTED_EDGE('',*,*,#6116,.T.);
#6154 = PLANE('',#6155);
#6155 = AXIS2_PLACEMENT_3D('',#6156,#6157,#6158);
#6156 = CARTESIAN_POINT('',(0.925,0.51,-38.));
#6157 = DIRECTION('',(-1.,-0.,-0.));
#6158 = DIRECTION('',(0.,0.,-1.));
#6159 = ADVANCED_FACE('',(#6160),#6171,.F.);
#6160 = FACE_BOUND('',#6161,.F.);
#6161 = EDGE_LOOP('',(#6162,#6163,#6164,#6170));
#6162 = ORIENTED_EDGE('',*,*,#1647,.T.);
#6163 = ORIENTED_EDGE('',*,*,#6101,.F.);
#6164 = ORIENTED_EDGE('',*,*,#6165,.F.);
#6165 = EDGE_CURVE('',#6141,#6094,#6166,.T.);
#6166 = LINE('',#6167,#6168);
#6167 = CARTESIAN_POINT('',(0.925,0.51,-38.));
#6168 = VECTOR('',#6169,1.);
#6169 = DIRECTION('',(-1.,-0.,-0.));
#6170 = ORIENTED_EDGE('',*,*,#6140,.T.);
#6171 = PLANE('',#6172);
#6172 = AXIS2_PLACEMENT_3D('',#6173,#6174,#6175);
#6173 = CARTESIAN_POINT('',(0.575,0.51,-38.));
#6174 = DIRECTION('',(-0.,-0.,-1.));
#6175 = DIRECTION('',(1.,0.,0.));
#6176 = ADVANCED_FACE('',(#6177),#6183,.T.);
#6177 = FACE_BOUND('',#6178,.F.);
#6178 = EDGE_LOOP('',(#6179,#6180,#6181,#6182));
#6179 = ORIENTED_EDGE('',*,*,#6093,.T.);
#6180 = ORIENTED_EDGE('',*,*,#6124,.T.);
#6181 = ORIENTED_EDGE('',*,*,#6148,.T.);
#6182 = ORIENTED_EDGE('',*,*,#6165,.T.);
#6183 = PLANE('',#6184);
#6184 = AXIS2_PLACEMENT_3D('',#6185,#6186,#6187);
#6185 = CARTESIAN_POINT('',(0.,0.51,0.));
#6186 = DIRECTION('',(0.,1.,0.));
#6187 = DIRECTION('',(0.,0.,1.));
#6188 = ADVANCED_FACE('',(#6189),#6214,.F.);
#6189 = FACE_BOUND('',#6190,.F.);
#6190 = EDGE_LOOP('',(#6191,#6192,#6200,#6208));
#6191 = ORIENTED_EDGE('',*,*,#1607,.T.);
#6192 = ORIENTED_EDGE('',*,*,#6193,.F.);
#6193 = EDGE_CURVE('',#6194,#1600,#6196,.T.);
#6194 = VERTEX_POINT('',#6195);
#6195 = CARTESIAN_POINT('',(7.5E-02,0.51,-39.7));
#6196 = LINE('',#6197,#6198);
#6197 = CARTESIAN_POINT('',(7.5E-02,0.51,-39.7));
#6198 = VECTOR('',#6199,1.);
#6199 = DIRECTION('',(-0.,-1.,-0.));
#6200 = ORIENTED_EDGE('',*,*,#6201,.F.);
#6201 = EDGE_CURVE('',#6202,#6194,#6204,.T.);
#6202 = VERTEX_POINT('',#6203);
#6203 = CARTESIAN_POINT('',(7.5E-02,0.51,-38.));
#6204 = LINE('',#6205,#6206);
#6205 = CARTESIAN_POINT('',(7.5E-02,0.51,-38.));
#6206 = VECTOR('',#6207,1.);
#6207 = DIRECTION('',(-0.,-0.,-1.));
#6208 = ORIENTED_EDGE('',*,*,#6209,.T.);
#6209 = EDGE_CURVE('',#6202,#1608,#6210,.T.);
#6210 = LINE('',#6211,#6212);
#6211 = CARTESIAN_POINT('',(7.5E-02,0.51,-38.));
#6212 = VECTOR('',#6213,1.);
#6213 = DIRECTION('',(-0.,-1.,-0.));
#6214 = PLANE('',#6215);
#6215 = AXIS2_PLACEMENT_3D('',#6216,#6217,#6218);
#6216 = CARTESIAN_POINT('',(7.5E-02,0.51,-38.));
#6217 = DIRECTION('',(1.,0.,0.));
#6218 = DIRECTION('',(0.,0.,1.));
#6219 = ADVANCED_FACE('',(#6220),#6238,.F.);
#6220 = FACE_BOUND('',#6221,.F.);
#6221 = EDGE_LOOP('',(#6222,#6223,#6231,#6237));
#6222 = ORIENTED_EDGE('',*,*,#3344,.T.);
#6223 = ORIENTED_EDGE('',*,*,#6224,.F.);
#6224 = EDGE_CURVE('',#6225,#1624,#6227,.T.);
#6225 = VERTEX_POINT('',#6226);
#6226 = CARTESIAN_POINT('',(0.425,0.51,-39.7));
#6227 = LINE('',#6228,#6229);
#6228 = CARTESIAN_POINT('',(0.425,0.51,-39.7));
#6229 = VECTOR('',#6230,1.);
#6230 = DIRECTION('',(-0.,-1.,-0.));
#6231 = ORIENTED_EDGE('',*,*,#6232,.F.);
#6232 = EDGE_CURVE('',#6194,#6225,#6233,.T.);
#6233 = LINE('',#6234,#6235);
#6234 = CARTESIAN_POINT('',(7.5E-02,0.51,-39.7));
#6235 = VECTOR('',#6236,1.);
#6236 = DIRECTION('',(1.,0.,0.));
#6237 = ORIENTED_EDGE('',*,*,#6193,.T.);
#6238 = PLANE('',#6239);
#6239 = AXIS2_PLACEMENT_3D('',#6240,#6241,#6242);
#6240 = CARTESIAN_POINT('',(7.5E-02,0.51,-39.7));
#6241 = DIRECTION('',(0.,0.,1.));
#6242 = DIRECTION('',(-1.,0.,0.));
#6243 = ADVANCED_FACE('',(#6244),#6262,.F.);
#6244 = FACE_BOUND('',#6245,.F.);
#6245 = EDGE_LOOP('',(#6246,#6247,#6255,#6261));
#6246 = ORIENTED_EDGE('',*,*,#1623,.T.);
#6247 = ORIENTED_EDGE('',*,*,#6248,.F.);
#6248 = EDGE_CURVE('',#6249,#1616,#6251,.T.);
#6249 = VERTEX_POINT('',#6250);
#6250 = CARTESIAN_POINT('',(0.425,0.51,-38.));
#6251 = LINE('',#6252,#6253);
#6252 = CARTESIAN_POINT('',(0.425,0.51,-38.));
#6253 = VECTOR('',#6254,1.);
#6254 = DIRECTION('',(-0.,-1.,-0.));
#6255 = ORIENTED_EDGE('',*,*,#6256,.F.);
#6256 = EDGE_CURVE('',#6225,#6249,#6257,.T.);
#6257 = LINE('',#6258,#6259);
#6258 = CARTESIAN_POINT('',(0.425,0.51,-39.7));
#6259 = VECTOR('',#6260,1.);
#6260 = DIRECTION('',(0.,0.,1.));
#6261 = ORIENTED_EDGE('',*,*,#6224,.T.);
#6262 = PLANE('',#6263);
#6263 = AXIS2_PLACEMENT_3D('',#6264,#6265,#6266);
#6264 = CARTESIAN_POINT('',(0.425,0.51,-38.));
#6265 = DIRECTION('',(-1.,-0.,-0.));
#6266 = DIRECTION('',(0.,0.,-1.));
#6267 = ADVANCED_FACE('',(#6268),#6279,.F.);
#6268 = FACE_BOUND('',#6269,.F.);
#6269 = EDGE_LOOP('',(#6270,#6271,#6272,#6278));
#6270 = ORIENTED_EDGE('',*,*,#1615,.T.);
#6271 = ORIENTED_EDGE('',*,*,#6209,.F.);
#6272 = ORIENTED_EDGE('',*,*,#6273,.F.);
#6273 = EDGE_CURVE('',#6249,#6202,#6274,.T.);
#6274 = LINE('',#6275,#6276);
#6275 = CARTESIAN_POINT('',(0.425,0.51,-38.));
#6276 = VECTOR('',#6277,1.);
#6277 = DIRECTION('',(-1.,-0.,-0.));
#6278 = ORIENTED_EDGE('',*,*,#6248,.T.);
#6279 = PLANE('',#6280);
#6280 = AXIS2_PLACEMENT_3D('',#6281,#6282,#6283);
#6281 = CARTESIAN_POINT('',(7.5E-02,0.51,-38.));
#6282 = DIRECTION('',(-0.,-0.,-1.));
#6283 = DIRECTION('',(1.,0.,0.));
#6284 = ADVANCED_FACE('',(#6285),#6291,.T.);
#6285 = FACE_BOUND('',#6286,.F.);
#6286 = EDGE_LOOP('',(#6287,#6288,#6289,#6290));
#6287 = ORIENTED_EDGE('',*,*,#6201,.T.);
#6288 = ORIENTED_EDGE('',*,*,#6232,.T.);
#6289 = ORIENTED_EDGE('',*,*,#6256,.T.);
#6290 = ORIENTED_EDGE('',*,*,#6273,.T.);
#6291 = PLANE('',#6292);
#6292 = AXIS2_PLACEMENT_3D('',#6293,#6294,#6295);
#6293 = CARTESIAN_POINT('',(0.,0.51,0.));
#6294 = DIRECTION('',(0.,1.,0.));
#6295 = DIRECTION('',(0.,0.,1.));
#6296 = ADVANCED_FACE('',(#6297),#6322,.F.);
#6297 = FACE_BOUND('',#6298,.F.);
#6298 = EDGE_LOOP('',(#6299,#6300,#6308,#6316));
#6299 = ORIENTED_EDGE('',*,*,#1575,.T.);
#6300 = ORIENTED_EDGE('',*,*,#6301,.F.);
#6301 = EDGE_CURVE('',#6302,#1568,#6304,.T.);
#6302 = VERTEX_POINT('',#6303);
#6303 = CARTESIAN_POINT('',(-0.425,0.51,-39.7));
#6304 = LINE('',#6305,#6306);
#6305 = CARTESIAN_POINT('',(-0.425,0.51,-39.7));
#6306 = VECTOR('',#6307,1.);
#6307 = DIRECTION('',(-0.,-1.,-0.));
#6308 = ORIENTED_EDGE('',*,*,#6309,.F.);
#6309 = EDGE_CURVE('',#6310,#6302,#6312,.T.);
#6310 = VERTEX_POINT('',#6311);
#6311 = CARTESIAN_POINT('',(-0.425,0.51,-38.));
#6312 = LINE('',#6313,#6314);
#6313 = CARTESIAN_POINT('',(-0.425,0.51,-38.));
#6314 = VECTOR('',#6315,1.);
#6315 = DIRECTION('',(-0.,-0.,-1.));
#6316 = ORIENTED_EDGE('',*,*,#6317,.T.);
#6317 = EDGE_CURVE('',#6310,#1576,#6318,.T.);
#6318 = LINE('',#6319,#6320);
#6319 = CARTESIAN_POINT('',(-0.425,0.51,-38.));
#6320 = VECTOR('',#6321,1.);
#6321 = DIRECTION('',(-0.,-1.,-0.));
#6322 = PLANE('',#6323);
#6323 = AXIS2_PLACEMENT_3D('',#6324,#6325,#6326);
#6324 = CARTESIAN_POINT('',(-0.425,0.51,-38.));
#6325 = DIRECTION('',(1.,0.,0.));
#6326 = DIRECTION('',(0.,0.,1.));
#6327 = ADVANCED_FACE('',(#6328),#6346,.F.);
#6328 = FACE_BOUND('',#6329,.F.);
#6329 = EDGE_LOOP('',(#6330,#6331,#6339,#6345));
#6330 = ORIENTED_EDGE('',*,*,#3351,.T.);
#6331 = ORIENTED_EDGE('',*,*,#6332,.F.);
#6332 = EDGE_CURVE('',#6333,#1592,#6335,.T.);
#6333 = VERTEX_POINT('',#6334);
#6334 = CARTESIAN_POINT('',(-7.5E-02,0.51,-39.7));
#6335 = LINE('',#6336,#6337);
#6336 = CARTESIAN_POINT('',(-7.5E-02,0.51,-39.7));
#6337 = VECTOR('',#6338,1.);
#6338 = DIRECTION('',(-0.,-1.,-0.));
#6339 = ORIENTED_EDGE('',*,*,#6340,.F.);
#6340 = EDGE_CURVE('',#6302,#6333,#6341,.T.);
#6341 = LINE('',#6342,#6343);
#6342 = CARTESIAN_POINT('',(-0.425,0.51,-39.7));
#6343 = VECTOR('',#6344,1.);
#6344 = DIRECTION('',(1.,0.,0.));
#6345 = ORIENTED_EDGE('',*,*,#6301,.T.);
#6346 = PLANE('',#6347);
#6347 = AXIS2_PLACEMENT_3D('',#6348,#6349,#6350);
#6348 = CARTESIAN_POINT('',(-0.425,0.51,-39.7));
#6349 = DIRECTION('',(0.,0.,1.));
#6350 = DIRECTION('',(-1.,0.,0.));
#6351 = ADVANCED_FACE('',(#6352),#6370,.F.);
#6352 = FACE_BOUND('',#6353,.F.);
#6353 = EDGE_LOOP('',(#6354,#6355,#6363,#6369));
#6354 = ORIENTED_EDGE('',*,*,#1591,.T.);
#6355 = ORIENTED_EDGE('',*,*,#6356,.F.);
#6356 = EDGE_CURVE('',#6357,#1584,#6359,.T.);
#6357 = VERTEX_POINT('',#6358);
#6358 = CARTESIAN_POINT('',(-7.5E-02,0.51,-38.));
#6359 = LINE('',#6360,#6361);
#6360 = CARTESIAN_POINT('',(-7.5E-02,0.51,-38.));
#6361 = VECTOR('',#6362,1.);
#6362 = DIRECTION('',(-0.,-1.,-0.));
#6363 = ORIENTED_EDGE('',*,*,#6364,.F.);
#6364 = EDGE_CURVE('',#6333,#6357,#6365,.T.);
#6365 = LINE('',#6366,#6367);
#6366 = CARTESIAN_POINT('',(-7.5E-02,0.51,-39.7));
#6367 = VECTOR('',#6368,1.);
#6368 = DIRECTION('',(0.,0.,1.));
#6369 = ORIENTED_EDGE('',*,*,#6332,.T.);
#6370 = PLANE('',#6371);
#6371 = AXIS2_PLACEMENT_3D('',#6372,#6373,#6374);
#6372 = CARTESIAN_POINT('',(-7.5E-02,0.51,-38.));
#6373 = DIRECTION('',(-1.,-0.,-0.));
#6374 = DIRECTION('',(0.,0.,-1.));
#6375 = ADVANCED_FACE('',(#6376),#6387,.F.);
#6376 = FACE_BOUND('',#6377,.F.);
#6377 = EDGE_LOOP('',(#6378,#6379,#6380,#6386));
#6378 = ORIENTED_EDGE('',*,*,#1583,.T.);
#6379 = ORIENTED_EDGE('',*,*,#6317,.F.);
#6380 = ORIENTED_EDGE('',*,*,#6381,.F.);
#6381 = EDGE_CURVE('',#6357,#6310,#6382,.T.);
#6382 = LINE('',#6383,#6384);
#6383 = CARTESIAN_POINT('',(-7.5E-02,0.51,-38.));
#6384 = VECTOR('',#6385,1.);
#6385 = DIRECTION('',(-1.,-0.,-0.));
#6386 = ORIENTED_EDGE('',*,*,#6356,.T.);
#6387 = PLANE('',#6388);
#6388 = AXIS2_PLACEMENT_3D('',#6389,#6390,#6391);
#6389 = CARTESIAN_POINT('',(-0.425,0.51,-38.));
#6390 = DIRECTION('',(-0.,-0.,-1.));
#6391 = DIRECTION('',(1.,0.,0.));
#6392 = ADVANCED_FACE('',(#6393),#6399,.T.);
#6393 = FACE_BOUND('',#6394,.F.);
#6394 = EDGE_LOOP('',(#6395,#6396,#6397,#6398));
#6395 = ORIENTED_EDGE('',*,*,#6309,.T.);
#6396 = ORIENTED_EDGE('',*,*,#6340,.T.);
#6397 = ORIENTED_EDGE('',*,*,#6364,.T.);
#6398 = ORIENTED_EDGE('',*,*,#6381,.T.);
#6399 = PLANE('',#6400);
#6400 = AXIS2_PLACEMENT_3D('',#6401,#6402,#6403);
#6401 = CARTESIAN_POINT('',(0.,0.51,0.));
#6402 = DIRECTION('',(0.,1.,0.));
#6403 = DIRECTION('',(0.,0.,1.));
#6404 = ADVANCED_FACE('',(#6405),#6430,.F.);
#6405 = FACE_BOUND('',#6406,.F.);
#6406 = EDGE_LOOP('',(#6407,#6408,#6416,#6424));
#6407 = ORIENTED_EDGE('',*,*,#1543,.T.);
#6408 = ORIENTED_EDGE('',*,*,#6409,.F.);
#6409 = EDGE_CURVE('',#6410,#1536,#6412,.T.);
#6410 = VERTEX_POINT('',#6411);
#6411 = CARTESIAN_POINT('',(-0.925,0.51,-39.7));
#6412 = LINE('',#6413,#6414);
#6413 = CARTESIAN_POINT('',(-0.925,0.51,-39.7));
#6414 = VECTOR('',#6415,1.);
#6415 = DIRECTION('',(-0.,-1.,-0.));
#6416 = ORIENTED_EDGE('',*,*,#6417,.F.);
#6417 = EDGE_CURVE('',#6418,#6410,#6420,.T.);
#6418 = VERTEX_POINT('',#6419);
#6419 = CARTESIAN_POINT('',(-0.925,0.51,-38.));
#6420 = LINE('',#6421,#6422);
#6421 = CARTESIAN_POINT('',(-0.925,0.51,-38.));
#6422 = VECTOR('',#6423,1.);
#6423 = DIRECTION('',(-0.,-0.,-1.));
#6424 = ORIENTED_EDGE('',*,*,#6425,.T.);
#6425 = EDGE_CURVE('',#6418,#1544,#6426,.T.);
#6426 = LINE('',#6427,#6428);
#6427 = CARTESIAN_POINT('',(-0.925,0.51,-38.));
#6428 = VECTOR('',#6429,1.);
#6429 = DIRECTION('',(-0.,-1.,-0.));
#6430 = PLANE('',#6431);
#6431 = AXIS2_PLACEMENT_3D('',#6432,#6433,#6434);
#6432 = CARTESIAN_POINT('',(-0.925,0.51,-38.));
#6433 = DIRECTION('',(1.,0.,0.));
#6434 = DIRECTION('',(0.,0.,1.));
#6435 = ADVANCED_FACE('',(#6436),#6454,.F.);
#6436 = FACE_BOUND('',#6437,.F.);
#6437 = EDGE_LOOP('',(#6438,#6439,#6447,#6453));
#6438 = ORIENTED_EDGE('',*,*,#3358,.T.);
#6439 = ORIENTED_EDGE('',*,*,#6440,.F.);
#6440 = EDGE_CURVE('',#6441,#1560,#6443,.T.);
#6441 = VERTEX_POINT('',#6442);
#6442 = CARTESIAN_POINT('',(-0.575,0.51,-39.7));
#6443 = LINE('',#6444,#6445);
#6444 = CARTESIAN_POINT('',(-0.575,0.51,-39.7));
#6445 = VECTOR('',#6446,1.);
#6446 = DIRECTION('',(-0.,-1.,-0.));
#6447 = ORIENTED_EDGE('',*,*,#6448,.F.);
#6448 = EDGE_CURVE('',#6410,#6441,#6449,.T.);
#6449 = LINE('',#6450,#6451);
#6450 = CARTESIAN_POINT('',(-0.925,0.51,-39.7));
#6451 = VECTOR('',#6452,1.);
#6452 = DIRECTION('',(1.,0.,0.));
#6453 = ORIENTED_EDGE('',*,*,#6409,.T.);
#6454 = PLANE('',#6455);
#6455 = AXIS2_PLACEMENT_3D('',#6456,#6457,#6458);
#6456 = CARTESIAN_POINT('',(-0.925,0.51,-39.7));
#6457 = DIRECTION('',(0.,0.,1.));
#6458 = DIRECTION('',(-1.,0.,0.));
#6459 = ADVANCED_FACE('',(#6460),#6478,.F.);
#6460 = FACE_BOUND('',#6461,.F.);
#6461 = EDGE_LOOP('',(#6462,#6463,#6471,#6477));
#6462 = ORIENTED_EDGE('',*,*,#1559,.T.);
#6463 = ORIENTED_EDGE('',*,*,#6464,.F.);
#6464 = EDGE_CURVE('',#6465,#1552,#6467,.T.);
#6465 = VERTEX_POINT('',#6466);
#6466 = CARTESIAN_POINT('',(-0.575,0.51,-38.));
#6467 = LINE('',#6468,#6469);
#6468 = CARTESIAN_POINT('',(-0.575,0.51,-38.));
#6469 = VECTOR('',#6470,1.);
#6470 = DIRECTION('',(-0.,-1.,-0.));
#6471 = ORIENTED_EDGE('',*,*,#6472,.F.);
#6472 = EDGE_CURVE('',#6441,#6465,#6473,.T.);
#6473 = LINE('',#6474,#6475);
#6474 = CARTESIAN_POINT('',(-0.575,0.51,-39.7));
#6475 = VECTOR('',#6476,1.);
#6476 = DIRECTION('',(0.,0.,1.));
#6477 = ORIENTED_EDGE('',*,*,#6440,.T.);
#6478 = PLANE('',#6479);
#6479 = AXIS2_PLACEMENT_3D('',#6480,#6481,#6482);
#6480 = CARTESIAN_POINT('',(-0.575,0.51,-38.));
#6481 = DIRECTION('',(-1.,-0.,-0.));
#6482 = DIRECTION('',(0.,0.,-1.));
#6483 = ADVANCED_FACE('',(#6484),#6495,.F.);
#6484 = FACE_BOUND('',#6485,.F.);
#6485 = EDGE_LOOP('',(#6486,#6487,#6488,#6494));
#6486 = ORIENTED_EDGE('',*,*,#1551,.T.);
#6487 = ORIENTED_EDGE('',*,*,#6425,.F.);
#6488 = ORIENTED_EDGE('',*,*,#6489,.F.);
#6489 = EDGE_CURVE('',#6465,#6418,#6490,.T.);
#6490 = LINE('',#6491,#6492);
#6491 = CARTESIAN_POINT('',(-0.575,0.51,-38.));
#6492 = VECTOR('',#6493,1.);
#6493 = DIRECTION('',(-1.,-0.,-0.));
#6494 = ORIENTED_EDGE('',*,*,#6464,.T.);
#6495 = PLANE('',#6496);
#6496 = AXIS2_PLACEMENT_3D('',#6497,#6498,#6499);
#6497 = CARTESIAN_POINT('',(-0.925,0.51,-38.));
#6498 = DIRECTION('',(-0.,-0.,-1.));
#6499 = DIRECTION('',(1.,0.,0.));
#6500 = ADVANCED_FACE('',(#6501),#6507,.T.);
#6501 = FACE_BOUND('',#6502,.F.);
#6502 = EDGE_LOOP('',(#6503,#6504,#6505,#6506));
#6503 = ORIENTED_EDGE('',*,*,#6417,.T.);
#6504 = ORIENTED_EDGE('',*,*,#6448,.T.);
#6505 = ORIENTED_EDGE('',*,*,#6472,.T.);
#6506 = ORIENTED_EDGE('',*,*,#6489,.T.);
#6507 = PLANE('',#6508);
#6508 = AXIS2_PLACEMENT_3D('',#6509,#6510,#6511);
#6509 = CARTESIAN_POINT('',(0.,0.51,0.));
#6510 = DIRECTION('',(0.,1.,0.));
#6511 = DIRECTION('',(0.,0.,1.));
#6512 = ADVANCED_FACE('',(#6513),#6538,.F.);
#6513 = FACE_BOUND('',#6514,.F.);
#6514 = EDGE_LOOP('',(#6515,#6516,#6524,#6532));
#6515 = ORIENTED_EDGE('',*,*,#1511,.T.);
#6516 = ORIENTED_EDGE('',*,*,#6517,.F.);
#6517 = EDGE_CURVE('',#6518,#1504,#6520,.T.);
#6518 = VERTEX_POINT('',#6519);
#6519 = CARTESIAN_POINT('',(-1.425,0.51,-39.7));
#6520 = LINE('',#6521,#6522);
#6521 = CARTESIAN_POINT('',(-1.425,0.51,-39.7));
#6522 = VECTOR('',#6523,1.);
#6523 = DIRECTION('',(-0.,-1.,-0.));
#6524 = ORIENTED_EDGE('',*,*,#6525,.F.);
#6525 = EDGE_CURVE('',#6526,#6518,#6528,.T.);
#6526 = VERTEX_POINT('',#6527);
#6527 = CARTESIAN_POINT('',(-1.425,0.51,-38.));
#6528 = LINE('',#6529,#6530);
#6529 = CARTESIAN_POINT('',(-1.425,0.51,-38.));
#6530 = VECTOR('',#6531,1.);
#6531 = DIRECTION('',(-0.,-0.,-1.));
#6532 = ORIENTED_EDGE('',*,*,#6533,.T.);
#6533 = EDGE_CURVE('',#6526,#1512,#6534,.T.);
#6534 = LINE('',#6535,#6536);
#6535 = CARTESIAN_POINT('',(-1.425,0.51,-38.));
#6536 = VECTOR('',#6537,1.);
#6537 = DIRECTION('',(-0.,-1.,-0.));
#6538 = PLANE('',#6539);
#6539 = AXIS2_PLACEMENT_3D('',#6540,#6541,#6542);
#6540 = CARTESIAN_POINT('',(-1.425,0.51,-38.));
#6541 = DIRECTION('',(1.,0.,0.));
#6542 = DIRECTION('',(0.,0.,1.));
#6543 = ADVANCED_FACE('',(#6544),#6562,.F.);
#6544 = FACE_BOUND('',#6545,.F.);
#6545 = EDGE_LOOP('',(#6546,#6547,#6555,#6561));
#6546 = ORIENTED_EDGE('',*,*,#3365,.T.);
#6547 = ORIENTED_EDGE('',*,*,#6548,.F.);
#6548 = EDGE_CURVE('',#6549,#1528,#6551,.T.);
#6549 = VERTEX_POINT('',#6550);
#6550 = CARTESIAN_POINT('',(-1.075,0.51,-39.7));
#6551 = LINE('',#6552,#6553);
#6552 = CARTESIAN_POINT('',(-1.075,0.51,-39.7));
#6553 = VECTOR('',#6554,1.);
#6554 = DIRECTION('',(-0.,-1.,-0.));
#6555 = ORIENTED_EDGE('',*,*,#6556,.F.);
#6556 = EDGE_CURVE('',#6518,#6549,#6557,.T.);
#6557 = LINE('',#6558,#6559);
#6558 = CARTESIAN_POINT('',(-1.425,0.51,-39.7));
#6559 = VECTOR('',#6560,1.);
#6560 = DIRECTION('',(1.,0.,0.));
#6561 = ORIENTED_EDGE('',*,*,#6517,.T.);
#6562 = PLANE('',#6563);
#6563 = AXIS2_PLACEMENT_3D('',#6564,#6565,#6566);
#6564 = CARTESIAN_POINT('',(-1.425,0.51,-39.7));
#6565 = DIRECTION('',(0.,0.,1.));
#6566 = DIRECTION('',(-1.,0.,0.));
#6567 = ADVANCED_FACE('',(#6568),#6586,.F.);
#6568 = FACE_BOUND('',#6569,.F.);
#6569 = EDGE_LOOP('',(#6570,#6571,#6579,#6585));
#6570 = ORIENTED_EDGE('',*,*,#1527,.T.);
#6571 = ORIENTED_EDGE('',*,*,#6572,.F.);
#6572 = EDGE_CURVE('',#6573,#1520,#6575,.T.);
#6573 = VERTEX_POINT('',#6574);
#6574 = CARTESIAN_POINT('',(-1.075,0.51,-38.));
#6575 = LINE('',#6576,#6577);
#6576 = CARTESIAN_POINT('',(-1.075,0.51,-38.));
#6577 = VECTOR('',#6578,1.);
#6578 = DIRECTION('',(-0.,-1.,-0.));
#6579 = ORIENTED_EDGE('',*,*,#6580,.F.);
#6580 = EDGE_CURVE('',#6549,#6573,#6581,.T.);
#6581 = LINE('',#6582,#6583);
#6582 = CARTESIAN_POINT('',(-1.075,0.51,-39.7));
#6583 = VECTOR('',#6584,1.);
#6584 = DIRECTION('',(0.,0.,1.));
#6585 = ORIENTED_EDGE('',*,*,#6548,.T.);
#6586 = PLANE('',#6587);
#6587 = AXIS2_PLACEMENT_3D('',#6588,#6589,#6590);
#6588 = CARTESIAN_POINT('',(-1.075,0.51,-38.));
#6589 = DIRECTION('',(-1.,-0.,-0.));
#6590 = DIRECTION('',(0.,0.,-1.));
#6591 = ADVANCED_FACE('',(#6592),#6603,.F.);
#6592 = FACE_BOUND('',#6593,.F.);
#6593 = EDGE_LOOP('',(#6594,#6595,#6596,#6602));
#6594 = ORIENTED_EDGE('',*,*,#1519,.T.);
#6595 = ORIENTED_EDGE('',*,*,#6533,.F.);
#6596 = ORIENTED_EDGE('',*,*,#6597,.F.);
#6597 = EDGE_CURVE('',#6573,#6526,#6598,.T.);
#6598 = LINE('',#6599,#6600);
#6599 = CARTESIAN_POINT('',(-1.075,0.51,-38.));
#6600 = VECTOR('',#6601,1.);
#6601 = DIRECTION('',(-1.,-0.,-0.));
#6602 = ORIENTED_EDGE('',*,*,#6572,.T.);
#6603 = PLANE('',#6604);
#6604 = AXIS2_PLACEMENT_3D('',#6605,#6606,#6607);
#6605 = CARTESIAN_POINT('',(-1.425,0.51,-38.));
#6606 = DIRECTION('',(-0.,-0.,-1.));
#6607 = DIRECTION('',(1.,0.,0.));
#6608 = ADVANCED_FACE('',(#6609),#6615,.T.);
#6609 = FACE_BOUND('',#6610,.F.);
#6610 = EDGE_LOOP('',(#6611,#6612,#6613,#6614));
#6611 = ORIENTED_EDGE('',*,*,#6525,.T.);
#6612 = ORIENTED_EDGE('',*,*,#6556,.T.);
#6613 = ORIENTED_EDGE('',*,*,#6580,.T.);
#6614 = ORIENTED_EDGE('',*,*,#6597,.T.);
#6615 = PLANE('',#6616);
#6616 = AXIS2_PLACEMENT_3D('',#6617,#6618,#6619);
#6617 = CARTESIAN_POINT('',(0.,0.51,0.));
#6618 = DIRECTION('',(0.,1.,0.));
#6619 = DIRECTION('',(0.,0.,1.));
#6620 = ADVANCED_FACE('',(#6621),#6646,.F.);
#6621 = FACE_BOUND('',#6622,.F.);
#6622 = EDGE_LOOP('',(#6623,#6624,#6632,#6640));
#6623 = ORIENTED_EDGE('',*,*,#1479,.T.);
#6624 = ORIENTED_EDGE('',*,*,#6625,.F.);
#6625 = EDGE_CURVE('',#6626,#1472,#6628,.T.);
#6626 = VERTEX_POINT('',#6627);
#6627 = CARTESIAN_POINT('',(-1.925,0.51,-39.7));
#6628 = LINE('',#6629,#6630);
#6629 = CARTESIAN_POINT('',(-1.925,0.51,-39.7));
#6630 = VECTOR('',#6631,1.);
#6631 = DIRECTION('',(-0.,-1.,-0.));
#6632 = ORIENTED_EDGE('',*,*,#6633,.F.);
#6633 = EDGE_CURVE('',#6634,#6626,#6636,.T.);
#6634 = VERTEX_POINT('',#6635);
#6635 = CARTESIAN_POINT('',(-1.925,0.51,-38.));
#6636 = LINE('',#6637,#6638);
#6637 = CARTESIAN_POINT('',(-1.925,0.51,-38.));
#6638 = VECTOR('',#6639,1.);
#6639 = DIRECTION('',(-0.,-0.,-1.));
#6640 = ORIENTED_EDGE('',*,*,#6641,.T.);
#6641 = EDGE_CURVE('',#6634,#1480,#6642,.T.);
#6642 = LINE('',#6643,#6644);
#6643 = CARTESIAN_POINT('',(-1.925,0.51,-38.));
#6644 = VECTOR('',#6645,1.);
#6645 = DIRECTION('',(-0.,-1.,-0.));
#6646 = PLANE('',#6647);
#6647 = AXIS2_PLACEMENT_3D('',#6648,#6649,#6650);
#6648 = CARTESIAN_POINT('',(-1.925,0.51,-38.));
#6649 = DIRECTION('',(1.,0.,0.));
#6650 = DIRECTION('',(0.,0.,1.));
#6651 = ADVANCED_FACE('',(#6652),#6670,.F.);
#6652 = FACE_BOUND('',#6653,.F.);
#6653 = EDGE_LOOP('',(#6654,#6655,#6663,#6669));
#6654 = ORIENTED_EDGE('',*,*,#3372,.T.);
#6655 = ORIENTED_EDGE('',*,*,#6656,.F.);
#6656 = EDGE_CURVE('',#6657,#1496,#6659,.T.);
#6657 = VERTEX_POINT('',#6658);
#6658 = CARTESIAN_POINT('',(-1.575,0.51,-39.7));
#6659 = LINE('',#6660,#6661);
#6660 = CARTESIAN_POINT('',(-1.575,0.51,-39.7));
#6661 = VECTOR('',#6662,1.);
#6662 = DIRECTION('',(-0.,-1.,-0.));
#6663 = ORIENTED_EDGE('',*,*,#6664,.F.);
#6664 = EDGE_CURVE('',#6626,#6657,#6665,.T.);
#6665 = LINE('',#6666,#6667);
#6666 = CARTESIAN_POINT('',(-1.925,0.51,-39.7));
#6667 = VECTOR('',#6668,1.);
#6668 = DIRECTION('',(1.,0.,0.));
#6669 = ORIENTED_EDGE('',*,*,#6625,.T.);
#6670 = PLANE('',#6671);
#6671 = AXIS2_PLACEMENT_3D('',#6672,#6673,#6674);
#6672 = CARTESIAN_POINT('',(-1.925,0.51,-39.7));
#6673 = DIRECTION('',(0.,0.,1.));
#6674 = DIRECTION('',(-1.,0.,0.));
#6675 = ADVANCED_FACE('',(#6676),#6694,.F.);
#6676 = FACE_BOUND('',#6677,.F.);
#6677 = EDGE_LOOP('',(#6678,#6679,#6687,#6693));
#6678 = ORIENTED_EDGE('',*,*,#1495,.T.);
#6679 = ORIENTED_EDGE('',*,*,#6680,.F.);
#6680 = EDGE_CURVE('',#6681,#1488,#6683,.T.);
#6681 = VERTEX_POINT('',#6682);
#6682 = CARTESIAN_POINT('',(-1.575,0.51,-38.));
#6683 = LINE('',#6684,#6685);
#6684 = CARTESIAN_POINT('',(-1.575,0.51,-38.));
#6685 = VECTOR('',#6686,1.);
#6686 = DIRECTION('',(-0.,-1.,-0.));
#6687 = ORIENTED_EDGE('',*,*,#6688,.F.);
#6688 = EDGE_CURVE('',#6657,#6681,#6689,.T.);
#6689 = LINE('',#6690,#6691);
#6690 = CARTESIAN_POINT('',(-1.575,0.51,-39.7));
#6691 = VECTOR('',#6692,1.);
#6692 = DIRECTION('',(0.,0.,1.));
#6693 = ORIENTED_EDGE('',*,*,#6656,.T.);
#6694 = PLANE('',#6695);
#6695 = AXIS2_PLACEMENT_3D('',#6696,#6697,#6698);
#6696 = CARTESIAN_POINT('',(-1.575,0.51,-38.));
#6697 = DIRECTION('',(-1.,-0.,-0.));
#6698 = DIRECTION('',(0.,0.,-1.));
#6699 = ADVANCED_FACE('',(#6700),#6711,.F.);
#6700 = FACE_BOUND('',#6701,.F.);
#6701 = EDGE_LOOP('',(#6702,#6703,#6704,#6710));
#6702 = ORIENTED_EDGE('',*,*,#1487,.T.);
#6703 = ORIENTED_EDGE('',*,*,#6641,.F.);
#6704 = ORIENTED_EDGE('',*,*,#6705,.F.);
#6705 = EDGE_CURVE('',#6681,#6634,#6706,.T.);
#6706 = LINE('',#6707,#6708);
#6707 = CARTESIAN_POINT('',(-1.575,0.51,-38.));
#6708 = VECTOR('',#6709,1.);
#6709 = DIRECTION('',(-1.,-0.,-0.));
#6710 = ORIENTED_EDGE('',*,*,#6680,.T.);
#6711 = PLANE('',#6712);
#6712 = AXIS2_PLACEMENT_3D('',#6713,#6714,#6715);
#6713 = CARTESIAN_POINT('',(-1.925,0.51,-38.));
#6714 = DIRECTION('',(-0.,-0.,-1.));
#6715 = DIRECTION('',(1.,0.,0.));
#6716 = ADVANCED_FACE('',(#6717),#6723,.T.);
#6717 = FACE_BOUND('',#6718,.F.);
#6718 = EDGE_LOOP('',(#6719,#6720,#6721,#6722));
#6719 = ORIENTED_EDGE('',*,*,#6633,.T.);
#6720 = ORIENTED_EDGE('',*,*,#6664,.T.);
#6721 = ORIENTED_EDGE('',*,*,#6688,.T.);
#6722 = ORIENTED_EDGE('',*,*,#6705,.T.);
#6723 = PLANE('',#6724);
#6724 = AXIS2_PLACEMENT_3D('',#6725,#6726,#6727);
#6725 = CARTESIAN_POINT('',(0.,0.51,0.));
#6726 = DIRECTION('',(0.,1.,0.));
#6727 = DIRECTION('',(0.,0.,1.));
#6728 = ADVANCED_FACE('',(#6729),#6754,.F.);
#6729 = FACE_BOUND('',#6730,.F.);
#6730 = EDGE_LOOP('',(#6731,#6732,#6740,#6748));
#6731 = ORIENTED_EDGE('',*,*,#1447,.T.);
#6732 = ORIENTED_EDGE('',*,*,#6733,.F.);
#6733 = EDGE_CURVE('',#6734,#1440,#6736,.T.);
#6734 = VERTEX_POINT('',#6735);
#6735 = CARTESIAN_POINT('',(-2.425,0.51,-39.7));
#6736 = LINE('',#6737,#6738);
#6737 = CARTESIAN_POINT('',(-2.425,0.51,-39.7));
#6738 = VECTOR('',#6739,1.);
#6739 = DIRECTION('',(-0.,-1.,-0.));
#6740 = ORIENTED_EDGE('',*,*,#6741,.F.);
#6741 = EDGE_CURVE('',#6742,#6734,#6744,.T.);
#6742 = VERTEX_POINT('',#6743);
#6743 = CARTESIAN_POINT('',(-2.425,0.51,-38.));
#6744 = LINE('',#6745,#6746);
#6745 = CARTESIAN_POINT('',(-2.425,0.51,-38.));
#6746 = VECTOR('',#6747,1.);
#6747 = DIRECTION('',(-0.,-0.,-1.));
#6748 = ORIENTED_EDGE('',*,*,#6749,.T.);
#6749 = EDGE_CURVE('',#6742,#1448,#6750,.T.);
#6750 = LINE('',#6751,#6752);
#6751 = CARTESIAN_POINT('',(-2.425,0.51,-38.));
#6752 = VECTOR('',#6753,1.);
#6753 = DIRECTION('',(-0.,-1.,-0.));
#6754 = PLANE('',#6755);
#6755 = AXIS2_PLACEMENT_3D('',#6756,#6757,#6758);
#6756 = CARTESIAN_POINT('',(-2.425,0.51,-38.));
#6757 = DIRECTION('',(1.,0.,0.));
#6758 = DIRECTION('',(0.,0.,1.));
#6759 = ADVANCED_FACE('',(#6760),#6778,.F.);
#6760 = FACE_BOUND('',#6761,.F.);
#6761 = EDGE_LOOP('',(#6762,#6763,#6771,#6777));
#6762 = ORIENTED_EDGE('',*,*,#3379,.T.);
#6763 = ORIENTED_EDGE('',*,*,#6764,.F.);
#6764 = EDGE_CURVE('',#6765,#1464,#6767,.T.);
#6765 = VERTEX_POINT('',#6766);
#6766 = CARTESIAN_POINT('',(-2.075,0.51,-39.7));
#6767 = LINE('',#6768,#6769);
#6768 = CARTESIAN_POINT('',(-2.075,0.51,-39.7));
#6769 = VECTOR('',#6770,1.);
#6770 = DIRECTION('',(-0.,-1.,-0.));
#6771 = ORIENTED_EDGE('',*,*,#6772,.F.);
#6772 = EDGE_CURVE('',#6734,#6765,#6773,.T.);
#6773 = LINE('',#6774,#6775);
#6774 = CARTESIAN_POINT('',(-2.425,0.51,-39.7));
#6775 = VECTOR('',#6776,1.);
#6776 = DIRECTION('',(1.,0.,0.));
#6777 = ORIENTED_EDGE('',*,*,#6733,.T.);
#6778 = PLANE('',#6779);
#6779 = AXIS2_PLACEMENT_3D('',#6780,#6781,#6782);
#6780 = CARTESIAN_POINT('',(-2.425,0.51,-39.7));
#6781 = DIRECTION('',(0.,0.,1.));
#6782 = DIRECTION('',(-1.,0.,0.));
#6783 = ADVANCED_FACE('',(#6784),#6802,.F.);
#6784 = FACE_BOUND('',#6785,.F.);
#6785 = EDGE_LOOP('',(#6786,#6787,#6795,#6801));
#6786 = ORIENTED_EDGE('',*,*,#1463,.T.);
#6787 = ORIENTED_EDGE('',*,*,#6788,.F.);
#6788 = EDGE_CURVE('',#6789,#1456,#6791,.T.);
#6789 = VERTEX_POINT('',#6790);
#6790 = CARTESIAN_POINT('',(-2.075,0.51,-38.));
#6791 = LINE('',#6792,#6793);
#6792 = CARTESIAN_POINT('',(-2.075,0.51,-38.));
#6793 = VECTOR('',#6794,1.);
#6794 = DIRECTION('',(-0.,-1.,-0.));
#6795 = ORIENTED_EDGE('',*,*,#6796,.F.);
#6796 = EDGE_CURVE('',#6765,#6789,#6797,.T.);
#6797 = LINE('',#6798,#6799);
#6798 = CARTESIAN_POINT('',(-2.075,0.51,-39.7));
#6799 = VECTOR('',#6800,1.);
#6800 = DIRECTION('',(0.,0.,1.));
#6801 = ORIENTED_EDGE('',*,*,#6764,.T.);
#6802 = PLANE('',#6803);
#6803 = AXIS2_PLACEMENT_3D('',#6804,#6805,#6806);
#6804 = CARTESIAN_POINT('',(-2.075,0.51,-38.));
#6805 = DIRECTION('',(-1.,-0.,-0.));
#6806 = DIRECTION('',(0.,0.,-1.));
#6807 = ADVANCED_FACE('',(#6808),#6819,.F.);
#6808 = FACE_BOUND('',#6809,.F.);
#6809 = EDGE_LOOP('',(#6810,#6811,#6812,#6818));
#6810 = ORIENTED_EDGE('',*,*,#1455,.T.);
#6811 = ORIENTED_EDGE('',*,*,#6749,.F.);
#6812 = ORIENTED_EDGE('',*,*,#6813,.F.);
#6813 = EDGE_CURVE('',#6789,#6742,#6814,.T.);
#6814 = LINE('',#6815,#6816);
#6815 = CARTESIAN_POINT('',(-2.075,0.51,-38.));
#6816 = VECTOR('',#6817,1.);
#6817 = DIRECTION('',(-1.,-0.,-0.));
#6818 = ORIENTED_EDGE('',*,*,#6788,.T.);
#6819 = PLANE('',#6820);
#6820 = AXIS2_PLACEMENT_3D('',#6821,#6822,#6823);
#6821 = CARTESIAN_POINT('',(-2.425,0.51,-38.));
#6822 = DIRECTION('',(-0.,-0.,-1.));
#6823 = DIRECTION('',(1.,0.,0.));
#6824 = ADVANCED_FACE('',(#6825),#6831,.T.);
#6825 = FACE_BOUND('',#6826,.F.);
#6826 = EDGE_LOOP('',(#6827,#6828,#6829,#6830));
#6827 = ORIENTED_EDGE('',*,*,#6741,.T.);
#6828 = ORIENTED_EDGE('',*,*,#6772,.T.);
#6829 = ORIENTED_EDGE('',*,*,#6796,.T.);
#6830 = ORIENTED_EDGE('',*,*,#6813,.T.);
#6831 = PLANE('',#6832);
#6832 = AXIS2_PLACEMENT_3D('',#6833,#6834,#6835);
#6833 = CARTESIAN_POINT('',(0.,0.51,0.));
#6834 = DIRECTION('',(0.,1.,0.));
#6835 = DIRECTION('',(0.,0.,1.));
#6836 = ADVANCED_FACE('',(#6837),#6862,.F.);
#6837 = FACE_BOUND('',#6838,.F.);
#6838 = EDGE_LOOP('',(#6839,#6840,#6848,#6856));
#6839 = ORIENTED_EDGE('',*,*,#1415,.T.);
#6840 = ORIENTED_EDGE('',*,*,#6841,.F.);
#6841 = EDGE_CURVE('',#6842,#1408,#6844,.T.);
#6842 = VERTEX_POINT('',#6843);
#6843 = CARTESIAN_POINT('',(-2.925,0.51,-39.7));
#6844 = LINE('',#6845,#6846);
#6845 = CARTESIAN_POINT('',(-2.925,0.51,-39.7));
#6846 = VECTOR('',#6847,1.);
#6847 = DIRECTION('',(-0.,-1.,-0.));
#6848 = ORIENTED_EDGE('',*,*,#6849,.F.);
#6849 = EDGE_CURVE('',#6850,#6842,#6852,.T.);
#6850 = VERTEX_POINT('',#6851);
#6851 = CARTESIAN_POINT('',(-2.925,0.51,-38.));
#6852 = LINE('',#6853,#6854);
#6853 = CARTESIAN_POINT('',(-2.925,0.51,-38.));
#6854 = VECTOR('',#6855,1.);
#6855 = DIRECTION('',(-0.,-0.,-1.));
#6856 = ORIENTED_EDGE('',*,*,#6857,.T.);
#6857 = EDGE_CURVE('',#6850,#1416,#6858,.T.);
#6858 = LINE('',#6859,#6860);
#6859 = CARTESIAN_POINT('',(-2.925,0.51,-38.));
#6860 = VECTOR('',#6861,1.);
#6861 = DIRECTION('',(-0.,-1.,-0.));
#6862 = PLANE('',#6863);
#6863 = AXIS2_PLACEMENT_3D('',#6864,#6865,#6866);
#6864 = CARTESIAN_POINT('',(-2.925,0.51,-38.));
#6865 = DIRECTION('',(1.,0.,0.));
#6866 = DIRECTION('',(0.,0.,1.));
#6867 = ADVANCED_FACE('',(#6868),#6886,.F.);
#6868 = FACE_BOUND('',#6869,.F.);
#6869 = EDGE_LOOP('',(#6870,#6871,#6879,#6885));
#6870 = ORIENTED_EDGE('',*,*,#3386,.T.);
#6871 = ORIENTED_EDGE('',*,*,#6872,.F.);
#6872 = EDGE_CURVE('',#6873,#1432,#6875,.T.);
#6873 = VERTEX_POINT('',#6874);
#6874 = CARTESIAN_POINT('',(-2.575,0.51,-39.7));
#6875 = LINE('',#6876,#6877);
#6876 = CARTESIAN_POINT('',(-2.575,0.51,-39.7));
#6877 = VECTOR('',#6878,1.);
#6878 = DIRECTION('',(-0.,-1.,-0.));
#6879 = ORIENTED_EDGE('',*,*,#6880,.F.);
#6880 = EDGE_CURVE('',#6842,#6873,#6881,.T.);
#6881 = LINE('',#6882,#6883);
#6882 = CARTESIAN_POINT('',(-2.925,0.51,-39.7));
#6883 = VECTOR('',#6884,1.);
#6884 = DIRECTION('',(1.,0.,0.));
#6885 = ORIENTED_EDGE('',*,*,#6841,.T.);
#6886 = PLANE('',#6887);
#6887 = AXIS2_PLACEMENT_3D('',#6888,#6889,#6890);
#6888 = CARTESIAN_POINT('',(-2.925,0.51,-39.7));
#6889 = DIRECTION('',(0.,0.,1.));
#6890 = DIRECTION('',(-1.,0.,0.));
#6891 = ADVANCED_FACE('',(#6892),#6910,.F.);
#6892 = FACE_BOUND('',#6893,.F.);
#6893 = EDGE_LOOP('',(#6894,#6895,#6903,#6909));
#6894 = ORIENTED_EDGE('',*,*,#1431,.T.);
#6895 = ORIENTED_EDGE('',*,*,#6896,.F.);
#6896 = EDGE_CURVE('',#6897,#1424,#6899,.T.);
#6897 = VERTEX_POINT('',#6898);
#6898 = CARTESIAN_POINT('',(-2.575,0.51,-38.));
#6899 = LINE('',#6900,#6901);
#6900 = CARTESIAN_POINT('',(-2.575,0.51,-38.));
#6901 = VECTOR('',#6902,1.);
#6902 = DIRECTION('',(-0.,-1.,-0.));
#6903 = ORIENTED_EDGE('',*,*,#6904,.F.);
#6904 = EDGE_CURVE('',#6873,#6897,#6905,.T.);
#6905 = LINE('',#6906,#6907);
#6906 = CARTESIAN_POINT('',(-2.575,0.51,-39.7));
#6907 = VECTOR('',#6908,1.);
#6908 = DIRECTION('',(0.,0.,1.));
#6909 = ORIENTED_EDGE('',*,*,#6872,.T.);
#6910 = PLANE('',#6911);
#6911 = AXIS2_PLACEMENT_3D('',#6912,#6913,#6914);
#6912 = CARTESIAN_POINT('',(-2.575,0.51,-38.));
#6913 = DIRECTION('',(-1.,-0.,-0.));
#6914 = DIRECTION('',(0.,0.,-1.));
#6915 = ADVANCED_FACE('',(#6916),#6927,.F.);
#6916 = FACE_BOUND('',#6917,.F.);
#6917 = EDGE_LOOP('',(#6918,#6919,#6920,#6926));
#6918 = ORIENTED_EDGE('',*,*,#1423,.T.);
#6919 = ORIENTED_EDGE('',*,*,#6857,.F.);
#6920 = ORIENTED_EDGE('',*,*,#6921,.F.);
#6921 = EDGE_CURVE('',#6897,#6850,#6922,.T.);
#6922 = LINE('',#6923,#6924);
#6923 = CARTESIAN_POINT('',(-2.575,0.51,-38.));
#6924 = VECTOR('',#6925,1.);
#6925 = DIRECTION('',(-1.,-0.,-0.));
#6926 = ORIENTED_EDGE('',*,*,#6896,.T.);
#6927 = PLANE('',#6928);
#6928 = AXIS2_PLACEMENT_3D('',#6929,#6930,#6931);
#6929 = CARTESIAN_POINT('',(-2.925,0.51,-38.));
#6930 = DIRECTION('',(-0.,-0.,-1.));
#6931 = DIRECTION('',(1.,0.,0.));
#6932 = ADVANCED_FACE('',(#6933),#6939,.T.);
#6933 = FACE_BOUND('',#6934,.F.);
#6934 = EDGE_LOOP('',(#6935,#6936,#6937,#6938));
#6935 = ORIENTED_EDGE('',*,*,#6849,.T.);
#6936 = ORIENTED_EDGE('',*,*,#6880,.T.);
#6937 = ORIENTED_EDGE('',*,*,#6904,.T.);
#6938 = ORIENTED_EDGE('',*,*,#6921,.T.);
#6939 = PLANE('',#6940);
#6940 = AXIS2_PLACEMENT_3D('',#6941,#6942,#6943);
#6941 = CARTESIAN_POINT('',(0.,0.51,0.));
#6942 = DIRECTION('',(0.,1.,0.));
#6943 = DIRECTION('',(0.,0.,1.));
#6944 = ADVANCED_FACE('',(#6945),#6970,.F.);
#6945 = FACE_BOUND('',#6946,.F.);
#6946 = EDGE_LOOP('',(#6947,#6948,#6956,#6964));
#6947 = ORIENTED_EDGE('',*,*,#1383,.T.);
#6948 = ORIENTED_EDGE('',*,*,#6949,.F.);
#6949 = EDGE_CURVE('',#6950,#1376,#6952,.T.);
#6950 = VERTEX_POINT('',#6951);
#6951 = CARTESIAN_POINT('',(-3.425,0.51,-39.7));
#6952 = LINE('',#6953,#6954);
#6953 = CARTESIAN_POINT('',(-3.425,0.51,-39.7));
#6954 = VECTOR('',#6955,1.);
#6955 = DIRECTION('',(-0.,-1.,-0.));
#6956 = ORIENTED_EDGE('',*,*,#6957,.F.);
#6957 = EDGE_CURVE('',#6958,#6950,#6960,.T.);
#6958 = VERTEX_POINT('',#6959);
#6959 = CARTESIAN_POINT('',(-3.425,0.51,-38.));
#6960 = LINE('',#6961,#6962);
#6961 = CARTESIAN_POINT('',(-3.425,0.51,-38.));
#6962 = VECTOR('',#6963,1.);
#6963 = DIRECTION('',(-0.,-0.,-1.));
#6964 = ORIENTED_EDGE('',*,*,#6965,.T.);
#6965 = EDGE_CURVE('',#6958,#1384,#6966,.T.);
#6966 = LINE('',#6967,#6968);
#6967 = CARTESIAN_POINT('',(-3.425,0.51,-38.));
#6968 = VECTOR('',#6969,1.);
#6969 = DIRECTION('',(-0.,-1.,-0.));
#6970 = PLANE('',#6971);
#6971 = AXIS2_PLACEMENT_3D('',#6972,#6973,#6974);
#6972 = CARTESIAN_POINT('',(-3.425,0.51,-38.));
#6973 = DIRECTION('',(1.,0.,0.));
#6974 = DIRECTION('',(0.,0.,1.));
#6975 = ADVANCED_FACE('',(#6976),#6994,.F.);
#6976 = FACE_BOUND('',#6977,.F.);
#6977 = EDGE_LOOP('',(#6978,#6979,#6987,#6993));
#6978 = ORIENTED_EDGE('',*,*,#3393,.T.);
#6979 = ORIENTED_EDGE('',*,*,#6980,.F.);
#6980 = EDGE_CURVE('',#6981,#1400,#6983,.T.);
#6981 = VERTEX_POINT('',#6982);
#6982 = CARTESIAN_POINT('',(-3.075,0.51,-39.7));
#6983 = LINE('',#6984,#6985);
#6984 = CARTESIAN_POINT('',(-3.075,0.51,-39.7));
#6985 = VECTOR('',#6986,1.);
#6986 = DIRECTION('',(-0.,-1.,-0.));
#6987 = ORIENTED_EDGE('',*,*,#6988,.F.);
#6988 = EDGE_CURVE('',#6950,#6981,#6989,.T.);
#6989 = LINE('',#6990,#6991);
#6990 = CARTESIAN_POINT('',(-3.425,0.51,-39.7));
#6991 = VECTOR('',#6992,1.);
#6992 = DIRECTION('',(1.,0.,0.));
#6993 = ORIENTED_EDGE('',*,*,#6949,.T.);
#6994 = PLANE('',#6995);
#6995 = AXIS2_PLACEMENT_3D('',#6996,#6997,#6998);
#6996 = CARTESIAN_POINT('',(-3.425,0.51,-39.7));
#6997 = DIRECTION('',(0.,0.,1.));
#6998 = DIRECTION('',(-1.,0.,0.));
#6999 = ADVANCED_FACE('',(#7000),#7018,.F.);
#7000 = FACE_BOUND('',#7001,.F.);
#7001 = EDGE_LOOP('',(#7002,#7003,#7011,#7017));
#7002 = ORIENTED_EDGE('',*,*,#1399,.T.);
#7003 = ORIENTED_EDGE('',*,*,#7004,.F.);
#7004 = EDGE_CURVE('',#7005,#1392,#7007,.T.);
#7005 = VERTEX_POINT('',#7006);
#7006 = CARTESIAN_POINT('',(-3.075,0.51,-38.));
#7007 = LINE('',#7008,#7009);
#7008 = CARTESIAN_POINT('',(-3.075,0.51,-38.));
#7009 = VECTOR('',#7010,1.);
#7010 = DIRECTION('',(-0.,-1.,-0.));
#7011 = ORIENTED_EDGE('',*,*,#7012,.F.);
#7012 = EDGE_CURVE('',#6981,#7005,#7013,.T.);
#7013 = LINE('',#7014,#7015);
#7014 = CARTESIAN_POINT('',(-3.075,0.51,-39.7));
#7015 = VECTOR('',#7016,1.);
#7016 = DIRECTION('',(0.,0.,1.));
#7017 = ORIENTED_EDGE('',*,*,#6980,.T.);
#7018 = PLANE('',#7019);
#7019 = AXIS2_PLACEMENT_3D('',#7020,#7021,#7022);
#7020 = CARTESIAN_POINT('',(-3.075,0.51,-38.));
#7021 = DIRECTION('',(-1.,-0.,-0.));
#7022 = DIRECTION('',(0.,0.,-1.));
#7023 = ADVANCED_FACE('',(#7024),#7035,.F.);
#7024 = FACE_BOUND('',#7025,.F.);
#7025 = EDGE_LOOP('',(#7026,#7027,#7028,#7034));
#7026 = ORIENTED_EDGE('',*,*,#1391,.T.);
#7027 = ORIENTED_EDGE('',*,*,#6965,.F.);
#7028 = ORIENTED_EDGE('',*,*,#7029,.F.);
#7029 = EDGE_CURVE('',#7005,#6958,#7030,.T.);
#7030 = LINE('',#7031,#7032);
#7031 = CARTESIAN_POINT('',(-3.075,0.51,-38.));
#7032 = VECTOR('',#7033,1.);
#7033 = DIRECTION('',(-1.,-0.,-0.));
#7034 = ORIENTED_EDGE('',*,*,#7004,.T.);
#7035 = PLANE('',#7036);
#7036 = AXIS2_PLACEMENT_3D('',#7037,#7038,#7039);
#7037 = CARTESIAN_POINT('',(-3.425,0.51,-38.));
#7038 = DIRECTION('',(-0.,-0.,-1.));
#7039 = DIRECTION('',(1.,0.,0.));
#7040 = ADVANCED_FACE('',(#7041),#7047,.T.);
#7041 = FACE_BOUND('',#7042,.F.);
#7042 = EDGE_LOOP('',(#7043,#7044,#7045,#7046));
#7043 = ORIENTED_EDGE('',*,*,#6957,.T.);
#7044 = ORIENTED_EDGE('',*,*,#6988,.T.);
#7045 = ORIENTED_EDGE('',*,*,#7012,.T.);
#7046 = ORIENTED_EDGE('',*,*,#7029,.T.);
#7047 = PLANE('',#7048);
#7048 = AXIS2_PLACEMENT_3D('',#7049,#7050,#7051);
#7049 = CARTESIAN_POINT('',(0.,0.51,0.));
#7050 = DIRECTION('',(0.,1.,0.));
#7051 = DIRECTION('',(0.,0.,1.));
#7052 = ADVANCED_FACE('',(#7053),#7078,.F.);
#7053 = FACE_BOUND('',#7054,.F.);
#7054 = EDGE_LOOP('',(#7055,#7056,#7064,#7072));
#7055 = ORIENTED_EDGE('',*,*,#1351,.T.);
#7056 = ORIENTED_EDGE('',*,*,#7057,.F.);
#7057 = EDGE_CURVE('',#7058,#1344,#7060,.T.);
#7058 = VERTEX_POINT('',#7059);
#7059 = CARTESIAN_POINT('',(-3.925,0.51,-39.7));
#7060 = LINE('',#7061,#7062);
#7061 = CARTESIAN_POINT('',(-3.925,0.51,-39.7));
#7062 = VECTOR('',#7063,1.);
#7063 = DIRECTION('',(-0.,-1.,-0.));
#7064 = ORIENTED_EDGE('',*,*,#7065,.F.);
#7065 = EDGE_CURVE('',#7066,#7058,#7068,.T.);
#7066 = VERTEX_POINT('',#7067);
#7067 = CARTESIAN_POINT('',(-3.925,0.51,-38.));
#7068 = LINE('',#7069,#7070);
#7069 = CARTESIAN_POINT('',(-3.925,0.51,-38.));
#7070 = VECTOR('',#7071,1.);
#7071 = DIRECTION('',(-0.,-0.,-1.));
#7072 = ORIENTED_EDGE('',*,*,#7073,.T.);
#7073 = EDGE_CURVE('',#7066,#1352,#7074,.T.);
#7074 = LINE('',#7075,#7076);
#7075 = CARTESIAN_POINT('',(-3.925,0.51,-38.));
#7076 = VECTOR('',#7077,1.);
#7077 = DIRECTION('',(-0.,-1.,-0.));
#7078 = PLANE('',#7079);
#7079 = AXIS2_PLACEMENT_3D('',#7080,#7081,#7082);
#7080 = CARTESIAN_POINT('',(-3.925,0.51,-38.));
#7081 = DIRECTION('',(1.,0.,0.));
#7082 = DIRECTION('',(0.,0.,1.));
#7083 = ADVANCED_FACE('',(#7084),#7102,.F.);
#7084 = FACE_BOUND('',#7085,.F.);
#7085 = EDGE_LOOP('',(#7086,#7087,#7095,#7101));
#7086 = ORIENTED_EDGE('',*,*,#3400,.T.);
#7087 = ORIENTED_EDGE('',*,*,#7088,.F.);
#7088 = EDGE_CURVE('',#7089,#1368,#7091,.T.);
#7089 = VERTEX_POINT('',#7090);
#7090 = CARTESIAN_POINT('',(-3.575,0.51,-39.7));
#7091 = LINE('',#7092,#7093);
#7092 = CARTESIAN_POINT('',(-3.575,0.51,-39.7));
#7093 = VECTOR('',#7094,1.);
#7094 = DIRECTION('',(-0.,-1.,-0.));
#7095 = ORIENTED_EDGE('',*,*,#7096,.F.);
#7096 = EDGE_CURVE('',#7058,#7089,#7097,.T.);
#7097 = LINE('',#7098,#7099);
#7098 = CARTESIAN_POINT('',(-3.925,0.51,-39.7));
#7099 = VECTOR('',#7100,1.);
#7100 = DIRECTION('',(1.,0.,0.));
#7101 = ORIENTED_EDGE('',*,*,#7057,.T.);
#7102 = PLANE('',#7103);
#7103 = AXIS2_PLACEMENT_3D('',#7104,#7105,#7106);
#7104 = CARTESIAN_POINT('',(-3.925,0.51,-39.7));
#7105 = DIRECTION('',(0.,0.,1.));
#7106 = DIRECTION('',(-1.,0.,0.));
#7107 = ADVANCED_FACE('',(#7108),#7126,.F.);
#7108 = FACE_BOUND('',#7109,.F.);
#7109 = EDGE_LOOP('',(#7110,#7111,#7119,#7125));
#7110 = ORIENTED_EDGE('',*,*,#1367,.T.);
#7111 = ORIENTED_EDGE('',*,*,#7112,.F.);
#7112 = EDGE_CURVE('',#7113,#1360,#7115,.T.);
#7113 = VERTEX_POINT('',#7114);
#7114 = CARTESIAN_POINT('',(-3.575,0.51,-38.));
#7115 = LINE('',#7116,#7117);
#7116 = CARTESIAN_POINT('',(-3.575,0.51,-38.));
#7117 = VECTOR('',#7118,1.);
#7118 = DIRECTION('',(-0.,-1.,-0.));
#7119 = ORIENTED_EDGE('',*,*,#7120,.F.);
#7120 = EDGE_CURVE('',#7089,#7113,#7121,.T.);
#7121 = LINE('',#7122,#7123);
#7122 = CARTESIAN_POINT('',(-3.575,0.51,-39.7));
#7123 = VECTOR('',#7124,1.);
#7124 = DIRECTION('',(0.,0.,1.));
#7125 = ORIENTED_EDGE('',*,*,#7088,.T.);
#7126 = PLANE('',#7127);
#7127 = AXIS2_PLACEMENT_3D('',#7128,#7129,#7130);
#7128 = CARTESIAN_POINT('',(-3.575,0.51,-38.));
#7129 = DIRECTION('',(-1.,-0.,-0.));
#7130 = DIRECTION('',(0.,0.,-1.));
#7131 = ADVANCED_FACE('',(#7132),#7143,.F.);
#7132 = FACE_BOUND('',#7133,.F.);
#7133 = EDGE_LOOP('',(#7134,#7135,#7136,#7142));
#7134 = ORIENTED_EDGE('',*,*,#1359,.T.);
#7135 = ORIENTED_EDGE('',*,*,#7073,.F.);
#7136 = ORIENTED_EDGE('',*,*,#7137,.F.);
#7137 = EDGE_CURVE('',#7113,#7066,#7138,.T.);
#7138 = LINE('',#7139,#7140);
#7139 = CARTESIAN_POINT('',(-3.575,0.51,-38.));
#7140 = VECTOR('',#7141,1.);
#7141 = DIRECTION('',(-1.,-0.,-0.));
#7142 = ORIENTED_EDGE('',*,*,#7112,.T.);
#7143 = PLANE('',#7144);
#7144 = AXIS2_PLACEMENT_3D('',#7145,#7146,#7147);
#7145 = CARTESIAN_POINT('',(-3.925,0.51,-38.));
#7146 = DIRECTION('',(-0.,-0.,-1.));
#7147 = DIRECTION('',(1.,0.,0.));
#7148 = ADVANCED_FACE('',(#7149),#7155,.T.);
#7149 = FACE_BOUND('',#7150,.F.);
#7150 = EDGE_LOOP('',(#7151,#7152,#7153,#7154));
#7151 = ORIENTED_EDGE('',*,*,#7065,.T.);
#7152 = ORIENTED_EDGE('',*,*,#7096,.T.);
#7153 = ORIENTED_EDGE('',*,*,#7120,.T.);
#7154 = ORIENTED_EDGE('',*,*,#7137,.T.);
#7155 = PLANE('',#7156);
#7156 = AXIS2_PLACEMENT_3D('',#7157,#7158,#7159);
#7157 = CARTESIAN_POINT('',(0.,0.51,0.));
#7158 = DIRECTION('',(0.,1.,0.));
#7159 = DIRECTION('',(0.,0.,1.));
#7160 = ADVANCED_FACE('',(#7161),#7186,.F.);
#7161 = FACE_BOUND('',#7162,.F.);
#7162 = EDGE_LOOP('',(#7163,#7164,#7172,#7180));
#7163 = ORIENTED_EDGE('',*,*,#1319,.T.);
#7164 = ORIENTED_EDGE('',*,*,#7165,.F.);
#7165 = EDGE_CURVE('',#7166,#1312,#7168,.T.);
#7166 = VERTEX_POINT('',#7167);
#7167 = CARTESIAN_POINT('',(-4.425,0.51,-39.7));
#7168 = LINE('',#7169,#7170);
#7169 = CARTESIAN_POINT('',(-4.425,0.51,-39.7));
#7170 = VECTOR('',#7171,1.);
#7171 = DIRECTION('',(-0.,-1.,-0.));
#7172 = ORIENTED_EDGE('',*,*,#7173,.F.);
#7173 = EDGE_CURVE('',#7174,#7166,#7176,.T.);
#7174 = VERTEX_POINT('',#7175);
#7175 = CARTESIAN_POINT('',(-4.425,0.51,-38.));
#7176 = LINE('',#7177,#7178);
#7177 = CARTESIAN_POINT('',(-4.425,0.51,-38.));
#7178 = VECTOR('',#7179,1.);
#7179 = DIRECTION('',(-0.,-0.,-1.));
#7180 = ORIENTED_EDGE('',*,*,#7181,.T.);
#7181 = EDGE_CURVE('',#7174,#1320,#7182,.T.);
#7182 = LINE('',#7183,#7184);
#7183 = CARTESIAN_POINT('',(-4.425,0.51,-38.));
#7184 = VECTOR('',#7185,1.);
#7185 = DIRECTION('',(-0.,-1.,-0.));
#7186 = PLANE('',#7187);
#7187 = AXIS2_PLACEMENT_3D('',#7188,#7189,#7190);
#7188 = CARTESIAN_POINT('',(-4.425,0.51,-38.));
#7189 = DIRECTION('',(1.,0.,0.));
#7190 = DIRECTION('',(0.,0.,1.));
#7191 = ADVANCED_FACE('',(#7192),#7210,.F.);
#7192 = FACE_BOUND('',#7193,.F.);
#7193 = EDGE_LOOP('',(#7194,#7195,#7203,#7209));
#7194 = ORIENTED_EDGE('',*,*,#3407,.T.);
#7195 = ORIENTED_EDGE('',*,*,#7196,.F.);
#7196 = EDGE_CURVE('',#7197,#1336,#7199,.T.);
#7197 = VERTEX_POINT('',#7198);
#7198 = CARTESIAN_POINT('',(-4.075,0.51,-39.7));
#7199 = LINE('',#7200,#7201);
#7200 = CARTESIAN_POINT('',(-4.075,0.51,-39.7));
#7201 = VECTOR('',#7202,1.);
#7202 = DIRECTION('',(-0.,-1.,-0.));
#7203 = ORIENTED_EDGE('',*,*,#7204,.F.);
#7204 = EDGE_CURVE('',#7166,#7197,#7205,.T.);
#7205 = LINE('',#7206,#7207);
#7206 = CARTESIAN_POINT('',(-4.425,0.51,-39.7));
#7207 = VECTOR('',#7208,1.);
#7208 = DIRECTION('',(1.,0.,0.));
#7209 = ORIENTED_EDGE('',*,*,#7165,.T.);
#7210 = PLANE('',#7211);
#7211 = AXIS2_PLACEMENT_3D('',#7212,#7213,#7214);
#7212 = CARTESIAN_POINT('',(-4.425,0.51,-39.7));
#7213 = DIRECTION('',(0.,0.,1.));
#7214 = DIRECTION('',(-1.,0.,0.));
#7215 = ADVANCED_FACE('',(#7216),#7234,.F.);
#7216 = FACE_BOUND('',#7217,.F.);
#7217 = EDGE_LOOP('',(#7218,#7219,#7227,#7233));
#7218 = ORIENTED_EDGE('',*,*,#1335,.T.);
#7219 = ORIENTED_EDGE('',*,*,#7220,.F.);
#7220 = EDGE_CURVE('',#7221,#1328,#7223,.T.);
#7221 = VERTEX_POINT('',#7222);
#7222 = CARTESIAN_POINT('',(-4.075,0.51,-38.));
#7223 = LINE('',#7224,#7225);
#7224 = CARTESIAN_POINT('',(-4.075,0.51,-38.));
#7225 = VECTOR('',#7226,1.);
#7226 = DIRECTION('',(-0.,-1.,-0.));
#7227 = ORIENTED_EDGE('',*,*,#7228,.F.);
#7228 = EDGE_CURVE('',#7197,#7221,#7229,.T.);
#7229 = LINE('',#7230,#7231);
#7230 = CARTESIAN_POINT('',(-4.075,0.51,-39.7));
#7231 = VECTOR('',#7232,1.);
#7232 = DIRECTION('',(0.,0.,1.));
#7233 = ORIENTED_EDGE('',*,*,#7196,.T.);
#7234 = PLANE('',#7235);
#7235 = AXIS2_PLACEMENT_3D('',#7236,#7237,#7238);
#7236 = CARTESIAN_POINT('',(-4.075,0.51,-38.));
#7237 = DIRECTION('',(-1.,-0.,-0.));
#7238 = DIRECTION('',(0.,0.,-1.));
#7239 = ADVANCED_FACE('',(#7240),#7251,.F.);
#7240 = FACE_BOUND('',#7241,.F.);
#7241 = EDGE_LOOP('',(#7242,#7243,#7244,#7250));
#7242 = ORIENTED_EDGE('',*,*,#1327,.T.);
#7243 = ORIENTED_EDGE('',*,*,#7181,.F.);
#7244 = ORIENTED_EDGE('',*,*,#7245,.F.);
#7245 = EDGE_CURVE('',#7221,#7174,#7246,.T.);
#7246 = LINE('',#7247,#7248);
#7247 = CARTESIAN_POINT('',(-4.075,0.51,-38.));
#7248 = VECTOR('',#7249,1.);
#7249 = DIRECTION('',(-1.,-0.,-0.));
#7250 = ORIENTED_EDGE('',*,*,#7220,.T.);
#7251 = PLANE('',#7252);
#7252 = AXIS2_PLACEMENT_3D('',#7253,#7254,#7255);
#7253 = CARTESIAN_POINT('',(-4.425,0.51,-38.));
#7254 = DIRECTION('',(-0.,-0.,-1.));
#7255 = DIRECTION('',(1.,0.,0.));
#7256 = ADVANCED_FACE('',(#7257),#7263,.T.);
#7257 = FACE_BOUND('',#7258,.F.);
#7258 = EDGE_LOOP('',(#7259,#7260,#7261,#7262));
#7259 = ORIENTED_EDGE('',*,*,#7173,.T.);
#7260 = ORIENTED_EDGE('',*,*,#7204,.T.);
#7261 = ORIENTED_EDGE('',*,*,#7228,.T.);
#7262 = ORIENTED_EDGE('',*,*,#7245,.T.);
#7263 = PLANE('',#7264);
#7264 = AXIS2_PLACEMENT_3D('',#7265,#7266,#7267);
#7265 = CARTESIAN_POINT('',(0.,0.51,0.));
#7266 = DIRECTION('',(0.,1.,0.));
#7267 = DIRECTION('',(0.,0.,1.));
#7268 = ADVANCED_FACE('',(#7269),#7294,.F.);
#7269 = FACE_BOUND('',#7270,.F.);
#7270 = EDGE_LOOP('',(#7271,#7272,#7280,#7288));
#7271 = ORIENTED_EDGE('',*,*,#1285,.T.);
#7272 = ORIENTED_EDGE('',*,*,#7273,.F.);
#7273 = EDGE_CURVE('',#7274,#1288,#7276,.T.);
#7274 = VERTEX_POINT('',#7275);
#7275 = CARTESIAN_POINT('',(-4.925,0.51,-39.7));
#7276 = LINE('',#7277,#7278);
#7277 = CARTESIAN_POINT('',(-4.925,0.51,-39.7));
#7278 = VECTOR('',#7279,1.);
#7279 = DIRECTION('',(-0.,-1.,-0.));
#7280 = ORIENTED_EDGE('',*,*,#7281,.F.);
#7281 = EDGE_CURVE('',#7282,#7274,#7284,.T.);
#7282 = VERTEX_POINT('',#7283);
#7283 = CARTESIAN_POINT('',(-4.925,0.51,-38.));
#7284 = LINE('',#7285,#7286);
#7285 = CARTESIAN_POINT('',(-4.925,0.51,-38.));
#7286 = VECTOR('',#7287,1.);
#7287 = DIRECTION('',(-0.,-0.,-1.));
#7288 = ORIENTED_EDGE('',*,*,#7289,.T.);
#7289 = EDGE_CURVE('',#7282,#1286,#7290,.T.);
#7290 = LINE('',#7291,#7292);
#7291 = CARTESIAN_POINT('',(-4.925,0.51,-38.));
#7292 = VECTOR('',#7293,1.);
#7293 = DIRECTION('',(-0.,-1.,-0.));
#7294 = PLANE('',#7295);
#7295 = AXIS2_PLACEMENT_3D('',#7296,#7297,#7298);
#7296 = CARTESIAN_POINT('',(-4.925,0.51,-38.));
#7297 = DIRECTION('',(1.,0.,0.));
#7298 = DIRECTION('',(0.,0.,1.));
#7299 = ADVANCED_FACE('',(#7300),#7318,.F.);
#7300 = FACE_BOUND('',#7301,.F.);
#7301 = EDGE_LOOP('',(#7302,#7303,#7311,#7317));
#7302 = ORIENTED_EDGE('',*,*,#3414,.T.);
#7303 = ORIENTED_EDGE('',*,*,#7304,.F.);
#7304 = EDGE_CURVE('',#7305,#1304,#7307,.T.);
#7305 = VERTEX_POINT('',#7306);
#7306 = CARTESIAN_POINT('',(-4.575,0.51,-39.7));
#7307 = LINE('',#7308,#7309);
#7308 = CARTESIAN_POINT('',(-4.575,0.51,-39.7));
#7309 = VECTOR('',#7310,1.);
#7310 = DIRECTION('',(-0.,-1.,-0.));
#7311 = ORIENTED_EDGE('',*,*,#7312,.F.);
#7312 = EDGE_CURVE('',#7274,#7305,#7313,.T.);
#7313 = LINE('',#7314,#7315);
#7314 = CARTESIAN_POINT('',(-4.925,0.51,-39.7));
#7315 = VECTOR('',#7316,1.);
#7316 = DIRECTION('',(1.,0.,0.));
#7317 = ORIENTED_EDGE('',*,*,#7273,.T.);
#7318 = PLANE('',#7319);
#7319 = AXIS2_PLACEMENT_3D('',#7320,#7321,#7322);
#7320 = CARTESIAN_POINT('',(-4.925,0.51,-39.7));
#7321 = DIRECTION('',(0.,0.,1.));
#7322 = DIRECTION('',(-1.,0.,0.));
#7323 = ADVANCED_FACE('',(#7324),#7342,.F.);
#7324 = FACE_BOUND('',#7325,.F.);
#7325 = EDGE_LOOP('',(#7326,#7327,#7335,#7341));
#7326 = ORIENTED_EDGE('',*,*,#1303,.T.);
#7327 = ORIENTED_EDGE('',*,*,#7328,.F.);
#7328 = EDGE_CURVE('',#7329,#1296,#7331,.T.);
#7329 = VERTEX_POINT('',#7330);
#7330 = CARTESIAN_POINT('',(-4.575,0.51,-38.));
#7331 = LINE('',#7332,#7333);
#7332 = CARTESIAN_POINT('',(-4.575,0.51,-38.));
#7333 = VECTOR('',#7334,1.);
#7334 = DIRECTION('',(-0.,-1.,-0.));
#7335 = ORIENTED_EDGE('',*,*,#7336,.F.);
#7336 = EDGE_CURVE('',#7305,#7329,#7337,.T.);
#7337 = LINE('',#7338,#7339);
#7338 = CARTESIAN_POINT('',(-4.575,0.51,-39.7));
#7339 = VECTOR('',#7340,1.);
#7340 = DIRECTION('',(0.,0.,1.));
#7341 = ORIENTED_EDGE('',*,*,#7304,.T.);
#7342 = PLANE('',#7343);
#7343 = AXIS2_PLACEMENT_3D('',#7344,#7345,#7346);
#7344 = CARTESIAN_POINT('',(-4.575,0.51,-38.));
#7345 = DIRECTION('',(-1.,-0.,-0.));
#7346 = DIRECTION('',(0.,0.,-1.));
#7347 = ADVANCED_FACE('',(#7348),#7359,.F.);
#7348 = FACE_BOUND('',#7349,.F.);
#7349 = EDGE_LOOP('',(#7350,#7351,#7352,#7358));
#7350 = ORIENTED_EDGE('',*,*,#1295,.T.);
#7351 = ORIENTED_EDGE('',*,*,#7289,.F.);
#7352 = ORIENTED_EDGE('',*,*,#7353,.F.);
#7353 = EDGE_CURVE('',#7329,#7282,#7354,.T.);
#7354 = LINE('',#7355,#7356);
#7355 = CARTESIAN_POINT('',(-4.575,0.51,-38.));
#7356 = VECTOR('',#7357,1.);
#7357 = DIRECTION('',(-1.,-0.,-0.));
#7358 = ORIENTED_EDGE('',*,*,#7328,.T.);
#7359 = PLANE('',#7360);
#7360 = AXIS2_PLACEMENT_3D('',#7361,#7362,#7363);
#7361 = CARTESIAN_POINT('',(-4.925,0.51,-38.));
#7362 = DIRECTION('',(-0.,-0.,-1.));
#7363 = DIRECTION('',(1.,0.,0.));
#7364 = ADVANCED_FACE('',(#7365),#7371,.T.);
#7365 = FACE_BOUND('',#7366,.F.);
#7366 = EDGE_LOOP('',(#7367,#7368,#7369,#7370));
#7367 = ORIENTED_EDGE('',*,*,#7281,.T.);
#7368 = ORIENTED_EDGE('',*,*,#7312,.T.);
#7369 = ORIENTED_EDGE('',*,*,#7336,.T.);
#7370 = ORIENTED_EDGE('',*,*,#7353,.T.);
#7371 = PLANE('',#7372);
#7372 = AXIS2_PLACEMENT_3D('',#7373,#7374,#7375);
#7373 = CARTESIAN_POINT('',(0.,0.51,0.));
#7374 = DIRECTION('',(0.,1.,0.));
#7375 = DIRECTION('',(0.,0.,1.));
#7376 = ADVANCED_FACE('',(#7377),#7402,.F.);
#7377 = FACE_BOUND('',#7378,.F.);
#7378 = EDGE_LOOP('',(#7379,#7380,#7388,#7396));
#7379 = ORIENTED_EDGE('',*,*,#261,.T.);
#7380 = ORIENTED_EDGE('',*,*,#7381,.F.);
#7381 = EDGE_CURVE('',#7382,#254,#7384,.T.);
#7382 = VERTEX_POINT('',#7383);
#7383 = CARTESIAN_POINT('',(8.677777597,-1.E-02,-37.5));
#7384 = LINE('',#7385,#7386);
#7385 = CARTESIAN_POINT('',(8.677777597,-1.E-02,-37.5));
#7386 = VECTOR('',#7387,1.);
#7387 = DIRECTION('',(0.,1.,0.));
#7388 = ORIENTED_EDGE('',*,*,#7389,.F.);
#7389 = EDGE_CURVE('',#7390,#7382,#7392,.T.);
#7390 = VERTEX_POINT('',#7391);
#7391 = CARTESIAN_POINT('',(8.327777597,-1.E-02,-37.5));
#7392 = LINE('',#7393,#7394);
#7393 = CARTESIAN_POINT('',(8.327777597,-1.E-02,-37.5));
#7394 = VECTOR('',#7395,1.);
#7395 = DIRECTION('',(1.,0.,0.));
#7396 = ORIENTED_EDGE('',*,*,#7397,.T.);
#7397 = EDGE_CURVE('',#7390,#262,#7398,.T.);
#7398 = LINE('',#7399,#7400);
#7399 = CARTESIAN_POINT('',(8.327777597,-1.E-02,-37.5));
#7400 = VECTOR('',#7401,1.);
#7401 = DIRECTION('',(0.,1.,0.));
#7402 = PLANE('',#7403);
#7403 = AXIS2_PLACEMENT_3D('',#7404,#7405,#7406);
#7404 = CARTESIAN_POINT('',(8.327777597,-1.E-02,-37.5));
#7405 = DIRECTION('',(-0.,-0.,-1.));
#7406 = DIRECTION('',(1.,0.,0.));
#7407 = ADVANCED_FACE('',(#7408),#7426,.F.);
#7408 = FACE_BOUND('',#7409,.F.);
#7409 = EDGE_LOOP('',(#7410,#7411,#7419,#7425));
#7410 = ORIENTED_EDGE('',*,*,#253,.T.);
#7411 = ORIENTED_EDGE('',*,*,#7412,.F.);
#7412 = EDGE_CURVE('',#7413,#246,#7415,.T.);
#7413 = VERTEX_POINT('',#7414);
#7414 = CARTESIAN_POINT('',(8.677777597,-1.E-02,-39.7));
#7415 = LINE('',#7416,#7417);
#7416 = CARTESIAN_POINT('',(8.677777597,-1.E-02,-39.7));
#7417 = VECTOR('',#7418,1.);
#7418 = DIRECTION('',(0.,1.,0.));
#7419 = ORIENTED_EDGE('',*,*,#7420,.F.);
#7420 = EDGE_CURVE('',#7382,#7413,#7421,.T.);
#7421 = LINE('',#7422,#7423);
#7422 = CARTESIAN_POINT('',(8.677777597,-1.E-02,-37.5));
#7423 = VECTOR('',#7424,1.);
#7424 = DIRECTION('',(-0.,-0.,-1.));
#7425 = ORIENTED_EDGE('',*,*,#7381,.T.);
#7426 = PLANE('',#7427);
#7427 = AXIS2_PLACEMENT_3D('',#7428,#7429,#7430);
#7428 = CARTESIAN_POINT('',(8.677777597,-1.E-02,-39.7));
#7429 = DIRECTION('',(-1.,-0.,-0.));
#7430 = DIRECTION('',(0.,0.,-1.));
#7431 = ADVANCED_FACE('',(#7432),#7450,.F.);
#7432 = FACE_BOUND('',#7433,.F.);
#7433 = EDGE_LOOP('',(#7434,#7435,#7443,#7449));
#7434 = ORIENTED_EDGE('',*,*,#3150,.T.);
#7435 = ORIENTED_EDGE('',*,*,#7436,.F.);
#7436 = EDGE_CURVE('',#7437,#270,#7439,.T.);
#7437 = VERTEX_POINT('',#7438);
#7438 = CARTESIAN_POINT('',(8.327777597,-1.E-02,-39.7));
#7439 = LINE('',#7440,#7441);
#7440 = CARTESIAN_POINT('',(8.327777597,-1.E-02,-39.7));
#7441 = VECTOR('',#7442,1.);
#7442 = DIRECTION('',(0.,1.,0.));
#7443 = ORIENTED_EDGE('',*,*,#7444,.F.);
#7444 = EDGE_CURVE('',#7413,#7437,#7445,.T.);
#7445 = LINE('',#7446,#7447);
#7446 = CARTESIAN_POINT('',(8.677777597,-1.E-02,-39.7));
#7447 = VECTOR('',#7448,1.);
#7448 = DIRECTION('',(-1.,-0.,-0.));
#7449 = ORIENTED_EDGE('',*,*,#7412,.T.);
#7450 = PLANE('',#7451);
#7451 = AXIS2_PLACEMENT_3D('',#7452,#7453,#7454);
#7452 = CARTESIAN_POINT('',(8.327777597,-1.E-02,-39.7));
#7453 = DIRECTION('',(0.,0.,1.));
#7454 = DIRECTION('',(-1.,0.,0.));
#7455 = ADVANCED_FACE('',(#7456),#7467,.F.);
#7456 = FACE_BOUND('',#7457,.F.);
#7457 = EDGE_LOOP('',(#7458,#7459,#7460,#7466));
#7458 = ORIENTED_EDGE('',*,*,#269,.T.);
#7459 = ORIENTED_EDGE('',*,*,#7397,.F.);
#7460 = ORIENTED_EDGE('',*,*,#7461,.F.);
#7461 = EDGE_CURVE('',#7437,#7390,#7462,.T.);
#7462 = LINE('',#7463,#7464);
#7463 = CARTESIAN_POINT('',(8.327777597,-1.E-02,-39.7));
#7464 = VECTOR('',#7465,1.);
#7465 = DIRECTION('',(0.,0.,1.));
#7466 = ORIENTED_EDGE('',*,*,#7436,.T.);
#7467 = PLANE('',#7468);
#7468 = AXIS2_PLACEMENT_3D('',#7469,#7470,#7471);
#7469 = CARTESIAN_POINT('',(8.327777597,-1.E-02,-37.5));
#7470 = DIRECTION('',(1.,0.,0.));
#7471 = DIRECTION('',(0.,0.,1.));
#7472 = ADVANCED_FACE('',(#7473),#7479,.F.);
#7473 = FACE_BOUND('',#7474,.F.);
#7474 = EDGE_LOOP('',(#7475,#7476,#7477,#7478));
#7475 = ORIENTED_EDGE('',*,*,#7389,.T.);
#7476 = ORIENTED_EDGE('',*,*,#7420,.T.);
#7477 = ORIENTED_EDGE('',*,*,#7444,.T.);
#7478 = ORIENTED_EDGE('',*,*,#7461,.T.);
#7479 = PLANE('',#7480);
#7480 = AXIS2_PLACEMENT_3D('',#7481,#7482,#7483);
#7481 = CARTESIAN_POINT('',(0.,-1.E-02,0.));
#7482 = DIRECTION('',(0.,1.,0.));
#7483 = DIRECTION('',(0.,0.,1.));
#7484 = ADVANCED_FACE('',(#7485),#7510,.F.);
#7485 = FACE_BOUND('',#7486,.F.);
#7486 = EDGE_LOOP('',(#7487,#7488,#7496,#7504));
#7487 = ORIENTED_EDGE('',*,*,#229,.T.);
#7488 = ORIENTED_EDGE('',*,*,#7489,.F.);
#7489 = EDGE_CURVE('',#7490,#222,#7492,.T.);
#7490 = VERTEX_POINT('',#7491);
#7491 = CARTESIAN_POINT('',(9.177777597,-1.E-02,-37.5));
#7492 = LINE('',#7493,#7494);
#7493 = CARTESIAN_POINT('',(9.177777597,-1.E-02,-37.5));
#7494 = VECTOR('',#7495,1.);
#7495 = DIRECTION('',(0.,1.,0.));
#7496 = ORIENTED_EDGE('',*,*,#7497,.F.);
#7497 = EDGE_CURVE('',#7498,#7490,#7500,.T.);
#7498 = VERTEX_POINT('',#7499);
#7499 = CARTESIAN_POINT('',(8.827777597,-1.E-02,-37.5));
#7500 = LINE('',#7501,#7502);
#7501 = CARTESIAN_POINT('',(8.827777597,-1.E-02,-37.5));
#7502 = VECTOR('',#7503,1.);
#7503 = DIRECTION('',(1.,0.,0.));
#7504 = ORIENTED_EDGE('',*,*,#7505,.T.);
#7505 = EDGE_CURVE('',#7498,#230,#7506,.T.);
#7506 = LINE('',#7507,#7508);
#7507 = CARTESIAN_POINT('',(8.827777597,-1.E-02,-37.5));
#7508 = VECTOR('',#7509,1.);
#7509 = DIRECTION('',(0.,1.,0.));
#7510 = PLANE('',#7511);
#7511 = AXIS2_PLACEMENT_3D('',#7512,#7513,#7514);
#7512 = CARTESIAN_POINT('',(8.827777597,-1.E-02,-37.5));
#7513 = DIRECTION('',(-0.,-0.,-1.));
#7514 = DIRECTION('',(1.,0.,0.));
#7515 = ADVANCED_FACE('',(#7516),#7534,.F.);
#7516 = FACE_BOUND('',#7517,.F.);
#7517 = EDGE_LOOP('',(#7518,#7519,#7527,#7533));
#7518 = ORIENTED_EDGE('',*,*,#221,.T.);
#7519 = ORIENTED_EDGE('',*,*,#7520,.F.);
#7520 = EDGE_CURVE('',#7521,#214,#7523,.T.);
#7521 = VERTEX_POINT('',#7522);
#7522 = CARTESIAN_POINT('',(9.177777597,-1.E-02,-39.7));
#7523 = LINE('',#7524,#7525);
#7524 = CARTESIAN_POINT('',(9.177777597,-1.E-02,-39.7));
#7525 = VECTOR('',#7526,1.);
#7526 = DIRECTION('',(0.,1.,0.));
#7527 = ORIENTED_EDGE('',*,*,#7528,.F.);
#7528 = EDGE_CURVE('',#7490,#7521,#7529,.T.);
#7529 = LINE('',#7530,#7531);
#7530 = CARTESIAN_POINT('',(9.177777597,-1.E-02,-37.5));
#7531 = VECTOR('',#7532,1.);
#7532 = DIRECTION('',(-0.,-0.,-1.));
#7533 = ORIENTED_EDGE('',*,*,#7489,.T.);
#7534 = PLANE('',#7535);
#7535 = AXIS2_PLACEMENT_3D('',#7536,#7537,#7538);
#7536 = CARTESIAN_POINT('',(9.177777597,-1.E-02,-39.7));
#7537 = DIRECTION('',(-1.,-0.,-0.));
#7538 = DIRECTION('',(0.,0.,-1.));
#7539 = ADVANCED_FACE('',(#7540),#7558,.F.);
#7540 = FACE_BOUND('',#7541,.F.);
#7541 = EDGE_LOOP('',(#7542,#7543,#7551,#7557));
#7542 = ORIENTED_EDGE('',*,*,#3157,.T.);
#7543 = ORIENTED_EDGE('',*,*,#7544,.F.);
#7544 = EDGE_CURVE('',#7545,#238,#7547,.T.);
#7545 = VERTEX_POINT('',#7546);
#7546 = CARTESIAN_POINT('',(8.827777597,-1.E-02,-39.7));
#7547 = LINE('',#7548,#7549);
#7548 = CARTESIAN_POINT('',(8.827777597,-1.E-02,-39.7));
#7549 = VECTOR('',#7550,1.);
#7550 = DIRECTION('',(0.,1.,0.));
#7551 = ORIENTED_EDGE('',*,*,#7552,.F.);
#7552 = EDGE_CURVE('',#7521,#7545,#7553,.T.);
#7553 = LINE('',#7554,#7555);
#7554 = CARTESIAN_POINT('',(9.177777597,-1.E-02,-39.7));
#7555 = VECTOR('',#7556,1.);
#7556 = DIRECTION('',(-1.,-0.,-0.));
#7557 = ORIENTED_EDGE('',*,*,#7520,.T.);
#7558 = PLANE('',#7559);
#7559 = AXIS2_PLACEMENT_3D('',#7560,#7561,#7562);
#7560 = CARTESIAN_POINT('',(8.827777597,-1.E-02,-39.7));
#7561 = DIRECTION('',(0.,0.,1.));
#7562 = DIRECTION('',(-1.,0.,0.));
#7563 = ADVANCED_FACE('',(#7564),#7575,.F.);
#7564 = FACE_BOUND('',#7565,.F.);
#7565 = EDGE_LOOP('',(#7566,#7567,#7568,#7574));
#7566 = ORIENTED_EDGE('',*,*,#237,.T.);
#7567 = ORIENTED_EDGE('',*,*,#7505,.F.);
#7568 = ORIENTED_EDGE('',*,*,#7569,.F.);
#7569 = EDGE_CURVE('',#7545,#7498,#7570,.T.);
#7570 = LINE('',#7571,#7572);
#7571 = CARTESIAN_POINT('',(8.827777597,-1.E-02,-39.7));
#7572 = VECTOR('',#7573,1.);
#7573 = DIRECTION('',(0.,0.,1.));
#7574 = ORIENTED_EDGE('',*,*,#7544,.T.);
#7575 = PLANE('',#7576);
#7576 = AXIS2_PLACEMENT_3D('',#7577,#7578,#7579);
#7577 = CARTESIAN_POINT('',(8.827777597,-1.E-02,-37.5));
#7578 = DIRECTION('',(1.,0.,0.));
#7579 = DIRECTION('',(0.,0.,1.));
#7580 = ADVANCED_FACE('',(#7581),#7587,.F.);
#7581 = FACE_BOUND('',#7582,.F.);
#7582 = EDGE_LOOP('',(#7583,#7584,#7585,#7586));
#7583 = ORIENTED_EDGE('',*,*,#7497,.T.);
#7584 = ORIENTED_EDGE('',*,*,#7528,.T.);
#7585 = ORIENTED_EDGE('',*,*,#7552,.T.);
#7586 = ORIENTED_EDGE('',*,*,#7569,.T.);
#7587 = PLANE('',#7588);
#7588 = AXIS2_PLACEMENT_3D('',#7589,#7590,#7591);
#7589 = CARTESIAN_POINT('',(0.,-1.E-02,0.));
#7590 = DIRECTION('',(0.,1.,0.));
#7591 = DIRECTION('',(0.,0.,1.));
#7592 = ADVANCED_FACE('',(#7593),#7618,.F.);
#7593 = FACE_BOUND('',#7594,.F.);
#7594 = EDGE_LOOP('',(#7595,#7596,#7604,#7612));
#7595 = ORIENTED_EDGE('',*,*,#293,.T.);
#7596 = ORIENTED_EDGE('',*,*,#7597,.F.);
#7597 = EDGE_CURVE('',#7598,#286,#7600,.T.);
#7598 = VERTEX_POINT('',#7599);
#7599 = CARTESIAN_POINT('',(8.177777597,-1.E-02,-37.5));
#7600 = LINE('',#7601,#7602);
#7601 = CARTESIAN_POINT('',(8.177777597,-1.E-02,-37.5));
#7602 = VECTOR('',#7603,1.);
#7603 = DIRECTION('',(0.,1.,0.));
#7604 = ORIENTED_EDGE('',*,*,#7605,.F.);
#7605 = EDGE_CURVE('',#7606,#7598,#7608,.T.);
#7606 = VERTEX_POINT('',#7607);
#7607 = CARTESIAN_POINT('',(7.827777597,-1.E-02,-37.5));
#7608 = LINE('',#7609,#7610);
#7609 = CARTESIAN_POINT('',(7.827777597,-1.E-02,-37.5));
#7610 = VECTOR('',#7611,1.);
#7611 = DIRECTION('',(1.,0.,0.));
#7612 = ORIENTED_EDGE('',*,*,#7613,.T.);
#7613 = EDGE_CURVE('',#7606,#294,#7614,.T.);
#7614 = LINE('',#7615,#7616);
#7615 = CARTESIAN_POINT('',(7.827777597,-1.E-02,-37.5));
#7616 = VECTOR('',#7617,1.);
#7617 = DIRECTION('',(0.,1.,0.));
#7618 = PLANE('',#7619);
#7619 = AXIS2_PLACEMENT_3D('',#7620,#7621,#7622);
#7620 = CARTESIAN_POINT('',(7.827777597,-1.E-02,-37.5));
#7621 = DIRECTION('',(-0.,-0.,-1.));
#7622 = DIRECTION('',(1.,0.,0.));
#7623 = ADVANCED_FACE('',(#7624),#7642,.F.);
#7624 = FACE_BOUND('',#7625,.F.);
#7625 = EDGE_LOOP('',(#7626,#7627,#7635,#7641));
#7626 = ORIENTED_EDGE('',*,*,#285,.T.);
#7627 = ORIENTED_EDGE('',*,*,#7628,.F.);
#7628 = EDGE_CURVE('',#7629,#278,#7631,.T.);
#7629 = VERTEX_POINT('',#7630);
#7630 = CARTESIAN_POINT('',(8.177777597,-1.E-02,-39.7));
#7631 = LINE('',#7632,#7633);
#7632 = CARTESIAN_POINT('',(8.177777597,-1.E-02,-39.7));
#7633 = VECTOR('',#7634,1.);
#7634 = DIRECTION('',(0.,1.,0.));
#7635 = ORIENTED_EDGE('',*,*,#7636,.F.);
#7636 = EDGE_CURVE('',#7598,#7629,#7637,.T.);
#7637 = LINE('',#7638,#7639);
#7638 = CARTESIAN_POINT('',(8.177777597,-1.E-02,-37.5));
#7639 = VECTOR('',#7640,1.);
#7640 = DIRECTION('',(-0.,-0.,-1.));
#7641 = ORIENTED_EDGE('',*,*,#7597,.T.);
#7642 = PLANE('',#7643);
#7643 = AXIS2_PLACEMENT_3D('',#7644,#7645,#7646);
#7644 = CARTESIAN_POINT('',(8.177777597,-1.E-02,-39.7));
#7645 = DIRECTION('',(-1.,-0.,-0.));
#7646 = DIRECTION('',(0.,0.,-1.));
#7647 = ADVANCED_FACE('',(#7648),#7666,.F.);
#7648 = FACE_BOUND('',#7649,.F.);
#7649 = EDGE_LOOP('',(#7650,#7651,#7659,#7665));
#7650 = ORIENTED_EDGE('',*,*,#3143,.T.);
#7651 = ORIENTED_EDGE('',*,*,#7652,.F.);
#7652 = EDGE_CURVE('',#7653,#302,#7655,.T.);
#7653 = VERTEX_POINT('',#7654);
#7654 = CARTESIAN_POINT('',(7.827777597,-1.E-02,-39.7));
#7655 = LINE('',#7656,#7657);
#7656 = CARTESIAN_POINT('',(7.827777597,-1.E-02,-39.7));
#7657 = VECTOR('',#7658,1.);
#7658 = DIRECTION('',(0.,1.,0.));
#7659 = ORIENTED_EDGE('',*,*,#7660,.F.);
#7660 = EDGE_CURVE('',#7629,#7653,#7661,.T.);
#7661 = LINE('',#7662,#7663);
#7662 = CARTESIAN_POINT('',(8.177777597,-1.E-02,-39.7));
#7663 = VECTOR('',#7664,1.);
#7664 = DIRECTION('',(-1.,-0.,-0.));
#7665 = ORIENTED_EDGE('',*,*,#7628,.T.);
#7666 = PLANE('',#7667);
#7667 = AXIS2_PLACEMENT_3D('',#7668,#7669,#7670);
#7668 = CARTESIAN_POINT('',(7.827777597,-1.E-02,-39.7));
#7669 = DIRECTION('',(0.,0.,1.));
#7670 = DIRECTION('',(-1.,0.,0.));
#7671 = ADVANCED_FACE('',(#7672),#7683,.F.);
#7672 = FACE_BOUND('',#7673,.F.);
#7673 = EDGE_LOOP('',(#7674,#7675,#7676,#7682));
#7674 = ORIENTED_EDGE('',*,*,#301,.T.);
#7675 = ORIENTED_EDGE('',*,*,#7613,.F.);
#7676 = ORIENTED_EDGE('',*,*,#7677,.F.);
#7677 = EDGE_CURVE('',#7653,#7606,#7678,.T.);
#7678 = LINE('',#7679,#7680);
#7679 = CARTESIAN_POINT('',(7.827777597,-1.E-02,-39.7));
#7680 = VECTOR('',#7681,1.);
#7681 = DIRECTION('',(0.,0.,1.));
#7682 = ORIENTED_EDGE('',*,*,#7652,.T.);
#7683 = PLANE('',#7684);
#7684 = AXIS2_PLACEMENT_3D('',#7685,#7686,#7687);
#7685 = CARTESIAN_POINT('',(7.827777597,-1.E-02,-37.5));
#7686 = DIRECTION('',(1.,0.,0.));
#7687 = DIRECTION('',(0.,0.,1.));
#7688 = ADVANCED_FACE('',(#7689),#7695,.F.);
#7689 = FACE_BOUND('',#7690,.F.);
#7690 = EDGE_LOOP('',(#7691,#7692,#7693,#7694));
#7691 = ORIENTED_EDGE('',*,*,#7605,.T.);
#7692 = ORIENTED_EDGE('',*,*,#7636,.T.);
#7693 = ORIENTED_EDGE('',*,*,#7660,.T.);
#7694 = ORIENTED_EDGE('',*,*,#7677,.T.);
#7695 = PLANE('',#7696);
#7696 = AXIS2_PLACEMENT_3D('',#7697,#7698,#7699);
#7697 = CARTESIAN_POINT('',(0.,-1.E-02,0.));
#7698 = DIRECTION('',(0.,1.,0.));
#7699 = DIRECTION('',(0.,0.,1.));
#7700 = ADVANCED_FACE('',(#7701),#7726,.F.);
#7701 = FACE_BOUND('',#7702,.F.);
#7702 = EDGE_LOOP('',(#7703,#7704,#7712,#7720));
#7703 = ORIENTED_EDGE('',*,*,#325,.T.);
#7704 = ORIENTED_EDGE('',*,*,#7705,.F.);
#7705 = EDGE_CURVE('',#7706,#318,#7708,.T.);
#7706 = VERTEX_POINT('',#7707);
#7707 = CARTESIAN_POINT('',(7.677777597,-1.E-02,-37.5));
#7708 = LINE('',#7709,#7710);
#7709 = CARTESIAN_POINT('',(7.677777597,-1.E-02,-37.5));
#7710 = VECTOR('',#7711,1.);
#7711 = DIRECTION('',(0.,1.,0.));
#7712 = ORIENTED_EDGE('',*,*,#7713,.F.);
#7713 = EDGE_CURVE('',#7714,#7706,#7716,.T.);
#7714 = VERTEX_POINT('',#7715);
#7715 = CARTESIAN_POINT('',(7.327777597,-1.E-02,-37.5));
#7716 = LINE('',#7717,#7718);
#7717 = CARTESIAN_POINT('',(7.327777597,-1.E-02,-37.5));
#7718 = VECTOR('',#7719,1.);
#7719 = DIRECTION('',(1.,0.,0.));
#7720 = ORIENTED_EDGE('',*,*,#7721,.T.);
#7721 = EDGE_CURVE('',#7714,#326,#7722,.T.);
#7722 = LINE('',#7723,#7724);
#7723 = CARTESIAN_POINT('',(7.327777597,-1.E-02,-37.5));
#7724 = VECTOR('',#7725,1.);
#7725 = DIRECTION('',(0.,1.,0.));
#7726 = PLANE('',#7727);
#7727 = AXIS2_PLACEMENT_3D('',#7728,#7729,#7730);
#7728 = CARTESIAN_POINT('',(7.327777597,-1.E-02,-37.5));
#7729 = DIRECTION('',(-0.,-0.,-1.));
#7730 = DIRECTION('',(1.,0.,0.));
#7731 = ADVANCED_FACE('',(#7732),#7750,.F.);
#7732 = FACE_BOUND('',#7733,.F.);
#7733 = EDGE_LOOP('',(#7734,#7735,#7743,#7749));
#7734 = ORIENTED_EDGE('',*,*,#317,.T.);
#7735 = ORIENTED_EDGE('',*,*,#7736,.F.);
#7736 = EDGE_CURVE('',#7737,#310,#7739,.T.);
#7737 = VERTEX_POINT('',#7738);
#7738 = CARTESIAN_POINT('',(7.677777597,-1.E-02,-39.7));
#7739 = LINE('',#7740,#7741);
#7740 = CARTESIAN_POINT('',(7.677777597,-1.E-02,-39.7));
#7741 = VECTOR('',#7742,1.);
#7742 = DIRECTION('',(0.,1.,0.));
#7743 = ORIENTED_EDGE('',*,*,#7744,.F.);
#7744 = EDGE_CURVE('',#7706,#7737,#7745,.T.);
#7745 = LINE('',#7746,#7747);
#7746 = CARTESIAN_POINT('',(7.677777597,-1.E-02,-37.5));
#7747 = VECTOR('',#7748,1.);
#7748 = DIRECTION('',(-0.,-0.,-1.));
#7749 = ORIENTED_EDGE('',*,*,#7705,.T.);
#7750 = PLANE('',#7751);
#7751 = AXIS2_PLACEMENT_3D('',#7752,#7753,#7754);
#7752 = CARTESIAN_POINT('',(7.677777597,-1.E-02,-39.7));
#7753 = DIRECTION('',(-1.,-0.,-0.));
#7754 = DIRECTION('',(0.,0.,-1.));
#7755 = ADVANCED_FACE('',(#7756),#7774,.F.);
#7756 = FACE_BOUND('',#7757,.F.);
#7757 = EDGE_LOOP('',(#7758,#7759,#7767,#7773));
#7758 = ORIENTED_EDGE('',*,*,#3136,.T.);
#7759 = ORIENTED_EDGE('',*,*,#7760,.F.);
#7760 = EDGE_CURVE('',#7761,#334,#7763,.T.);
#7761 = VERTEX_POINT('',#7762);
#7762 = CARTESIAN_POINT('',(7.327777597,-1.E-02,-39.7));
#7763 = LINE('',#7764,#7765);
#7764 = CARTESIAN_POINT('',(7.327777597,-1.E-02,-39.7));
#7765 = VECTOR('',#7766,1.);
#7766 = DIRECTION('',(0.,1.,0.));
#7767 = ORIENTED_EDGE('',*,*,#7768,.F.);
#7768 = EDGE_CURVE('',#7737,#7761,#7769,.T.);
#7769 = LINE('',#7770,#7771);
#7770 = CARTESIAN_POINT('',(7.677777597,-1.E-02,-39.7));
#7771 = VECTOR('',#7772,1.);
#7772 = DIRECTION('',(-1.,-0.,-0.));
#7773 = ORIENTED_EDGE('',*,*,#7736,.T.);
#7774 = PLANE('',#7775);
#7775 = AXIS2_PLACEMENT_3D('',#7776,#7777,#7778);
#7776 = CARTESIAN_POINT('',(7.327777597,-1.E-02,-39.7));
#7777 = DIRECTION('',(0.,0.,1.));
#7778 = DIRECTION('',(-1.,0.,0.));
#7779 = ADVANCED_FACE('',(#7780),#7791,.F.);
#7780 = FACE_BOUND('',#7781,.F.);
#7781 = EDGE_LOOP('',(#7782,#7783,#7784,#7790));
#7782 = ORIENTED_EDGE('',*,*,#333,.T.);
#7783 = ORIENTED_EDGE('',*,*,#7721,.F.);
#7784 = ORIENTED_EDGE('',*,*,#7785,.F.);
#7785 = EDGE_CURVE('',#7761,#7714,#7786,.T.);
#7786 = LINE('',#7787,#7788);
#7787 = CARTESIAN_POINT('',(7.327777597,-1.E-02,-39.7));
#7788 = VECTOR('',#7789,1.);
#7789 = DIRECTION('',(0.,0.,1.));
#7790 = ORIENTED_EDGE('',*,*,#7760,.T.);
#7791 = PLANE('',#7792);
#7792 = AXIS2_PLACEMENT_3D('',#7793,#7794,#7795);
#7793 = CARTESIAN_POINT('',(7.327777597,-1.E-02,-37.5));
#7794 = DIRECTION('',(1.,0.,0.));
#7795 = DIRECTION('',(0.,0.,1.));
#7796 = ADVANCED_FACE('',(#7797),#7803,.F.);
#7797 = FACE_BOUND('',#7798,.F.);
#7798 = EDGE_LOOP('',(#7799,#7800,#7801,#7802));
#7799 = ORIENTED_EDGE('',*,*,#7713,.T.);
#7800 = ORIENTED_EDGE('',*,*,#7744,.T.);
#7801 = ORIENTED_EDGE('',*,*,#7768,.T.);
#7802 = ORIENTED_EDGE('',*,*,#7785,.T.);
#7803 = PLANE('',#7804);
#7804 = AXIS2_PLACEMENT_3D('',#7805,#7806,#7807);
#7805 = CARTESIAN_POINT('',(0.,-1.E-02,0.));
#7806 = DIRECTION('',(0.,1.,0.));
#7807 = DIRECTION('',(0.,0.,1.));
#7808 = ADVANCED_FACE('',(#7809),#7834,.F.);
#7809 = FACE_BOUND('',#7810,.F.);
#7810 = EDGE_LOOP('',(#7811,#7812,#7820,#7828));
#7811 = ORIENTED_EDGE('',*,*,#357,.T.);
#7812 = ORIENTED_EDGE('',*,*,#7813,.F.);
#7813 = EDGE_CURVE('',#7814,#350,#7816,.T.);
#7814 = VERTEX_POINT('',#7815);
#7815 = CARTESIAN_POINT('',(7.177777597,-1.E-02,-37.5));
#7816 = LINE('',#7817,#7818);
#7817 = CARTESIAN_POINT('',(7.177777597,-1.E-02,-37.5));
#7818 = VECTOR('',#7819,1.);
#7819 = DIRECTION('',(0.,1.,0.));
#7820 = ORIENTED_EDGE('',*,*,#7821,.F.);
#7821 = EDGE_CURVE('',#7822,#7814,#7824,.T.);
#7822 = VERTEX_POINT('',#7823);
#7823 = CARTESIAN_POINT('',(6.827777597,-1.E-02,-37.5));
#7824 = LINE('',#7825,#7826);
#7825 = CARTESIAN_POINT('',(6.827777597,-1.E-02,-37.5));
#7826 = VECTOR('',#7827,1.);
#7827 = DIRECTION('',(1.,0.,0.));
#7828 = ORIENTED_EDGE('',*,*,#7829,.T.);
#7829 = EDGE_CURVE('',#7822,#358,#7830,.T.);
#7830 = LINE('',#7831,#7832);
#7831 = CARTESIAN_POINT('',(6.827777597,-1.E-02,-37.5));
#7832 = VECTOR('',#7833,1.);
#7833 = DIRECTION('',(0.,1.,0.));
#7834 = PLANE('',#7835);
#7835 = AXIS2_PLACEMENT_3D('',#7836,#7837,#7838);
#7836 = CARTESIAN_POINT('',(6.827777597,-1.E-02,-37.5));
#7837 = DIRECTION('',(-0.,-0.,-1.));
#7838 = DIRECTION('',(1.,0.,0.));
#7839 = ADVANCED_FACE('',(#7840),#7858,.F.);
#7840 = FACE_BOUND('',#7841,.F.);
#7841 = EDGE_LOOP('',(#7842,#7843,#7851,#7857));
#7842 = ORIENTED_EDGE('',*,*,#349,.T.);
#7843 = ORIENTED_EDGE('',*,*,#7844,.F.);
#7844 = EDGE_CURVE('',#7845,#342,#7847,.T.);
#7845 = VERTEX_POINT('',#7846);
#7846 = CARTESIAN_POINT('',(7.177777597,-1.E-02,-39.7));
#7847 = LINE('',#7848,#7849);
#7848 = CARTESIAN_POINT('',(7.177777597,-1.E-02,-39.7));
#7849 = VECTOR('',#7850,1.);
#7850 = DIRECTION('',(0.,1.,0.));
#7851 = ORIENTED_EDGE('',*,*,#7852,.F.);
#7852 = EDGE_CURVE('',#7814,#7845,#7853,.T.);
#7853 = LINE('',#7854,#7855);
#7854 = CARTESIAN_POINT('',(7.177777597,-1.E-02,-37.5));
#7855 = VECTOR('',#7856,1.);
#7856 = DIRECTION('',(-0.,-0.,-1.));
#7857 = ORIENTED_EDGE('',*,*,#7813,.T.);
#7858 = PLANE('',#7859);
#7859 = AXIS2_PLACEMENT_3D('',#7860,#7861,#7862);
#7860 = CARTESIAN_POINT('',(7.177777597,-1.E-02,-39.7));
#7861 = DIRECTION('',(-1.,-0.,-0.));
#7862 = DIRECTION('',(0.,0.,-1.));
#7863 = ADVANCED_FACE('',(#7864),#7882,.F.);
#7864 = FACE_BOUND('',#7865,.F.);
#7865 = EDGE_LOOP('',(#7866,#7867,#7875,#7881));
#7866 = ORIENTED_EDGE('',*,*,#3129,.T.);
#7867 = ORIENTED_EDGE('',*,*,#7868,.F.);
#7868 = EDGE_CURVE('',#7869,#366,#7871,.T.);
#7869 = VERTEX_POINT('',#7870);
#7870 = CARTESIAN_POINT('',(6.827777597,-1.E-02,-39.7));
#7871 = LINE('',#7872,#7873);
#7872 = CARTESIAN_POINT('',(6.827777597,-1.E-02,-39.7));
#7873 = VECTOR('',#7874,1.);
#7874 = DIRECTION('',(0.,1.,0.));
#7875 = ORIENTED_EDGE('',*,*,#7876,.F.);
#7876 = EDGE_CURVE('',#7845,#7869,#7877,.T.);
#7877 = LINE('',#7878,#7879);
#7878 = CARTESIAN_POINT('',(7.177777597,-1.E-02,-39.7));
#7879 = VECTOR('',#7880,1.);
#7880 = DIRECTION('',(-1.,-0.,-0.));
#7881 = ORIENTED_EDGE('',*,*,#7844,.T.);
#7882 = PLANE('',#7883);
#7883 = AXIS2_PLACEMENT_3D('',#7884,#7885,#7886);
#7884 = CARTESIAN_POINT('',(6.827777597,-1.E-02,-39.7));
#7885 = DIRECTION('',(0.,0.,1.));
#7886 = DIRECTION('',(-1.,0.,0.));
#7887 = ADVANCED_FACE('',(#7888),#7899,.F.);
#7888 = FACE_BOUND('',#7889,.F.);
#7889 = EDGE_LOOP('',(#7890,#7891,#7892,#7898));
#7890 = ORIENTED_EDGE('',*,*,#365,.T.);
#7891 = ORIENTED_EDGE('',*,*,#7829,.F.);
#7892 = ORIENTED_EDGE('',*,*,#7893,.F.);
#7893 = EDGE_CURVE('',#7869,#7822,#7894,.T.);
#7894 = LINE('',#7895,#7896);
#7895 = CARTESIAN_POINT('',(6.827777597,-1.E-02,-39.7));
#7896 = VECTOR('',#7897,1.);
#7897 = DIRECTION('',(0.,0.,1.));
#7898 = ORIENTED_EDGE('',*,*,#7868,.T.);
#7899 = PLANE('',#7900);
#7900 = AXIS2_PLACEMENT_3D('',#7901,#7902,#7903);
#7901 = CARTESIAN_POINT('',(6.827777597,-1.E-02,-37.5));
#7902 = DIRECTION('',(1.,0.,0.));
#7903 = DIRECTION('',(0.,0.,1.));
#7904 = ADVANCED_FACE('',(#7905),#7911,.F.);
#7905 = FACE_BOUND('',#7906,.F.);
#7906 = EDGE_LOOP('',(#7907,#7908,#7909,#7910));
#7907 = ORIENTED_EDGE('',*,*,#7821,.T.);
#7908 = ORIENTED_EDGE('',*,*,#7852,.T.);
#7909 = ORIENTED_EDGE('',*,*,#7876,.T.);
#7910 = ORIENTED_EDGE('',*,*,#7893,.T.);
#7911 = PLANE('',#7912);
#7912 = AXIS2_PLACEMENT_3D('',#7913,#7914,#7915);
#7913 = CARTESIAN_POINT('',(0.,-1.E-02,0.));
#7914 = DIRECTION('',(0.,1.,0.));
#7915 = DIRECTION('',(0.,0.,1.));
#7916 = ADVANCED_FACE('',(#7917),#7942,.F.);
#7917 = FACE_BOUND('',#7918,.F.);
#7918 = EDGE_LOOP('',(#7919,#7920,#7928,#7936));
#7919 = ORIENTED_EDGE('',*,*,#389,.T.);
#7920 = ORIENTED_EDGE('',*,*,#7921,.F.);
#7921 = EDGE_CURVE('',#7922,#382,#7924,.T.);
#7922 = VERTEX_POINT('',#7923);
#7923 = CARTESIAN_POINT('',(6.677777597,-1.E-02,-37.5));
#7924 = LINE('',#7925,#7926);
#7925 = CARTESIAN_POINT('',(6.677777597,-1.E-02,-37.5));
#7926 = VECTOR('',#7927,1.);
#7927 = DIRECTION('',(0.,1.,0.));
#7928 = ORIENTED_EDGE('',*,*,#7929,.F.);
#7929 = EDGE_CURVE('',#7930,#7922,#7932,.T.);
#7930 = VERTEX_POINT('',#7931);
#7931 = CARTESIAN_POINT('',(6.327777597,-1.E-02,-37.5));
#7932 = LINE('',#7933,#7934);
#7933 = CARTESIAN_POINT('',(6.327777597,-1.E-02,-37.5));
#7934 = VECTOR('',#7935,1.);
#7935 = DIRECTION('',(1.,0.,0.));
#7936 = ORIENTED_EDGE('',*,*,#7937,.T.);
#7937 = EDGE_CURVE('',#7930,#390,#7938,.T.);
#7938 = LINE('',#7939,#7940);
#7939 = CARTESIAN_POINT('',(6.327777597,-1.E-02,-37.5));
#7940 = VECTOR('',#7941,1.);
#7941 = DIRECTION('',(0.,1.,0.));
#7942 = PLANE('',#7943);
#7943 = AXIS2_PLACEMENT_3D('',#7944,#7945,#7946);
#7944 = CARTESIAN_POINT('',(6.327777597,-1.E-02,-37.5));
#7945 = DIRECTION('',(-0.,-0.,-1.));
#7946 = DIRECTION('',(1.,0.,0.));
#7947 = ADVANCED_FACE('',(#7948),#7966,.F.);
#7948 = FACE_BOUND('',#7949,.F.);
#7949 = EDGE_LOOP('',(#7950,#7951,#7959,#7965));
#7950 = ORIENTED_EDGE('',*,*,#381,.T.);
#7951 = ORIENTED_EDGE('',*,*,#7952,.F.);
#7952 = EDGE_CURVE('',#7953,#374,#7955,.T.);
#7953 = VERTEX_POINT('',#7954);
#7954 = CARTESIAN_POINT('',(6.677777597,-1.E-02,-39.7));
#7955 = LINE('',#7956,#7957);
#7956 = CARTESIAN_POINT('',(6.677777597,-1.E-02,-39.7));
#7957 = VECTOR('',#7958,1.);
#7958 = DIRECTION('',(0.,1.,0.));
#7959 = ORIENTED_EDGE('',*,*,#7960,.F.);
#7960 = EDGE_CURVE('',#7922,#7953,#7961,.T.);
#7961 = LINE('',#7962,#7963);
#7962 = CARTESIAN_POINT('',(6.677777597,-1.E-02,-37.5));
#7963 = VECTOR('',#7964,1.);
#7964 = DIRECTION('',(-0.,-0.,-1.));
#7965 = ORIENTED_EDGE('',*,*,#7921,.T.);
#7966 = PLANE('',#7967);
#7967 = AXIS2_PLACEMENT_3D('',#7968,#7969,#7970);
#7968 = CARTESIAN_POINT('',(6.677777597,-1.E-02,-39.7));
#7969 = DIRECTION('',(-1.,-0.,-0.));
#7970 = DIRECTION('',(0.,0.,-1.));
#7971 = ADVANCED_FACE('',(#7972),#7990,.F.);
#7972 = FACE_BOUND('',#7973,.F.);
#7973 = EDGE_LOOP('',(#7974,#7975,#7983,#7989));
#7974 = ORIENTED_EDGE('',*,*,#3122,.T.);
#7975 = ORIENTED_EDGE('',*,*,#7976,.F.);
#7976 = EDGE_CURVE('',#7977,#398,#7979,.T.);
#7977 = VERTEX_POINT('',#7978);
#7978 = CARTESIAN_POINT('',(6.327777597,-1.E-02,-39.7));
#7979 = LINE('',#7980,#7981);
#7980 = CARTESIAN_POINT('',(6.327777597,-1.E-02,-39.7));
#7981 = VECTOR('',#7982,1.);
#7982 = DIRECTION('',(0.,1.,0.));
#7983 = ORIENTED_EDGE('',*,*,#7984,.F.);
#7984 = EDGE_CURVE('',#7953,#7977,#7985,.T.);
#7985 = LINE('',#7986,#7987);
#7986 = CARTESIAN_POINT('',(6.677777597,-1.E-02,-39.7));
#7987 = VECTOR('',#7988,1.);
#7988 = DIRECTION('',(-1.,-0.,-0.));
#7989 = ORIENTED_EDGE('',*,*,#7952,.T.);
#7990 = PLANE('',#7991);
#7991 = AXIS2_PLACEMENT_3D('',#7992,#7993,#7994);
#7992 = CARTESIAN_POINT('',(6.327777597,-1.E-02,-39.7));
#7993 = DIRECTION('',(0.,0.,1.));
#7994 = DIRECTION('',(-1.,0.,0.));
#7995 = ADVANCED_FACE('',(#7996),#8007,.F.);
#7996 = FACE_BOUND('',#7997,.F.);
#7997 = EDGE_LOOP('',(#7998,#7999,#8000,#8006));
#7998 = ORIENTED_EDGE('',*,*,#397,.T.);
#7999 = ORIENTED_EDGE('',*,*,#7937,.F.);
#8000 = ORIENTED_EDGE('',*,*,#8001,.F.);
#8001 = EDGE_CURVE('',#7977,#7930,#8002,.T.);
#8002 = LINE('',#8003,#8004);
#8003 = CARTESIAN_POINT('',(6.327777597,-1.E-02,-39.7));
#8004 = VECTOR('',#8005,1.);
#8005 = DIRECTION('',(0.,0.,1.));
#8006 = ORIENTED_EDGE('',*,*,#7976,.T.);
#8007 = PLANE('',#8008);
#8008 = AXIS2_PLACEMENT_3D('',#8009,#8010,#8011);
#8009 = CARTESIAN_POINT('',(6.327777597,-1.E-02,-37.5));
#8010 = DIRECTION('',(1.,0.,0.));
#8011 = DIRECTION('',(0.,0.,1.));
#8012 = ADVANCED_FACE('',(#8013),#8019,.F.);
#8013 = FACE_BOUND('',#8014,.F.);
#8014 = EDGE_LOOP('',(#8015,#8016,#8017,#8018));
#8015 = ORIENTED_EDGE('',*,*,#7929,.T.);
#8016 = ORIENTED_EDGE('',*,*,#7960,.T.);
#8017 = ORIENTED_EDGE('',*,*,#7984,.T.);
#8018 = ORIENTED_EDGE('',*,*,#8001,.T.);
#8019 = PLANE('',#8020);
#8020 = AXIS2_PLACEMENT_3D('',#8021,#8022,#8023);
#8021 = CARTESIAN_POINT('',(0.,-1.E-02,0.));
#8022 = DIRECTION('',(0.,1.,0.));
#8023 = DIRECTION('',(0.,0.,1.));
#8024 = ADVANCED_FACE('',(#8025),#8050,.F.);
#8025 = FACE_BOUND('',#8026,.F.);
#8026 = EDGE_LOOP('',(#8027,#8028,#8036,#8044));
#8027 = ORIENTED_EDGE('',*,*,#421,.T.);
#8028 = ORIENTED_EDGE('',*,*,#8029,.F.);
#8029 = EDGE_CURVE('',#8030,#414,#8032,.T.);
#8030 = VERTEX_POINT('',#8031);
#8031 = CARTESIAN_POINT('',(6.177777597,-1.E-02,-37.5));
#8032 = LINE('',#8033,#8034);
#8033 = CARTESIAN_POINT('',(6.177777597,-1.E-02,-37.5));
#8034 = VECTOR('',#8035,1.);
#8035 = DIRECTION('',(0.,1.,0.));
#8036 = ORIENTED_EDGE('',*,*,#8037,.F.);
#8037 = EDGE_CURVE('',#8038,#8030,#8040,.T.);
#8038 = VERTEX_POINT('',#8039);
#8039 = CARTESIAN_POINT('',(5.827777597,-1.E-02,-37.5));
#8040 = LINE('',#8041,#8042);
#8041 = CARTESIAN_POINT('',(5.827777597,-1.E-02,-37.5));
#8042 = VECTOR('',#8043,1.);
#8043 = DIRECTION('',(1.,0.,0.));
#8044 = ORIENTED_EDGE('',*,*,#8045,.T.);
#8045 = EDGE_CURVE('',#8038,#422,#8046,.T.);
#8046 = LINE('',#8047,#8048);
#8047 = CARTESIAN_POINT('',(5.827777597,-1.E-02,-37.5));
#8048 = VECTOR('',#8049,1.);
#8049 = DIRECTION('',(0.,1.,0.));
#8050 = PLANE('',#8051);
#8051 = AXIS2_PLACEMENT_3D('',#8052,#8053,#8054);
#8052 = CARTESIAN_POINT('',(5.827777597,-1.E-02,-37.5));
#8053 = DIRECTION('',(-0.,-0.,-1.));
#8054 = DIRECTION('',(1.,0.,0.));
#8055 = ADVANCED_FACE('',(#8056),#8074,.F.);
#8056 = FACE_BOUND('',#8057,.F.);
#8057 = EDGE_LOOP('',(#8058,#8059,#8067,#8073));
#8058 = ORIENTED_EDGE('',*,*,#413,.T.);
#8059 = ORIENTED_EDGE('',*,*,#8060,.F.);
#8060 = EDGE_CURVE('',#8061,#406,#8063,.T.);
#8061 = VERTEX_POINT('',#8062);
#8062 = CARTESIAN_POINT('',(6.177777597,-1.E-02,-39.7));
#8063 = LINE('',#8064,#8065);
#8064 = CARTESIAN_POINT('',(6.177777597,-1.E-02,-39.7));
#8065 = VECTOR('',#8066,1.);
#8066 = DIRECTION('',(0.,1.,0.));
#8067 = ORIENTED_EDGE('',*,*,#8068,.F.);
#8068 = EDGE_CURVE('',#8030,#8061,#8069,.T.);
#8069 = LINE('',#8070,#8071);
#8070 = CARTESIAN_POINT('',(6.177777597,-1.E-02,-37.5));
#8071 = VECTOR('',#8072,1.);
#8072 = DIRECTION('',(-0.,-0.,-1.));
#8073 = ORIENTED_EDGE('',*,*,#8029,.T.);
#8074 = PLANE('',#8075);
#8075 = AXIS2_PLACEMENT_3D('',#8076,#8077,#8078);
#8076 = CARTESIAN_POINT('',(6.177777597,-1.E-02,-39.7));
#8077 = DIRECTION('',(-1.,-0.,-0.));
#8078 = DIRECTION('',(0.,0.,-1.));
#8079 = ADVANCED_FACE('',(#8080),#8098,.F.);
#8080 = FACE_BOUND('',#8081,.F.);
#8081 = EDGE_LOOP('',(#8082,#8083,#8091,#8097));
#8082 = ORIENTED_EDGE('',*,*,#3115,.T.);
#8083 = ORIENTED_EDGE('',*,*,#8084,.F.);
#8084 = EDGE_CURVE('',#8085,#430,#8087,.T.);
#8085 = VERTEX_POINT('',#8086);
#8086 = CARTESIAN_POINT('',(5.827777597,-1.E-02,-39.7));
#8087 = LINE('',#8088,#8089);
#8088 = CARTESIAN_POINT('',(5.827777597,-1.E-02,-39.7));
#8089 = VECTOR('',#8090,1.);
#8090 = DIRECTION('',(0.,1.,0.));
#8091 = ORIENTED_EDGE('',*,*,#8092,.F.);
#8092 = EDGE_CURVE('',#8061,#8085,#8093,.T.);
#8093 = LINE('',#8094,#8095);
#8094 = CARTESIAN_POINT('',(6.177777597,-1.E-02,-39.7));
#8095 = VECTOR('',#8096,1.);
#8096 = DIRECTION('',(-1.,-0.,-0.));
#8097 = ORIENTED_EDGE('',*,*,#8060,.T.);
#8098 = PLANE('',#8099);
#8099 = AXIS2_PLACEMENT_3D('',#8100,#8101,#8102);
#8100 = CARTESIAN_POINT('',(5.827777597,-1.E-02,-39.7));
#8101 = DIRECTION('',(0.,0.,1.));
#8102 = DIRECTION('',(-1.,0.,0.));
#8103 = ADVANCED_FACE('',(#8104),#8115,.F.);
#8104 = FACE_BOUND('',#8105,.F.);
#8105 = EDGE_LOOP('',(#8106,#8107,#8108,#8114));
#8106 = ORIENTED_EDGE('',*,*,#429,.T.);
#8107 = ORIENTED_EDGE('',*,*,#8045,.F.);
#8108 = ORIENTED_EDGE('',*,*,#8109,.F.);
#8109 = EDGE_CURVE('',#8085,#8038,#8110,.T.);
#8110 = LINE('',#8111,#8112);
#8111 = CARTESIAN_POINT('',(5.827777597,-1.E-02,-39.7));
#8112 = VECTOR('',#8113,1.);
#8113 = DIRECTION('',(0.,0.,1.));
#8114 = ORIENTED_EDGE('',*,*,#8084,.T.);
#8115 = PLANE('',#8116);
#8116 = AXIS2_PLACEMENT_3D('',#8117,#8118,#8119);
#8117 = CARTESIAN_POINT('',(5.827777597,-1.E-02,-37.5));
#8118 = DIRECTION('',(1.,0.,0.));
#8119 = DIRECTION('',(0.,0.,1.));
#8120 = ADVANCED_FACE('',(#8121),#8127,.F.);
#8121 = FACE_BOUND('',#8122,.F.);
#8122 = EDGE_LOOP('',(#8123,#8124,#8125,#8126));
#8123 = ORIENTED_EDGE('',*,*,#8037,.T.);
#8124 = ORIENTED_EDGE('',*,*,#8068,.T.);
#8125 = ORIENTED_EDGE('',*,*,#8092,.T.);
#8126 = ORIENTED_EDGE('',*,*,#8109,.T.);
#8127 = PLANE('',#8128);
#8128 = AXIS2_PLACEMENT_3D('',#8129,#8130,#8131);
#8129 = CARTESIAN_POINT('',(0.,-1.E-02,0.));
#8130 = DIRECTION('',(0.,1.,0.));
#8131 = DIRECTION('',(0.,0.,1.));
#8132 = ADVANCED_FACE('',(#8133),#8158,.F.);
#8133 = FACE_BOUND('',#8134,.F.);
#8134 = EDGE_LOOP('',(#8135,#8136,#8144,#8152));
#8135 = ORIENTED_EDGE('',*,*,#453,.T.);
#8136 = ORIENTED_EDGE('',*,*,#8137,.F.);
#8137 = EDGE_CURVE('',#8138,#446,#8140,.T.);
#8138 = VERTEX_POINT('',#8139);
#8139 = CARTESIAN_POINT('',(5.677777597,-1.E-02,-37.5));
#8140 = LINE('',#8141,#8142);
#8141 = CARTESIAN_POINT('',(5.677777597,-1.E-02,-37.5));
#8142 = VECTOR('',#8143,1.);
#8143 = DIRECTION('',(0.,1.,0.));
#8144 = ORIENTED_EDGE('',*,*,#8145,.F.);
#8145 = EDGE_CURVE('',#8146,#8138,#8148,.T.);
#8146 = VERTEX_POINT('',#8147);
#8147 = CARTESIAN_POINT('',(5.327777597,-1.E-02,-37.5));
#8148 = LINE('',#8149,#8150);
#8149 = CARTESIAN_POINT('',(5.327777597,-1.E-02,-37.5));
#8150 = VECTOR('',#8151,1.);
#8151 = DIRECTION('',(1.,0.,0.));
#8152 = ORIENTED_EDGE('',*,*,#8153,.T.);
#8153 = EDGE_CURVE('',#8146,#454,#8154,.T.);
#8154 = LINE('',#8155,#8156);
#8155 = CARTESIAN_POINT('',(5.327777597,-1.E-02,-37.5));
#8156 = VECTOR('',#8157,1.);
#8157 = DIRECTION('',(0.,1.,0.));
#8158 = PLANE('',#8159);
#8159 = AXIS2_PLACEMENT_3D('',#8160,#8161,#8162);
#8160 = CARTESIAN_POINT('',(5.327777597,-1.E-02,-37.5));
#8161 = DIRECTION('',(-0.,-0.,-1.));
#8162 = DIRECTION('',(1.,0.,0.));
#8163 = ADVANCED_FACE('',(#8164),#8182,.F.);
#8164 = FACE_BOUND('',#8165,.F.);
#8165 = EDGE_LOOP('',(#8166,#8167,#8175,#8181));
#8166 = ORIENTED_EDGE('',*,*,#445,.T.);
#8167 = ORIENTED_EDGE('',*,*,#8168,.F.);
#8168 = EDGE_CURVE('',#8169,#438,#8171,.T.);
#8169 = VERTEX_POINT('',#8170);
#8170 = CARTESIAN_POINT('',(5.677777597,-1.E-02,-39.7));
#8171 = LINE('',#8172,#8173);
#8172 = CARTESIAN_POINT('',(5.677777597,-1.E-02,-39.7));
#8173 = VECTOR('',#8174,1.);
#8174 = DIRECTION('',(0.,1.,0.));
#8175 = ORIENTED_EDGE('',*,*,#8176,.F.);
#8176 = EDGE_CURVE('',#8138,#8169,#8177,.T.);
#8177 = LINE('',#8178,#8179);
#8178 = CARTESIAN_POINT('',(5.677777597,-1.E-02,-37.5));
#8179 = VECTOR('',#8180,1.);
#8180 = DIRECTION('',(-0.,-0.,-1.));
#8181 = ORIENTED_EDGE('',*,*,#8137,.T.);
#8182 = PLANE('',#8183);
#8183 = AXIS2_PLACEMENT_3D('',#8184,#8185,#8186);
#8184 = CARTESIAN_POINT('',(5.677777597,-1.E-02,-39.7));
#8185 = DIRECTION('',(-1.,-0.,-0.));
#8186 = DIRECTION('',(0.,0.,-1.));
#8187 = ADVANCED_FACE('',(#8188),#8206,.F.);
#8188 = FACE_BOUND('',#8189,.F.);
#8189 = EDGE_LOOP('',(#8190,#8191,#8199,#8205));
#8190 = ORIENTED_EDGE('',*,*,#3108,.T.);
#8191 = ORIENTED_EDGE('',*,*,#8192,.F.);
#8192 = EDGE_CURVE('',#8193,#462,#8195,.T.);
#8193 = VERTEX_POINT('',#8194);
#8194 = CARTESIAN_POINT('',(5.327777597,-1.E-02,-39.7));
#8195 = LINE('',#8196,#8197);
#8196 = CARTESIAN_POINT('',(5.327777597,-1.E-02,-39.7));
#8197 = VECTOR('',#8198,1.);
#8198 = DIRECTION('',(0.,1.,0.));
#8199 = ORIENTED_EDGE('',*,*,#8200,.F.);
#8200 = EDGE_CURVE('',#8169,#8193,#8201,.T.);
#8201 = LINE('',#8202,#8203);
#8202 = CARTESIAN_POINT('',(5.677777597,-1.E-02,-39.7));
#8203 = VECTOR('',#8204,1.);
#8204 = DIRECTION('',(-1.,-0.,-0.));
#8205 = ORIENTED_EDGE('',*,*,#8168,.T.);
#8206 = PLANE('',#8207);
#8207 = AXIS2_PLACEMENT_3D('',#8208,#8209,#8210);
#8208 = CARTESIAN_POINT('',(5.327777597,-1.E-02,-39.7));
#8209 = DIRECTION('',(0.,0.,1.));
#8210 = DIRECTION('',(-1.,0.,0.));
#8211 = ADVANCED_FACE('',(#8212),#8223,.F.);
#8212 = FACE_BOUND('',#8213,.F.);
#8213 = EDGE_LOOP('',(#8214,#8215,#8216,#8222));
#8214 = ORIENTED_EDGE('',*,*,#461,.T.);
#8215 = ORIENTED_EDGE('',*,*,#8153,.F.);
#8216 = ORIENTED_EDGE('',*,*,#8217,.F.);
#8217 = EDGE_CURVE('',#8193,#8146,#8218,.T.);
#8218 = LINE('',#8219,#8220);
#8219 = CARTESIAN_POINT('',(5.327777597,-1.E-02,-39.7));
#8220 = VECTOR('',#8221,1.);
#8221 = DIRECTION('',(0.,0.,1.));
#8222 = ORIENTED_EDGE('',*,*,#8192,.T.);
#8223 = PLANE('',#8224);
#8224 = AXIS2_PLACEMENT_3D('',#8225,#8226,#8227);
#8225 = CARTESIAN_POINT('',(5.327777597,-1.E-02,-37.5));
#8226 = DIRECTION('',(1.,0.,0.));
#8227 = DIRECTION('',(0.,0.,1.));
#8228 = ADVANCED_FACE('',(#8229),#8235,.F.);
#8229 = FACE_BOUND('',#8230,.F.);
#8230 = EDGE_LOOP('',(#8231,#8232,#8233,#8234));
#8231 = ORIENTED_EDGE('',*,*,#8145,.T.);
#8232 = ORIENTED_EDGE('',*,*,#8176,.T.);
#8233 = ORIENTED_EDGE('',*,*,#8200,.T.);
#8234 = ORIENTED_EDGE('',*,*,#8217,.T.);
#8235 = PLANE('',#8236);
#8236 = AXIS2_PLACEMENT_3D('',#8237,#8238,#8239);
#8237 = CARTESIAN_POINT('',(0.,-1.E-02,0.));
#8238 = DIRECTION('',(0.,1.,0.));
#8239 = DIRECTION('',(0.,0.,1.));
#8240 = ADVANCED_FACE('',(#8241),#8266,.F.);
#8241 = FACE_BOUND('',#8242,.F.);
#8242 = EDGE_LOOP('',(#8243,#8244,#8252,#8260));
#8243 = ORIENTED_EDGE('',*,*,#485,.T.);
#8244 = ORIENTED_EDGE('',*,*,#8245,.F.);
#8245 = EDGE_CURVE('',#8246,#478,#8248,.T.);
#8246 = VERTEX_POINT('',#8247);
#8247 = CARTESIAN_POINT('',(5.177777597,-1.E-02,-37.5));
#8248 = LINE('',#8249,#8250);
#8249 = CARTESIAN_POINT('',(5.177777597,-1.E-02,-37.5));
#8250 = VECTOR('',#8251,1.);
#8251 = DIRECTION('',(0.,1.,0.));
#8252 = ORIENTED_EDGE('',*,*,#8253,.F.);
#8253 = EDGE_CURVE('',#8254,#8246,#8256,.T.);
#8254 = VERTEX_POINT('',#8255);
#8255 = CARTESIAN_POINT('',(4.827777597,-1.E-02,-37.5));
#8256 = LINE('',#8257,#8258);
#8257 = CARTESIAN_POINT('',(4.827777597,-1.E-02,-37.5));
#8258 = VECTOR('',#8259,1.);
#8259 = DIRECTION('',(1.,0.,0.));
#8260 = ORIENTED_EDGE('',*,*,#8261,.T.);
#8261 = EDGE_CURVE('',#8254,#486,#8262,.T.);
#8262 = LINE('',#8263,#8264);
#8263 = CARTESIAN_POINT('',(4.827777597,-1.E-02,-37.5));
#8264 = VECTOR('',#8265,1.);
#8265 = DIRECTION('',(0.,1.,0.));
#8266 = PLANE('',#8267);
#8267 = AXIS2_PLACEMENT_3D('',#8268,#8269,#8270);
#8268 = CARTESIAN_POINT('',(4.827777597,-1.E-02,-37.5));
#8269 = DIRECTION('',(-0.,-0.,-1.));
#8270 = DIRECTION('',(1.,0.,0.));
#8271 = ADVANCED_FACE('',(#8272),#8290,.F.);
#8272 = FACE_BOUND('',#8273,.F.);
#8273 = EDGE_LOOP('',(#8274,#8275,#8283,#8289));
#8274 = ORIENTED_EDGE('',*,*,#477,.T.);
#8275 = ORIENTED_EDGE('',*,*,#8276,.F.);
#8276 = EDGE_CURVE('',#8277,#470,#8279,.T.);
#8277 = VERTEX_POINT('',#8278);
#8278 = CARTESIAN_POINT('',(5.177777597,-1.E-02,-39.7));
#8279 = LINE('',#8280,#8281);
#8280 = CARTESIAN_POINT('',(5.177777597,-1.E-02,-39.7));
#8281 = VECTOR('',#8282,1.);
#8282 = DIRECTION('',(0.,1.,0.));
#8283 = ORIENTED_EDGE('',*,*,#8284,.F.);
#8284 = EDGE_CURVE('',#8246,#8277,#8285,.T.);
#8285 = LINE('',#8286,#8287);
#8286 = CARTESIAN_POINT('',(5.177777597,-1.E-02,-37.5));
#8287 = VECTOR('',#8288,1.);
#8288 = DIRECTION('',(-0.,-0.,-1.));
#8289 = ORIENTED_EDGE('',*,*,#8245,.T.);
#8290 = PLANE('',#8291);
#8291 = AXIS2_PLACEMENT_3D('',#8292,#8293,#8294);
#8292 = CARTESIAN_POINT('',(5.177777597,-1.E-02,-39.7));
#8293 = DIRECTION('',(-1.,-0.,-0.));
#8294 = DIRECTION('',(0.,0.,-1.));
#8295 = ADVANCED_FACE('',(#8296),#8314,.F.);
#8296 = FACE_BOUND('',#8297,.F.);
#8297 = EDGE_LOOP('',(#8298,#8299,#8307,#8313));
#8298 = ORIENTED_EDGE('',*,*,#3101,.T.);
#8299 = ORIENTED_EDGE('',*,*,#8300,.F.);
#8300 = EDGE_CURVE('',#8301,#494,#8303,.T.);
#8301 = VERTEX_POINT('',#8302);
#8302 = CARTESIAN_POINT('',(4.827777597,-1.E-02,-39.7));
#8303 = LINE('',#8304,#8305);
#8304 = CARTESIAN_POINT('',(4.827777597,-1.E-02,-39.7));
#8305 = VECTOR('',#8306,1.);
#8306 = DIRECTION('',(0.,1.,0.));
#8307 = ORIENTED_EDGE('',*,*,#8308,.F.);
#8308 = EDGE_CURVE('',#8277,#8301,#8309,.T.);
#8309 = LINE('',#8310,#8311);
#8310 = CARTESIAN_POINT('',(5.177777597,-1.E-02,-39.7));
#8311 = VECTOR('',#8312,1.);
#8312 = DIRECTION('',(-1.,-0.,-0.));
#8313 = ORIENTED_EDGE('',*,*,#8276,.T.);
#8314 = PLANE('',#8315);
#8315 = AXIS2_PLACEMENT_3D('',#8316,#8317,#8318);
#8316 = CARTESIAN_POINT('',(4.827777597,-1.E-02,-39.7));
#8317 = DIRECTION('',(0.,0.,1.));
#8318 = DIRECTION('',(-1.,0.,0.));
#8319 = ADVANCED_FACE('',(#8320),#8331,.F.);
#8320 = FACE_BOUND('',#8321,.F.);
#8321 = EDGE_LOOP('',(#8322,#8323,#8324,#8330));
#8322 = ORIENTED_EDGE('',*,*,#493,.T.);
#8323 = ORIENTED_EDGE('',*,*,#8261,.F.);
#8324 = ORIENTED_EDGE('',*,*,#8325,.F.);
#8325 = EDGE_CURVE('',#8301,#8254,#8326,.T.);
#8326 = LINE('',#8327,#8328);
#8327 = CARTESIAN_POINT('',(4.827777597,-1.E-02,-39.7));
#8328 = VECTOR('',#8329,1.);
#8329 = DIRECTION('',(0.,0.,1.));
#8330 = ORIENTED_EDGE('',*,*,#8300,.T.);
#8331 = PLANE('',#8332);
#8332 = AXIS2_PLACEMENT_3D('',#8333,#8334,#8335);
#8333 = CARTESIAN_POINT('',(4.827777597,-1.E-02,-37.5));
#8334 = DIRECTION('',(1.,0.,0.));
#8335 = DIRECTION('',(0.,0.,1.));
#8336 = ADVANCED_FACE('',(#8337),#8343,.F.);
#8337 = FACE_BOUND('',#8338,.F.);
#8338 = EDGE_LOOP('',(#8339,#8340,#8341,#8342));
#8339 = ORIENTED_EDGE('',*,*,#8253,.T.);
#8340 = ORIENTED_EDGE('',*,*,#8284,.T.);
#8341 = ORIENTED_EDGE('',*,*,#8308,.T.);
#8342 = ORIENTED_EDGE('',*,*,#8325,.T.);
#8343 = PLANE('',#8344);
#8344 = AXIS2_PLACEMENT_3D('',#8345,#8346,#8347);
#8345 = CARTESIAN_POINT('',(0.,-1.E-02,0.));
#8346 = DIRECTION('',(0.,1.,0.));
#8347 = DIRECTION('',(0.,0.,1.));
#8348 = ADVANCED_FACE('',(#8349),#8374,.F.);
#8349 = FACE_BOUND('',#8350,.F.);
#8350 = EDGE_LOOP('',(#8351,#8352,#8360,#8368));
#8351 = ORIENTED_EDGE('',*,*,#517,.T.);
#8352 = ORIENTED_EDGE('',*,*,#8353,.F.);
#8353 = EDGE_CURVE('',#8354,#510,#8356,.T.);
#8354 = VERTEX_POINT('',#8355);
#8355 = CARTESIAN_POINT('',(4.677777597,-1.E-02,-37.5));
#8356 = LINE('',#8357,#8358);
#8357 = CARTESIAN_POINT('',(4.677777597,-1.E-02,-37.5));
#8358 = VECTOR('',#8359,1.);
#8359 = DIRECTION('',(0.,1.,0.));
#8360 = ORIENTED_EDGE('',*,*,#8361,.F.);
#8361 = EDGE_CURVE('',#8362,#8354,#8364,.T.);
#8362 = VERTEX_POINT('',#8363);
#8363 = CARTESIAN_POINT('',(4.327777597,-1.E-02,-37.5));
#8364 = LINE('',#8365,#8366);
#8365 = CARTESIAN_POINT('',(4.327777597,-1.E-02,-37.5));
#8366 = VECTOR('',#8367,1.);
#8367 = DIRECTION('',(1.,0.,0.));
#8368 = ORIENTED_EDGE('',*,*,#8369,.T.);
#8369 = EDGE_CURVE('',#8362,#518,#8370,.T.);
#8370 = LINE('',#8371,#8372);
#8371 = CARTESIAN_POINT('',(4.327777597,-1.E-02,-37.5));
#8372 = VECTOR('',#8373,1.);
#8373 = DIRECTION('',(0.,1.,0.));
#8374 = PLANE('',#8375);
#8375 = AXIS2_PLACEMENT_3D('',#8376,#8377,#8378);
#8376 = CARTESIAN_POINT('',(4.327777597,-1.E-02,-37.5));
#8377 = DIRECTION('',(-0.,-0.,-1.));
#8378 = DIRECTION('',(1.,0.,0.));
#8379 = ADVANCED_FACE('',(#8380),#8398,.F.);
#8380 = FACE_BOUND('',#8381,.F.);
#8381 = EDGE_LOOP('',(#8382,#8383,#8391,#8397));
#8382 = ORIENTED_EDGE('',*,*,#509,.T.);
#8383 = ORIENTED_EDGE('',*,*,#8384,.F.);
#8384 = EDGE_CURVE('',#8385,#502,#8387,.T.);
#8385 = VERTEX_POINT('',#8386);
#8386 = CARTESIAN_POINT('',(4.677777597,-1.E-02,-39.7));
#8387 = LINE('',#8388,#8389);
#8388 = CARTESIAN_POINT('',(4.677777597,-1.E-02,-39.7));
#8389 = VECTOR('',#8390,1.);
#8390 = DIRECTION('',(0.,1.,0.));
#8391 = ORIENTED_EDGE('',*,*,#8392,.F.);
#8392 = EDGE_CURVE('',#8354,#8385,#8393,.T.);
#8393 = LINE('',#8394,#8395);
#8394 = CARTESIAN_POINT('',(4.677777597,-1.E-02,-37.5));
#8395 = VECTOR('',#8396,1.);
#8396 = DIRECTION('',(-0.,-0.,-1.));
#8397 = ORIENTED_EDGE('',*,*,#8353,.T.);
#8398 = PLANE('',#8399);
#8399 = AXIS2_PLACEMENT_3D('',#8400,#8401,#8402);
#8400 = CARTESIAN_POINT('',(4.677777597,-1.E-02,-39.7));
#8401 = DIRECTION('',(-1.,-0.,-0.));
#8402 = DIRECTION('',(0.,0.,-1.));
#8403 = ADVANCED_FACE('',(#8404),#8422,.F.);
#8404 = FACE_BOUND('',#8405,.F.);
#8405 = EDGE_LOOP('',(#8406,#8407,#8415,#8421));
#8406 = ORIENTED_EDGE('',*,*,#3094,.T.);
#8407 = ORIENTED_EDGE('',*,*,#8408,.F.);
#8408 = EDGE_CURVE('',#8409,#526,#8411,.T.);
#8409 = VERTEX_POINT('',#8410);
#8410 = CARTESIAN_POINT('',(4.327777597,-1.E-02,-39.7));
#8411 = LINE('',#8412,#8413);
#8412 = CARTESIAN_POINT('',(4.327777597,-1.E-02,-39.7));
#8413 = VECTOR('',#8414,1.);
#8414 = DIRECTION('',(0.,1.,0.));
#8415 = ORIENTED_EDGE('',*,*,#8416,.F.);
#8416 = EDGE_CURVE('',#8385,#8409,#8417,.T.);
#8417 = LINE('',#8418,#8419);
#8418 = CARTESIAN_POINT('',(4.677777597,-1.E-02,-39.7));
#8419 = VECTOR('',#8420,1.);
#8420 = DIRECTION('',(-1.,-0.,-0.));
#8421 = ORIENTED_EDGE('',*,*,#8384,.T.);
#8422 = PLANE('',#8423);
#8423 = AXIS2_PLACEMENT_3D('',#8424,#8425,#8426);
#8424 = CARTESIAN_POINT('',(4.327777597,-1.E-02,-39.7));
#8425 = DIRECTION('',(0.,0.,1.));
#8426 = DIRECTION('',(-1.,0.,0.));
#8427 = ADVANCED_FACE('',(#8428),#8439,.F.);
#8428 = FACE_BOUND('',#8429,.F.);
#8429 = EDGE_LOOP('',(#8430,#8431,#8432,#8438));
#8430 = ORIENTED_EDGE('',*,*,#525,.T.);
#8431 = ORIENTED_EDGE('',*,*,#8369,.F.);
#8432 = ORIENTED_EDGE('',*,*,#8433,.F.);
#8433 = EDGE_CURVE('',#8409,#8362,#8434,.T.);
#8434 = LINE('',#8435,#8436);
#8435 = CARTESIAN_POINT('',(4.327777597,-1.E-02,-39.7));
#8436 = VECTOR('',#8437,1.);
#8437 = DIRECTION('',(0.,0.,1.));
#8438 = ORIENTED_EDGE('',*,*,#8408,.T.);
#8439 = PLANE('',#8440);
#8440 = AXIS2_PLACEMENT_3D('',#8441,#8442,#8443);
#8441 = CARTESIAN_POINT('',(4.327777597,-1.E-02,-37.5));
#8442 = DIRECTION('',(1.,0.,0.));
#8443 = DIRECTION('',(0.,0.,1.));
#8444 = ADVANCED_FACE('',(#8445),#8451,.F.);
#8445 = FACE_BOUND('',#8446,.F.);
#8446 = EDGE_LOOP('',(#8447,#8448,#8449,#8450));
#8447 = ORIENTED_EDGE('',*,*,#8361,.T.);
#8448 = ORIENTED_EDGE('',*,*,#8392,.T.);
#8449 = ORIENTED_EDGE('',*,*,#8416,.T.);
#8450 = ORIENTED_EDGE('',*,*,#8433,.T.);
#8451 = PLANE('',#8452);
#8452 = AXIS2_PLACEMENT_3D('',#8453,#8454,#8455);
#8453 = CARTESIAN_POINT('',(0.,-1.E-02,0.));
#8454 = DIRECTION('',(0.,1.,0.));
#8455 = DIRECTION('',(0.,0.,1.));
#8456 = ADVANCED_FACE('',(#8457),#8482,.F.);
#8457 = FACE_BOUND('',#8458,.F.);
#8458 = EDGE_LOOP('',(#8459,#8460,#8468,#8476));
#8459 = ORIENTED_EDGE('',*,*,#549,.T.);
#8460 = ORIENTED_EDGE('',*,*,#8461,.F.);
#8461 = EDGE_CURVE('',#8462,#542,#8464,.T.);
#8462 = VERTEX_POINT('',#8463);
#8463 = CARTESIAN_POINT('',(4.177777597,-1.E-02,-37.5));
#8464 = LINE('',#8465,#8466);
#8465 = CARTESIAN_POINT('',(4.177777597,-1.E-02,-37.5));
#8466 = VECTOR('',#8467,1.);
#8467 = DIRECTION('',(0.,1.,0.));
#8468 = ORIENTED_EDGE('',*,*,#8469,.F.);
#8469 = EDGE_CURVE('',#8470,#8462,#8472,.T.);
#8470 = VERTEX_POINT('',#8471);
#8471 = CARTESIAN_POINT('',(3.827777597,-1.E-02,-37.5));
#8472 = LINE('',#8473,#8474);
#8473 = CARTESIAN_POINT('',(3.827777597,-1.E-02,-37.5));
#8474 = VECTOR('',#8475,1.);
#8475 = DIRECTION('',(1.,0.,0.));
#8476 = ORIENTED_EDGE('',*,*,#8477,.T.);
#8477 = EDGE_CURVE('',#8470,#550,#8478,.T.);
#8478 = LINE('',#8479,#8480);
#8479 = CARTESIAN_POINT('',(3.827777597,-1.E-02,-37.5));
#8480 = VECTOR('',#8481,1.);
#8481 = DIRECTION('',(0.,1.,0.));
#8482 = PLANE('',#8483);
#8483 = AXIS2_PLACEMENT_3D('',#8484,#8485,#8486);
#8484 = CARTESIAN_POINT('',(3.827777597,-1.E-02,-37.5));
#8485 = DIRECTION('',(-0.,-0.,-1.));
#8486 = DIRECTION('',(1.,0.,0.));
#8487 = ADVANCED_FACE('',(#8488),#8506,.F.);
#8488 = FACE_BOUND('',#8489,.F.);
#8489 = EDGE_LOOP('',(#8490,#8491,#8499,#8505));
#8490 = ORIENTED_EDGE('',*,*,#541,.T.);
#8491 = ORIENTED_EDGE('',*,*,#8492,.F.);
#8492 = EDGE_CURVE('',#8493,#534,#8495,.T.);
#8493 = VERTEX_POINT('',#8494);
#8494 = CARTESIAN_POINT('',(4.177777597,-1.E-02,-39.7));
#8495 = LINE('',#8496,#8497);
#8496 = CARTESIAN_POINT('',(4.177777597,-1.E-02,-39.7));
#8497 = VECTOR('',#8498,1.);
#8498 = DIRECTION('',(0.,1.,0.));
#8499 = ORIENTED_EDGE('',*,*,#8500,.F.);
#8500 = EDGE_CURVE('',#8462,#8493,#8501,.T.);
#8501 = LINE('',#8502,#8503);
#8502 = CARTESIAN_POINT('',(4.177777597,-1.E-02,-37.5));
#8503 = VECTOR('',#8504,1.);
#8504 = DIRECTION('',(-0.,-0.,-1.));
#8505 = ORIENTED_EDGE('',*,*,#8461,.T.);
#8506 = PLANE('',#8507);
#8507 = AXIS2_PLACEMENT_3D('',#8508,#8509,#8510);
#8508 = CARTESIAN_POINT('',(4.177777597,-1.E-02,-39.7));
#8509 = DIRECTION('',(-1.,-0.,-0.));
#8510 = DIRECTION('',(0.,0.,-1.));
#8511 = ADVANCED_FACE('',(#8512),#8530,.F.);
#8512 = FACE_BOUND('',#8513,.F.);
#8513 = EDGE_LOOP('',(#8514,#8515,#8523,#8529));
#8514 = ORIENTED_EDGE('',*,*,#3087,.T.);
#8515 = ORIENTED_EDGE('',*,*,#8516,.F.);
#8516 = EDGE_CURVE('',#8517,#558,#8519,.T.);
#8517 = VERTEX_POINT('',#8518);
#8518 = CARTESIAN_POINT('',(3.827777597,-1.E-02,-39.7));
#8519 = LINE('',#8520,#8521);
#8520 = CARTESIAN_POINT('',(3.827777597,-1.E-02,-39.7));
#8521 = VECTOR('',#8522,1.);
#8522 = DIRECTION('',(0.,1.,0.));
#8523 = ORIENTED_EDGE('',*,*,#8524,.F.);
#8524 = EDGE_CURVE('',#8493,#8517,#8525,.T.);
#8525 = LINE('',#8526,#8527);
#8526 = CARTESIAN_POINT('',(4.177777597,-1.E-02,-39.7));
#8527 = VECTOR('',#8528,1.);
#8528 = DIRECTION('',(-1.,-0.,-0.));
#8529 = ORIENTED_EDGE('',*,*,#8492,.T.);
#8530 = PLANE('',#8531);
#8531 = AXIS2_PLACEMENT_3D('',#8532,#8533,#8534);
#8532 = CARTESIAN_POINT('',(3.827777597,-1.E-02,-39.7));
#8533 = DIRECTION('',(0.,0.,1.));
#8534 = DIRECTION('',(-1.,0.,0.));
#8535 = ADVANCED_FACE('',(#8536),#8547,.F.);
#8536 = FACE_BOUND('',#8537,.F.);
#8537 = EDGE_LOOP('',(#8538,#8539,#8540,#8546));
#8538 = ORIENTED_EDGE('',*,*,#557,.T.);
#8539 = ORIENTED_EDGE('',*,*,#8477,.F.);
#8540 = ORIENTED_EDGE('',*,*,#8541,.F.);
#8541 = EDGE_CURVE('',#8517,#8470,#8542,.T.);
#8542 = LINE('',#8543,#8544);
#8543 = CARTESIAN_POINT('',(3.827777597,-1.E-02,-39.7));
#8544 = VECTOR('',#8545,1.);
#8545 = DIRECTION('',(0.,0.,1.));
#8546 = ORIENTED_EDGE('',*,*,#8516,.T.);
#8547 = PLANE('',#8548);
#8548 = AXIS2_PLACEMENT_3D('',#8549,#8550,#8551);
#8549 = CARTESIAN_POINT('',(3.827777597,-1.E-02,-37.5));
#8550 = DIRECTION('',(1.,0.,0.));
#8551 = DIRECTION('',(0.,0.,1.));
#8552 = ADVANCED_FACE('',(#8553),#8559,.F.);
#8553 = FACE_BOUND('',#8554,.F.);
#8554 = EDGE_LOOP('',(#8555,#8556,#8557,#8558));
#8555 = ORIENTED_EDGE('',*,*,#8469,.T.);
#8556 = ORIENTED_EDGE('',*,*,#8500,.T.);
#8557 = ORIENTED_EDGE('',*,*,#8524,.T.);
#8558 = ORIENTED_EDGE('',*,*,#8541,.T.);
#8559 = PLANE('',#8560);
#8560 = AXIS2_PLACEMENT_3D('',#8561,#8562,#8563);
#8561 = CARTESIAN_POINT('',(0.,-1.E-02,0.));
#8562 = DIRECTION('',(0.,1.,0.));
#8563 = DIRECTION('',(0.,0.,1.));
#8564 = ADVANCED_FACE('',(#8565),#8590,.F.);
#8565 = FACE_BOUND('',#8566,.F.);
#8566 = EDGE_LOOP('',(#8567,#8568,#8576,#8584));
#8567 = ORIENTED_EDGE('',*,*,#581,.T.);
#8568 = ORIENTED_EDGE('',*,*,#8569,.F.);
#8569 = EDGE_CURVE('',#8570,#574,#8572,.T.);
#8570 = VERTEX_POINT('',#8571);
#8571 = CARTESIAN_POINT('',(3.677777597,-1.E-02,-37.5));
#8572 = LINE('',#8573,#8574);
#8573 = CARTESIAN_POINT('',(3.677777597,-1.E-02,-37.5));
#8574 = VECTOR('',#8575,1.);
#8575 = DIRECTION('',(0.,1.,0.));
#8576 = ORIENTED_EDGE('',*,*,#8577,.F.);
#8577 = EDGE_CURVE('',#8578,#8570,#8580,.T.);
#8578 = VERTEX_POINT('',#8579);
#8579 = CARTESIAN_POINT('',(3.327777597,-1.E-02,-37.5));
#8580 = LINE('',#8581,#8582);
#8581 = CARTESIAN_POINT('',(3.327777597,-1.E-02,-37.5));
#8582 = VECTOR('',#8583,1.);
#8583 = DIRECTION('',(1.,0.,0.));
#8584 = ORIENTED_EDGE('',*,*,#8585,.T.);
#8585 = EDGE_CURVE('',#8578,#582,#8586,.T.);
#8586 = LINE('',#8587,#8588);
#8587 = CARTESIAN_POINT('',(3.327777597,-1.E-02,-37.5));
#8588 = VECTOR('',#8589,1.);
#8589 = DIRECTION('',(0.,1.,0.));
#8590 = PLANE('',#8591);
#8591 = AXIS2_PLACEMENT_3D('',#8592,#8593,#8594);
#8592 = CARTESIAN_POINT('',(3.327777597,-1.E-02,-37.5));
#8593 = DIRECTION('',(-0.,-0.,-1.));
#8594 = DIRECTION('',(1.,0.,0.));
#8595 = ADVANCED_FACE('',(#8596),#8614,.F.);
#8596 = FACE_BOUND('',#8597,.F.);
#8597 = EDGE_LOOP('',(#8598,#8599,#8607,#8613));
#8598 = ORIENTED_EDGE('',*,*,#573,.T.);
#8599 = ORIENTED_EDGE('',*,*,#8600,.F.);
#8600 = EDGE_CURVE('',#8601,#566,#8603,.T.);
#8601 = VERTEX_POINT('',#8602);
#8602 = CARTESIAN_POINT('',(3.677777597,-1.E-02,-39.7));
#8603 = LINE('',#8604,#8605);
#8604 = CARTESIAN_POINT('',(3.677777597,-1.E-02,-39.7));
#8605 = VECTOR('',#8606,1.);
#8606 = DIRECTION('',(0.,1.,0.));
#8607 = ORIENTED_EDGE('',*,*,#8608,.F.);
#8608 = EDGE_CURVE('',#8570,#8601,#8609,.T.);
#8609 = LINE('',#8610,#8611);
#8610 = CARTESIAN_POINT('',(3.677777597,-1.E-02,-37.5));
#8611 = VECTOR('',#8612,1.);
#8612 = DIRECTION('',(-0.,-0.,-1.));
#8613 = ORIENTED_EDGE('',*,*,#8569,.T.);
#8614 = PLANE('',#8615);
#8615 = AXIS2_PLACEMENT_3D('',#8616,#8617,#8618);
#8616 = CARTESIAN_POINT('',(3.677777597,-1.E-02,-39.7));
#8617 = DIRECTION('',(-1.,-0.,-0.));
#8618 = DIRECTION('',(0.,0.,-1.));
#8619 = ADVANCED_FACE('',(#8620),#8638,.F.);
#8620 = FACE_BOUND('',#8621,.F.);
#8621 = EDGE_LOOP('',(#8622,#8623,#8631,#8637));
#8622 = ORIENTED_EDGE('',*,*,#3080,.T.);
#8623 = ORIENTED_EDGE('',*,*,#8624,.F.);
#8624 = EDGE_CURVE('',#8625,#590,#8627,.T.);
#8625 = VERTEX_POINT('',#8626);
#8626 = CARTESIAN_POINT('',(3.327777597,-1.E-02,-39.7));
#8627 = LINE('',#8628,#8629);
#8628 = CARTESIAN_POINT('',(3.327777597,-1.E-02,-39.7));
#8629 = VECTOR('',#8630,1.);
#8630 = DIRECTION('',(0.,1.,0.));
#8631 = ORIENTED_EDGE('',*,*,#8632,.F.);
#8632 = EDGE_CURVE('',#8601,#8625,#8633,.T.);
#8633 = LINE('',#8634,#8635);
#8634 = CARTESIAN_POINT('',(3.677777597,-1.E-02,-39.7));
#8635 = VECTOR('',#8636,1.);
#8636 = DIRECTION('',(-1.,-0.,-0.));
#8637 = ORIENTED_EDGE('',*,*,#8600,.T.);
#8638 = PLANE('',#8639);
#8639 = AXIS2_PLACEMENT_3D('',#8640,#8641,#8642);
#8640 = CARTESIAN_POINT('',(3.327777597,-1.E-02,-39.7));
#8641 = DIRECTION('',(0.,0.,1.));
#8642 = DIRECTION('',(-1.,0.,0.));
#8643 = ADVANCED_FACE('',(#8644),#8655,.F.);
#8644 = FACE_BOUND('',#8645,.F.);
#8645 = EDGE_LOOP('',(#8646,#8647,#8648,#8654));
#8646 = ORIENTED_EDGE('',*,*,#589,.T.);
#8647 = ORIENTED_EDGE('',*,*,#8585,.F.);
#8648 = ORIENTED_EDGE('',*,*,#8649,.F.);
#8649 = EDGE_CURVE('',#8625,#8578,#8650,.T.);
#8650 = LINE('',#8651,#8652);
#8651 = CARTESIAN_POINT('',(3.327777597,-1.E-02,-39.7));
#8652 = VECTOR('',#8653,1.);
#8653 = DIRECTION('',(0.,0.,1.));
#8654 = ORIENTED_EDGE('',*,*,#8624,.T.);
#8655 = PLANE('',#8656);
#8656 = AXIS2_PLACEMENT_3D('',#8657,#8658,#8659);
#8657 = CARTESIAN_POINT('',(3.327777597,-1.E-02,-37.5));
#8658 = DIRECTION('',(1.,0.,0.));
#8659 = DIRECTION('',(0.,0.,1.));
#8660 = ADVANCED_FACE('',(#8661),#8667,.F.);
#8661 = FACE_BOUND('',#8662,.F.);
#8662 = EDGE_LOOP('',(#8663,#8664,#8665,#8666));
#8663 = ORIENTED_EDGE('',*,*,#8577,.T.);
#8664 = ORIENTED_EDGE('',*,*,#8608,.T.);
#8665 = ORIENTED_EDGE('',*,*,#8632,.T.);
#8666 = ORIENTED_EDGE('',*,*,#8649,.T.);
#8667 = PLANE('',#8668);
#8668 = AXIS2_PLACEMENT_3D('',#8669,#8670,#8671);
#8669 = CARTESIAN_POINT('',(0.,-1.E-02,0.));
#8670 = DIRECTION('',(0.,1.,0.));
#8671 = DIRECTION('',(0.,0.,1.));
#8672 = ADVANCED_FACE('',(#8673),#8698,.F.);
#8673 = FACE_BOUND('',#8674,.F.);
#8674 = EDGE_LOOP('',(#8675,#8676,#8684,#8692));
#8675 = ORIENTED_EDGE('',*,*,#613,.T.);
#8676 = ORIENTED_EDGE('',*,*,#8677,.F.);
#8677 = EDGE_CURVE('',#8678,#606,#8680,.T.);
#8678 = VERTEX_POINT('',#8679);
#8679 = CARTESIAN_POINT('',(3.177777597,-1.E-02,-37.5));
#8680 = LINE('',#8681,#8682);
#8681 = CARTESIAN_POINT('',(3.177777597,-1.E-02,-37.5));
#8682 = VECTOR('',#8683,1.);
#8683 = DIRECTION('',(0.,1.,0.));
#8684 = ORIENTED_EDGE('',*,*,#8685,.F.);
#8685 = EDGE_CURVE('',#8686,#8678,#8688,.T.);
#8686 = VERTEX_POINT('',#8687);
#8687 = CARTESIAN_POINT('',(2.827777597,-1.E-02,-37.5));
#8688 = LINE('',#8689,#8690);
#8689 = CARTESIAN_POINT('',(2.827777597,-1.E-02,-37.5));
#8690 = VECTOR('',#8691,1.);
#8691 = DIRECTION('',(1.,0.,0.));
#8692 = ORIENTED_EDGE('',*,*,#8693,.T.);
#8693 = EDGE_CURVE('',#8686,#614,#8694,.T.);
#8694 = LINE('',#8695,#8696);
#8695 = CARTESIAN_POINT('',(2.827777597,-1.E-02,-37.5));
#8696 = VECTOR('',#8697,1.);
#8697 = DIRECTION('',(0.,1.,0.));
#8698 = PLANE('',#8699);
#8699 = AXIS2_PLACEMENT_3D('',#8700,#8701,#8702);
#8700 = CARTESIAN_POINT('',(2.827777597,-1.E-02,-37.5));
#8701 = DIRECTION('',(-0.,-0.,-1.));
#8702 = DIRECTION('',(1.,0.,0.));
#8703 = ADVANCED_FACE('',(#8704),#8722,.F.);
#8704 = FACE_BOUND('',#8705,.F.);
#8705 = EDGE_LOOP('',(#8706,#8707,#8715,#8721));
#8706 = ORIENTED_EDGE('',*,*,#605,.T.);
#8707 = ORIENTED_EDGE('',*,*,#8708,.F.);
#8708 = EDGE_CURVE('',#8709,#598,#8711,.T.);
#8709 = VERTEX_POINT('',#8710);
#8710 = CARTESIAN_POINT('',(3.177777597,-1.E-02,-39.7));
#8711 = LINE('',#8712,#8713);
#8712 = CARTESIAN_POINT('',(3.177777597,-1.E-02,-39.7));
#8713 = VECTOR('',#8714,1.);
#8714 = DIRECTION('',(0.,1.,0.));
#8715 = ORIENTED_EDGE('',*,*,#8716,.F.);
#8716 = EDGE_CURVE('',#8678,#8709,#8717,.T.);
#8717 = LINE('',#8718,#8719);
#8718 = CARTESIAN_POINT('',(3.177777597,-1.E-02,-37.5));
#8719 = VECTOR('',#8720,1.);
#8720 = DIRECTION('',(-0.,-0.,-1.));
#8721 = ORIENTED_EDGE('',*,*,#8677,.T.);
#8722 = PLANE('',#8723);
#8723 = AXIS2_PLACEMENT_3D('',#8724,#8725,#8726);
#8724 = CARTESIAN_POINT('',(3.177777597,-1.E-02,-39.7));
#8725 = DIRECTION('',(-1.,-0.,-0.));
#8726 = DIRECTION('',(0.,0.,-1.));
#8727 = ADVANCED_FACE('',(#8728),#8746,.F.);
#8728 = FACE_BOUND('',#8729,.F.);
#8729 = EDGE_LOOP('',(#8730,#8731,#8739,#8745));
#8730 = ORIENTED_EDGE('',*,*,#3073,.T.);
#8731 = ORIENTED_EDGE('',*,*,#8732,.F.);
#8732 = EDGE_CURVE('',#8733,#622,#8735,.T.);
#8733 = VERTEX_POINT('',#8734);
#8734 = CARTESIAN_POINT('',(2.827777597,-1.E-02,-39.7));
#8735 = LINE('',#8736,#8737);
#8736 = CARTESIAN_POINT('',(2.827777597,-1.E-02,-39.7));
#8737 = VECTOR('',#8738,1.);
#8738 = DIRECTION('',(0.,1.,0.));
#8739 = ORIENTED_EDGE('',*,*,#8740,.F.);
#8740 = EDGE_CURVE('',#8709,#8733,#8741,.T.);
#8741 = LINE('',#8742,#8743);
#8742 = CARTESIAN_POINT('',(3.177777597,-1.E-02,-39.7));
#8743 = VECTOR('',#8744,1.);
#8744 = DIRECTION('',(-1.,-0.,-0.));
#8745 = ORIENTED_EDGE('',*,*,#8708,.T.);
#8746 = PLANE('',#8747);
#8747 = AXIS2_PLACEMENT_3D('',#8748,#8749,#8750);
#8748 = CARTESIAN_POINT('',(2.827777597,-1.E-02,-39.7));
#8749 = DIRECTION('',(0.,0.,1.));
#8750 = DIRECTION('',(-1.,0.,0.));
#8751 = ADVANCED_FACE('',(#8752),#8763,.F.);
#8752 = FACE_BOUND('',#8753,.F.);
#8753 = EDGE_LOOP('',(#8754,#8755,#8756,#8762));
#8754 = ORIENTED_EDGE('',*,*,#621,.T.);
#8755 = ORIENTED_EDGE('',*,*,#8693,.F.);
#8756 = ORIENTED_EDGE('',*,*,#8757,.F.);
#8757 = EDGE_CURVE('',#8733,#8686,#8758,.T.);
#8758 = LINE('',#8759,#8760);
#8759 = CARTESIAN_POINT('',(2.827777597,-1.E-02,-39.7));
#8760 = VECTOR('',#8761,1.);
#8761 = DIRECTION('',(0.,0.,1.));
#8762 = ORIENTED_EDGE('',*,*,#8732,.T.);
#8763 = PLANE('',#8764);
#8764 = AXIS2_PLACEMENT_3D('',#8765,#8766,#8767);
#8765 = CARTESIAN_POINT('',(2.827777597,-1.E-02,-37.5));
#8766 = DIRECTION('',(1.,0.,0.));
#8767 = DIRECTION('',(0.,0.,1.));
#8768 = ADVANCED_FACE('',(#8769),#8775,.F.);
#8769 = FACE_BOUND('',#8770,.F.);
#8770 = EDGE_LOOP('',(#8771,#8772,#8773,#8774));
#8771 = ORIENTED_EDGE('',*,*,#8685,.T.);
#8772 = ORIENTED_EDGE('',*,*,#8716,.T.);
#8773 = ORIENTED_EDGE('',*,*,#8740,.T.);
#8774 = ORIENTED_EDGE('',*,*,#8757,.T.);
#8775 = PLANE('',#8776);
#8776 = AXIS2_PLACEMENT_3D('',#8777,#8778,#8779);
#8777 = CARTESIAN_POINT('',(0.,-1.E-02,0.));
#8778 = DIRECTION('',(0.,1.,0.));
#8779 = DIRECTION('',(0.,0.,1.));
#8780 = ADVANCED_FACE('',(#8781),#8806,.F.);
#8781 = FACE_BOUND('',#8782,.F.);
#8782 = EDGE_LOOP('',(#8783,#8784,#8792,#8800));
#8783 = ORIENTED_EDGE('',*,*,#645,.T.);
#8784 = ORIENTED_EDGE('',*,*,#8785,.F.);
#8785 = EDGE_CURVE('',#8786,#638,#8788,.T.);
#8786 = VERTEX_POINT('',#8787);
#8787 = CARTESIAN_POINT('',(2.677777597,-1.E-02,-37.5));
#8788 = LINE('',#8789,#8790);
#8789 = CARTESIAN_POINT('',(2.677777597,-1.E-02,-37.5));
#8790 = VECTOR('',#8791,1.);
#8791 = DIRECTION('',(0.,1.,0.));
#8792 = ORIENTED_EDGE('',*,*,#8793,.F.);
#8793 = EDGE_CURVE('',#8794,#8786,#8796,.T.);
#8794 = VERTEX_POINT('',#8795);
#8795 = CARTESIAN_POINT('',(2.327777597,-1.E-02,-37.5));
#8796 = LINE('',#8797,#8798);
#8797 = CARTESIAN_POINT('',(2.327777597,-1.E-02,-37.5));
#8798 = VECTOR('',#8799,1.);
#8799 = DIRECTION('',(1.,0.,0.));
#8800 = ORIENTED_EDGE('',*,*,#8801,.T.);
#8801 = EDGE_CURVE('',#8794,#646,#8802,.T.);
#8802 = LINE('',#8803,#8804);
#8803 = CARTESIAN_POINT('',(2.327777597,-1.E-02,-37.5));
#8804 = VECTOR('',#8805,1.);
#8805 = DIRECTION('',(0.,1.,0.));
#8806 = PLANE('',#8807);
#8807 = AXIS2_PLACEMENT_3D('',#8808,#8809,#8810);
#8808 = CARTESIAN_POINT('',(2.327777597,-1.E-02,-37.5));
#8809 = DIRECTION('',(-0.,-0.,-1.));
#8810 = DIRECTION('',(1.,0.,0.));
#8811 = ADVANCED_FACE('',(#8812),#8830,.F.);
#8812 = FACE_BOUND('',#8813,.F.);
#8813 = EDGE_LOOP('',(#8814,#8815,#8823,#8829));
#8814 = ORIENTED_EDGE('',*,*,#637,.T.);
#8815 = ORIENTED_EDGE('',*,*,#8816,.F.);
#8816 = EDGE_CURVE('',#8817,#630,#8819,.T.);
#8817 = VERTEX_POINT('',#8818);
#8818 = CARTESIAN_POINT('',(2.677777597,-1.E-02,-39.7));
#8819 = LINE('',#8820,#8821);
#8820 = CARTESIAN_POINT('',(2.677777597,-1.E-02,-39.7));
#8821 = VECTOR('',#8822,1.);
#8822 = DIRECTION('',(0.,1.,0.));
#8823 = ORIENTED_EDGE('',*,*,#8824,.F.);
#8824 = EDGE_CURVE('',#8786,#8817,#8825,.T.);
#8825 = LINE('',#8826,#8827);
#8826 = CARTESIAN_POINT('',(2.677777597,-1.E-02,-37.5));
#8827 = VECTOR('',#8828,1.);
#8828 = DIRECTION('',(-0.,-0.,-1.));
#8829 = ORIENTED_EDGE('',*,*,#8785,.T.);
#8830 = PLANE('',#8831);
#8831 = AXIS2_PLACEMENT_3D('',#8832,#8833,#8834);
#8832 = CARTESIAN_POINT('',(2.677777597,-1.E-02,-39.7));
#8833 = DIRECTION('',(-1.,-0.,-0.));
#8834 = DIRECTION('',(0.,0.,-1.));
#8835 = ADVANCED_FACE('',(#8836),#8854,.F.);
#8836 = FACE_BOUND('',#8837,.F.);
#8837 = EDGE_LOOP('',(#8838,#8839,#8847,#8853));
#8838 = ORIENTED_EDGE('',*,*,#3066,.T.);
#8839 = ORIENTED_EDGE('',*,*,#8840,.F.);
#8840 = EDGE_CURVE('',#8841,#654,#8843,.T.);
#8841 = VERTEX_POINT('',#8842);
#8842 = CARTESIAN_POINT('',(2.327777597,-1.E-02,-39.7));
#8843 = LINE('',#8844,#8845);
#8844 = CARTESIAN_POINT('',(2.327777597,-1.E-02,-39.7));
#8845 = VECTOR('',#8846,1.);
#8846 = DIRECTION('',(0.,1.,0.));
#8847 = ORIENTED_EDGE('',*,*,#8848,.F.);
#8848 = EDGE_CURVE('',#8817,#8841,#8849,.T.);
#8849 = LINE('',#8850,#8851);
#8850 = CARTESIAN_POINT('',(2.677777597,-1.E-02,-39.7));
#8851 = VECTOR('',#8852,1.);
#8852 = DIRECTION('',(-1.,-0.,-0.));
#8853 = ORIENTED_EDGE('',*,*,#8816,.T.);
#8854 = PLANE('',#8855);
#8855 = AXIS2_PLACEMENT_3D('',#8856,#8857,#8858);
#8856 = CARTESIAN_POINT('',(2.327777597,-1.E-02,-39.7));
#8857 = DIRECTION('',(0.,0.,1.));
#8858 = DIRECTION('',(-1.,0.,0.));
#8859 = ADVANCED_FACE('',(#8860),#8871,.F.);
#8860 = FACE_BOUND('',#8861,.F.);
#8861 = EDGE_LOOP('',(#8862,#8863,#8864,#8870));
#8862 = ORIENTED_EDGE('',*,*,#653,.T.);
#8863 = ORIENTED_EDGE('',*,*,#8801,.F.);
#8864 = ORIENTED_EDGE('',*,*,#8865,.F.);
#8865 = EDGE_CURVE('',#8841,#8794,#8866,.T.);
#8866 = LINE('',#8867,#8868);
#8867 = CARTESIAN_POINT('',(2.327777597,-1.E-02,-39.7));
#8868 = VECTOR('',#8869,1.);
#8869 = DIRECTION('',(0.,0.,1.));
#8870 = ORIENTED_EDGE('',*,*,#8840,.T.);
#8871 = PLANE('',#8872);
#8872 = AXIS2_PLACEMENT_3D('',#8873,#8874,#8875);
#8873 = CARTESIAN_POINT('',(2.327777597,-1.E-02,-37.5));
#8874 = DIRECTION('',(1.,0.,0.));
#8875 = DIRECTION('',(0.,0.,1.));
#8876 = ADVANCED_FACE('',(#8877),#8883,.F.);
#8877 = FACE_BOUND('',#8878,.F.);
#8878 = EDGE_LOOP('',(#8879,#8880,#8881,#8882));
#8879 = ORIENTED_EDGE('',*,*,#8793,.T.);
#8880 = ORIENTED_EDGE('',*,*,#8824,.T.);
#8881 = ORIENTED_EDGE('',*,*,#8848,.T.);
#8882 = ORIENTED_EDGE('',*,*,#8865,.T.);
#8883 = PLANE('',#8884);
#8884 = AXIS2_PLACEMENT_3D('',#8885,#8886,#8887);
#8885 = CARTESIAN_POINT('',(0.,-1.E-02,0.));
#8886 = DIRECTION('',(0.,1.,0.));
#8887 = DIRECTION('',(0.,0.,1.));
#8888 = ADVANCED_FACE('',(#8889),#8914,.F.);
#8889 = FACE_BOUND('',#8890,.F.);
#8890 = EDGE_LOOP('',(#8891,#8892,#8900,#8908));
#8891 = ORIENTED_EDGE('',*,*,#677,.T.);
#8892 = ORIENTED_EDGE('',*,*,#8893,.F.);
#8893 = EDGE_CURVE('',#8894,#670,#8896,.T.);
#8894 = VERTEX_POINT('',#8895);
#8895 = CARTESIAN_POINT('',(2.177777597,-1.E-02,-37.5));
#8896 = LINE('',#8897,#8898);
#8897 = CARTESIAN_POINT('',(2.177777597,-1.E-02,-37.5));
#8898 = VECTOR('',#8899,1.);
#8899 = DIRECTION('',(0.,1.,0.));
#8900 = ORIENTED_EDGE('',*,*,#8901,.F.);
#8901 = EDGE_CURVE('',#8902,#8894,#8904,.T.);
#8902 = VERTEX_POINT('',#8903);
#8903 = CARTESIAN_POINT('',(1.827777597,-1.E-02,-37.5));
#8904 = LINE('',#8905,#8906);
#8905 = CARTESIAN_POINT('',(1.827777597,-1.E-02,-37.5));
#8906 = VECTOR('',#8907,1.);
#8907 = DIRECTION('',(1.,0.,0.));
#8908 = ORIENTED_EDGE('',*,*,#8909,.T.);
#8909 = EDGE_CURVE('',#8902,#678,#8910,.T.);
#8910 = LINE('',#8911,#8912);
#8911 = CARTESIAN_POINT('',(1.827777597,-1.E-02,-37.5));
#8912 = VECTOR('',#8913,1.);
#8913 = DIRECTION('',(0.,1.,0.));
#8914 = PLANE('',#8915);
#8915 = AXIS2_PLACEMENT_3D('',#8916,#8917,#8918);
#8916 = CARTESIAN_POINT('',(1.827777597,-1.E-02,-37.5));
#8917 = DIRECTION('',(-0.,-0.,-1.));
#8918 = DIRECTION('',(1.,0.,0.));
#8919 = ADVANCED_FACE('',(#8920),#8938,.F.);
#8920 = FACE_BOUND('',#8921,.F.);
#8921 = EDGE_LOOP('',(#8922,#8923,#8931,#8937));
#8922 = ORIENTED_EDGE('',*,*,#669,.T.);
#8923 = ORIENTED_EDGE('',*,*,#8924,.F.);
#8924 = EDGE_CURVE('',#8925,#662,#8927,.T.);
#8925 = VERTEX_POINT('',#8926);
#8926 = CARTESIAN_POINT('',(2.177777597,-1.E-02,-39.7));
#8927 = LINE('',#8928,#8929);
#8928 = CARTESIAN_POINT('',(2.177777597,-1.E-02,-39.7));
#8929 = VECTOR('',#8930,1.);
#8930 = DIRECTION('',(0.,1.,0.));
#8931 = ORIENTED_EDGE('',*,*,#8932,.F.);
#8932 = EDGE_CURVE('',#8894,#8925,#8933,.T.);
#8933 = LINE('',#8934,#8935);
#8934 = CARTESIAN_POINT('',(2.177777597,-1.E-02,-37.5));
#8935 = VECTOR('',#8936,1.);
#8936 = DIRECTION('',(-0.,-0.,-1.));
#8937 = ORIENTED_EDGE('',*,*,#8893,.T.);
#8938 = PLANE('',#8939);
#8939 = AXIS2_PLACEMENT_3D('',#8940,#8941,#8942);
#8940 = CARTESIAN_POINT('',(2.177777597,-1.E-02,-39.7));
#8941 = DIRECTION('',(-1.,-0.,-0.));
#8942 = DIRECTION('',(0.,0.,-1.));
#8943 = ADVANCED_FACE('',(#8944),#8962,.F.);
#8944 = FACE_BOUND('',#8945,.F.);
#8945 = EDGE_LOOP('',(#8946,#8947,#8955,#8961));
#8946 = ORIENTED_EDGE('',*,*,#3059,.T.);
#8947 = ORIENTED_EDGE('',*,*,#8948,.F.);
#8948 = EDGE_CURVE('',#8949,#686,#8951,.T.);
#8949 = VERTEX_POINT('',#8950);
#8950 = CARTESIAN_POINT('',(1.827777597,-1.E-02,-39.7));
#8951 = LINE('',#8952,#8953);
#8952 = CARTESIAN_POINT('',(1.827777597,-1.E-02,-39.7));
#8953 = VECTOR('',#8954,1.);
#8954 = DIRECTION('',(0.,1.,0.));
#8955 = ORIENTED_EDGE('',*,*,#8956,.F.);
#8956 = EDGE_CURVE('',#8925,#8949,#8957,.T.);
#8957 = LINE('',#8958,#8959);
#8958 = CARTESIAN_POINT('',(2.177777597,-1.E-02,-39.7));
#8959 = VECTOR('',#8960,1.);
#8960 = DIRECTION('',(-1.,-0.,-0.));
#8961 = ORIENTED_EDGE('',*,*,#8924,.T.);
#8962 = PLANE('',#8963);
#8963 = AXIS2_PLACEMENT_3D('',#8964,#8965,#8966);
#8964 = CARTESIAN_POINT('',(1.827777597,-1.E-02,-39.7));
#8965 = DIRECTION('',(0.,0.,1.));
#8966 = DIRECTION('',(-1.,0.,0.));
#8967 = ADVANCED_FACE('',(#8968),#8979,.F.);
#8968 = FACE_BOUND('',#8969,.F.);
#8969 = EDGE_LOOP('',(#8970,#8971,#8972,#8978));
#8970 = ORIENTED_EDGE('',*,*,#685,.T.);
#8971 = ORIENTED_EDGE('',*,*,#8909,.F.);
#8972 = ORIENTED_EDGE('',*,*,#8973,.F.);
#8973 = EDGE_CURVE('',#8949,#8902,#8974,.T.);
#8974 = LINE('',#8975,#8976);
#8975 = CARTESIAN_POINT('',(1.827777597,-1.E-02,-39.7));
#8976 = VECTOR('',#8977,1.);
#8977 = DIRECTION('',(0.,0.,1.));
#8978 = ORIENTED_EDGE('',*,*,#8948,.T.);
#8979 = PLANE('',#8980);
#8980 = AXIS2_PLACEMENT_3D('',#8981,#8982,#8983);
#8981 = CARTESIAN_POINT('',(1.827777597,-1.E-02,-37.5));
#8982 = DIRECTION('',(1.,0.,0.));
#8983 = DIRECTION('',(0.,0.,1.));
#8984 = ADVANCED_FACE('',(#8985),#8991,.F.);
#8985 = FACE_BOUND('',#8986,.F.);
#8986 = EDGE_LOOP('',(#8987,#8988,#8989,#8990));
#8987 = ORIENTED_EDGE('',*,*,#8901,.T.);
#8988 = ORIENTED_EDGE('',*,*,#8932,.T.);
#8989 = ORIENTED_EDGE('',*,*,#8956,.T.);
#8990 = ORIENTED_EDGE('',*,*,#8973,.T.);
#8991 = PLANE('',#8992);
#8992 = AXIS2_PLACEMENT_3D('',#8993,#8994,#8995);
#8993 = CARTESIAN_POINT('',(0.,-1.E-02,0.));
#8994 = DIRECTION('',(0.,1.,0.));
#8995 = DIRECTION('',(0.,0.,1.));
#8996 = ADVANCED_FACE('',(#8997),#9022,.F.);
#8997 = FACE_BOUND('',#8998,.F.);
#8998 = EDGE_LOOP('',(#8999,#9000,#9008,#9016));
#8999 = ORIENTED_EDGE('',*,*,#709,.T.);
#9000 = ORIENTED_EDGE('',*,*,#9001,.F.);
#9001 = EDGE_CURVE('',#9002,#702,#9004,.T.);
#9002 = VERTEX_POINT('',#9003);
#9003 = CARTESIAN_POINT('',(1.677777597,-1.E-02,-37.5));
#9004 = LINE('',#9005,#9006);
#9005 = CARTESIAN_POINT('',(1.677777597,-1.E-02,-37.5));
#9006 = VECTOR('',#9007,1.);
#9007 = DIRECTION('',(0.,1.,0.));
#9008 = ORIENTED_EDGE('',*,*,#9009,.F.);
#9009 = EDGE_CURVE('',#9010,#9002,#9012,.T.);
#9010 = VERTEX_POINT('',#9011);
#9011 = CARTESIAN_POINT('',(1.327777597,-1.E-02,-37.5));
#9012 = LINE('',#9013,#9014);
#9013 = CARTESIAN_POINT('',(1.327777597,-1.E-02,-37.5));
#9014 = VECTOR('',#9015,1.);
#9015 = DIRECTION('',(1.,0.,0.));
#9016 = ORIENTED_EDGE('',*,*,#9017,.T.);
#9017 = EDGE_CURVE('',#9010,#710,#9018,.T.);
#9018 = LINE('',#9019,#9020);
#9019 = CARTESIAN_POINT('',(1.327777597,-1.E-02,-37.5));
#9020 = VECTOR('',#9021,1.);
#9021 = DIRECTION('',(0.,1.,0.));
#9022 = PLANE('',#9023);
#9023 = AXIS2_PLACEMENT_3D('',#9024,#9025,#9026);
#9024 = CARTESIAN_POINT('',(1.327777597,-1.E-02,-37.5));
#9025 = DIRECTION('',(-0.,-0.,-1.));
#9026 = DIRECTION('',(1.,0.,0.));
#9027 = ADVANCED_FACE('',(#9028),#9046,.F.);
#9028 = FACE_BOUND('',#9029,.F.);
#9029 = EDGE_LOOP('',(#9030,#9031,#9039,#9045));
#9030 = ORIENTED_EDGE('',*,*,#701,.T.);
#9031 = ORIENTED_EDGE('',*,*,#9032,.F.);
#9032 = EDGE_CURVE('',#9033,#694,#9035,.T.);
#9033 = VERTEX_POINT('',#9034);
#9034 = CARTESIAN_POINT('',(1.677777597,-1.E-02,-39.7));
#9035 = LINE('',#9036,#9037);
#9036 = CARTESIAN_POINT('',(1.677777597,-1.E-02,-39.7));
#9037 = VECTOR('',#9038,1.);
#9038 = DIRECTION('',(0.,1.,0.));
#9039 = ORIENTED_EDGE('',*,*,#9040,.F.);
#9040 = EDGE_CURVE('',#9002,#9033,#9041,.T.);
#9041 = LINE('',#9042,#9043);
#9042 = CARTESIAN_POINT('',(1.677777597,-1.E-02,-37.5));
#9043 = VECTOR('',#9044,1.);
#9044 = DIRECTION('',(-0.,-0.,-1.));
#9045 = ORIENTED_EDGE('',*,*,#9001,.T.);
#9046 = PLANE('',#9047);
#9047 = AXIS2_PLACEMENT_3D('',#9048,#9049,#9050);
#9048 = CARTESIAN_POINT('',(1.677777597,-1.E-02,-39.7));
#9049 = DIRECTION('',(-1.,-0.,-0.));
#9050 = DIRECTION('',(0.,0.,-1.));
#9051 = ADVANCED_FACE('',(#9052),#9070,.F.);
#9052 = FACE_BOUND('',#9053,.F.);
#9053 = EDGE_LOOP('',(#9054,#9055,#9063,#9069));
#9054 = ORIENTED_EDGE('',*,*,#3052,.T.);
#9055 = ORIENTED_EDGE('',*,*,#9056,.F.);
#9056 = EDGE_CURVE('',#9057,#718,#9059,.T.);
#9057 = VERTEX_POINT('',#9058);
#9058 = CARTESIAN_POINT('',(1.327777597,-1.E-02,-39.7));
#9059 = LINE('',#9060,#9061);
#9060 = CARTESIAN_POINT('',(1.327777597,-1.E-02,-39.7));
#9061 = VECTOR('',#9062,1.);
#9062 = DIRECTION('',(0.,1.,0.));
#9063 = ORIENTED_EDGE('',*,*,#9064,.F.);
#9064 = EDGE_CURVE('',#9033,#9057,#9065,.T.);
#9065 = LINE('',#9066,#9067);
#9066 = CARTESIAN_POINT('',(1.677777597,-1.E-02,-39.7));
#9067 = VECTOR('',#9068,1.);
#9068 = DIRECTION('',(-1.,-0.,-0.));
#9069 = ORIENTED_EDGE('',*,*,#9032,.T.);
#9070 = PLANE('',#9071);
#9071 = AXIS2_PLACEMENT_3D('',#9072,#9073,#9074);
#9072 = CARTESIAN_POINT('',(1.327777597,-1.E-02,-39.7));
#9073 = DIRECTION('',(0.,0.,1.));
#9074 = DIRECTION('',(-1.,0.,0.));
#9075 = ADVANCED_FACE('',(#9076),#9087,.F.);
#9076 = FACE_BOUND('',#9077,.F.);
#9077 = EDGE_LOOP('',(#9078,#9079,#9080,#9086));
#9078 = ORIENTED_EDGE('',*,*,#717,.T.);
#9079 = ORIENTED_EDGE('',*,*,#9017,.F.);
#9080 = ORIENTED_EDGE('',*,*,#9081,.F.);
#9081 = EDGE_CURVE('',#9057,#9010,#9082,.T.);
#9082 = LINE('',#9083,#9084);
#9083 = CARTESIAN_POINT('',(1.327777597,-1.E-02,-39.7));
#9084 = VECTOR('',#9085,1.);
#9085 = DIRECTION('',(0.,0.,1.));
#9086 = ORIENTED_EDGE('',*,*,#9056,.T.);
#9087 = PLANE('',#9088);
#9088 = AXIS2_PLACEMENT_3D('',#9089,#9090,#9091);
#9089 = CARTESIAN_POINT('',(1.327777597,-1.E-02,-37.5));
#9090 = DIRECTION('',(1.,0.,0.));
#9091 = DIRECTION('',(0.,0.,1.));
#9092 = ADVANCED_FACE('',(#9093),#9099,.F.);
#9093 = FACE_BOUND('',#9094,.F.);
#9094 = EDGE_LOOP('',(#9095,#9096,#9097,#9098));
#9095 = ORIENTED_EDGE('',*,*,#9009,.T.);
#9096 = ORIENTED_EDGE('',*,*,#9040,.T.);
#9097 = ORIENTED_EDGE('',*,*,#9064,.T.);
#9098 = ORIENTED_EDGE('',*,*,#9081,.T.);
#9099 = PLANE('',#9100);
#9100 = AXIS2_PLACEMENT_3D('',#9101,#9102,#9103);
#9101 = CARTESIAN_POINT('',(0.,-1.E-02,0.));
#9102 = DIRECTION('',(0.,1.,0.));
#9103 = DIRECTION('',(0.,0.,1.));
#9104 = ADVANCED_FACE('',(#9105),#9130,.F.);
#9105 = FACE_BOUND('',#9106,.F.);
#9106 = EDGE_LOOP('',(#9107,#9108,#9116,#9124));
#9107 = ORIENTED_EDGE('',*,*,#741,.T.);
#9108 = ORIENTED_EDGE('',*,*,#9109,.F.);
#9109 = EDGE_CURVE('',#9110,#734,#9112,.T.);
#9110 = VERTEX_POINT('',#9111);
#9111 = CARTESIAN_POINT('',(1.177777597,-1.E-02,-37.5));
#9112 = LINE('',#9113,#9114);
#9113 = CARTESIAN_POINT('',(1.177777597,-1.E-02,-37.5));
#9114 = VECTOR('',#9115,1.);
#9115 = DIRECTION('',(0.,1.,0.));
#9116 = ORIENTED_EDGE('',*,*,#9117,.F.);
#9117 = EDGE_CURVE('',#9118,#9110,#9120,.T.);
#9118 = VERTEX_POINT('',#9119);
#9119 = CARTESIAN_POINT('',(0.827777597,-1.E-02,-37.5));
#9120 = LINE('',#9121,#9122);
#9121 = CARTESIAN_POINT('',(0.827777597,-1.E-02,-37.5));
#9122 = VECTOR('',#9123,1.);
#9123 = DIRECTION('',(1.,0.,0.));
#9124 = ORIENTED_EDGE('',*,*,#9125,.T.);
#9125 = EDGE_CURVE('',#9118,#742,#9126,.T.);
#9126 = LINE('',#9127,#9128);
#9127 = CARTESIAN_POINT('',(0.827777597,-1.E-02,-37.5));
#9128 = VECTOR('',#9129,1.);
#9129 = DIRECTION('',(0.,1.,0.));
#9130 = PLANE('',#9131);
#9131 = AXIS2_PLACEMENT_3D('',#9132,#9133,#9134);
#9132 = CARTESIAN_POINT('',(0.827777597,-1.E-02,-37.5));
#9133 = DIRECTION('',(-0.,-0.,-1.));
#9134 = DIRECTION('',(1.,0.,0.));
#9135 = ADVANCED_FACE('',(#9136),#9154,.F.);
#9136 = FACE_BOUND('',#9137,.F.);
#9137 = EDGE_LOOP('',(#9138,#9139,#9147,#9153));
#9138 = ORIENTED_EDGE('',*,*,#733,.T.);
#9139 = ORIENTED_EDGE('',*,*,#9140,.F.);
#9140 = EDGE_CURVE('',#9141,#726,#9143,.T.);
#9141 = VERTEX_POINT('',#9142);
#9142 = CARTESIAN_POINT('',(1.177777597,-1.E-02,-39.7));
#9143 = LINE('',#9144,#9145);
#9144 = CARTESIAN_POINT('',(1.177777597,-1.E-02,-39.7));
#9145 = VECTOR('',#9146,1.);
#9146 = DIRECTION('',(0.,1.,0.));
#9147 = ORIENTED_EDGE('',*,*,#9148,.F.);
#9148 = EDGE_CURVE('',#9110,#9141,#9149,.T.);
#9149 = LINE('',#9150,#9151);
#9150 = CARTESIAN_POINT('',(1.177777597,-1.E-02,-37.5));
#9151 = VECTOR('',#9152,1.);
#9152 = DIRECTION('',(-0.,-0.,-1.));
#9153 = ORIENTED_EDGE('',*,*,#9109,.T.);
#9154 = PLANE('',#9155);
#9155 = AXIS2_PLACEMENT_3D('',#9156,#9157,#9158);
#9156 = CARTESIAN_POINT('',(1.177777597,-1.E-02,-39.7));
#9157 = DIRECTION('',(-1.,-0.,-0.));
#9158 = DIRECTION('',(0.,0.,-1.));
#9159 = ADVANCED_FACE('',(#9160),#9178,.F.);
#9160 = FACE_BOUND('',#9161,.F.);
#9161 = EDGE_LOOP('',(#9162,#9163,#9171,#9177));
#9162 = ORIENTED_EDGE('',*,*,#3045,.T.);
#9163 = ORIENTED_EDGE('',*,*,#9164,.F.);
#9164 = EDGE_CURVE('',#9165,#750,#9167,.T.);
#9165 = VERTEX_POINT('',#9166);
#9166 = CARTESIAN_POINT('',(0.827777597,-1.E-02,-39.7));
#9167 = LINE('',#9168,#9169);
#9168 = CARTESIAN_POINT('',(0.827777597,-1.E-02,-39.7));
#9169 = VECTOR('',#9170,1.);
#9170 = DIRECTION('',(0.,1.,0.));
#9171 = ORIENTED_EDGE('',*,*,#9172,.F.);
#9172 = EDGE_CURVE('',#9141,#9165,#9173,.T.);
#9173 = LINE('',#9174,#9175);
#9174 = CARTESIAN_POINT('',(1.177777597,-1.E-02,-39.7));
#9175 = VECTOR('',#9176,1.);
#9176 = DIRECTION('',(-1.,-0.,-0.));
#9177 = ORIENTED_EDGE('',*,*,#9140,.T.);
#9178 = PLANE('',#9179);
#9179 = AXIS2_PLACEMENT_3D('',#9180,#9181,#9182);
#9180 = CARTESIAN_POINT('',(0.827777597,-1.E-02,-39.7));
#9181 = DIRECTION('',(0.,0.,1.));
#9182 = DIRECTION('',(-1.,0.,0.));
#9183 = ADVANCED_FACE('',(#9184),#9195,.F.);
#9184 = FACE_BOUND('',#9185,.F.);
#9185 = EDGE_LOOP('',(#9186,#9187,#9188,#9194));
#9186 = ORIENTED_EDGE('',*,*,#749,.T.);
#9187 = ORIENTED_EDGE('',*,*,#9125,.F.);
#9188 = ORIENTED_EDGE('',*,*,#9189,.F.);
#9189 = EDGE_CURVE('',#9165,#9118,#9190,.T.);
#9190 = LINE('',#9191,#9192);
#9191 = CARTESIAN_POINT('',(0.827777597,-1.E-02,-39.7));
#9192 = VECTOR('',#9193,1.);
#9193 = DIRECTION('',(0.,0.,1.));
#9194 = ORIENTED_EDGE('',*,*,#9164,.T.);
#9195 = PLANE('',#9196);
#9196 = AXIS2_PLACEMENT_3D('',#9197,#9198,#9199);
#9197 = CARTESIAN_POINT('',(0.827777597,-1.E-02,-37.5));
#9198 = DIRECTION('',(1.,0.,0.));
#9199 = DIRECTION('',(0.,0.,1.));
#9200 = ADVANCED_FACE('',(#9201),#9207,.F.);
#9201 = FACE_BOUND('',#9202,.F.);
#9202 = EDGE_LOOP('',(#9203,#9204,#9205,#9206));
#9203 = ORIENTED_EDGE('',*,*,#9117,.T.);
#9204 = ORIENTED_EDGE('',*,*,#9148,.T.);
#9205 = ORIENTED_EDGE('',*,*,#9172,.T.);
#9206 = ORIENTED_EDGE('',*,*,#9189,.T.);
#9207 = PLANE('',#9208);
#9208 = AXIS2_PLACEMENT_3D('',#9209,#9210,#9211);
#9209 = CARTESIAN_POINT('',(0.,-1.E-02,0.));
#9210 = DIRECTION('',(0.,1.,0.));
#9211 = DIRECTION('',(0.,0.,1.));
#9212 = ADVANCED_FACE('',(#9213),#9238,.F.);
#9213 = FACE_BOUND('',#9214,.F.);
#9214 = EDGE_LOOP('',(#9215,#9216,#9224,#9232));
#9215 = ORIENTED_EDGE('',*,*,#773,.T.);
#9216 = ORIENTED_EDGE('',*,*,#9217,.F.);
#9217 = EDGE_CURVE('',#9218,#766,#9220,.T.);
#9218 = VERTEX_POINT('',#9219);
#9219 = CARTESIAN_POINT('',(0.677777597,-1.E-02,-37.5));
#9220 = LINE('',#9221,#9222);
#9221 = CARTESIAN_POINT('',(0.677777597,-1.E-02,-37.5));
#9222 = VECTOR('',#9223,1.);
#9223 = DIRECTION('',(0.,1.,0.));
#9224 = ORIENTED_EDGE('',*,*,#9225,.F.);
#9225 = EDGE_CURVE('',#9226,#9218,#9228,.T.);
#9226 = VERTEX_POINT('',#9227);
#9227 = CARTESIAN_POINT('',(0.327777597,-1.E-02,-37.5));
#9228 = LINE('',#9229,#9230);
#9229 = CARTESIAN_POINT('',(0.327777597,-1.E-02,-37.5));
#9230 = VECTOR('',#9231,1.);
#9231 = DIRECTION('',(1.,0.,0.));
#9232 = ORIENTED_EDGE('',*,*,#9233,.T.);
#9233 = EDGE_CURVE('',#9226,#774,#9234,.T.);
#9234 = LINE('',#9235,#9236);
#9235 = CARTESIAN_POINT('',(0.327777597,-1.E-02,-37.5));
#9236 = VECTOR('',#9237,1.);
#9237 = DIRECTION('',(0.,1.,0.));
#9238 = PLANE('',#9239);
#9239 = AXIS2_PLACEMENT_3D('',#9240,#9241,#9242);
#9240 = CARTESIAN_POINT('',(0.327777597,-1.E-02,-37.5));
#9241 = DIRECTION('',(-0.,-0.,-1.));
#9242 = DIRECTION('',(1.,0.,0.));
#9243 = ADVANCED_FACE('',(#9244),#9262,.F.);
#9244 = FACE_BOUND('',#9245,.F.);
#9245 = EDGE_LOOP('',(#9246,#9247,#9255,#9261));
#9246 = ORIENTED_EDGE('',*,*,#765,.T.);
#9247 = ORIENTED_EDGE('',*,*,#9248,.F.);
#9248 = EDGE_CURVE('',#9249,#758,#9251,.T.);
#9249 = VERTEX_POINT('',#9250);
#9250 = CARTESIAN_POINT('',(0.677777597,-1.E-02,-39.7));
#9251 = LINE('',#9252,#9253);
#9252 = CARTESIAN_POINT('',(0.677777597,-1.E-02,-39.7));
#9253 = VECTOR('',#9254,1.);
#9254 = DIRECTION('',(0.,1.,0.));
#9255 = ORIENTED_EDGE('',*,*,#9256,.F.);
#9256 = EDGE_CURVE('',#9218,#9249,#9257,.T.);
#9257 = LINE('',#9258,#9259);
#9258 = CARTESIAN_POINT('',(0.677777597,-1.E-02,-37.5));
#9259 = VECTOR('',#9260,1.);
#9260 = DIRECTION('',(-0.,-0.,-1.));
#9261 = ORIENTED_EDGE('',*,*,#9217,.T.);
#9262 = PLANE('',#9263);
#9263 = AXIS2_PLACEMENT_3D('',#9264,#9265,#9266);
#9264 = CARTESIAN_POINT('',(0.677777597,-1.E-02,-39.7));
#9265 = DIRECTION('',(-1.,-0.,-0.));
#9266 = DIRECTION('',(0.,0.,-1.));
#9267 = ADVANCED_FACE('',(#9268),#9286,.F.);
#9268 = FACE_BOUND('',#9269,.F.);
#9269 = EDGE_LOOP('',(#9270,#9271,#9279,#9285));
#9270 = ORIENTED_EDGE('',*,*,#3038,.T.);
#9271 = ORIENTED_EDGE('',*,*,#9272,.F.);
#9272 = EDGE_CURVE('',#9273,#782,#9275,.T.);
#9273 = VERTEX_POINT('',#9274);
#9274 = CARTESIAN_POINT('',(0.327777597,-1.E-02,-39.7));
#9275 = LINE('',#9276,#9277);
#9276 = CARTESIAN_POINT('',(0.327777597,-1.E-02,-39.7));
#9277 = VECTOR('',#9278,1.);
#9278 = DIRECTION('',(0.,1.,0.));
#9279 = ORIENTED_EDGE('',*,*,#9280,.F.);
#9280 = EDGE_CURVE('',#9249,#9273,#9281,.T.);
#9281 = LINE('',#9282,#9283);
#9282 = CARTESIAN_POINT('',(0.677777597,-1.E-02,-39.7));
#9283 = VECTOR('',#9284,1.);
#9284 = DIRECTION('',(-1.,-0.,-0.));
#9285 = ORIENTED_EDGE('',*,*,#9248,.T.);
#9286 = PLANE('',#9287);
#9287 = AXIS2_PLACEMENT_3D('',#9288,#9289,#9290);
#9288 = CARTESIAN_POINT('',(0.327777597,-1.E-02,-39.7));
#9289 = DIRECTION('',(0.,0.,1.));
#9290 = DIRECTION('',(-1.,0.,0.));
#9291 = ADVANCED_FACE('',(#9292),#9303,.F.);
#9292 = FACE_BOUND('',#9293,.F.);
#9293 = EDGE_LOOP('',(#9294,#9295,#9296,#9302));
#9294 = ORIENTED_EDGE('',*,*,#781,.T.);
#9295 = ORIENTED_EDGE('',*,*,#9233,.F.);
#9296 = ORIENTED_EDGE('',*,*,#9297,.F.);
#9297 = EDGE_CURVE('',#9273,#9226,#9298,.T.);
#9298 = LINE('',#9299,#9300);
#9299 = CARTESIAN_POINT('',(0.327777597,-1.E-02,-39.7));
#9300 = VECTOR('',#9301,1.);
#9301 = DIRECTION('',(0.,0.,1.));
#9302 = ORIENTED_EDGE('',*,*,#9272,.T.);
#9303 = PLANE('',#9304);
#9304 = AXIS2_PLACEMENT_3D('',#9305,#9306,#9307);
#9305 = CARTESIAN_POINT('',(0.327777597,-1.E-02,-37.5));
#9306 = DIRECTION('',(1.,0.,0.));
#9307 = DIRECTION('',(0.,0.,1.));
#9308 = ADVANCED_FACE('',(#9309),#9315,.F.);
#9309 = FACE_BOUND('',#9310,.F.);
#9310 = EDGE_LOOP('',(#9311,#9312,#9313,#9314));
#9311 = ORIENTED_EDGE('',*,*,#9225,.T.);
#9312 = ORIENTED_EDGE('',*,*,#9256,.T.);
#9313 = ORIENTED_EDGE('',*,*,#9280,.T.);
#9314 = ORIENTED_EDGE('',*,*,#9297,.T.);
#9315 = PLANE('',#9316);
#9316 = AXIS2_PLACEMENT_3D('',#9317,#9318,#9319);
#9317 = CARTESIAN_POINT('',(0.,-1.E-02,0.));
#9318 = DIRECTION('',(0.,1.,0.));
#9319 = DIRECTION('',(0.,0.,1.));
#9320 = ADVANCED_FACE('',(#9321),#9346,.F.);
#9321 = FACE_BOUND('',#9322,.F.);
#9322 = EDGE_LOOP('',(#9323,#9324,#9332,#9340));
#9323 = ORIENTED_EDGE('',*,*,#805,.T.);
#9324 = ORIENTED_EDGE('',*,*,#9325,.F.);
#9325 = EDGE_CURVE('',#9326,#798,#9328,.T.);
#9326 = VERTEX_POINT('',#9327);
#9327 = CARTESIAN_POINT('',(0.177777597,-1.E-02,-37.5));
#9328 = LINE('',#9329,#9330);
#9329 = CARTESIAN_POINT('',(0.177777597,-1.E-02,-37.5));
#9330 = VECTOR('',#9331,1.);
#9331 = DIRECTION('',(0.,1.,0.));
#9332 = ORIENTED_EDGE('',*,*,#9333,.F.);
#9333 = EDGE_CURVE('',#9334,#9326,#9336,.T.);
#9334 = VERTEX_POINT('',#9335);
#9335 = CARTESIAN_POINT('',(-0.172222403,-1.E-02,-37.5));
#9336 = LINE('',#9337,#9338);
#9337 = CARTESIAN_POINT('',(-0.172222403,-1.E-02,-37.5));
#9338 = VECTOR('',#9339,1.);
#9339 = DIRECTION('',(1.,0.,0.));
#9340 = ORIENTED_EDGE('',*,*,#9341,.T.);
#9341 = EDGE_CURVE('',#9334,#806,#9342,.T.);
#9342 = LINE('',#9343,#9344);
#9343 = CARTESIAN_POINT('',(-0.172222403,-1.E-02,-37.5));
#9344 = VECTOR('',#9345,1.);
#9345 = DIRECTION('',(0.,1.,0.));
#9346 = PLANE('',#9347);
#9347 = AXIS2_PLACEMENT_3D('',#9348,#9349,#9350);
#9348 = CARTESIAN_POINT('',(-0.172222403,-1.E-02,-37.5));
#9349 = DIRECTION('',(-0.,-0.,-1.));
#9350 = DIRECTION('',(1.,0.,0.));
#9351 = ADVANCED_FACE('',(#9352),#9370,.F.);
#9352 = FACE_BOUND('',#9353,.F.);
#9353 = EDGE_LOOP('',(#9354,#9355,#9363,#9369));
#9354 = ORIENTED_EDGE('',*,*,#797,.T.);
#9355 = ORIENTED_EDGE('',*,*,#9356,.F.);
#9356 = EDGE_CURVE('',#9357,#790,#9359,.T.);
#9357 = VERTEX_POINT('',#9358);
#9358 = CARTESIAN_POINT('',(0.177777597,-1.E-02,-39.7));
#9359 = LINE('',#9360,#9361);
#9360 = CARTESIAN_POINT('',(0.177777597,-1.E-02,-39.7));
#9361 = VECTOR('',#9362,1.);
#9362 = DIRECTION('',(0.,1.,0.));
#9363 = ORIENTED_EDGE('',*,*,#9364,.F.);
#9364 = EDGE_CURVE('',#9326,#9357,#9365,.T.);
#9365 = LINE('',#9366,#9367);
#9366 = CARTESIAN_POINT('',(0.177777597,-1.E-02,-37.5));
#9367 = VECTOR('',#9368,1.);
#9368 = DIRECTION('',(-0.,-0.,-1.));
#9369 = ORIENTED_EDGE('',*,*,#9325,.T.);
#9370 = PLANE('',#9371);
#9371 = AXIS2_PLACEMENT_3D('',#9372,#9373,#9374);
#9372 = CARTESIAN_POINT('',(0.177777597,-1.E-02,-39.7));
#9373 = DIRECTION('',(-1.,-0.,-0.));
#9374 = DIRECTION('',(0.,0.,-1.));
#9375 = ADVANCED_FACE('',(#9376),#9394,.F.);
#9376 = FACE_BOUND('',#9377,.F.);
#9377 = EDGE_LOOP('',(#9378,#9379,#9387,#9393));
#9378 = ORIENTED_EDGE('',*,*,#3031,.T.);
#9379 = ORIENTED_EDGE('',*,*,#9380,.F.);
#9380 = EDGE_CURVE('',#9381,#814,#9383,.T.);
#9381 = VERTEX_POINT('',#9382);
#9382 = CARTESIAN_POINT('',(-0.172222403,-1.E-02,-39.7));
#9383 = LINE('',#9384,#9385);
#9384 = CARTESIAN_POINT('',(-0.172222403,-1.E-02,-39.7));
#9385 = VECTOR('',#9386,1.);
#9386 = DIRECTION('',(0.,1.,0.));
#9387 = ORIENTED_EDGE('',*,*,#9388,.F.);
#9388 = EDGE_CURVE('',#9357,#9381,#9389,.T.);
#9389 = LINE('',#9390,#9391);
#9390 = CARTESIAN_POINT('',(0.177777597,-1.E-02,-39.7));
#9391 = VECTOR('',#9392,1.);
#9392 = DIRECTION('',(-1.,-0.,-0.));
#9393 = ORIENTED_EDGE('',*,*,#9356,.T.);
#9394 = PLANE('',#9395);
#9395 = AXIS2_PLACEMENT_3D('',#9396,#9397,#9398);
#9396 = CARTESIAN_POINT('',(-0.172222403,-1.E-02,-39.7));
#9397 = DIRECTION('',(0.,0.,1.));
#9398 = DIRECTION('',(-1.,0.,0.));
#9399 = ADVANCED_FACE('',(#9400),#9411,.F.);
#9400 = FACE_BOUND('',#9401,.F.);
#9401 = EDGE_LOOP('',(#9402,#9403,#9404,#9410));
#9402 = ORIENTED_EDGE('',*,*,#813,.T.);
#9403 = ORIENTED_EDGE('',*,*,#9341,.F.);
#9404 = ORIENTED_EDGE('',*,*,#9405,.F.);
#9405 = EDGE_CURVE('',#9381,#9334,#9406,.T.);
#9406 = LINE('',#9407,#9408);
#9407 = CARTESIAN_POINT('',(-0.172222403,-1.E-02,-39.7));
#9408 = VECTOR('',#9409,1.);
#9409 = DIRECTION('',(0.,0.,1.));
#9410 = ORIENTED_EDGE('',*,*,#9380,.T.);
#9411 = PLANE('',#9412);
#9412 = AXIS2_PLACEMENT_3D('',#9413,#9414,#9415);
#9413 = CARTESIAN_POINT('',(-0.172222403,-1.E-02,-37.5));
#9414 = DIRECTION('',(1.,0.,0.));
#9415 = DIRECTION('',(0.,0.,1.));
#9416 = ADVANCED_FACE('',(#9417),#9423,.F.);
#9417 = FACE_BOUND('',#9418,.F.);
#9418 = EDGE_LOOP('',(#9419,#9420,#9421,#9422));
#9419 = ORIENTED_EDGE('',*,*,#9333,.T.);
#9420 = ORIENTED_EDGE('',*,*,#9364,.T.);
#9421 = ORIENTED_EDGE('',*,*,#9388,.T.);
#9422 = ORIENTED_EDGE('',*,*,#9405,.T.);
#9423 = PLANE('',#9424);
#9424 = AXIS2_PLACEMENT_3D('',#9425,#9426,#9427);
#9425 = CARTESIAN_POINT('',(0.,-1.E-02,0.));
#9426 = DIRECTION('',(0.,1.,0.));
#9427 = DIRECTION('',(0.,0.,1.));
#9428 = ADVANCED_FACE('',(#9429),#9454,.F.);
#9429 = FACE_BOUND('',#9430,.F.);
#9430 = EDGE_LOOP('',(#9431,#9432,#9440,#9448));
#9431 = ORIENTED_EDGE('',*,*,#837,.T.);
#9432 = ORIENTED_EDGE('',*,*,#9433,.F.);
#9433 = EDGE_CURVE('',#9434,#830,#9436,.T.);
#9434 = VERTEX_POINT('',#9435);
#9435 = CARTESIAN_POINT('',(-0.322222403,-1.E-02,-37.5));
#9436 = LINE('',#9437,#9438);
#9437 = CARTESIAN_POINT('',(-0.322222403,-1.E-02,-37.5));
#9438 = VECTOR('',#9439,1.);
#9439 = DIRECTION('',(0.,1.,0.));
#9440 = ORIENTED_EDGE('',*,*,#9441,.F.);
#9441 = EDGE_CURVE('',#9442,#9434,#9444,.T.);
#9442 = VERTEX_POINT('',#9443);
#9443 = CARTESIAN_POINT('',(-0.672222403,-1.E-02,-37.5));
#9444 = LINE('',#9445,#9446);
#9445 = CARTESIAN_POINT('',(-0.672222403,-1.E-02,-37.5));
#9446 = VECTOR('',#9447,1.);
#9447 = DIRECTION('',(1.,0.,0.));
#9448 = ORIENTED_EDGE('',*,*,#9449,.T.);
#9449 = EDGE_CURVE('',#9442,#838,#9450,.T.);
#9450 = LINE('',#9451,#9452);
#9451 = CARTESIAN_POINT('',(-0.672222403,-1.E-02,-37.5));
#9452 = VECTOR('',#9453,1.);
#9453 = DIRECTION('',(0.,1.,0.));
#9454 = PLANE('',#9455);
#9455 = AXIS2_PLACEMENT_3D('',#9456,#9457,#9458);
#9456 = CARTESIAN_POINT('',(-0.672222403,-1.E-02,-37.5));
#9457 = DIRECTION('',(-0.,-0.,-1.));
#9458 = DIRECTION('',(1.,0.,0.));
#9459 = ADVANCED_FACE('',(#9460),#9478,.F.);
#9460 = FACE_BOUND('',#9461,.F.);
#9461 = EDGE_LOOP('',(#9462,#9463,#9471,#9477));
#9462 = ORIENTED_EDGE('',*,*,#829,.T.);
#9463 = ORIENTED_EDGE('',*,*,#9464,.F.);
#9464 = EDGE_CURVE('',#9465,#822,#9467,.T.);
#9465 = VERTEX_POINT('',#9466);
#9466 = CARTESIAN_POINT('',(-0.322222403,-1.E-02,-39.7));
#9467 = LINE('',#9468,#9469);
#9468 = CARTESIAN_POINT('',(-0.322222403,-1.E-02,-39.7));
#9469 = VECTOR('',#9470,1.);
#9470 = DIRECTION('',(0.,1.,0.));
#9471 = ORIENTED_EDGE('',*,*,#9472,.F.);
#9472 = EDGE_CURVE('',#9434,#9465,#9473,.T.);
#9473 = LINE('',#9474,#9475);
#9474 = CARTESIAN_POINT('',(-0.322222403,-1.E-02,-37.5));
#9475 = VECTOR('',#9476,1.);
#9476 = DIRECTION('',(-0.,-0.,-1.));
#9477 = ORIENTED_EDGE('',*,*,#9433,.T.);
#9478 = PLANE('',#9479);
#9479 = AXIS2_PLACEMENT_3D('',#9480,#9481,#9482);
#9480 = CARTESIAN_POINT('',(-0.322222403,-1.E-02,-39.7));
#9481 = DIRECTION('',(-1.,-0.,-0.));
#9482 = DIRECTION('',(0.,0.,-1.));
#9483 = ADVANCED_FACE('',(#9484),#9502,.F.);
#9484 = FACE_BOUND('',#9485,.F.);
#9485 = EDGE_LOOP('',(#9486,#9487,#9495,#9501));
#9486 = ORIENTED_EDGE('',*,*,#3024,.T.);
#9487 = ORIENTED_EDGE('',*,*,#9488,.F.);
#9488 = EDGE_CURVE('',#9489,#846,#9491,.T.);
#9489 = VERTEX_POINT('',#9490);
#9490 = CARTESIAN_POINT('',(-0.672222403,-1.E-02,-39.7));
#9491 = LINE('',#9492,#9493);
#9492 = CARTESIAN_POINT('',(-0.672222403,-1.E-02,-39.7));
#9493 = VECTOR('',#9494,1.);
#9494 = DIRECTION('',(0.,1.,0.));
#9495 = ORIENTED_EDGE('',*,*,#9496,.F.);
#9496 = EDGE_CURVE('',#9465,#9489,#9497,.T.);
#9497 = LINE('',#9498,#9499);
#9498 = CARTESIAN_POINT('',(-0.322222403,-1.E-02,-39.7));
#9499 = VECTOR('',#9500,1.);
#9500 = DIRECTION('',(-1.,-0.,-0.));
#9501 = ORIENTED_EDGE('',*,*,#9464,.T.);
#9502 = PLANE('',#9503);
#9503 = AXIS2_PLACEMENT_3D('',#9504,#9505,#9506);
#9504 = CARTESIAN_POINT('',(-0.672222403,-1.E-02,-39.7));
#9505 = DIRECTION('',(0.,0.,1.));
#9506 = DIRECTION('',(-1.,0.,0.));
#9507 = ADVANCED_FACE('',(#9508),#9519,.F.);
#9508 = FACE_BOUND('',#9509,.F.);
#9509 = EDGE_LOOP('',(#9510,#9511,#9512,#9518));
#9510 = ORIENTED_EDGE('',*,*,#845,.T.);
#9511 = ORIENTED_EDGE('',*,*,#9449,.F.);
#9512 = ORIENTED_EDGE('',*,*,#9513,.F.);
#9513 = EDGE_CURVE('',#9489,#9442,#9514,.T.);
#9514 = LINE('',#9515,#9516);
#9515 = CARTESIAN_POINT('',(-0.672222403,-1.E-02,-39.7));
#9516 = VECTOR('',#9517,1.);
#9517 = DIRECTION('',(0.,0.,1.));
#9518 = ORIENTED_EDGE('',*,*,#9488,.T.);
#9519 = PLANE('',#9520);
#9520 = AXIS2_PLACEMENT_3D('',#9521,#9522,#9523);
#9521 = CARTESIAN_POINT('',(-0.672222403,-1.E-02,-37.5));
#9522 = DIRECTION('',(1.,0.,0.));
#9523 = DIRECTION('',(0.,0.,1.));
#9524 = ADVANCED_FACE('',(#9525),#9531,.F.);
#9525 = FACE_BOUND('',#9526,.F.);
#9526 = EDGE_LOOP('',(#9527,#9528,#9529,#9530));
#9527 = ORIENTED_EDGE('',*,*,#9441,.T.);
#9528 = ORIENTED_EDGE('',*,*,#9472,.T.);
#9529 = ORIENTED_EDGE('',*,*,#9496,.T.);
#9530 = ORIENTED_EDGE('',*,*,#9513,.T.);
#9531 = PLANE('',#9532);
#9532 = AXIS2_PLACEMENT_3D('',#9533,#9534,#9535);
#9533 = CARTESIAN_POINT('',(0.,-1.E-02,0.));
#9534 = DIRECTION('',(0.,1.,0.));
#9535 = DIRECTION('',(0.,0.,1.));
#9536 = ADVANCED_FACE('',(#9537),#9562,.F.);
#9537 = FACE_BOUND('',#9538,.F.);
#9538 = EDGE_LOOP('',(#9539,#9540,#9548,#9556));
#9539 = ORIENTED_EDGE('',*,*,#869,.T.);
#9540 = ORIENTED_EDGE('',*,*,#9541,.F.);
#9541 = EDGE_CURVE('',#9542,#862,#9544,.T.);
#9542 = VERTEX_POINT('',#9543);
#9543 = CARTESIAN_POINT('',(-0.822222403,-1.E-02,-37.5));
#9544 = LINE('',#9545,#9546);
#9545 = CARTESIAN_POINT('',(-0.822222403,-1.E-02,-37.5));
#9546 = VECTOR('',#9547,1.);
#9547 = DIRECTION('',(0.,1.,0.));
#9548 = ORIENTED_EDGE('',*,*,#9549,.F.);
#9549 = EDGE_CURVE('',#9550,#9542,#9552,.T.);
#9550 = VERTEX_POINT('',#9551);
#9551 = CARTESIAN_POINT('',(-1.172222403,-1.E-02,-37.5));
#9552 = LINE('',#9553,#9554);
#9553 = CARTESIAN_POINT('',(-1.172222403,-1.E-02,-37.5));
#9554 = VECTOR('',#9555,1.);
#9555 = DIRECTION('',(1.,0.,0.));
#9556 = ORIENTED_EDGE('',*,*,#9557,.T.);
#9557 = EDGE_CURVE('',#9550,#870,#9558,.T.);
#9558 = LINE('',#9559,#9560);
#9559 = CARTESIAN_POINT('',(-1.172222403,-1.E-02,-37.5));
#9560 = VECTOR('',#9561,1.);
#9561 = DIRECTION('',(0.,1.,0.));
#9562 = PLANE('',#9563);
#9563 = AXIS2_PLACEMENT_3D('',#9564,#9565,#9566);
#9564 = CARTESIAN_POINT('',(-1.172222403,-1.E-02,-37.5));
#9565 = DIRECTION('',(-0.,-0.,-1.));
#9566 = DIRECTION('',(1.,0.,0.));
#9567 = ADVANCED_FACE('',(#9568),#9586,.F.);
#9568 = FACE_BOUND('',#9569,.F.);
#9569 = EDGE_LOOP('',(#9570,#9571,#9579,#9585));
#9570 = ORIENTED_EDGE('',*,*,#861,.T.);
#9571 = ORIENTED_EDGE('',*,*,#9572,.F.);
#9572 = EDGE_CURVE('',#9573,#854,#9575,.T.);
#9573 = VERTEX_POINT('',#9574);
#9574 = CARTESIAN_POINT('',(-0.822222403,-1.E-02,-39.7));
#9575 = LINE('',#9576,#9577);
#9576 = CARTESIAN_POINT('',(-0.822222403,-1.E-02,-39.7));
#9577 = VECTOR('',#9578,1.);
#9578 = DIRECTION('',(0.,1.,0.));
#9579 = ORIENTED_EDGE('',*,*,#9580,.F.);
#9580 = EDGE_CURVE('',#9542,#9573,#9581,.T.);
#9581 = LINE('',#9582,#9583);
#9582 = CARTESIAN_POINT('',(-0.822222403,-1.E-02,-37.5));
#9583 = VECTOR('',#9584,1.);
#9584 = DIRECTION('',(-0.,-0.,-1.));
#9585 = ORIENTED_EDGE('',*,*,#9541,.T.);
#9586 = PLANE('',#9587);
#9587 = AXIS2_PLACEMENT_3D('',#9588,#9589,#9590);
#9588 = CARTESIAN_POINT('',(-0.822222403,-1.E-02,-39.7));
#9589 = DIRECTION('',(-1.,-0.,-0.));
#9590 = DIRECTION('',(0.,0.,-1.));
#9591 = ADVANCED_FACE('',(#9592),#9610,.F.);
#9592 = FACE_BOUND('',#9593,.F.);
#9593 = EDGE_LOOP('',(#9594,#9595,#9603,#9609));
#9594 = ORIENTED_EDGE('',*,*,#3017,.T.);
#9595 = ORIENTED_EDGE('',*,*,#9596,.F.);
#9596 = EDGE_CURVE('',#9597,#878,#9599,.T.);
#9597 = VERTEX_POINT('',#9598);
#9598 = CARTESIAN_POINT('',(-1.172222403,-1.E-02,-39.7));
#9599 = LINE('',#9600,#9601);
#9600 = CARTESIAN_POINT('',(-1.172222403,-1.E-02,-39.7));
#9601 = VECTOR('',#9602,1.);
#9602 = DIRECTION('',(0.,1.,0.));
#9603 = ORIENTED_EDGE('',*,*,#9604,.F.);
#9604 = EDGE_CURVE('',#9573,#9597,#9605,.T.);
#9605 = LINE('',#9606,#9607);
#9606 = CARTESIAN_POINT('',(-0.822222403,-1.E-02,-39.7));
#9607 = VECTOR('',#9608,1.);
#9608 = DIRECTION('',(-1.,-0.,-0.));
#9609 = ORIENTED_EDGE('',*,*,#9572,.T.);
#9610 = PLANE('',#9611);
#9611 = AXIS2_PLACEMENT_3D('',#9612,#9613,#9614);
#9612 = CARTESIAN_POINT('',(-1.172222403,-1.E-02,-39.7));
#9613 = DIRECTION('',(0.,0.,1.));
#9614 = DIRECTION('',(-1.,0.,0.));
#9615 = ADVANCED_FACE('',(#9616),#9627,.F.);
#9616 = FACE_BOUND('',#9617,.F.);
#9617 = EDGE_LOOP('',(#9618,#9619,#9620,#9626));
#9618 = ORIENTED_EDGE('',*,*,#877,.T.);
#9619 = ORIENTED_EDGE('',*,*,#9557,.F.);
#9620 = ORIENTED_EDGE('',*,*,#9621,.F.);
#9621 = EDGE_CURVE('',#9597,#9550,#9622,.T.);
#9622 = LINE('',#9623,#9624);
#9623 = CARTESIAN_POINT('',(-1.172222403,-1.E-02,-39.7));
#9624 = VECTOR('',#9625,1.);
#9625 = DIRECTION('',(0.,0.,1.));
#9626 = ORIENTED_EDGE('',*,*,#9596,.T.);
#9627 = PLANE('',#9628);
#9628 = AXIS2_PLACEMENT_3D('',#9629,#9630,#9631);
#9629 = CARTESIAN_POINT('',(-1.172222403,-1.E-02,-37.5));
#9630 = DIRECTION('',(1.,0.,0.));
#9631 = DIRECTION('',(0.,0.,1.));
#9632 = ADVANCED_FACE('',(#9633),#9639,.F.);
#9633 = FACE_BOUND('',#9634,.F.);
#9634 = EDGE_LOOP('',(#9635,#9636,#9637,#9638));
#9635 = ORIENTED_EDGE('',*,*,#9549,.T.);
#9636 = ORIENTED_EDGE('',*,*,#9580,.T.);
#9637 = ORIENTED_EDGE('',*,*,#9604,.T.);
#9638 = ORIENTED_EDGE('',*,*,#9621,.T.);
#9639 = PLANE('',#9640);
#9640 = AXIS2_PLACEMENT_3D('',#9641,#9642,#9643);
#9641 = CARTESIAN_POINT('',(0.,-1.E-02,0.));
#9642 = DIRECTION('',(0.,1.,0.));
#9643 = DIRECTION('',(0.,0.,1.));
#9644 = ADVANCED_FACE('',(#9645),#9670,.F.);
#9645 = FACE_BOUND('',#9646,.F.);
#9646 = EDGE_LOOP('',(#9647,#9648,#9656,#9664));
#9647 = ORIENTED_EDGE('',*,*,#901,.T.);
#9648 = ORIENTED_EDGE('',*,*,#9649,.F.);
#9649 = EDGE_CURVE('',#9650,#894,#9652,.T.);
#9650 = VERTEX_POINT('',#9651);
#9651 = CARTESIAN_POINT('',(-1.322222403,-1.E-02,-37.5));
#9652 = LINE('',#9653,#9654);
#9653 = CARTESIAN_POINT('',(-1.322222403,-1.E-02,-37.5));
#9654 = VECTOR('',#9655,1.);
#9655 = DIRECTION('',(0.,1.,0.));
#9656 = ORIENTED_EDGE('',*,*,#9657,.F.);
#9657 = EDGE_CURVE('',#9658,#9650,#9660,.T.);
#9658 = VERTEX_POINT('',#9659);
#9659 = CARTESIAN_POINT('',(-1.672222403,-1.E-02,-37.5));
#9660 = LINE('',#9661,#9662);
#9661 = CARTESIAN_POINT('',(-1.672222403,-1.E-02,-37.5));
#9662 = VECTOR('',#9663,1.);
#9663 = DIRECTION('',(1.,0.,0.));
#9664 = ORIENTED_EDGE('',*,*,#9665,.T.);
#9665 = EDGE_CURVE('',#9658,#902,#9666,.T.);
#9666 = LINE('',#9667,#9668);
#9667 = CARTESIAN_POINT('',(-1.672222403,-1.E-02,-37.5));
#9668 = VECTOR('',#9669,1.);
#9669 = DIRECTION('',(0.,1.,0.));
#9670 = PLANE('',#9671);
#9671 = AXIS2_PLACEMENT_3D('',#9672,#9673,#9674);
#9672 = CARTESIAN_POINT('',(-1.672222403,-1.E-02,-37.5));
#9673 = DIRECTION('',(-0.,-0.,-1.));
#9674 = DIRECTION('',(1.,0.,0.));
#9675 = ADVANCED_FACE('',(#9676),#9694,.F.);
#9676 = FACE_BOUND('',#9677,.F.);
#9677 = EDGE_LOOP('',(#9678,#9679,#9687,#9693));
#9678 = ORIENTED_EDGE('',*,*,#893,.T.);
#9679 = ORIENTED_EDGE('',*,*,#9680,.F.);
#9680 = EDGE_CURVE('',#9681,#886,#9683,.T.);
#9681 = VERTEX_POINT('',#9682);
#9682 = CARTESIAN_POINT('',(-1.322222403,-1.E-02,-39.7));
#9683 = LINE('',#9684,#9685);
#9684 = CARTESIAN_POINT('',(-1.322222403,-1.E-02,-39.7));
#9685 = VECTOR('',#9686,1.);
#9686 = DIRECTION('',(0.,1.,0.));
#9687 = ORIENTED_EDGE('',*,*,#9688,.F.);
#9688 = EDGE_CURVE('',#9650,#9681,#9689,.T.);
#9689 = LINE('',#9690,#9691);
#9690 = CARTESIAN_POINT('',(-1.322222403,-1.E-02,-37.5));
#9691 = VECTOR('',#9692,1.);
#9692 = DIRECTION('',(-0.,-0.,-1.));
#9693 = ORIENTED_EDGE('',*,*,#9649,.T.);
#9694 = PLANE('',#9695);
#9695 = AXIS2_PLACEMENT_3D('',#9696,#9697,#9698);
#9696 = CARTESIAN_POINT('',(-1.322222403,-1.E-02,-39.7));
#9697 = DIRECTION('',(-1.,-0.,-0.));
#9698 = DIRECTION('',(0.,0.,-1.));
#9699 = ADVANCED_FACE('',(#9700),#9718,.F.);
#9700 = FACE_BOUND('',#9701,.F.);
#9701 = EDGE_LOOP('',(#9702,#9703,#9711,#9717));
#9702 = ORIENTED_EDGE('',*,*,#3010,.T.);
#9703 = ORIENTED_EDGE('',*,*,#9704,.F.);
#9704 = EDGE_CURVE('',#9705,#910,#9707,.T.);
#9705 = VERTEX_POINT('',#9706);
#9706 = CARTESIAN_POINT('',(-1.672222403,-1.E-02,-39.7));
#9707 = LINE('',#9708,#9709);
#9708 = CARTESIAN_POINT('',(-1.672222403,-1.E-02,-39.7));
#9709 = VECTOR('',#9710,1.);
#9710 = DIRECTION('',(0.,1.,0.));
#9711 = ORIENTED_EDGE('',*,*,#9712,.F.);
#9712 = EDGE_CURVE('',#9681,#9705,#9713,.T.);
#9713 = LINE('',#9714,#9715);
#9714 = CARTESIAN_POINT('',(-1.322222403,-1.E-02,-39.7));
#9715 = VECTOR('',#9716,1.);
#9716 = DIRECTION('',(-1.,-0.,-0.));
#9717 = ORIENTED_EDGE('',*,*,#9680,.T.);
#9718 = PLANE('',#9719);
#9719 = AXIS2_PLACEMENT_3D('',#9720,#9721,#9722);
#9720 = CARTESIAN_POINT('',(-1.672222403,-1.E-02,-39.7));
#9721 = DIRECTION('',(0.,0.,1.));
#9722 = DIRECTION('',(-1.,0.,0.));
#9723 = ADVANCED_FACE('',(#9724),#9735,.F.);
#9724 = FACE_BOUND('',#9725,.F.);
#9725 = EDGE_LOOP('',(#9726,#9727,#9728,#9734));
#9726 = ORIENTED_EDGE('',*,*,#909,.T.);
#9727 = ORIENTED_EDGE('',*,*,#9665,.F.);
#9728 = ORIENTED_EDGE('',*,*,#9729,.F.);
#9729 = EDGE_CURVE('',#9705,#9658,#9730,.T.);
#9730 = LINE('',#9731,#9732);
#9731 = CARTESIAN_POINT('',(-1.672222403,-1.E-02,-39.7));
#9732 = VECTOR('',#9733,1.);
#9733 = DIRECTION('',(0.,0.,1.));
#9734 = ORIENTED_EDGE('',*,*,#9704,.T.);
#9735 = PLANE('',#9736);
#9736 = AXIS2_PLACEMENT_3D('',#9737,#9738,#9739);
#9737 = CARTESIAN_POINT('',(-1.672222403,-1.E-02,-37.5));
#9738 = DIRECTION('',(1.,0.,0.));
#9739 = DIRECTION('',(0.,0.,1.));
#9740 = ADVANCED_FACE('',(#9741),#9747,.F.);
#9741 = FACE_BOUND('',#9742,.F.);
#9742 = EDGE_LOOP('',(#9743,#9744,#9745,#9746));
#9743 = ORIENTED_EDGE('',*,*,#9657,.T.);
#9744 = ORIENTED_EDGE('',*,*,#9688,.T.);
#9745 = ORIENTED_EDGE('',*,*,#9712,.T.);
#9746 = ORIENTED_EDGE('',*,*,#9729,.T.);
#9747 = PLANE('',#9748);
#9748 = AXIS2_PLACEMENT_3D('',#9749,#9750,#9751);
#9749 = CARTESIAN_POINT('',(0.,-1.E-02,0.));
#9750 = DIRECTION('',(0.,1.,0.));
#9751 = DIRECTION('',(0.,0.,1.));
#9752 = ADVANCED_FACE('',(#9753),#9778,.F.);
#9753 = FACE_BOUND('',#9754,.F.);
#9754 = EDGE_LOOP('',(#9755,#9756,#9764,#9772));
#9755 = ORIENTED_EDGE('',*,*,#933,.T.);
#9756 = ORIENTED_EDGE('',*,*,#9757,.F.);
#9757 = EDGE_CURVE('',#9758,#926,#9760,.T.);
#9758 = VERTEX_POINT('',#9759);
#9759 = CARTESIAN_POINT('',(-1.822222403,-1.E-02,-37.5));
#9760 = LINE('',#9761,#9762);
#9761 = CARTESIAN_POINT('',(-1.822222403,-1.E-02,-37.5));
#9762 = VECTOR('',#9763,1.);
#9763 = DIRECTION('',(0.,1.,0.));
#9764 = ORIENTED_EDGE('',*,*,#9765,.F.);
#9765 = EDGE_CURVE('',#9766,#9758,#9768,.T.);
#9766 = VERTEX_POINT('',#9767);
#9767 = CARTESIAN_POINT('',(-2.172222403,-1.E-02,-37.5));
#9768 = LINE('',#9769,#9770);
#9769 = CARTESIAN_POINT('',(-2.172222403,-1.E-02,-37.5));
#9770 = VECTOR('',#9771,1.);
#9771 = DIRECTION('',(1.,0.,0.));
#9772 = ORIENTED_EDGE('',*,*,#9773,.T.);
#9773 = EDGE_CURVE('',#9766,#934,#9774,.T.);
#9774 = LINE('',#9775,#9776);
#9775 = CARTESIAN_POINT('',(-2.172222403,-1.E-02,-37.5));
#9776 = VECTOR('',#9777,1.);
#9777 = DIRECTION('',(0.,1.,0.));
#9778 = PLANE('',#9779);
#9779 = AXIS2_PLACEMENT_3D('',#9780,#9781,#9782);
#9780 = CARTESIAN_POINT('',(-2.172222403,-1.E-02,-37.5));
#9781 = DIRECTION('',(-0.,-0.,-1.));
#9782 = DIRECTION('',(1.,0.,0.));
#9783 = ADVANCED_FACE('',(#9784),#9802,.F.);
#9784 = FACE_BOUND('',#9785,.F.);
#9785 = EDGE_LOOP('',(#9786,#9787,#9795,#9801));
#9786 = ORIENTED_EDGE('',*,*,#925,.T.);
#9787 = ORIENTED_EDGE('',*,*,#9788,.F.);
#9788 = EDGE_CURVE('',#9789,#918,#9791,.T.);
#9789 = VERTEX_POINT('',#9790);
#9790 = CARTESIAN_POINT('',(-1.822222403,-1.E-02,-39.7));
#9791 = LINE('',#9792,#9793);
#9792 = CARTESIAN_POINT('',(-1.822222403,-1.E-02,-39.7));
#9793 = VECTOR('',#9794,1.);
#9794 = DIRECTION('',(0.,1.,0.));
#9795 = ORIENTED_EDGE('',*,*,#9796,.F.);
#9796 = EDGE_CURVE('',#9758,#9789,#9797,.T.);
#9797 = LINE('',#9798,#9799);
#9798 = CARTESIAN_POINT('',(-1.822222403,-1.E-02,-37.5));
#9799 = VECTOR('',#9800,1.);
#9800 = DIRECTION('',(-0.,-0.,-1.));
#9801 = ORIENTED_EDGE('',*,*,#9757,.T.);
#9802 = PLANE('',#9803);
#9803 = AXIS2_PLACEMENT_3D('',#9804,#9805,#9806);
#9804 = CARTESIAN_POINT('',(-1.822222403,-1.E-02,-39.7));
#9805 = DIRECTION('',(-1.,-0.,-0.));
#9806 = DIRECTION('',(0.,0.,-1.));
#9807 = ADVANCED_FACE('',(#9808),#9826,.F.);
#9808 = FACE_BOUND('',#9809,.F.);
#9809 = EDGE_LOOP('',(#9810,#9811,#9819,#9825));
#9810 = ORIENTED_EDGE('',*,*,#3003,.T.);
#9811 = ORIENTED_EDGE('',*,*,#9812,.F.);
#9812 = EDGE_CURVE('',#9813,#942,#9815,.T.);
#9813 = VERTEX_POINT('',#9814);
#9814 = CARTESIAN_POINT('',(-2.172222403,-1.E-02,-39.7));
#9815 = LINE('',#9816,#9817);
#9816 = CARTESIAN_POINT('',(-2.172222403,-1.E-02,-39.7));
#9817 = VECTOR('',#9818,1.);
#9818 = DIRECTION('',(0.,1.,0.));
#9819 = ORIENTED_EDGE('',*,*,#9820,.F.);
#9820 = EDGE_CURVE('',#9789,#9813,#9821,.T.);
#9821 = LINE('',#9822,#9823);
#9822 = CARTESIAN_POINT('',(-1.822222403,-1.E-02,-39.7));
#9823 = VECTOR('',#9824,1.);
#9824 = DIRECTION('',(-1.,-0.,-0.));
#9825 = ORIENTED_EDGE('',*,*,#9788,.T.);
#9826 = PLANE('',#9827);
#9827 = AXIS2_PLACEMENT_3D('',#9828,#9829,#9830);
#9828 = CARTESIAN_POINT('',(-2.172222403,-1.E-02,-39.7));
#9829 = DIRECTION('',(0.,0.,1.));
#9830 = DIRECTION('',(-1.,0.,0.));
#9831 = ADVANCED_FACE('',(#9832),#9843,.F.);
#9832 = FACE_BOUND('',#9833,.F.);
#9833 = EDGE_LOOP('',(#9834,#9835,#9836,#9842));
#9834 = ORIENTED_EDGE('',*,*,#941,.T.);
#9835 = ORIENTED_EDGE('',*,*,#9773,.F.);
#9836 = ORIENTED_EDGE('',*,*,#9837,.F.);
#9837 = EDGE_CURVE('',#9813,#9766,#9838,.T.);
#9838 = LINE('',#9839,#9840);
#9839 = CARTESIAN_POINT('',(-2.172222403,-1.E-02,-39.7));
#9840 = VECTOR('',#9841,1.);
#9841 = DIRECTION('',(0.,0.,1.));
#9842 = ORIENTED_EDGE('',*,*,#9812,.T.);
#9843 = PLANE('',#9844);
#9844 = AXIS2_PLACEMENT_3D('',#9845,#9846,#9847);
#9845 = CARTESIAN_POINT('',(-2.172222403,-1.E-02,-37.5));
#9846 = DIRECTION('',(1.,0.,0.));
#9847 = DIRECTION('',(0.,0.,1.));
#9848 = ADVANCED_FACE('',(#9849),#9855,.F.);
#9849 = FACE_BOUND('',#9850,.F.);
#9850 = EDGE_LOOP('',(#9851,#9852,#9853,#9854));
#9851 = ORIENTED_EDGE('',*,*,#9765,.T.);
#9852 = ORIENTED_EDGE('',*,*,#9796,.T.);
#9853 = ORIENTED_EDGE('',*,*,#9820,.T.);
#9854 = ORIENTED_EDGE('',*,*,#9837,.T.);
#9855 = PLANE('',#9856);
#9856 = AXIS2_PLACEMENT_3D('',#9857,#9858,#9859);
#9857 = CARTESIAN_POINT('',(0.,-1.E-02,0.));
#9858 = DIRECTION('',(0.,1.,0.));
#9859 = DIRECTION('',(0.,0.,1.));
#9860 = ADVANCED_FACE('',(#9861),#9886,.F.);
#9861 = FACE_BOUND('',#9862,.F.);
#9862 = EDGE_LOOP('',(#9863,#9864,#9872,#9880));
#9863 = ORIENTED_EDGE('',*,*,#965,.T.);
#9864 = ORIENTED_EDGE('',*,*,#9865,.F.);
#9865 = EDGE_CURVE('',#9866,#958,#9868,.T.);
#9866 = VERTEX_POINT('',#9867);
#9867 = CARTESIAN_POINT('',(-2.322222403,-1.E-02,-37.5));
#9868 = LINE('',#9869,#9870);
#9869 = CARTESIAN_POINT('',(-2.322222403,-1.E-02,-37.5));
#9870 = VECTOR('',#9871,1.);
#9871 = DIRECTION('',(0.,1.,0.));
#9872 = ORIENTED_EDGE('',*,*,#9873,.F.);
#9873 = EDGE_CURVE('',#9874,#9866,#9876,.T.);
#9874 = VERTEX_POINT('',#9875);
#9875 = CARTESIAN_POINT('',(-2.672222403,-1.E-02,-37.5));
#9876 = LINE('',#9877,#9878);
#9877 = CARTESIAN_POINT('',(-2.672222403,-1.E-02,-37.5));
#9878 = VECTOR('',#9879,1.);
#9879 = DIRECTION('',(1.,0.,0.));
#9880 = ORIENTED_EDGE('',*,*,#9881,.T.);
#9881 = EDGE_CURVE('',#9874,#966,#9882,.T.);
#9882 = LINE('',#9883,#9884);
#9883 = CARTESIAN_POINT('',(-2.672222403,-1.E-02,-37.5));
#9884 = VECTOR('',#9885,1.);
#9885 = DIRECTION('',(0.,1.,0.));
#9886 = PLANE('',#9887);
#9887 = AXIS2_PLACEMENT_3D('',#9888,#9889,#9890);
#9888 = CARTESIAN_POINT('',(-2.672222403,-1.E-02,-37.5));
#9889 = DIRECTION('',(-0.,-0.,-1.));
#9890 = DIRECTION('',(1.,0.,0.));
#9891 = ADVANCED_FACE('',(#9892),#9910,.F.);
#9892 = FACE_BOUND('',#9893,.F.);
#9893 = EDGE_LOOP('',(#9894,#9895,#9903,#9909));
#9894 = ORIENTED_EDGE('',*,*,#957,.T.);
#9895 = ORIENTED_EDGE('',*,*,#9896,.F.);
#9896 = EDGE_CURVE('',#9897,#950,#9899,.T.);
#9897 = VERTEX_POINT('',#9898);
#9898 = CARTESIAN_POINT('',(-2.322222403,-1.E-02,-39.7));
#9899 = LINE('',#9900,#9901);
#9900 = CARTESIAN_POINT('',(-2.322222403,-1.E-02,-39.7));
#9901 = VECTOR('',#9902,1.);
#9902 = DIRECTION('',(0.,1.,0.));
#9903 = ORIENTED_EDGE('',*,*,#9904,.F.);
#9904 = EDGE_CURVE('',#9866,#9897,#9905,.T.);
#9905 = LINE('',#9906,#9907);
#9906 = CARTESIAN_POINT('',(-2.322222403,-1.E-02,-37.5));
#9907 = VECTOR('',#9908,1.);
#9908 = DIRECTION('',(-0.,-0.,-1.));
#9909 = ORIENTED_EDGE('',*,*,#9865,.T.);
#9910 = PLANE('',#9911);
#9911 = AXIS2_PLACEMENT_3D('',#9912,#9913,#9914);
#9912 = CARTESIAN_POINT('',(-2.322222403,-1.E-02,-39.7));
#9913 = DIRECTION('',(-1.,-0.,-0.));
#9914 = DIRECTION('',(0.,0.,-1.));
#9915 = ADVANCED_FACE('',(#9916),#9934,.F.);
#9916 = FACE_BOUND('',#9917,.F.);
#9917 = EDGE_LOOP('',(#9918,#9919,#9927,#9933));
#9918 = ORIENTED_EDGE('',*,*,#2996,.T.);
#9919 = ORIENTED_EDGE('',*,*,#9920,.F.);
#9920 = EDGE_CURVE('',#9921,#974,#9923,.T.);
#9921 = VERTEX_POINT('',#9922);
#9922 = CARTESIAN_POINT('',(-2.672222403,-1.E-02,-39.7));
#9923 = LINE('',#9924,#9925);
#9924 = CARTESIAN_POINT('',(-2.672222403,-1.E-02,-39.7));
#9925 = VECTOR('',#9926,1.);
#9926 = DIRECTION('',(0.,1.,0.));
#9927 = ORIENTED_EDGE('',*,*,#9928,.F.);
#9928 = EDGE_CURVE('',#9897,#9921,#9929,.T.);
#9929 = LINE('',#9930,#9931);
#9930 = CARTESIAN_POINT('',(-2.322222403,-1.E-02,-39.7));
#9931 = VECTOR('',#9932,1.);
#9932 = DIRECTION('',(-1.,-0.,-0.));
#9933 = ORIENTED_EDGE('',*,*,#9896,.T.);
#9934 = PLANE('',#9935);
#9935 = AXIS2_PLACEMENT_3D('',#9936,#9937,#9938);
#9936 = CARTESIAN_POINT('',(-2.672222403,-1.E-02,-39.7));
#9937 = DIRECTION('',(0.,0.,1.));
#9938 = DIRECTION('',(-1.,0.,0.));
#9939 = ADVANCED_FACE('',(#9940),#9951,.F.);
#9940 = FACE_BOUND('',#9941,.F.);
#9941 = EDGE_LOOP('',(#9942,#9943,#9944,#9950));
#9942 = ORIENTED_EDGE('',*,*,#973,.T.);
#9943 = ORIENTED_EDGE('',*,*,#9881,.F.);
#9944 = ORIENTED_EDGE('',*,*,#9945,.F.);
#9945 = EDGE_CURVE('',#9921,#9874,#9946,.T.);
#9946 = LINE('',#9947,#9948);
#9947 = CARTESIAN_POINT('',(-2.672222403,-1.E-02,-39.7));
#9948 = VECTOR('',#9949,1.);
#9949 = DIRECTION('',(0.,0.,1.));
#9950 = ORIENTED_EDGE('',*,*,#9920,.T.);
#9951 = PLANE('',#9952);
#9952 = AXIS2_PLACEMENT_3D('',#9953,#9954,#9955);
#9953 = CARTESIAN_POINT('',(-2.672222403,-1.E-02,-37.5));
#9954 = DIRECTION('',(1.,0.,0.));
#9955 = DIRECTION('',(0.,0.,1.));
#9956 = ADVANCED_FACE('',(#9957),#9963,.F.);
#9957 = FACE_BOUND('',#9958,.F.);
#9958 = EDGE_LOOP('',(#9959,#9960,#9961,#9962));
#9959 = ORIENTED_EDGE('',*,*,#9873,.T.);
#9960 = ORIENTED_EDGE('',*,*,#9904,.T.);
#9961 = ORIENTED_EDGE('',*,*,#9928,.T.);
#9962 = ORIENTED_EDGE('',*,*,#9945,.T.);
#9963 = PLANE('',#9964);
#9964 = AXIS2_PLACEMENT_3D('',#9965,#9966,#9967);
#9965 = CARTESIAN_POINT('',(0.,-1.E-02,0.));
#9966 = DIRECTION('',(0.,1.,0.));
#9967 = DIRECTION('',(0.,0.,1.));
#9968 = ADVANCED_FACE('',(#9969),#9994,.F.);
#9969 = FACE_BOUND('',#9970,.F.);
#9970 = EDGE_LOOP('',(#9971,#9972,#9980,#9988));
#9971 = ORIENTED_EDGE('',*,*,#997,.T.);
#9972 = ORIENTED_EDGE('',*,*,#9973,.F.);
#9973 = EDGE_CURVE('',#9974,#990,#9976,.T.);
#9974 = VERTEX_POINT('',#9975);
#9975 = CARTESIAN_POINT('',(-2.822222403,-1.E-02,-37.5));
#9976 = LINE('',#9977,#9978);
#9977 = CARTESIAN_POINT('',(-2.822222403,-1.E-02,-37.5));
#9978 = VECTOR('',#9979,1.);
#9979 = DIRECTION('',(0.,1.,0.));
#9980 = ORIENTED_EDGE('',*,*,#9981,.F.);
#9981 = EDGE_CURVE('',#9982,#9974,#9984,.T.);
#9982 = VERTEX_POINT('',#9983);
#9983 = CARTESIAN_POINT('',(-3.172222403,-1.E-02,-37.5));
#9984 = LINE('',#9985,#9986);
#9985 = CARTESIAN_POINT('',(-3.172222403,-1.E-02,-37.5));
#9986 = VECTOR('',#9987,1.);
#9987 = DIRECTION('',(1.,0.,0.));
#9988 = ORIENTED_EDGE('',*,*,#9989,.T.);
#9989 = EDGE_CURVE('',#9982,#998,#9990,.T.);
#9990 = LINE('',#9991,#9992);
#9991 = CARTESIAN_POINT('',(-3.172222403,-1.E-02,-37.5));
#9992 = VECTOR('',#9993,1.);
#9993 = DIRECTION('',(0.,1.,0.));
#9994 = PLANE('',#9995);
#9995 = AXIS2_PLACEMENT_3D('',#9996,#9997,#9998);
#9996 = CARTESIAN_POINT('',(-3.172222403,-1.E-02,-37.5));
#9997 = DIRECTION('',(-0.,-0.,-1.));
#9998 = DIRECTION('',(1.,0.,0.));
#9999 = ADVANCED_FACE('',(#10000),#10018,.F.);
#10000 = FACE_BOUND('',#10001,.F.);
#10001 = EDGE_LOOP('',(#10002,#10003,#10011,#10017));
#10002 = ORIENTED_EDGE('',*,*,#989,.T.);
#10003 = ORIENTED_EDGE('',*,*,#10004,.F.);
#10004 = EDGE_CURVE('',#10005,#982,#10007,.T.);
#10005 = VERTEX_POINT('',#10006);
#10006 = CARTESIAN_POINT('',(-2.822222403,-1.E-02,-39.7));
#10007 = LINE('',#10008,#10009);
#10008 = CARTESIAN_POINT('',(-2.822222403,-1.E-02,-39.7));
#10009 = VECTOR('',#10010,1.);
#10010 = DIRECTION('',(0.,1.,0.));
#10011 = ORIENTED_EDGE('',*,*,#10012,.F.);
#10012 = EDGE_CURVE('',#9974,#10005,#10013,.T.);
#10013 = LINE('',#10014,#10015);
#10014 = CARTESIAN_POINT('',(-2.822222403,-1.E-02,-37.5));
#10015 = VECTOR('',#10016,1.);
#10016 = DIRECTION('',(-0.,-0.,-1.));
#10017 = ORIENTED_EDGE('',*,*,#9973,.T.);
#10018 = PLANE('',#10019);
#10019 = AXIS2_PLACEMENT_3D('',#10020,#10021,#10022);
#10020 = CARTESIAN_POINT('',(-2.822222403,-1.E-02,-39.7));
#10021 = DIRECTION('',(-1.,-0.,-0.));
#10022 = DIRECTION('',(0.,0.,-1.));
#10023 = ADVANCED_FACE('',(#10024),#10042,.F.);
#10024 = FACE_BOUND('',#10025,.F.);
#10025 = EDGE_LOOP('',(#10026,#10027,#10035,#10041));
#10026 = ORIENTED_EDGE('',*,*,#2989,.T.);
#10027 = ORIENTED_EDGE('',*,*,#10028,.F.);
#10028 = EDGE_CURVE('',#10029,#1006,#10031,.T.);
#10029 = VERTEX_POINT('',#10030);
#10030 = CARTESIAN_POINT('',(-3.172222403,-1.E-02,-39.7));
#10031 = LINE('',#10032,#10033);
#10032 = CARTESIAN_POINT('',(-3.172222403,-1.E-02,-39.7));
#10033 = VECTOR('',#10034,1.);
#10034 = DIRECTION('',(0.,1.,0.));
#10035 = ORIENTED_EDGE('',*,*,#10036,.F.);
#10036 = EDGE_CURVE('',#10005,#10029,#10037,.T.);
#10037 = LINE('',#10038,#10039);
#10038 = CARTESIAN_POINT('',(-2.822222403,-1.E-02,-39.7));
#10039 = VECTOR('',#10040,1.);
#10040 = DIRECTION('',(-1.,-0.,-0.));
#10041 = ORIENTED_EDGE('',*,*,#10004,.T.);
#10042 = PLANE('',#10043);
#10043 = AXIS2_PLACEMENT_3D('',#10044,#10045,#10046);
#10044 = CARTESIAN_POINT('',(-3.172222403,-1.E-02,-39.7));
#10045 = DIRECTION('',(0.,0.,1.));
#10046 = DIRECTION('',(-1.,0.,0.));
#10047 = ADVANCED_FACE('',(#10048),#10059,.F.);
#10048 = FACE_BOUND('',#10049,.F.);
#10049 = EDGE_LOOP('',(#10050,#10051,#10052,#10058));
#10050 = ORIENTED_EDGE('',*,*,#1005,.T.);
#10051 = ORIENTED_EDGE('',*,*,#9989,.F.);
#10052 = ORIENTED_EDGE('',*,*,#10053,.F.);
#10053 = EDGE_CURVE('',#10029,#9982,#10054,.T.);
#10054 = LINE('',#10055,#10056);
#10055 = CARTESIAN_POINT('',(-3.172222403,-1.E-02,-39.7));
#10056 = VECTOR('',#10057,1.);
#10057 = DIRECTION('',(0.,0.,1.));
#10058 = ORIENTED_EDGE('',*,*,#10028,.T.);
#10059 = PLANE('',#10060);
#10060 = AXIS2_PLACEMENT_3D('',#10061,#10062,#10063);
#10061 = CARTESIAN_POINT('',(-3.172222403,-1.E-02,-37.5));
#10062 = DIRECTION('',(1.,0.,0.));
#10063 = DIRECTION('',(0.,0.,1.));
#10064 = ADVANCED_FACE('',(#10065),#10071,.F.);
#10065 = FACE_BOUND('',#10066,.F.);
#10066 = EDGE_LOOP('',(#10067,#10068,#10069,#10070));
#10067 = ORIENTED_EDGE('',*,*,#9981,.T.);
#10068 = ORIENTED_EDGE('',*,*,#10012,.T.);
#10069 = ORIENTED_EDGE('',*,*,#10036,.T.);
#10070 = ORIENTED_EDGE('',*,*,#10053,.T.);
#10071 = PLANE('',#10072);
#10072 = AXIS2_PLACEMENT_3D('',#10073,#10074,#10075);
#10073 = CARTESIAN_POINT('',(0.,-1.E-02,0.));
#10074 = DIRECTION('',(0.,1.,0.));
#10075 = DIRECTION('',(0.,0.,1.));
#10076 = ADVANCED_FACE('',(#10077),#10102,.F.);
#10077 = FACE_BOUND('',#10078,.F.);
#10078 = EDGE_LOOP('',(#10079,#10080,#10088,#10096));
#10079 = ORIENTED_EDGE('',*,*,#1029,.T.);
#10080 = ORIENTED_EDGE('',*,*,#10081,.F.);
#10081 = EDGE_CURVE('',#10082,#1022,#10084,.T.);
#10082 = VERTEX_POINT('',#10083);
#10083 = CARTESIAN_POINT('',(-3.322222403,-1.E-02,-37.5));
#10084 = LINE('',#10085,#10086);
#10085 = CARTESIAN_POINT('',(-3.322222403,-1.E-02,-37.5));
#10086 = VECTOR('',#10087,1.);
#10087 = DIRECTION('',(0.,1.,0.));
#10088 = ORIENTED_EDGE('',*,*,#10089,.F.);
#10089 = EDGE_CURVE('',#10090,#10082,#10092,.T.);
#10090 = VERTEX_POINT('',#10091);
#10091 = CARTESIAN_POINT('',(-3.672222403,-1.E-02,-37.5));
#10092 = LINE('',#10093,#10094);
#10093 = CARTESIAN_POINT('',(-3.672222403,-1.E-02,-37.5));
#10094 = VECTOR('',#10095,1.);
#10095 = DIRECTION('',(1.,0.,0.));
#10096 = ORIENTED_EDGE('',*,*,#10097,.T.);
#10097 = EDGE_CURVE('',#10090,#1030,#10098,.T.);
#10098 = LINE('',#10099,#10100);
#10099 = CARTESIAN_POINT('',(-3.672222403,-1.E-02,-37.5));
#10100 = VECTOR('',#10101,1.);
#10101 = DIRECTION('',(0.,1.,0.));
#10102 = PLANE('',#10103);
#10103 = AXIS2_PLACEMENT_3D('',#10104,#10105,#10106);
#10104 = CARTESIAN_POINT('',(-3.672222403,-1.E-02,-37.5));
#10105 = DIRECTION('',(-0.,-0.,-1.));
#10106 = DIRECTION('',(1.,0.,0.));
#10107 = ADVANCED_FACE('',(#10108),#10126,.F.);
#10108 = FACE_BOUND('',#10109,.F.);
#10109 = EDGE_LOOP('',(#10110,#10111,#10119,#10125));
#10110 = ORIENTED_EDGE('',*,*,#1021,.T.);
#10111 = ORIENTED_EDGE('',*,*,#10112,.F.);
#10112 = EDGE_CURVE('',#10113,#1014,#10115,.T.);
#10113 = VERTEX_POINT('',#10114);
#10114 = CARTESIAN_POINT('',(-3.322222403,-1.E-02,-39.7));
#10115 = LINE('',#10116,#10117);
#10116 = CARTESIAN_POINT('',(-3.322222403,-1.E-02,-39.7));
#10117 = VECTOR('',#10118,1.);
#10118 = DIRECTION('',(0.,1.,0.));
#10119 = ORIENTED_EDGE('',*,*,#10120,.F.);
#10120 = EDGE_CURVE('',#10082,#10113,#10121,.T.);
#10121 = LINE('',#10122,#10123);
#10122 = CARTESIAN_POINT('',(-3.322222403,-1.E-02,-37.5));
#10123 = VECTOR('',#10124,1.);
#10124 = DIRECTION('',(-0.,-0.,-1.));
#10125 = ORIENTED_EDGE('',*,*,#10081,.T.);
#10126 = PLANE('',#10127);
#10127 = AXIS2_PLACEMENT_3D('',#10128,#10129,#10130);
#10128 = CARTESIAN_POINT('',(-3.322222403,-1.E-02,-39.7));
#10129 = DIRECTION('',(-1.,-0.,-0.));
#10130 = DIRECTION('',(0.,0.,-1.));
#10131 = ADVANCED_FACE('',(#10132),#10150,.F.);
#10132 = FACE_BOUND('',#10133,.F.);
#10133 = EDGE_LOOP('',(#10134,#10135,#10143,#10149));
#10134 = ORIENTED_EDGE('',*,*,#2982,.T.);
#10135 = ORIENTED_EDGE('',*,*,#10136,.F.);
#10136 = EDGE_CURVE('',#10137,#1038,#10139,.T.);
#10137 = VERTEX_POINT('',#10138);
#10138 = CARTESIAN_POINT('',(-3.672222403,-1.E-02,-39.7));
#10139 = LINE('',#10140,#10141);
#10140 = CARTESIAN_POINT('',(-3.672222403,-1.E-02,-39.7));
#10141 = VECTOR('',#10142,1.);
#10142 = DIRECTION('',(0.,1.,0.));
#10143 = ORIENTED_EDGE('',*,*,#10144,.F.);
#10144 = EDGE_CURVE('',#10113,#10137,#10145,.T.);
#10145 = LINE('',#10146,#10147);
#10146 = CARTESIAN_POINT('',(-3.322222403,-1.E-02,-39.7));
#10147 = VECTOR('',#10148,1.);
#10148 = DIRECTION('',(-1.,-0.,-0.));
#10149 = ORIENTED_EDGE('',*,*,#10112,.T.);
#10150 = PLANE('',#10151);
#10151 = AXIS2_PLACEMENT_3D('',#10152,#10153,#10154);
#10152 = CARTESIAN_POINT('',(-3.672222403,-1.E-02,-39.7));
#10153 = DIRECTION('',(0.,0.,1.));
#10154 = DIRECTION('',(-1.,0.,0.));
#10155 = ADVANCED_FACE('',(#10156),#10167,.F.);
#10156 = FACE_BOUND('',#10157,.F.);
#10157 = EDGE_LOOP('',(#10158,#10159,#10160,#10166));
#10158 = ORIENTED_EDGE('',*,*,#1037,.T.);
#10159 = ORIENTED_EDGE('',*,*,#10097,.F.);
#10160 = ORIENTED_EDGE('',*,*,#10161,.F.);
#10161 = EDGE_CURVE('',#10137,#10090,#10162,.T.);
#10162 = LINE('',#10163,#10164);
#10163 = CARTESIAN_POINT('',(-3.672222403,-1.E-02,-39.7));
#10164 = VECTOR('',#10165,1.);
#10165 = DIRECTION('',(0.,0.,1.));
#10166 = ORIENTED_EDGE('',*,*,#10136,.T.);
#10167 = PLANE('',#10168);
#10168 = AXIS2_PLACEMENT_3D('',#10169,#10170,#10171);
#10169 = CARTESIAN_POINT('',(-3.672222403,-1.E-02,-37.5));
#10170 = DIRECTION('',(1.,0.,0.));
#10171 = DIRECTION('',(0.,0.,1.));
#10172 = ADVANCED_FACE('',(#10173),#10179,.F.);
#10173 = FACE_BOUND('',#10174,.F.);
#10174 = EDGE_LOOP('',(#10175,#10176,#10177,#10178));
#10175 = ORIENTED_EDGE('',*,*,#10089,.T.);
#10176 = ORIENTED_EDGE('',*,*,#10120,.T.);
#10177 = ORIENTED_EDGE('',*,*,#10144,.T.);
#10178 = ORIENTED_EDGE('',*,*,#10161,.T.);
#10179 = PLANE('',#10180);
#10180 = AXIS2_PLACEMENT_3D('',#10181,#10182,#10183);
#10181 = CARTESIAN_POINT('',(0.,-1.E-02,0.));
#10182 = DIRECTION('',(0.,1.,0.));
#10183 = DIRECTION('',(0.,0.,1.));
#10184 = ADVANCED_FACE('',(#10185),#10210,.F.);
#10185 = FACE_BOUND('',#10186,.F.);
#10186 = EDGE_LOOP('',(#10187,#10188,#10196,#10204));
#10187 = ORIENTED_EDGE('',*,*,#1061,.T.);
#10188 = ORIENTED_EDGE('',*,*,#10189,.F.);
#10189 = EDGE_CURVE('',#10190,#1054,#10192,.T.);
#10190 = VERTEX_POINT('',#10191);
#10191 = CARTESIAN_POINT('',(-3.822222403,-1.E-02,-37.5));
#10192 = LINE('',#10193,#10194);
#10193 = CARTESIAN_POINT('',(-3.822222403,-1.E-02,-37.5));
#10194 = VECTOR('',#10195,1.);
#10195 = DIRECTION('',(0.,1.,0.));
#10196 = ORIENTED_EDGE('',*,*,#10197,.F.);
#10197 = EDGE_CURVE('',#10198,#10190,#10200,.T.);
#10198 = VERTEX_POINT('',#10199);
#10199 = CARTESIAN_POINT('',(-4.172222403,-1.E-02,-37.5));
#10200 = LINE('',#10201,#10202);
#10201 = CARTESIAN_POINT('',(-4.172222403,-1.E-02,-37.5));
#10202 = VECTOR('',#10203,1.);
#10203 = DIRECTION('',(1.,0.,0.));
#10204 = ORIENTED_EDGE('',*,*,#10205,.T.);
#10205 = EDGE_CURVE('',#10198,#1062,#10206,.T.);
#10206 = LINE('',#10207,#10208);
#10207 = CARTESIAN_POINT('',(-4.172222403,-1.E-02,-37.5));
#10208 = VECTOR('',#10209,1.);
#10209 = DIRECTION('',(0.,1.,0.));
#10210 = PLANE('',#10211);
#10211 = AXIS2_PLACEMENT_3D('',#10212,#10213,#10214);
#10212 = CARTESIAN_POINT('',(-4.172222403,-1.E-02,-37.5));
#10213 = DIRECTION('',(-0.,-0.,-1.));
#10214 = DIRECTION('',(1.,0.,0.));
#10215 = ADVANCED_FACE('',(#10216),#10234,.F.);
#10216 = FACE_BOUND('',#10217,.F.);
#10217 = EDGE_LOOP('',(#10218,#10219,#10227,#10233));
#10218 = ORIENTED_EDGE('',*,*,#1053,.T.);
#10219 = ORIENTED_EDGE('',*,*,#10220,.F.);
#10220 = EDGE_CURVE('',#10221,#1046,#10223,.T.);
#10221 = VERTEX_POINT('',#10222);
#10222 = CARTESIAN_POINT('',(-3.822222403,-1.E-02,-39.7));
#10223 = LINE('',#10224,#10225);
#10224 = CARTESIAN_POINT('',(-3.822222403,-1.E-02,-39.7));
#10225 = VECTOR('',#10226,1.);
#10226 = DIRECTION('',(0.,1.,0.));
#10227 = ORIENTED_EDGE('',*,*,#10228,.F.);
#10228 = EDGE_CURVE('',#10190,#10221,#10229,.T.);
#10229 = LINE('',#10230,#10231);
#10230 = CARTESIAN_POINT('',(-3.822222403,-1.E-02,-37.5));
#10231 = VECTOR('',#10232,1.);
#10232 = DIRECTION('',(-0.,-0.,-1.));
#10233 = ORIENTED_EDGE('',*,*,#10189,.T.);
#10234 = PLANE('',#10235);
#10235 = AXIS2_PLACEMENT_3D('',#10236,#10237,#10238);
#10236 = CARTESIAN_POINT('',(-3.822222403,-1.E-02,-39.7));
#10237 = DIRECTION('',(-1.,-0.,-0.));
#10238 = DIRECTION('',(0.,0.,-1.));
#10239 = ADVANCED_FACE('',(#10240),#10258,.F.);
#10240 = FACE_BOUND('',#10241,.F.);
#10241 = EDGE_LOOP('',(#10242,#10243,#10251,#10257));
#10242 = ORIENTED_EDGE('',*,*,#2975,.T.);
#10243 = ORIENTED_EDGE('',*,*,#10244,.F.);
#10244 = EDGE_CURVE('',#10245,#1070,#10247,.T.);
#10245 = VERTEX_POINT('',#10246);
#10246 = CARTESIAN_POINT('',(-4.172222403,-1.E-02,-39.7));
#10247 = LINE('',#10248,#10249);
#10248 = CARTESIAN_POINT('',(-4.172222403,-1.E-02,-39.7));
#10249 = VECTOR('',#10250,1.);
#10250 = DIRECTION('',(0.,1.,0.));
#10251 = ORIENTED_EDGE('',*,*,#10252,.F.);
#10252 = EDGE_CURVE('',#10221,#10245,#10253,.T.);
#10253 = LINE('',#10254,#10255);
#10254 = CARTESIAN_POINT('',(-3.822222403,-1.E-02,-39.7));
#10255 = VECTOR('',#10256,1.);
#10256 = DIRECTION('',(-1.,-0.,-0.));
#10257 = ORIENTED_EDGE('',*,*,#10220,.T.);
#10258 = PLANE('',#10259);
#10259 = AXIS2_PLACEMENT_3D('',#10260,#10261,#10262);
#10260 = CARTESIAN_POINT('',(-4.172222403,-1.E-02,-39.7));
#10261 = DIRECTION('',(0.,0.,1.));
#10262 = DIRECTION('',(-1.,0.,0.));
#10263 = ADVANCED_FACE('',(#10264),#10275,.F.);
#10264 = FACE_BOUND('',#10265,.F.);
#10265 = EDGE_LOOP('',(#10266,#10267,#10268,#10274));
#10266 = ORIENTED_EDGE('',*,*,#1069,.T.);
#10267 = ORIENTED_EDGE('',*,*,#10205,.F.);
#10268 = ORIENTED_EDGE('',*,*,#10269,.F.);
#10269 = EDGE_CURVE('',#10245,#10198,#10270,.T.);
#10270 = LINE('',#10271,#10272);
#10271 = CARTESIAN_POINT('',(-4.172222403,-1.E-02,-39.7));
#10272 = VECTOR('',#10273,1.);
#10273 = DIRECTION('',(0.,0.,1.));
#10274 = ORIENTED_EDGE('',*,*,#10244,.T.);
#10275 = PLANE('',#10276);
#10276 = AXIS2_PLACEMENT_3D('',#10277,#10278,#10279);
#10277 = CARTESIAN_POINT('',(-4.172222403,-1.E-02,-37.5));
#10278 = DIRECTION('',(1.,0.,0.));
#10279 = DIRECTION('',(0.,0.,1.));
#10280 = ADVANCED_FACE('',(#10281),#10287,.F.);
#10281 = FACE_BOUND('',#10282,.F.);
#10282 = EDGE_LOOP('',(#10283,#10284,#10285,#10286));
#10283 = ORIENTED_EDGE('',*,*,#10197,.T.);
#10284 = ORIENTED_EDGE('',*,*,#10228,.T.);
#10285 = ORIENTED_EDGE('',*,*,#10252,.T.);
#10286 = ORIENTED_EDGE('',*,*,#10269,.T.);
#10287 = PLANE('',#10288);
#10288 = AXIS2_PLACEMENT_3D('',#10289,#10290,#10291);
#10289 = CARTESIAN_POINT('',(0.,-1.E-02,0.));
#10290 = DIRECTION('',(0.,1.,0.));
#10291 = DIRECTION('',(0.,0.,1.));
#10292 = ADVANCED_FACE('',(#10293),#10318,.F.);
#10293 = FACE_BOUND('',#10294,.F.);
#10294 = EDGE_LOOP('',(#10295,#10296,#10304,#10312));
#10295 = ORIENTED_EDGE('',*,*,#1093,.T.);
#10296 = ORIENTED_EDGE('',*,*,#10297,.F.);
#10297 = EDGE_CURVE('',#10298,#1086,#10300,.T.);
#10298 = VERTEX_POINT('',#10299);
#10299 = CARTESIAN_POINT('',(-4.322222403,-1.E-02,-37.5));
#10300 = LINE('',#10301,#10302);
#10301 = CARTESIAN_POINT('',(-4.322222403,-1.E-02,-37.5));
#10302 = VECTOR('',#10303,1.);
#10303 = DIRECTION('',(0.,1.,0.));
#10304 = ORIENTED_EDGE('',*,*,#10305,.F.);
#10305 = EDGE_CURVE('',#10306,#10298,#10308,.T.);
#10306 = VERTEX_POINT('',#10307);
#10307 = CARTESIAN_POINT('',(-4.672222403,-1.E-02,-37.5));
#10308 = LINE('',#10309,#10310);
#10309 = CARTESIAN_POINT('',(-4.672222403,-1.E-02,-37.5));
#10310 = VECTOR('',#10311,1.);
#10311 = DIRECTION('',(1.,0.,0.));
#10312 = ORIENTED_EDGE('',*,*,#10313,.T.);
#10313 = EDGE_CURVE('',#10306,#1094,#10314,.T.);
#10314 = LINE('',#10315,#10316);
#10315 = CARTESIAN_POINT('',(-4.672222403,-1.E-02,-37.5));
#10316 = VECTOR('',#10317,1.);
#10317 = DIRECTION('',(0.,1.,0.));
#10318 = PLANE('',#10319);
#10319 = AXIS2_PLACEMENT_3D('',#10320,#10321,#10322);
#10320 = CARTESIAN_POINT('',(-4.672222403,-1.E-02,-37.5));
#10321 = DIRECTION('',(-0.,-0.,-1.));
#10322 = DIRECTION('',(1.,0.,0.));
#10323 = ADVANCED_FACE('',(#10324),#10342,.F.);
#10324 = FACE_BOUND('',#10325,.F.);
#10325 = EDGE_LOOP('',(#10326,#10327,#10335,#10341));
#10326 = ORIENTED_EDGE('',*,*,#1085,.T.);
#10327 = ORIENTED_EDGE('',*,*,#10328,.F.);
#10328 = EDGE_CURVE('',#10329,#1078,#10331,.T.);
#10329 = VERTEX_POINT('',#10330);
#10330 = CARTESIAN_POINT('',(-4.322222403,-1.E-02,-39.7));
#10331 = LINE('',#10332,#10333);
#10332 = CARTESIAN_POINT('',(-4.322222403,-1.E-02,-39.7));
#10333 = VECTOR('',#10334,1.);
#10334 = DIRECTION('',(0.,1.,0.));
#10335 = ORIENTED_EDGE('',*,*,#10336,.F.);
#10336 = EDGE_CURVE('',#10298,#10329,#10337,.T.);
#10337 = LINE('',#10338,#10339);
#10338 = CARTESIAN_POINT('',(-4.322222403,-1.E-02,-37.5));
#10339 = VECTOR('',#10340,1.);
#10340 = DIRECTION('',(-0.,-0.,-1.));
#10341 = ORIENTED_EDGE('',*,*,#10297,.T.);
#10342 = PLANE('',#10343);
#10343 = AXIS2_PLACEMENT_3D('',#10344,#10345,#10346);
#10344 = CARTESIAN_POINT('',(-4.322222403,-1.E-02,-39.7));
#10345 = DIRECTION('',(-1.,-0.,-0.));
#10346 = DIRECTION('',(0.,0.,-1.));
#10347 = ADVANCED_FACE('',(#10348),#10366,.F.);
#10348 = FACE_BOUND('',#10349,.F.);
#10349 = EDGE_LOOP('',(#10350,#10351,#10359,#10365));
#10350 = ORIENTED_EDGE('',*,*,#2968,.T.);
#10351 = ORIENTED_EDGE('',*,*,#10352,.F.);
#10352 = EDGE_CURVE('',#10353,#1102,#10355,.T.);
#10353 = VERTEX_POINT('',#10354);
#10354 = CARTESIAN_POINT('',(-4.672222403,-1.E-02,-39.7));
#10355 = LINE('',#10356,#10357);
#10356 = CARTESIAN_POINT('',(-4.672222403,-1.E-02,-39.7));
#10357 = VECTOR('',#10358,1.);
#10358 = DIRECTION('',(0.,1.,0.));
#10359 = ORIENTED_EDGE('',*,*,#10360,.F.);
#10360 = EDGE_CURVE('',#10329,#10353,#10361,.T.);
#10361 = LINE('',#10362,#10363);
#10362 = CARTESIAN_POINT('',(-4.322222403,-1.E-02,-39.7));
#10363 = VECTOR('',#10364,1.);
#10364 = DIRECTION('',(-1.,-0.,-0.));
#10365 = ORIENTED_EDGE('',*,*,#10328,.T.);
#10366 = PLANE('',#10367);
#10367 = AXIS2_PLACEMENT_3D('',#10368,#10369,#10370);
#10368 = CARTESIAN_POINT('',(-4.672222403,-1.E-02,-39.7));
#10369 = DIRECTION('',(0.,0.,1.));
#10370 = DIRECTION('',(-1.,0.,0.));
#10371 = ADVANCED_FACE('',(#10372),#10383,.F.);
#10372 = FACE_BOUND('',#10373,.F.);
#10373 = EDGE_LOOP('',(#10374,#10375,#10376,#10382));
#10374 = ORIENTED_EDGE('',*,*,#1101,.T.);
#10375 = ORIENTED_EDGE('',*,*,#10313,.F.);
#10376 = ORIENTED_EDGE('',*,*,#10377,.F.);
#10377 = EDGE_CURVE('',#10353,#10306,#10378,.T.);
#10378 = LINE('',#10379,#10380);
#10379 = CARTESIAN_POINT('',(-4.672222403,-1.E-02,-39.7));
#10380 = VECTOR('',#10381,1.);
#10381 = DIRECTION('',(0.,0.,1.));
#10382 = ORIENTED_EDGE('',*,*,#10352,.T.);
#10383 = PLANE('',#10384);
#10384 = AXIS2_PLACEMENT_3D('',#10385,#10386,#10387);
#10385 = CARTESIAN_POINT('',(-4.672222403,-1.E-02,-37.5));
#10386 = DIRECTION('',(1.,0.,0.));
#10387 = DIRECTION('',(0.,0.,1.));
#10388 = ADVANCED_FACE('',(#10389),#10395,.F.);
#10389 = FACE_BOUND('',#10390,.F.);
#10390 = EDGE_LOOP('',(#10391,#10392,#10393,#10394));
#10391 = ORIENTED_EDGE('',*,*,#10305,.T.);
#10392 = ORIENTED_EDGE('',*,*,#10336,.T.);
#10393 = ORIENTED_EDGE('',*,*,#10360,.T.);
#10394 = ORIENTED_EDGE('',*,*,#10377,.T.);
#10395 = PLANE('',#10396);
#10396 = AXIS2_PLACEMENT_3D('',#10397,#10398,#10399);
#10397 = CARTESIAN_POINT('',(0.,-1.E-02,0.));
#10398 = DIRECTION('',(0.,1.,0.));
#10399 = DIRECTION('',(0.,0.,1.));
#10400 = ADVANCED_FACE('',(#10401),#10426,.F.);
#10401 = FACE_BOUND('',#10402,.F.);
#10402 = EDGE_LOOP('',(#10403,#10404,#10412,#10420));
#10403 = ORIENTED_EDGE('',*,*,#1125,.T.);
#10404 = ORIENTED_EDGE('',*,*,#10405,.F.);
#10405 = EDGE_CURVE('',#10406,#1118,#10408,.T.);
#10406 = VERTEX_POINT('',#10407);
#10407 = CARTESIAN_POINT('',(-4.822222403,-1.E-02,-37.5));
#10408 = LINE('',#10409,#10410);
#10409 = CARTESIAN_POINT('',(-4.822222403,-1.E-02,-37.5));
#10410 = VECTOR('',#10411,1.);
#10411 = DIRECTION('',(0.,1.,0.));
#10412 = ORIENTED_EDGE('',*,*,#10413,.F.);
#10413 = EDGE_CURVE('',#10414,#10406,#10416,.T.);
#10414 = VERTEX_POINT('',#10415);
#10415 = CARTESIAN_POINT('',(-5.172222403,-1.E-02,-37.5));
#10416 = LINE('',#10417,#10418);
#10417 = CARTESIAN_POINT('',(-5.172222403,-1.E-02,-37.5));
#10418 = VECTOR('',#10419,1.);
#10419 = DIRECTION('',(1.,0.,0.));
#10420 = ORIENTED_EDGE('',*,*,#10421,.T.);
#10421 = EDGE_CURVE('',#10414,#1126,#10422,.T.);
#10422 = LINE('',#10423,#10424);
#10423 = CARTESIAN_POINT('',(-5.172222403,-1.E-02,-37.5));
#10424 = VECTOR('',#10425,1.);
#10425 = DIRECTION('',(0.,1.,0.));
#10426 = PLANE('',#10427);
#10427 = AXIS2_PLACEMENT_3D('',#10428,#10429,#10430);
#10428 = CARTESIAN_POINT('',(-5.172222403,-1.E-02,-37.5));
#10429 = DIRECTION('',(-0.,-0.,-1.));
#10430 = DIRECTION('',(1.,0.,0.));
#10431 = ADVANCED_FACE('',(#10432),#10450,.F.);
#10432 = FACE_BOUND('',#10433,.F.);
#10433 = EDGE_LOOP('',(#10434,#10435,#10443,#10449));
#10434 = ORIENTED_EDGE('',*,*,#1117,.T.);
#10435 = ORIENTED_EDGE('',*,*,#10436,.F.);
#10436 = EDGE_CURVE('',#10437,#1110,#10439,.T.);
#10437 = VERTEX_POINT('',#10438);
#10438 = CARTESIAN_POINT('',(-4.822222403,-1.E-02,-39.7));
#10439 = LINE('',#10440,#10441);
#10440 = CARTESIAN_POINT('',(-4.822222403,-1.E-02,-39.7));
#10441 = VECTOR('',#10442,1.);
#10442 = DIRECTION('',(0.,1.,0.));
#10443 = ORIENTED_EDGE('',*,*,#10444,.F.);
#10444 = EDGE_CURVE('',#10406,#10437,#10445,.T.);
#10445 = LINE('',#10446,#10447);
#10446 = CARTESIAN_POINT('',(-4.822222403,-1.E-02,-37.5));
#10447 = VECTOR('',#10448,1.);
#10448 = DIRECTION('',(-0.,-0.,-1.));
#10449 = ORIENTED_EDGE('',*,*,#10405,.T.);
#10450 = PLANE('',#10451);
#10451 = AXIS2_PLACEMENT_3D('',#10452,#10453,#10454);
#10452 = CARTESIAN_POINT('',(-4.822222403,-1.E-02,-39.7));
#10453 = DIRECTION('',(-1.,-0.,-0.));
#10454 = DIRECTION('',(0.,0.,-1.));
#10455 = ADVANCED_FACE('',(#10456),#10474,.F.);
#10456 = FACE_BOUND('',#10457,.F.);
#10457 = EDGE_LOOP('',(#10458,#10459,#10467,#10473));
#10458 = ORIENTED_EDGE('',*,*,#2961,.T.);
#10459 = ORIENTED_EDGE('',*,*,#10460,.F.);
#10460 = EDGE_CURVE('',#10461,#1134,#10463,.T.);
#10461 = VERTEX_POINT('',#10462);
#10462 = CARTESIAN_POINT('',(-5.172222403,-1.E-02,-39.7));
#10463 = LINE('',#10464,#10465);
#10464 = CARTESIAN_POINT('',(-5.172222403,-1.E-02,-39.7));
#10465 = VECTOR('',#10466,1.);
#10466 = DIRECTION('',(0.,1.,0.));
#10467 = ORIENTED_EDGE('',*,*,#10468,.F.);
#10468 = EDGE_CURVE('',#10437,#10461,#10469,.T.);
#10469 = LINE('',#10470,#10471);
#10470 = CARTESIAN_POINT('',(-4.822222403,-1.E-02,-39.7));
#10471 = VECTOR('',#10472,1.);
#10472 = DIRECTION('',(-1.,-0.,-0.));
#10473 = ORIENTED_EDGE('',*,*,#10436,.T.);
#10474 = PLANE('',#10475);
#10475 = AXIS2_PLACEMENT_3D('',#10476,#10477,#10478);
#10476 = CARTESIAN_POINT('',(-5.172222403,-1.E-02,-39.7));
#10477 = DIRECTION('',(0.,0.,1.));
#10478 = DIRECTION('',(-1.,0.,0.));
#10479 = ADVANCED_FACE('',(#10480),#10491,.F.);
#10480 = FACE_BOUND('',#10481,.F.);
#10481 = EDGE_LOOP('',(#10482,#10483,#10484,#10490));
#10482 = ORIENTED_EDGE('',*,*,#1133,.T.);
#10483 = ORIENTED_EDGE('',*,*,#10421,.F.);
#10484 = ORIENTED_EDGE('',*,*,#10485,.F.);
#10485 = EDGE_CURVE('',#10461,#10414,#10486,.T.);
#10486 = LINE('',#10487,#10488);
#10487 = CARTESIAN_POINT('',(-5.172222403,-1.E-02,-39.7));
#10488 = VECTOR('',#10489,1.);
#10489 = DIRECTION('',(0.,0.,1.));
#10490 = ORIENTED_EDGE('',*,*,#10460,.T.);
#10491 = PLANE('',#10492);
#10492 = AXIS2_PLACEMENT_3D('',#10493,#10494,#10495);
#10493 = CARTESIAN_POINT('',(-5.172222403,-1.E-02,-37.5));
#10494 = DIRECTION('',(1.,0.,0.));
#10495 = DIRECTION('',(0.,0.,1.));
#10496 = ADVANCED_FACE('',(#10497),#10503,.F.);
#10497 = FACE_BOUND('',#10498,.F.);
#10498 = EDGE_LOOP('',(#10499,#10500,#10501,#10502));
#10499 = ORIENTED_EDGE('',*,*,#10413,.T.);
#10500 = ORIENTED_EDGE('',*,*,#10444,.T.);
#10501 = ORIENTED_EDGE('',*,*,#10468,.T.);
#10502 = ORIENTED_EDGE('',*,*,#10485,.T.);
#10503 = PLANE('',#10504);
#10504 = AXIS2_PLACEMENT_3D('',#10505,#10506,#10507);
#10505 = CARTESIAN_POINT('',(0.,-1.E-02,0.));
#10506 = DIRECTION('',(0.,1.,0.));
#10507 = DIRECTION('',(0.,0.,1.));
#10508 = ADVANCED_FACE('',(#10509),#10534,.F.);
#10509 = FACE_BOUND('',#10510,.F.);
#10510 = EDGE_LOOP('',(#10511,#10512,#10520,#10528));
#10511 = ORIENTED_EDGE('',*,*,#1199,.T.);
#10512 = ORIENTED_EDGE('',*,*,#10513,.F.);
#10513 = EDGE_CURVE('',#10514,#1192,#10516,.T.);
#10514 = VERTEX_POINT('',#10515);
#10515 = CARTESIAN_POINT('',(-7.322222403,-1.E-02,-37.5));
#10516 = LINE('',#10517,#10518);
#10517 = CARTESIAN_POINT('',(-7.322222403,-1.E-02,-37.5));
#10518 = VECTOR('',#10519,1.);
#10519 = DIRECTION('',(0.,1.,0.));
#10520 = ORIENTED_EDGE('',*,*,#10521,.F.);
#10521 = EDGE_CURVE('',#10522,#10514,#10524,.T.);
#10522 = VERTEX_POINT('',#10523);
#10523 = CARTESIAN_POINT('',(-7.672222403,-1.E-02,-37.5));
#10524 = LINE('',#10525,#10526);
#10525 = CARTESIAN_POINT('',(-7.672222403,-1.E-02,-37.5));
#10526 = VECTOR('',#10527,1.);
#10527 = DIRECTION('',(1.,0.,0.));
#10528 = ORIENTED_EDGE('',*,*,#10529,.T.);
#10529 = EDGE_CURVE('',#10522,#1200,#10530,.T.);
#10530 = LINE('',#10531,#10532);
#10531 = CARTESIAN_POINT('',(-7.672222403,-1.E-02,-37.5));
#10532 = VECTOR('',#10533,1.);
#10533 = DIRECTION('',(0.,1.,0.));
#10534 = PLANE('',#10535);
#10535 = AXIS2_PLACEMENT_3D('',#10536,#10537,#10538);
#10536 = CARTESIAN_POINT('',(-7.672222403,-1.E-02,-37.5));
#10537 = DIRECTION('',(-0.,-0.,-1.));
#10538 = DIRECTION('',(1.,0.,0.));
#10539 = ADVANCED_FACE('',(#10540),#10558,.F.);
#10540 = FACE_BOUND('',#10541,.F.);
#10541 = EDGE_LOOP('',(#10542,#10543,#10551,#10557));
#10542 = ORIENTED_EDGE('',*,*,#1191,.T.);
#10543 = ORIENTED_EDGE('',*,*,#10544,.F.);
#10544 = EDGE_CURVE('',#10545,#1184,#10547,.T.);
#10545 = VERTEX_POINT('',#10546);
#10546 = CARTESIAN_POINT('',(-7.322222403,-1.E-02,-39.7));
#10547 = LINE('',#10548,#10549);
#10548 = CARTESIAN_POINT('',(-7.322222403,-1.E-02,-39.7));
#10549 = VECTOR('',#10550,1.);
#10550 = DIRECTION('',(0.,1.,0.));
#10551 = ORIENTED_EDGE('',*,*,#10552,.F.);
#10552 = EDGE_CURVE('',#10514,#10545,#10553,.T.);
#10553 = LINE('',#10554,#10555);
#10554 = CARTESIAN_POINT('',(-7.322222403,-1.E-02,-37.5));
#10555 = VECTOR('',#10556,1.);
#10556 = DIRECTION('',(-0.,-0.,-1.));
#10557 = ORIENTED_EDGE('',*,*,#10513,.T.);
#10558 = PLANE('',#10559);
#10559 = AXIS2_PLACEMENT_3D('',#10560,#10561,#10562);
#10560 = CARTESIAN_POINT('',(-7.322222403,-1.E-02,-39.7));
#10561 = DIRECTION('',(-1.,-0.,-0.));
#10562 = DIRECTION('',(0.,0.,-1.));
#10563 = ADVANCED_FACE('',(#10564),#10582,.F.);
#10564 = FACE_BOUND('',#10565,.F.);
#10565 = EDGE_LOOP('',(#10566,#10567,#10575,#10581));
#10566 = ORIENTED_EDGE('',*,*,#3197,.T.);
#10567 = ORIENTED_EDGE('',*,*,#10568,.F.);
#10568 = EDGE_CURVE('',#10569,#1208,#10571,.T.);
#10569 = VERTEX_POINT('',#10570);
#10570 = CARTESIAN_POINT('',(-7.672222403,-1.E-02,-39.7));
#10571 = LINE('',#10572,#10573);
#10572 = CARTESIAN_POINT('',(-7.672222403,-1.E-02,-39.7));
#10573 = VECTOR('',#10574,1.);
#10574 = DIRECTION('',(0.,1.,0.));
#10575 = ORIENTED_EDGE('',*,*,#10576,.F.);
#10576 = EDGE_CURVE('',#10545,#10569,#10577,.T.);
#10577 = LINE('',#10578,#10579);
#10578 = CARTESIAN_POINT('',(-7.322222403,-1.E-02,-39.7));
#10579 = VECTOR('',#10580,1.);
#10580 = DIRECTION('',(-1.,-0.,-0.));
#10581 = ORIENTED_EDGE('',*,*,#10544,.T.);
#10582 = PLANE('',#10583);
#10583 = AXIS2_PLACEMENT_3D('',#10584,#10585,#10586);
#10584 = CARTESIAN_POINT('',(-7.672222403,-1.E-02,-39.7));
#10585 = DIRECTION('',(0.,0.,1.));
#10586 = DIRECTION('',(-1.,0.,0.));
#10587 = ADVANCED_FACE('',(#10588),#10599,.F.);
#10588 = FACE_BOUND('',#10589,.F.);
#10589 = EDGE_LOOP('',(#10590,#10591,#10592,#10598));
#10590 = ORIENTED_EDGE('',*,*,#1207,.T.);
#10591 = ORIENTED_EDGE('',*,*,#10529,.F.);
#10592 = ORIENTED_EDGE('',*,*,#10593,.F.);
#10593 = EDGE_CURVE('',#10569,#10522,#10594,.T.);
#10594 = LINE('',#10595,#10596);
#10595 = CARTESIAN_POINT('',(-7.672222403,-1.E-02,-39.7));
#10596 = VECTOR('',#10597,1.);
#10597 = DIRECTION('',(0.,0.,1.));
#10598 = ORIENTED_EDGE('',*,*,#10568,.T.);
#10599 = PLANE('',#10600);
#10600 = AXIS2_PLACEMENT_3D('',#10601,#10602,#10603);
#10601 = CARTESIAN_POINT('',(-7.672222403,-1.E-02,-37.5));
#10602 = DIRECTION('',(1.,0.,0.));
#10603 = DIRECTION('',(0.,0.,1.));
#10604 = ADVANCED_FACE('',(#10605),#10611,.F.);
#10605 = FACE_BOUND('',#10606,.F.);
#10606 = EDGE_LOOP('',(#10607,#10608,#10609,#10610));
#10607 = ORIENTED_EDGE('',*,*,#10521,.T.);
#10608 = ORIENTED_EDGE('',*,*,#10552,.T.);
#10609 = ORIENTED_EDGE('',*,*,#10576,.T.);
#10610 = ORIENTED_EDGE('',*,*,#10593,.T.);
#10611 = PLANE('',#10612);
#10612 = AXIS2_PLACEMENT_3D('',#10613,#10614,#10615);
#10613 = CARTESIAN_POINT('',(0.,-1.E-02,0.));
#10614 = DIRECTION('',(0.,1.,0.));
#10615 = DIRECTION('',(0.,0.,1.));
#10616 = ADVANCED_FACE('',(#10617),#10642,.F.);
#10617 = FACE_BOUND('',#10618,.F.);
#10618 = EDGE_LOOP('',(#10619,#10620,#10628,#10636));
#10619 = ORIENTED_EDGE('',*,*,#1231,.T.);
#10620 = ORIENTED_EDGE('',*,*,#10621,.F.);
#10621 = EDGE_CURVE('',#10622,#1224,#10624,.T.);
#10622 = VERTEX_POINT('',#10623);
#10623 = CARTESIAN_POINT('',(-7.822222403,-1.E-02,-37.5));
#10624 = LINE('',#10625,#10626);
#10625 = CARTESIAN_POINT('',(-7.822222403,-1.E-02,-37.5));
#10626 = VECTOR('',#10627,1.);
#10627 = DIRECTION('',(0.,1.,0.));
#10628 = ORIENTED_EDGE('',*,*,#10629,.F.);
#10629 = EDGE_CURVE('',#10630,#10622,#10632,.T.);
#10630 = VERTEX_POINT('',#10631);
#10631 = CARTESIAN_POINT('',(-8.172222403,-1.E-02,-37.5));
#10632 = LINE('',#10633,#10634);
#10633 = CARTESIAN_POINT('',(-8.172222403,-1.E-02,-37.5));
#10634 = VECTOR('',#10635,1.);
#10635 = DIRECTION('',(1.,0.,0.));
#10636 = ORIENTED_EDGE('',*,*,#10637,.T.);
#10637 = EDGE_CURVE('',#10630,#1232,#10638,.T.);
#10638 = LINE('',#10639,#10640);
#10639 = CARTESIAN_POINT('',(-8.172222403,-1.E-02,-37.5));
#10640 = VECTOR('',#10641,1.);
#10641 = DIRECTION('',(0.,1.,0.));
#10642 = PLANE('',#10643);
#10643 = AXIS2_PLACEMENT_3D('',#10644,#10645,#10646);
#10644 = CARTESIAN_POINT('',(-8.172222403,-1.E-02,-37.5));
#10645 = DIRECTION('',(-0.,-0.,-1.));
#10646 = DIRECTION('',(1.,0.,0.));
#10647 = ADVANCED_FACE('',(#10648),#10666,.F.);
#10648 = FACE_BOUND('',#10649,.F.);
#10649 = EDGE_LOOP('',(#10650,#10651,#10659,#10665));
#10650 = ORIENTED_EDGE('',*,*,#1223,.T.);
#10651 = ORIENTED_EDGE('',*,*,#10652,.F.);
#10652 = EDGE_CURVE('',#10653,#1216,#10655,.T.);
#10653 = VERTEX_POINT('',#10654);
#10654 = CARTESIAN_POINT('',(-7.822222403,-1.E-02,-39.7));
#10655 = LINE('',#10656,#10657);
#10656 = CARTESIAN_POINT('',(-7.822222403,-1.E-02,-39.7));
#10657 = VECTOR('',#10658,1.);
#10658 = DIRECTION('',(0.,1.,0.));
#10659 = ORIENTED_EDGE('',*,*,#10660,.F.);
#10660 = EDGE_CURVE('',#10622,#10653,#10661,.T.);
#10661 = LINE('',#10662,#10663);
#10662 = CARTESIAN_POINT('',(-7.822222403,-1.E-02,-37.5));
#10663 = VECTOR('',#10664,1.);
#10664 = DIRECTION('',(-0.,-0.,-1.));
#10665 = ORIENTED_EDGE('',*,*,#10621,.T.);
#10666 = PLANE('',#10667);
#10667 = AXIS2_PLACEMENT_3D('',#10668,#10669,#10670);
#10668 = CARTESIAN_POINT('',(-7.822222403,-1.E-02,-39.7));
#10669 = DIRECTION('',(-1.,-0.,-0.));
#10670 = DIRECTION('',(0.,0.,-1.));
#10671 = ADVANCED_FACE('',(#10672),#10690,.F.);
#10672 = FACE_BOUND('',#10673,.F.);
#10673 = EDGE_LOOP('',(#10674,#10675,#10683,#10689));
#10674 = ORIENTED_EDGE('',*,*,#3190,.T.);
#10675 = ORIENTED_EDGE('',*,*,#10676,.F.);
#10676 = EDGE_CURVE('',#10677,#1240,#10679,.T.);
#10677 = VERTEX_POINT('',#10678);
#10678 = CARTESIAN_POINT('',(-8.172222403,-1.E-02,-39.7));
#10679 = LINE('',#10680,#10681);
#10680 = CARTESIAN_POINT('',(-8.172222403,-1.E-02,-39.7));
#10681 = VECTOR('',#10682,1.);
#10682 = DIRECTION('',(0.,1.,0.));
#10683 = ORIENTED_EDGE('',*,*,#10684,.F.);
#10684 = EDGE_CURVE('',#10653,#10677,#10685,.T.);
#10685 = LINE('',#10686,#10687);
#10686 = CARTESIAN_POINT('',(-7.822222403,-1.E-02,-39.7));
#10687 = VECTOR('',#10688,1.);
#10688 = DIRECTION('',(-1.,-0.,-0.));
#10689 = ORIENTED_EDGE('',*,*,#10652,.T.);
#10690 = PLANE('',#10691);
#10691 = AXIS2_PLACEMENT_3D('',#10692,#10693,#10694);
#10692 = CARTESIAN_POINT('',(-8.172222403,-1.E-02,-39.7));
#10693 = DIRECTION('',(0.,0.,1.));
#10694 = DIRECTION('',(-1.,0.,0.));
#10695 = ADVANCED_FACE('',(#10696),#10707,.F.);
#10696 = FACE_BOUND('',#10697,.F.);
#10697 = EDGE_LOOP('',(#10698,#10699,#10700,#10706));
#10698 = ORIENTED_EDGE('',*,*,#1239,.T.);
#10699 = ORIENTED_EDGE('',*,*,#10637,.F.);
#10700 = ORIENTED_EDGE('',*,*,#10701,.F.);
#10701 = EDGE_CURVE('',#10677,#10630,#10702,.T.);
#10702 = LINE('',#10703,#10704);
#10703 = CARTESIAN_POINT('',(-8.172222403,-1.E-02,-39.7));
#10704 = VECTOR('',#10705,1.);
#10705 = DIRECTION('',(0.,0.,1.));
#10706 = ORIENTED_EDGE('',*,*,#10676,.T.);
#10707 = PLANE('',#10708);
#10708 = AXIS2_PLACEMENT_3D('',#10709,#10710,#10711);
#10709 = CARTESIAN_POINT('',(-8.172222403,-1.E-02,-37.5));
#10710 = DIRECTION('',(1.,0.,0.));
#10711 = DIRECTION('',(0.,0.,1.));
#10712 = ADVANCED_FACE('',(#10713),#10719,.F.);
#10713 = FACE_BOUND('',#10714,.F.);
#10714 = EDGE_LOOP('',(#10715,#10716,#10717,#10718));
#10715 = ORIENTED_EDGE('',*,*,#10629,.T.);
#10716 = ORIENTED_EDGE('',*,*,#10660,.T.);
#10717 = ORIENTED_EDGE('',*,*,#10684,.T.);
#10718 = ORIENTED_EDGE('',*,*,#10701,.T.);
#10719 = PLANE('',#10720);
#10720 = AXIS2_PLACEMENT_3D('',#10721,#10722,#10723);
#10721 = CARTESIAN_POINT('',(0.,-1.E-02,0.));
#10722 = DIRECTION('',(0.,1.,0.));
#10723 = DIRECTION('',(0.,0.,1.));
#10724 = ADVANCED_FACE('',(#10725),#10750,.F.);
#10725 = FACE_BOUND('',#10726,.F.);
#10726 = EDGE_LOOP('',(#10727,#10728,#10736,#10744));
#10727 = ORIENTED_EDGE('',*,*,#1263,.T.);
#10728 = ORIENTED_EDGE('',*,*,#10729,.F.);
#10729 = EDGE_CURVE('',#10730,#1256,#10732,.T.);
#10730 = VERTEX_POINT('',#10731);
#10731 = CARTESIAN_POINT('',(-8.322222403,-1.E-02,-37.5));
#10732 = LINE('',#10733,#10734);
#10733 = CARTESIAN_POINT('',(-8.322222403,-1.E-02,-37.5));
#10734 = VECTOR('',#10735,1.);
#10735 = DIRECTION('',(0.,1.,0.));
#10736 = ORIENTED_EDGE('',*,*,#10737,.F.);
#10737 = EDGE_CURVE('',#10738,#10730,#10740,.T.);
#10738 = VERTEX_POINT('',#10739);
#10739 = CARTESIAN_POINT('',(-8.672222403,-1.E-02,-37.5));
#10740 = LINE('',#10741,#10742);
#10741 = CARTESIAN_POINT('',(-8.672222403,-1.E-02,-37.5));
#10742 = VECTOR('',#10743,1.);
#10743 = DIRECTION('',(1.,0.,0.));
#10744 = ORIENTED_EDGE('',*,*,#10745,.T.);
#10745 = EDGE_CURVE('',#10738,#1264,#10746,.T.);
#10746 = LINE('',#10747,#10748);
#10747 = CARTESIAN_POINT('',(-8.672222403,-1.E-02,-37.5));
#10748 = VECTOR('',#10749,1.);
#10749 = DIRECTION('',(0.,1.,0.));
#10750 = PLANE('',#10751);
#10751 = AXIS2_PLACEMENT_3D('',#10752,#10753,#10754);
#10752 = CARTESIAN_POINT('',(-8.672222403,-1.E-02,-37.5));
#10753 = DIRECTION('',(-0.,-0.,-1.));
#10754 = DIRECTION('',(1.,0.,0.));
#10755 = ADVANCED_FACE('',(#10756),#10774,.F.);
#10756 = FACE_BOUND('',#10757,.F.);
#10757 = EDGE_LOOP('',(#10758,#10759,#10767,#10773));
#10758 = ORIENTED_EDGE('',*,*,#1255,.T.);
#10759 = ORIENTED_EDGE('',*,*,#10760,.F.);
#10760 = EDGE_CURVE('',#10761,#1248,#10763,.T.);
#10761 = VERTEX_POINT('',#10762);
#10762 = CARTESIAN_POINT('',(-8.322222403,-1.E-02,-39.7));
#10763 = LINE('',#10764,#10765);
#10764 = CARTESIAN_POINT('',(-8.322222403,-1.E-02,-39.7));
#10765 = VECTOR('',#10766,1.);
#10766 = DIRECTION('',(0.,1.,0.));
#10767 = ORIENTED_EDGE('',*,*,#10768,.F.);
#10768 = EDGE_CURVE('',#10730,#10761,#10769,.T.);
#10769 = LINE('',#10770,#10771);
#10770 = CARTESIAN_POINT('',(-8.322222403,-1.E-02,-37.5));
#10771 = VECTOR('',#10772,1.);
#10772 = DIRECTION('',(-0.,-0.,-1.));
#10773 = ORIENTED_EDGE('',*,*,#10729,.T.);
#10774 = PLANE('',#10775);
#10775 = AXIS2_PLACEMENT_3D('',#10776,#10777,#10778);
#10776 = CARTESIAN_POINT('',(-8.322222403,-1.E-02,-39.7));
#10777 = DIRECTION('',(-1.,-0.,-0.));
#10778 = DIRECTION('',(0.,0.,-1.));
#10779 = ADVANCED_FACE('',(#10780),#10798,.F.);
#10780 = FACE_BOUND('',#10781,.F.);
#10781 = EDGE_LOOP('',(#10782,#10783,#10791,#10797));
#10782 = ORIENTED_EDGE('',*,*,#3183,.T.);
#10783 = ORIENTED_EDGE('',*,*,#10784,.F.);
#10784 = EDGE_CURVE('',#10785,#58,#10787,.T.);
#10785 = VERTEX_POINT('',#10786);
#10786 = CARTESIAN_POINT('',(-8.672222403,-1.E-02,-39.7));
#10787 = LINE('',#10788,#10789);
#10788 = CARTESIAN_POINT('',(-8.672222403,-1.E-02,-39.7));
#10789 = VECTOR('',#10790,1.);
#10790 = DIRECTION('',(0.,1.,0.));
#10791 = ORIENTED_EDGE('',*,*,#10792,.F.);
#10792 = EDGE_CURVE('',#10761,#10785,#10793,.T.);
#10793 = LINE('',#10794,#10795);
#10794 = CARTESIAN_POINT('',(-8.322222403,-1.E-02,-39.7));
#10795 = VECTOR('',#10796,1.);
#10796 = DIRECTION('',(-1.,-0.,-0.));
#10797 = ORIENTED_EDGE('',*,*,#10760,.T.);
#10798 = PLANE('',#10799);
#10799 = AXIS2_PLACEMENT_3D('',#10800,#10801,#10802);
#10800 = CARTESIAN_POINT('',(-8.672222403,-1.E-02,-39.7));
#10801 = DIRECTION('',(0.,0.,1.));
#10802 = DIRECTION('',(-1.,0.,0.));
#10803 = ADVANCED_FACE('',(#10804),#10815,.F.);
#10804 = FACE_BOUND('',#10805,.F.);
#10805 = EDGE_LOOP('',(#10806,#10807,#10808,#10814));
#10806 = ORIENTED_EDGE('',*,*,#1271,.T.);
#10807 = ORIENTED_EDGE('',*,*,#10745,.F.);
#10808 = ORIENTED_EDGE('',*,*,#10809,.F.);
#10809 = EDGE_CURVE('',#10785,#10738,#10810,.T.);
#10810 = LINE('',#10811,#10812);
#10811 = CARTESIAN_POINT('',(-8.672222403,-1.E-02,-39.7));
#10812 = VECTOR('',#10813,1.);
#10813 = DIRECTION('',(0.,0.,1.));
#10814 = ORIENTED_EDGE('',*,*,#10784,.T.);
#10815 = PLANE('',#10816);
#10816 = AXIS2_PLACEMENT_3D('',#10817,#10818,#10819);
#10817 = CARTESIAN_POINT('',(-8.672222403,-1.E-02,-37.5));
#10818 = DIRECTION('',(1.,0.,0.));
#10819 = DIRECTION('',(0.,0.,1.));
#10820 = ADVANCED_FACE('',(#10821),#10827,.F.);
#10821 = FACE_BOUND('',#10822,.F.);
#10822 = EDGE_LOOP('',(#10823,#10824,#10825,#10826));
#10823 = ORIENTED_EDGE('',*,*,#10737,.T.);
#10824 = ORIENTED_EDGE('',*,*,#10768,.T.);
#10825 = ORIENTED_EDGE('',*,*,#10792,.T.);
#10826 = ORIENTED_EDGE('',*,*,#10809,.T.);
#10827 = PLANE('',#10828);
#10828 = AXIS2_PLACEMENT_3D('',#10829,#10830,#10831);
#10829 = CARTESIAN_POINT('',(0.,-1.E-02,0.));
#10830 = DIRECTION('',(0.,1.,0.));
#10831 = DIRECTION('',(0.,0.,1.));
#10832 = ADVANCED_FACE('',(#10833),#10858,.F.);
#10833 = FACE_BOUND('',#10834,.F.);
#10834 = EDGE_LOOP('',(#10835,#10836,#10844,#10852));
#10835 = ORIENTED_EDGE('',*,*,#73,.T.);
#10836 = ORIENTED_EDGE('',*,*,#10837,.F.);
#10837 = EDGE_CURVE('',#10838,#66,#10840,.T.);
#10838 = VERTEX_POINT('',#10839);
#10839 = CARTESIAN_POINT('',(-8.822222403,-1.E-02,-37.5));
#10840 = LINE('',#10841,#10842);
#10841 = CARTESIAN_POINT('',(-8.822222403,-1.E-02,-37.5));
#10842 = VECTOR('',#10843,1.);
#10843 = DIRECTION('',(0.,1.,0.));
#10844 = ORIENTED_EDGE('',*,*,#10845,.F.);
#10845 = EDGE_CURVE('',#10846,#10838,#10848,.T.);
#10846 = VERTEX_POINT('',#10847);
#10847 = CARTESIAN_POINT('',(-9.172222403,-1.E-02,-37.5));
#10848 = LINE('',#10849,#10850);
#10849 = CARTESIAN_POINT('',(-9.172222403,-1.E-02,-37.5));
#10850 = VECTOR('',#10851,1.);
#10851 = DIRECTION('',(1.,0.,0.));
#10852 = ORIENTED_EDGE('',*,*,#10853,.T.);
#10853 = EDGE_CURVE('',#10846,#74,#10854,.T.);
#10854 = LINE('',#10855,#10856);
#10855 = CARTESIAN_POINT('',(-9.172222403,-1.E-02,-37.5));
#10856 = VECTOR('',#10857,1.);
#10857 = DIRECTION('',(0.,1.,0.));
#10858 = PLANE('',#10859);
#10859 = AXIS2_PLACEMENT_3D('',#10860,#10861,#10862);
#10860 = CARTESIAN_POINT('',(-9.172222403,-1.E-02,-37.5));
#10861 = DIRECTION('',(-0.,-0.,-1.));
#10862 = DIRECTION('',(1.,0.,0.));
#10863 = ADVANCED_FACE('',(#10864),#10882,.F.);
#10864 = FACE_BOUND('',#10865,.F.);
#10865 = EDGE_LOOP('',(#10866,#10867,#10875,#10881));
#10866 = ORIENTED_EDGE('',*,*,#65,.T.);
#10867 = ORIENTED_EDGE('',*,*,#10868,.F.);
#10868 = EDGE_CURVE('',#10869,#56,#10871,.T.);
#10869 = VERTEX_POINT('',#10870);
#10870 = CARTESIAN_POINT('',(-8.822222403,-1.E-02,-39.7));
#10871 = LINE('',#10872,#10873);
#10872 = CARTESIAN_POINT('',(-8.822222403,-1.E-02,-39.7));
#10873 = VECTOR('',#10874,1.);
#10874 = DIRECTION('',(0.,1.,0.));
#10875 = ORIENTED_EDGE('',*,*,#10876,.F.);
#10876 = EDGE_CURVE('',#10838,#10869,#10877,.T.);
#10877 = LINE('',#10878,#10879);
#10878 = CARTESIAN_POINT('',(-8.822222403,-1.E-02,-37.5));
#10879 = VECTOR('',#10880,1.);
#10880 = DIRECTION('',(-0.,-0.,-1.));
#10881 = ORIENTED_EDGE('',*,*,#10837,.T.);
#10882 = PLANE('',#10883);
#10883 = AXIS2_PLACEMENT_3D('',#10884,#10885,#10886);
#10884 = CARTESIAN_POINT('',(-8.822222403,-1.E-02,-39.7));
#10885 = DIRECTION('',(-1.,-0.,-0.));
#10886 = DIRECTION('',(0.,0.,-1.));
#10887 = ADVANCED_FACE('',(#10888),#10906,.F.);
#10888 = FACE_BOUND('',#10889,.F.);
#10889 = EDGE_LOOP('',(#10890,#10891,#10899,#10905));
#10890 = ORIENTED_EDGE('',*,*,#3176,.T.);
#10891 = ORIENTED_EDGE('',*,*,#10892,.F.);
#10892 = EDGE_CURVE('',#10893,#82,#10895,.T.);
#10893 = VERTEX_POINT('',#10894);
#10894 = CARTESIAN_POINT('',(-9.172222403,-1.E-02,-39.7));
#10895 = LINE('',#10896,#10897);
#10896 = CARTESIAN_POINT('',(-9.172222403,-1.E-02,-39.7));
#10897 = VECTOR('',#10898,1.);
#10898 = DIRECTION('',(0.,1.,0.));
#10899 = ORIENTED_EDGE('',*,*,#10900,.F.);
#10900 = EDGE_CURVE('',#10869,#10893,#10901,.T.);
#10901 = LINE('',#10902,#10903);
#10902 = CARTESIAN_POINT('',(-8.822222403,-1.E-02,-39.7));
#10903 = VECTOR('',#10904,1.);
#10904 = DIRECTION('',(-1.,-0.,-0.));
#10905 = ORIENTED_EDGE('',*,*,#10868,.T.);
#10906 = PLANE('',#10907);
#10907 = AXIS2_PLACEMENT_3D('',#10908,#10909,#10910);
#10908 = CARTESIAN_POINT('',(-9.172222403,-1.E-02,-39.7));
#10909 = DIRECTION('',(0.,0.,1.));
#10910 = DIRECTION('',(-1.,0.,0.));
#10911 = ADVANCED_FACE('',(#10912),#10923,.F.);
#10912 = FACE_BOUND('',#10913,.F.);
#10913 = EDGE_LOOP('',(#10914,#10915,#10916,#10922));
#10914 = ORIENTED_EDGE('',*,*,#81,.T.);
#10915 = ORIENTED_EDGE('',*,*,#10853,.F.);
#10916 = ORIENTED_EDGE('',*,*,#10917,.F.);
#10917 = EDGE_CURVE('',#10893,#10846,#10918,.T.);
#10918 = LINE('',#10919,#10920);
#10919 = CARTESIAN_POINT('',(-9.172222403,-1.E-02,-39.7));
#10920 = VECTOR('',#10921,1.);
#10921 = DIRECTION('',(0.,0.,1.));
#10922 = ORIENTED_EDGE('',*,*,#10892,.T.);
#10923 = PLANE('',#10924);
#10924 = AXIS2_PLACEMENT_3D('',#10925,#10926,#10927);
#10925 = CARTESIAN_POINT('',(-9.172222403,-1.E-02,-37.5));
#10926 = DIRECTION('',(1.,0.,0.));
#10927 = DIRECTION('',(0.,0.,1.));
#10928 = ADVANCED_FACE('',(#10929),#10935,.F.);
#10929 = FACE_BOUND('',#10930,.F.);
#10930 = EDGE_LOOP('',(#10931,#10932,#10933,#10934));
#10931 = ORIENTED_EDGE('',*,*,#10845,.T.);
#10932 = ORIENTED_EDGE('',*,*,#10876,.T.);
#10933 = ORIENTED_EDGE('',*,*,#10900,.T.);
#10934 = ORIENTED_EDGE('',*,*,#10917,.T.);
#10935 = PLANE('',#10936);
#10936 = AXIS2_PLACEMENT_3D('',#10937,#10938,#10939);
#10937 = CARTESIAN_POINT('',(0.,-1.E-02,0.));
#10938 = DIRECTION('',(0.,1.,0.));
#10939 = DIRECTION('',(0.,0.,1.));
#10940 = ADVANCED_FACE('',(#10941),#10947,.F.);
#10941 = FACE_BOUND('',#10942,.T.);
#10942 = EDGE_LOOP('',(#10943,#10944,#10945,#10946));
#10943 = ORIENTED_EDGE('',*,*,#1166,.T.);
#10944 = ORIENTED_EDGE('',*,*,#2800,.F.);
#10945 = ORIENTED_EDGE('',*,*,#2482,.F.);
#10946 = ORIENTED_EDGE('',*,*,#2823,.F.);
#10947 = CYLINDRICAL_SURFACE('',#10948,0.6);
#10948 = AXIS2_PLACEMENT_3D('',#10949,#10950,#10951);
#10949 = CARTESIAN_POINT('',(-6.125,0.5,-37.1));
#10950 = DIRECTION('',(-0.,-1.,-0.));
#10951 = DIRECTION('',(0.,0.,1.));
#10952 = ADVANCED_FACE('',(#10953),#10959,.T.);
#10953 = FACE_BOUND('',#10954,.F.);
#10954 = EDGE_LOOP('',(#10955,#10956,#10957,#10958));
#10955 = ORIENTED_EDGE('',*,*,#3638,.F.);
#10956 = ORIENTED_EDGE('',*,*,#146,.T.);
#10957 = ORIENTED_EDGE('',*,*,#3673,.F.);
#10958 = ORIENTED_EDGE('',*,*,#3691,.F.);
#10959 = CYLINDRICAL_SURFACE('',#10960,4.);
#10960 = AXIS2_PLACEMENT_3D('',#10961,#10962,#10963);
#10961 = CARTESIAN_POINT('',(0.,-1.E-02,39.));
#10962 = DIRECTION('',(0.,1.,0.));
#10963 = DIRECTION('',(-0.,-0.,-1.));
#10964 = ( GEOMETRIC_REPRESENTATION_CONTEXT(3) 
GLOBAL_UNCERTAINTY_ASSIGNED_CONTEXT((#10968)) 
GLOBAL_UNIT_ASSIGNED_CONTEXT((#10965,#10966,#10967)) 
REPRESENTATION_CONTEXT('Context #1',
  '3D Context with UNIT and UNCERTAINTY') );
#10965 = ( LENGTH_UNIT() NAMED_UNIT(*) SI_UNIT(.MILLI.,.METRE.) );
#10966 = ( NAMED_UNIT(*) PLANE_ANGLE_UNIT() SI_UNIT($,.RADIAN.) );
#10967 = ( NAMED_UNIT(*) SI_UNIT($,.STERADIAN.) SOLID_ANGLE_UNIT() );
#10968 = UNCERTAINTY_MEASURE_WITH_UNIT(LENGTH_MEASURE(1.E-07),#10965,
  'distance_accuracy_value','confusion accuracy');
#10969 = PRODUCT_RELATED_PRODUCT_CATEGORY('part',$,(#7));
ENDSEC;
END-ISO-10303-21;
